customer_id,month_index,tenure_months,monthly_charges,support_calls,avg_session_minutes,data_usage_gb,churned,plan_basic,plan_premium,plan_standard
10517,2,40,50.46,2,24.84,9.76,0,0,0,1
10313,0,54,94.89,2,40.52,11.19,0,0,1,0
10127,6,38,65.09,3,45.7,9.77,1,0,0,1
10568,3,37,35.98,3,29.24,7.54,0,1,0,0
10290,6,55,16.74,4,27.72,6.03,1,1,0,0
10040,0,37,35.0,0,41.2,10.47,0,1,0,0
10259,7,27,53.71,2,39.03,2.99,0,0,0,1
10036,6,64,28.12,1,29.59,9.84,0,1,0,0
10187,0,48,94.93,2,59.01,13.73,1,0,1,0
10005,4,10,57.24,0,24.81,2.86,0,0,0,1
10494,3,9,59.04,1,47.14,11.68,1,0,0,1
10234,4,43,103.31,1,33.22,7.76,0,0,1,0
10256,1,56,94.78,3,36.89,7.62,1,0,1,0
10635,4,55,66.91,2,38.75,7.1,0,0,0,1
10595,3,28,20.98,2,31.39,5.82,1,1,0,0
10670,2,4,55.02,3,36.51,5.53,0,0,0,1
10189,0,38,29.52,5,35.9,6.83,0,1,0,0
10543,0,47,20.53,1,26.32,4.88,1,1,0,0
10258,0,18,94.13,0,21.96,8.01,0,0,1,0
10385,3,41,60.92,0,46.35,8.65,1,0,0,1
10223,2,6,14.62,1,59.65,13.47,0,1,0,0
10016,0,41,29.51,3,29.44,5.67,1,1,0,0
10691,1,53,63.33,0,15.77,6.15,0,0,0,1
10654,2,23,19.89,0,43.95,12.17,0,1,0,0
10107,4,31,57.25,1,24.9,1.91,0,0,0,1
10155,5,31,93.15,3,32.98,9.13,1,0,1,0
10290,2,51,16.74,7,31.11,6.51,1,1,0,0
10095,5,60,65.91,0,42.63,10.85,0,0,0,1
10236,4,42,20.95,0,48.11,8.99,1,1,0,0
10106,0,47,104.01,1,27.24,7.45,1,0,1,0
10489,2,46,23.83,1,37.63,7.36,0,1,0,0
10078,2,22,58.11,1,53.67,11.05,0,0,0,1
10638,6,12,55.29,2,45.71,9.54,0,0,0,1
10033,5,42,93.67,1,58.65,10.26,0,0,1,0
10073,0,48,24.14,1,23.26,5.89,0,1,0,0
10488,4,27,24.83,2,36.18,7.39,1,1,0,0
10490,0,20,25.85,0,41.8,7.02,0,1,0,0
10306,6,32,29.25,5,16.96,2.27,1,1,0,0
10271,2,13,18.54,3,52.45,10.39,1,1,0,0
10116,6,43,19.83,4,23.87,6.24,1,1,0,0
10131,1,21,96.48,3,27.07,7.22,0,0,1,0
10592,4,49,24.48,0,31.03,8.85,0,1,0,0
10633,4,52,10.15,1,26.23,6.44,0,1,0,0
10510,2,30,98.23,7,24.03,5.9,1,0,1,0
10037,1,16,57.92,1,40.22,13.1,0,0,0,1
10073,2,50,24.14,4,36.01,2.57,0,1,0,0
10259,6,26,53.71,0,37.48,9.69,0,0,0,1
10373,2,19,11.41,3,32.74,3.96,0,1,0,0
10463,0,29,64.16,2,22.11,3.02,0,0,0,1
10276,4,7,18.03,0,30.46,6.86,0,1,0,0
10248,5,48,56.76,2,25.98,5.33,0,0,0,1
10085,1,48,63.67,0,36.75,9.53,0,0,0,1
10590,6,63,22.88,3,49.35,7.75,0,1,0,0
10561,6,61,13.23,1,57.8,11.51,0,1,0,0
10576,1,31,53.02,2,35.69,4.06,0,0,0,1
10405,2,60,93.82,2,45.11,11.77,1,0,1,0
10695,4,47,51.64,1,38.82,5.2,0,0,0,1
10302,3,40,14.93,3,52.42,8.7,1,1,0,0
10364,5,47,20.89,1,42.53,9.42,0,1,0,0
10470,1,38,21.25,2,26.78,0.94,0,1,0,0
10123,3,44,34.97,3,32.79,4.14,0,1,0,0
10406,5,44,27.08,1,41.8,4.4,0,1,0,0
10259,4,24,53.71,0,39.11,9.84,0,0,0,1
10532,0,24,58.49,3,37.41,8.41,1,0,0,1
10505,1,34,60.32,2,31.65,6.87,0,0,0,1
10245,4,39,30.81,0,42.4,4.2,0,1,0,0
10144,0,55,29.62,0,29.58,6.3,0,1,0,0
10575,2,36,19.22,1,17.62,7.42,0,1,0,0
10494,2,8,59.04,2,49.52,8.33,0,0,0,1
10697,4,11,73.67,1,29.27,1.46,0,0,0,1
10355,2,56,58.98,2,32.1,7.44,1,0,0,1
10599,2,53,98.22,2,31.89,10.7,0,0,1,0
10268,4,15,19.89,2,39.78,9.81,0,1,0,0
10306,7,33,29.25,4,25.68,5.31,0,1,0,0
10337,3,40,25.85,0,17.66,5.93,0,1,0,0
10655,0,6,59.18,1,31.49,7.95,1,0,0,1
10219,2,4,23.93,2,22.57,1.74,1,1,0,0
10512,1,55,27.37,0,10.43,2.68,0,1,0,0
10553,3,23,30.02,3,24.12,0.74,0,1,0,0
10380,2,35,27.7,0,34.49,10.59,0,1,0,0
10156,4,38,48.14,1,43.57,6.4,1,0,0,1
10648,0,57,24.38,0,13.17,2.4,0,1,0,0
10552,0,34,60.18,0,40.14,4.59,0,0,0,1
10618,3,46,28.72,0,43.42,9.03,0,1,0,0
10581,3,30,64.83,1,43.48,5.05,0,0,0,1
10673,1,58,14.54,1,44.17,6.15,1,1,0,0
10348,3,54,28.8,1,57.4,10.15,0,1,0,0
10159,2,42,33.14,0,42.69,6.9,0,1,0,0
10411,1,36,53.58,0,38.57,4.29,0,0,0,1
10625,5,26,105.13,0,16.12,1.91,1,0,1,0
10236,1,39,20.95,1,41.61,9.95,0,1,0,0
10171,6,59,40.03,5,37.08,4.73,0,1,0,0
10511,5,50,31.91,0,40.35,7.06,0,1,0,0
10173,0,6,26.86,5,15.09,2.18,1,1,0,0
10610,2,46,49.03,1,29.31,8.8,0,0,0,1
10248,2,45,56.76,1,27.04,0.0,1,0,0,1
10380,5,38,27.7,1,33.24,4.84,0,1,0,0
10586,1,36,23.82,2,31.16,7.33,0,1,0,0
10638,2,8,55.29,0,35.81,10.67,0,0,0,1
10478,5,34,33.52,3,24.7,3.22,0,1,0,0
10598,1,6,27.44,3,33.32,8.0,0,1,0,0
10523,0,38,59.6,2,31.18,5.57,0,0,0,1
10330,0,21,36.74,2,24.02,0.83,1,1,0,0
10581,6,33,64.83,1,36.79,9.09,1,0,0,1
10636,2,42,88.78,1,57.36,7.46,0,0,1,0
10318,0,39,65.15,3,26.55,3.82,1,0,0,1
10231,4,43,33.7,0,63.67,11.41,0,1,0,0
10233,6,12,54.32,2,28.72,7.56,0,0,0,1
10676,6,47,101.08,2,35.73,9.55,0,0,1,0
10309,0,30,51.74,0,41.22,12.41,0,0,0,1
10493,2,30,24.66,1,26.15,4.61,1,1,0,0
10545,6,30,55.6,1,27.94,5.93,0,0,0,1
10572,0,36,47.51,2,35.79,12.22,1,0,0,1
10686,2,4,96.6,1,44.79,6.9,0,0,1,0
10563,5,61,59.16,3,22.77,3.4,0,0,0,1
10128,1,41,18.95,0,33.08,5.91,0,1,0,0
10331,4,10,63.39,1,9.49,2.91,0,0,0,1
10578,1,6,60.09,1,42.61,5.6,1,0,0,1
10389,4,18,93.01,1,44.57,10.6,0,0,1,0
10472,4,5,89.19,0,52.97,9.2,1,0,1,0
10479,4,24,57.44,2,34.53,9.15,0,0,0,1
10458,5,51,19.14,0,51.17,12.5,0,1,0,0
10099,4,7,30.67,1,25.73,2.3,1,1,0,0
10583,4,28,50.97,0,49.47,8.98,0,0,0,1
10223,0,4,14.62,0,48.92,9.79,0,1,0,0
10529,0,21,97.78,4,22.63,3.4,0,0,1,0
10579,4,21,88.95,1,31.82,6.5,1,0,1,0
10542,3,30,88.41,0,45.13,9.32,1,0,1,0
10489,4,48,23.83,0,44.44,6.12,0,1,0,0
10148,4,38,56.36,5,15.18,1.53,1,0,0,1
10144,0,55,29.62,0,29.58,6.3,0,1,0,0
10316,3,29,52.08,1,32.98,4.37,0,0,0,1
10249,4,34,98.83,0,59.06,13.36,0,0,1,0
10334,2,10,88.7,0,26.09,3.72,0,0,1,0
10304,0,43,51.74,4,52.81,8.2,1,0,0,1
10529,2,23,97.78,3,32.19,8.89,0,0,1,0
10397,0,55,22.64,4,41.0,6.65,0,1,0,0
10575,3,37,19.22,2,26.97,4.61,0,1,0,0
10068,5,61,98.99,1,36.98,9.58,0,0,1,0
10397,3,58,22.64,2,35.53,10.31,1,1,0,0
10147,4,28,46.52,2,34.05,6.36,1,0,0,1
10464,5,45,31.59,1,30.6,3.96,1,1,0,0
10315,3,33,92.98,2,29.84,4.92,0,0,1,0
10560,1,43,91.83,1,29.2,8.23,0,0,1,0
10694,5,21,49.86,1,50.05,14.55,0,0,0,1
10298,0,39,51.95,1,20.71,3.47,0,0,0,1
10351,1,44,58.96,1,35.41,5.65,0,0,0,1
10239,4,39,46.96,2,27.79,9.24,0,0,0,1
10102,2,10,13.11,2,36.65,7.56,1,1,0,0
10114,1,22,47.38,1,30.88,8.42,0,0,0,1
10240,0,29,55.23,3,42.15,7.07,1,0,0,1
10324,3,45,33.79,2,39.39,6.69,0,1,0,0
10420,1,43,86.18,2,42.12,9.59,1,0,1,0
10197,4,60,16.22,5,39.87,8.89,1,1,0,0
10634,1,55,53.66,1,34.31,5.56,0,0,0,1
10245,3,38,30.81,1,47.95,5.85,0,1,0,0
10097,1,25,46.97,0,19.7,5.08,0,0,0,1
10102,3,11,13.11,5,39.69,8.33,1,1,0,0
10671,1,10,22.94,3,29.67,5.2,0,1,0,0
10202,0,56,19.85,0,29.4,7.95,0,1,0,0
10087,0,37,58.53,0,23.93,7.61,1,0,0,1
10697,1,8,73.67,1,30.07,4.33,0,0,0,1
10050,3,29,24.29,1,12.53,3.79,0,1,0,0
10192,4,20,30.34,2,41.46,11.51,1,1,0,0
10512,4,58,27.37,2,7.43,4.14,0,1,0,0
10533,5,54,20.28,2,42.96,7.25,0,1,0,0
10502,1,59,48.3,0,59.38,13.21,0,0,0,1
10051,1,7,23.75,3,16.84,3.35,0,1,0,0
10408,0,46,10.55,5,39.95,8.51,1,1,0,0
10211,4,16,93.92,2,21.53,5.58,0,0,1,0
10309,3,33,51.74,0,46.27,12.01,0,0,0,1
10245,5,40,30.81,1,47.71,11.29,0,1,0,0
10676,1,42,101.08,2,36.8,7.45,0,0,1,0
10694,1,17,49.86,0,60.21,13.0,1,0,0,1
10099,1,4,30.67,2,17.93,3.55,0,1,0,0
10232,5,55,64.62,0,32.03,3.08,0,0,0,1
10350,2,27,24.26,1,9.49,4.15,0,1,0,0
10509,0,25,25.64,1,43.96,9.67,0,1,0,0
10192,5,21,30.34,2,37.71,6.86,1,1,0,0
10295,2,14,64.26,7,50.26,12.53,1,0,0,1
10663,0,6,16.85,3,40.49,5.42,0,1,0,0
10553,1,21,30.02,0,22.88,2.26,1,1,0,0
10036,6,64,28.12,1,29.59,9.84,0,1,0,0
10673,2,59,14.54,4,42.73,8.77,0,1,0,0
10542,4,31,88.41,0,45.98,10.47,0,0,1,0
10398,3,26,45.34,1,25.07,2.17,0,0,0,1
10645,1,20,87.98,1,22.85,8.7,0,0,1,0
10009,0,29,18.73,0,27.72,7.07,1,1,0,0
10097,0,24,46.97,2,26.12,3.98,0,0,0,1
10322,0,3,64.61,3,42.63,10.53,1,0,0,1
10624,5,60,58.84,2,28.93,5.83,0,0,0,1
10336,3,31,50.39,4,51.95,12.71,0,0,0,1
10183,1,7,23.07,0,52.23,6.47,0,1,0,0
10218,6,14,27.01,0,34.88,7.75,0,1,0,0
10437,6,48,54.85,2,43.78,5.6,0,0,0,1
10248,1,44,56.76,2,23.58,6.89,1,0,0,1
10027,3,53,88.85,2,46.15,7.93,0,0,1,0
10089,3,13,53.03,1,19.81,6.33,0,0,0,1
10485,6,7,54.27,0,32.02,6.89,1,0,0,1
10634,2,56,53.66,3,34.32,10.32,0,0,0,1
10630,0,32,19.28,2,12.43,2.45,1,1,0,0
10293,4,27,23.15,2,43.06,7.0,0,1,0,0
10368,3,9,93.2,1,16.76,0.0,1,0,1,0
10602,1,46,17.86,3,43.17,9.36,0,1,0,0
10280,3,36,94.13,1,32.46,4.76,0,0,1,0
10548,0,24,28.52,0,30.29,5.71,0,1,0,0
10129,1,25,27.91,1,23.96,2.66,1,1,0,0
10457,0,56,52.19,1,21.79,2.18,0,0,0,1
10054,2,15,59.03,2,38.18,11.83,0,0,0,1
10377,4,37,15.79,2,23.49,5.02,0,1,0,0
10600,1,30,93.62,1,51.58,7.49,0,0,1,0
10408,4,50,10.55,1,46.07,7.58,0,1,0,0
10611,0,10,25.99,1,24.38,4.35,1,1,0,0
10538,7,24,90.25,0,17.84,3.83,0,0,1,0
10643,3,13,23.95,2,35.29,4.68,0,1,0,0
10626,2,49,25.72,3,31.4,4.3,0,1,0,0
10485,6,7,54.27,0,32.02,6.89,1,0,0,1
10055,3,47,18.96,2,44.24,6.15,1,1,0,0
10010,4,32,24.97,4,16.95,3.19,0,1,0,0
10265,5,21,26.84,0,35.45,8.82,0,1,0,0
10124,1,14,20.8,2,34.73,4.65,1,1,0,0
10491,1,30,65.92,1,20.37,3.82,0,0,0,1
10439,2,7,48.51,0,51.08,11.38,0,0,0,1
10687,2,33,52.99,2,37.66,8.96,0,0,0,1
10414,3,8,100.9,2,44.68,11.56,0,0,1,0
10474,0,30,26.93,1,46.15,9.56,0,1,0,0
10306,7,33,29.25,4,25.68,5.31,0,1,0,0
10270,3,49,26.22,0,18.15,4.44,0,1,0,0
10393,0,57,97.96,2,44.69,11.7,1,0,1,0
10619,4,8,67.32,1,46.92,11.05,0,0,0,1
10473,3,62,53.62,0,46.45,7.35,0,0,0,1
10649,5,11,45.02,1,45.36,9.45,0,0,0,1
10277,0,46,12.99,0,30.21,4.76,0,1,0,0
10295,3,15,64.26,3,46.31,10.46,1,0,0,1
10109,3,40,83.33,1,29.0,6.98,0,0,1,0
10330,5,26,36.74,1,25.08,8.03,1,1,0,0
10266,0,37,21.82,0,25.58,1.35,0,1,0,0
10109,4,41,83.33,1,19.94,3.49,0,0,1,0
10548,0,24,28.52,0,30.29,5.71,0,1,0,0
10208,0,48,93.48,1,37.31,7.72,0,0,1,0
10581,1,28,64.83,0,38.38,8.91,0,0,0,1
10421,4,19,48.89,1,43.26,6.44,0,0,0,1
10458,0,46,19.14,2,50.2,8.37,0,1,0,0
10409,1,6,52.52,2,38.82,2.65,0,0,0,1
10682,2,33,96.14,2,33.16,7.2,0,0,1,0
10343,4,61,87.26,1,37.55,9.81,0,0,1,0
10108,0,35,15.75,0,29.39,4.93,0,1,0,0
10464,1,41,31.59,0,22.54,3.43,1,1,0,0
10425,1,13,102.56,1,22.9,4.83,0,0,1,0
10216,0,14,18.65,3,39.22,5.14,1,1,0,0
10112,1,48,95.9,0,40.61,10.18,0,0,1,0
10056,0,11,93.08,1,23.19,5.0,0,0,1,0
10109,1,38,83.33,2,21.59,3.09,0,0,1,0
10604,1,30,90.36,1,27.14,6.19,1,0,1,0
10105,5,33,26.68,1,42.16,7.58,0,1,0,0
10284,2,35,54.4,1,62.07,13.23,0,0,0,1
10407,0,22,29.99,0,33.54,7.8,0,1,0,0
10457,2,58,52.19,1,24.6,3.47,0,0,0,1
10474,1,31,26.93,4,43.12,12.22,1,1,0,0
10669,3,8,53.08,2,30.46,3.64,0,0,0,1
10173,1,7,26.86,2,19.48,5.13,1,1,0,0
10521,4,11,14.23,0,35.59,7.43,0,1,0,0
10627,0,29,14.47,1,49.6,10.24,0,1,0,0
10281,2,39,63.06,1,39.6,8.79,0,0,0,1
10301,5,50,29.97,0,28.14,8.08,0,1,0,0
10035,3,57,17.64,1,16.87,2.59,0,1,0,0
10491,3,32,65.92,0,23.41,5.56,0,0,0,1
10026,1,8,15.36,1,43.04,9.87,0,1,0,0
10695,0,43,51.64,2,27.36,7.93,0,0,0,1
10366,5,27,58.54,1,40.84,10.34,0,0,0,1
10060,0,11,94.42,1,28.9,4.83,0,0,1,0
10022,2,16,21.29,4,27.03,5.78,0,1,0,0
10047,2,46,31.56,1,19.08,1.81,0,1,0,0
10111,0,38,23.96,0,34.13,5.46,1,1,0,0
10357,0,29,24.5,2,36.07,7.98,0,1,0,0
10168,1,43,28.38,2,39.49,7.76,0,1,0,0
10660,1,6,23.12,2,19.97,4.97,0,1,0,0
10100,2,35,99.44,3,36.89,5.62,1,0,1,0
10605,1,11,93.32,0,45.98,9.23,0,0,1,0
10524,4,29,47.64,4,38.88,2.41,1,0,0,1
10194,2,11,24.09,0,21.18,0.0,0,1,0,0
10415,1,49,32.76,1,12.06,2.54,0,1,0,0
10060,1,12,94.42,1,29.98,9.38,0,0,1,0
10491,0,29,65.92,1,21.36,6.23,1,0,0,1
10018,4,47,16.44,1,20.33,2.83,0,1,0,0
10028,2,26,86.64,0,33.76,7.08,0,0,1,0
10596,1,20,19.95,5,42.8,13.89,1,1,0,0
10568,4,38,35.98,0,38.22,5.36,0,1,0,0
10107,7,34,57.25,1,21.61,3.32,1,0,0,1
10079,4,59,27.6,1,49.5,8.38,1,1,0,0
10597,2,30,26.37,0,53.93,10.18,0,1,0,0
10229,3,18,28.67,0,45.39,3.99,0,1,0,0
10456,2,57,18.5,2,35.55,5.38,0,1,0,0
10624,6,61,58.84,2,30.24,6.18,1,0,0,1
10285,1,45,91.73,2,20.04,4.58,0,0,1,0
10346,1,24,31.72,3,34.65,6.42,0,1,0,0
10215,6,18,34.14,0,20.97,2.65,0,1,0,0
10230,3,25,96.77,1,23.46,4.89,0,0,1,0
10040,3,40,35.0,0,39.95,9.72,0,1,0,0
10040,5,42,35.0,0,38.63,7.6,0,1,0,0
10002,4,6,30.26,2,38.13,6.19,0,1,0,0
10660,4,9,23.12,1,15.22,2.67,0,1,0,0
10543,1,48,20.53,1,22.58,3.93,0,1,0,0
10320,4,60,57.36,5,30.19,6.05,0,0,0,1
10464,6,46,31.59,3,23.91,8.2,0,1,0,0
10471,1,32,58.57,5,18.75,6.51,1,0,0,1
10353,3,20,62.38,1,33.05,6.31,0,0,0,1
10219,2,4,23.93,2,22.57,1.74,1,1,0,0
10553,4,24,30.02,4,18.56,6.41,0,1,0,0
10079,1,56,27.6,4,45.29,9.36,1,1,0,0
10327,2,48,103.21,3,41.29,9.08,0,0,1,0
10183,4,10,23.07,1,48.31,8.04,0,1,0,0
10195,0,19,49.72,1,39.58,5.5,0,0,0,1
10582,4,62,27.23,4,34.08,9.87,1,1,0,0
10685,3,61,102.5,1,42.45,5.91,0,0,1,0
10359,3,49,19.9,2,31.73,8.47,1,1,0,0
10107,0,27,57.25,1,24.51,4.47,1,0,0,1
10041,1,42,83.52,0,22.1,4.21,0,0,1,0
10458,4,50,19.14,0,51.69,8.76,0,1,0,0
10015,6,48,38.05,2,23.14,5.65,0,1,0,0
10082,2,25,30.31,1,21.35,4.69,1,1,0,0
10606,5,61,45.12,2,32.77,7.2,0,0,0,1
10259,3,23,53.71,1,42.4,7.72,0,0,0,1
10510,1,29,98.23,6,32.45,6.4,1,0,1,0
10054,1,14,59.03,1,38.66,5.74,1,0,0,1
10344,2,7,25.24,3,13.87,4.61,1,1,0,0
10412,7,43,87.57,2,11.89,3.12,0,0,1,0
10235,5,7,88.62,0,31.59,4.88,0,0,1,0
10460,1,46,30.65,0,36.39,7.11,0,1,0,0
10044,0,29,25.22,1,26.92,4.98,0,1,0,0
10448,0,18,53.82,2,32.38,6.15,0,0,0,1
10342,0,56,20.02,3,29.12,3.91,1,1,0,0
10249,6,36,98.83,3,58.15,11.27,0,0,1,0
10079,5,60,27.6,3,45.82,13.79,1,1,0,0
10327,5,51,103.21,2,43.17,8.0,0,0,1,0
10557,1,10,29.37,0,23.91,7.91,0,1,0,0
10093,2,16,29.4,3,29.76,8.56,0,1,0,0
10523,1,39,59.6,0,35.48,7.86,0,0,0,1
10566,5,56,24.34,2,22.27,0.3,0,1,0,0
10214,1,9,28.17,0,38.92,5.91,0,1,0,0
10185,1,3,102.05,2,35.33,8.84,1,0,1,0
10326,3,57,84.76,3,33.65,6.02,1,0,1,0
10155,1,27,93.15,1,30.86,6.69,0,0,1,0
10512,7,61,27.37,1,8.83,0.0,0,1,0,0
10175,0,45,102.88,1,33.07,7.44,0,0,1,0
10173,2,8,26.86,3,18.93,4.98,0,1,0,0
10461,2,17,26.45,2,52.83,7.33,0,1,0,0
10569,2,27,55.85,0,21.5,2.58,0,0,0,1
10234,3,42,103.31,1,42.67,4.75,0,0,1,0
10163,1,36,30.92,2,38.32,6.7,0,1,0,0
10008,5,36,57.63,0,31.79,7.41,0,0,0,1
10184,4,43,89.39,4,20.62,2.88,0,0,1,0
10691,0,52,63.33,0,17.71,0.73,0,0,0,1
10064,7,12,31.3,0,35.33,7.35,1,1,0,0
10104,1,18,46.41,2,21.54,5.4,1,0,0,1
10356,5,46,26.35,2,64.0,9.8,0,1,0,0
10634,1,55,53.66,1,34.31,5.56,0,0,0,1
10500,1,34,96.42,3,19.59,0.0,1,0,1,0
10129,4,28,27.91,1,26.05,5.85,0,1,0,0
10581,5,32,64.83,2,37.24,5.93,0,0,0,1
10273,2,35,95.44,1,30.84,8.86,0,0,1,0
10046,6,19,56.97,0,19.79,2.17,0,0,0,1
10619,0,4,67.32,2,52.1,7.08,0,0,0,1
10490,5,25,25.85,0,27.89,7.56,0,1,0,0
10667,2,45,38.58,0,21.04,3.98,0,1,0,0
10208,4,52,93.48,0,36.37,8.74,0,0,1,0
10001,1,20,93.12,1,40.55,6.53,0,0,1,0
10514,5,60,24.24,1,31.22,6.48,0,1,0,0
10619,2,6,67.32,1,58.09,10.68,0,0,0,1
10388,3,28,100.65,1,68.23,11.85,0,0,1,0
10628,5,50,54.82,2,24.96,1.22,0,0,0,1
10317,1,31,94.59,2,29.87,8.98,1,0,1,0
10432,2,38,27.06,5,1.87,0.82,1,1,0,0
10177,0,16,91.9,2,29.52,5.78,1,0,1,0
10164,2,31,66.94,3,28.17,7.94,1,0,0,1
10612,7,66,99.48,3,27.12,4.07,0,0,1,0
10559,5,45,19.93,1,26.81,5.31,0,1,0,0
10669,0,5,53.08,0,33.41,5.59,0,0,0,1
10524,3,28,47.64,1,55.35,6.07,0,0,0,1
10625,3,24,105.13,1,12.02,1.1,0,0,1,0
10556,2,15,97.42,0,32.13,7.26,1,0,1,0
10455,4,44,44.13,1,26.52,2.55,0,0,0,1
10673,4,61,14.54,2,41.25,10.05,0,1,0,0
10156,3,37,48.14,4,44.08,10.51,1,0,0,1
10351,4,47,58.96,0,31.71,3.65,0,0,0,1
10208,6,54,93.48,2,38.97,7.3,0,0,1,0
10651,3,48,61.48,1,33.06,3.97,0,0,0,1
10275,1,32,96.66,0,38.28,11.16,0,0,1,0
10265,2,18,26.84,3,38.52,5.72,0,1,0,0
10451,0,34,101.2,3,36.88,8.06,0,0,1,0
10480,2,9,51.29,3,27.76,4.08,1,0,0,1
10262,3,34,19.86,0,44.7,7.91,0,1,0,0
10462,5,26,60.55,3,25.42,3.93,0,0,0,1
10294,3,62,45.17,1,48.88,11.64,0,0,0,1
10017,2,7,21.81,4,35.43,7.81,0,1,0,0
10571,6,56,96.0,1,31.5,2.79,1,0,1,0
10307,4,29,31.37,1,16.33,3.17,0,1,0,0
10326,1,55,84.76,2,30.19,10.0,0,0,1,0
10485,2,3,54.27,0,32.07,8.92,0,0,0,1
10285,0,44,91.73,3,23.18,7.29,1,0,1,0
10043,0,57,48.52,1,31.53,1.34,0,0,0,1
10564,1,16,30.16,1,54.31,6.93,0,1,0,0
10589,6,33,20.75,1,12.09,3.36,0,1,0,0
10167,1,50,60.22,0,42.93,9.84,0,0,0,1
10618,0,43,28.72,0,37.79,8.37,0,1,0,0
10455,1,41,44.13,1,35.08,5.1,0,0,0,1
10178,0,27,57.74,0,50.26,9.51,0,0,0,1
10233,3,9,54.32,1,32.08,5.44,1,0,0,1
10671,4,13,22.94,4,35.5,2.57,1,1,0,0
10182,3,43,17.99,1,26.77,6.26,0,1,0,0
10241,2,26,17.22,1,17.23,4.02,0,1,0,0
10535,0,10,21.7,5,36.64,7.16,1,1,0,0
10588,1,35,60.25,0,31.86,3.46,0,0,0,1
10647,2,51,24.35,0,36.86,4.85,0,1,0,0
10231,0,39,33.7,1,69.04,9.71,0,1,0,0
10130,6,38,68.79,3,48.05,8.25,0,0,0,1
10378,3,54,98.72,1,53.78,7.25,0,0,1,0
10144,1,56,29.62,0,27.85,3.66,0,1,0,0
10264,4,51,19.54,2,21.43,3.08,0,1,0,0
10466,3,30,18.41,1,35.35,9.46,0,1,0,0
10052,3,56,43.64,1,38.84,5.87,0,0,0,1
10204,3,30,91.21,2,25.01,1.52,1,0,1,0
10560,2,44,91.83,0,30.27,3.96,0,0,1,0
10417,1,38,51.01,3,24.77,5.37,0,0,0,1
10199,3,52,38.11,1,37.85,7.32,0,1,0,0
10117,3,43,29.07,1,11.64,0.0,0,1,0,0
10158,7,39,26.38,0,34.91,7.32,0,1,0,0
10083,2,46,62.15,1,24.71,4.66,0,0,0,1
10376,5,62,93.79,1,43.88,5.15,0,0,1,0
10063,5,39,33.21,0,56.94,12.89,0,1,0,0
10161,2,13,61.04,0,17.41,4.82,1,0,0,1
10308,0,10,24.61,1,25.36,6.41,1,1,0,0
10504,0,46,21.92,1,51.77,11.3,0,1,0,0
10233,1,7,54.32,3,35.22,7.21,1,0,0,1
10073,7,55,24.14,2,23.31,6.87,0,1,0,0
10332,3,48,99.06,2,40.28,1.92,0,0,1,0
10267,3,44,48.39,1,19.36,7.11,0,0,0,1
10081,4,58,22.91,1,54.3,7.9,0,1,0,0
10270,1,47,26.22,0,6.33,4.02,0,1,0,0
10578,0,5,60.09,2,40.29,9.03,0,0,0,1
10512,2,56,27.37,2,11.06,2.25,0,1,0,0
10055,3,47,18.96,2,44.24,6.15,1,1,0,0
10683,1,12,24.33,1,36.89,6.23,0,1,0,0
10548,2,26,28.52,0,32.67,6.7,1,1,0,0
10490,7,27,25.85,1,30.54,9.98,0,1,0,0
10020,0,28,103.6,0,14.16,2.89,1,0,1,0
10191,0,54,93.06,4,28.51,6.55,0,0,1,0
10695,1,44,51.64,0,29.42,6.03,0,0,0,1
10346,2,25,31.72,2,30.25,9.48,0,1,0,0
10124,2,15,20.8,0,23.98,4.83,1,1,0,0
10155,3,29,93.15,2,33.64,7.22,0,0,1,0
10458,2,48,19.14,0,56.34,7.99,0,1,0,0
10536,3,7,58.52,3,15.29,9.66,1,0,0,1
10233,1,7,54.32,3,35.22,7.21,1,0,0,1
10083,1,45,62.15,1,21.79,3.9,0,0,0,1
10593,3,62,20.34,1,31.72,6.18,0,1,0,0
10018,3,46,16.44,0,16.24,4.9,0,1,0,0
10147,6,30,46.52,8,41.93,4.45,1,0,0,1
10430,5,35,56.09,0,40.75,8.55,0,0,0,1
10118,5,41,32.99,0,21.8,7.87,0,1,0,0
10106,1,48,104.01,1,21.93,1.68,0,0,1,0
10084,2,43,28.36,5,32.28,3.55,0,1,0,0
10218,0,8,27.01,1,34.32,3.37,0,1,0,0
10197,1,57,16.22,2,20.84,10.62,1,1,0,0
10619,3,7,67.32,1,53.22,10.98,0,0,0,1
10625,1,22,105.13,1,11.22,0.2,1,0,1,0
10439,4,9,48.51,1,48.49,11.16,0,0,0,1
10156,4,38,48.14,1,43.57,6.4,1,0,0,1
10572,4,40,47.51,3,24.02,8.52,0,0,0,1
10607,3,9,18.07,1,23.52,3.43,1,1,0,0
10658,3,27,32.82,3,39.23,6.1,1,1,0,0
10377,2,35,15.79,2,30.68,4.05,0,1,0,0
10000,3,48,56.98,4,20.22,4.31,1,0,0,1
10693,3,46,53.92,0,41.43,8.15,0,0,0,1
10063,5,39,33.21,0,56.94,12.89,0,1,0,0
10183,5,11,23.07,2,57.94,10.43,0,1,0,0
10057,5,54,57.52,1,40.45,9.98,0,0,0,1
10001,2,21,93.12,1,39.23,6.44,0,0,1,0
10002,1,3,30.26,1,39.41,6.31,0,1,0,0
10503,2,52,56.78,1,21.0,4.2,0,0,0,1
10482,0,43,18.38,4,37.63,7.52,0,1,0,0
10350,6,31,24.26,1,10.66,4.85,1,1,0,0
10000,4,49,56.98,4,17.31,0.58,1,0,0,1
10127,3,35,65.09,0,44.98,13.27,0,0,0,1
10662,6,25,38.81,0,32.66,3.2,0,1,0,0
10463,1,30,64.16,1,24.53,4.93,0,0,0,1
10315,1,31,92.98,2,25.11,2.64,0,0,1,0
10628,2,47,54.82,0,25.47,5.17,0,0,0,1
10062,5,26,24.98,2,42.59,8.19,0,1,0,0
10437,5,47,54.85,2,29.95,3.12,0,0,0,1
10233,0,6,54.32,0,29.27,6.91,0,0,0,1
10053,1,2,93.92,1,44.24,7.47,0,0,1,0
10351,7,50,58.96,1,29.39,1.79,0,0,0,1
10087,6,43,58.53,2,29.0,4.42,1,0,0,1
10336,1,29,50.39,3,48.4,7.43,0,0,0,1
10488,2,25,24.83,0,36.16,6.17,0,1,0,0
10695,1,44,51.64,0,29.42,6.03,0,0,0,1
10635,2,53,66.91,0,37.66,6.09,0,0,0,1
10657,0,15,55.93,0,28.22,2.69,0,0,0,1
10281,0,37,63.06,1,38.19,9.94,0,0,0,1
10627,2,31,14.47,1,54.65,14.6,0,1,0,0
10339,3,17,49.51,3,32.12,5.26,1,0,0,1
10522,0,48,92.56,4,56.72,13.49,0,0,1,0
10384,1,12,23.22,1,22.91,3.87,0,1,0,0
10567,5,29,63.73,1,28.12,4.83,0,0,0,1
10469,4,9,52.12,1,40.78,7.85,0,0,0,1
10580,1,3,48.74,0,36.33,8.09,1,0,0,1
10669,1,6,53.08,1,34.01,5.75,0,0,0,1
10605,1,11,93.32,0,45.98,9.23,0,0,1,0
10644,3,44,27.59,0,26.86,3.94,0,1,0,0
10014,3,18,26.72,0,44.32,4.14,0,1,0,0
10639,2,25,98.28,3,35.24,6.64,0,0,1,0
10054,3,16,59.03,2,38.85,6.24,1,0,0,1
10669,6,11,53.08,1,32.87,6.86,0,0,0,1
10135,4,18,24.18,3,70.71,19.55,1,1,0,0
10416,0,39,35.75,2,18.35,6.87,0,1,0,0
10477,1,32,25.92,1,41.21,11.17,0,1,0,0
10271,0,11,18.54,1,47.28,7.32,1,1,0,0
10290,7,56,16.74,2,31.42,7.18,0,1,0,0
10170,0,11,22.56,4,54.63,7.26,0,1,0,0
10400,5,24,96.28,0,19.68,2.0,0,0,1,0
10045,4,17,90.27,0,39.22,7.79,0,0,1,0
10498,3,14,34.51,0,21.74,2.79,0,1,0,0
10139,3,61,25.94,0,8.5,1.41,0,1,0,0
10100,5,38,99.44,1,36.19,9.16,0,0,1,0
10095,2,57,65.91,1,50.44,8.68,0,0,0,1
10012,1,12,66.93,2,11.09,5.27,1,0,0,1
10034,3,49,57.18,0,7.65,5.88,0,0,0,1
10039,1,12,32.49,0,52.84,6.97,0,1,0,0
10253,4,18,31.61,0,33.11,7.85,1,1,0,0
10225,1,28,21.62,0,26.55,4.63,0,1,0,0
10044,2,31,25.22,1,22.19,8.24,0,1,0,0
10155,4,30,93.15,1,33.04,8.74,1,0,1,0
10378,2,53,98.72,1,43.9,7.15,0,0,1,0
10232,1,51,64.62,0,26.36,4.16,0,0,0,1
10653,2,56,47.19,2,30.61,4.06,0,0,0,1
10326,2,56,84.76,1,26.47,6.51,1,0,1,0
10457,0,56,52.19,1,21.79,2.18,0,0,0,1
10205,7,15,62.79,4,31.9,5.11,1,0,0,1
10110,3,53,75.99,0,23.99,4.82,0,0,1,0
10233,2,8,54.32,1,32.92,4.44,0,0,0,1
10142,2,6,60.17,3,21.07,7.07,1,0,0,1
10121,1,4,18.82,6,63.82,11.79,1,1,0,0
10272,0,58,27.89,1,21.34,4.17,0,1,0,0
10002,2,4,30.26,2,39.61,5.86,0,1,0,0
10396,2,42,53.29,4,34.34,6.39,0,0,0,1
10344,1,6,25.24,5,21.26,2.83,1,1,0,0
10327,4,50,103.21,1,38.99,9.49,0,0,1,0
10258,2,20,94.13,0,25.58,5.1,0,0,1,0
10163,0,35,30.92,3,38.74,8.57,0,1,0,0
10313,0,54,94.89,2,40.52,11.19,0,0,1,0
10477,3,34,25.92,0,39.38,6.34,0,1,0,0
10497,1,25,51.79,1,35.63,7.28,0,0,0,1
10402,4,59,16.19,2,10.59,0.0,0,1,0,0
10027,5,55,88.85,1,41.02,9.76,0,0,1,0
10073,6,54,24.14,1,25.74,6.7,0,1,0,0
10516,4,38,22.49,0,50.32,11.31,0,1,0,0
10450,6,29,101.5,3,50.7,7.76,1,0,1,0
10603,0,9,22.43,3,40.47,7.56,1,1,0,0
10178,3,30,57.74,1,53.2,8.89,0,0,0,1
10593,3,62,20.34,1,31.72,6.18,0,1,0,0
10519,0,41,26.28,4,22.64,0.11,0,1,0,0
10327,5,51,103.21,2,43.17,8.0,0,0,1,0
10438,3,29,29.83,2,56.5,13.71,1,1,0,0
10273,1,34,95.44,2,26.34,5.48,1,0,1,0
10672,5,55,55.33,2,26.67,5.51,1,0,0,1
10542,0,27,88.41,0,38.41,8.06,0,0,1,0
10212,3,32,49.01,3,21.26,4.4,0,0,0,1
10487,7,64,94.28,1,57.42,9.56,0,0,1,0
10128,2,42,18.95,1,27.73,7.21,0,1,0,0
10059,2,35,87.86,1,34.73,9.98,1,0,1,0
10298,5,44,51.95,1,28.92,4.68,0,0,0,1
10512,7,61,27.37,1,8.83,0.0,0,1,0,0
10376,1,58,93.79,1,47.09,9.08,0,0,1,0
10499,5,48,23.62,0,50.09,6.29,0,1,0,0
10298,2,41,51.95,0,23.65,1.42,1,0,0,1
10400,4,23,96.28,0,26.01,6.66,0,0,1,0
10546,1,16,31.25,1,39.09,9.83,0,1,0,0
10188,1,28,49.51,1,33.07,8.42,1,0,0,1
10260,4,10,97.75,0,37.95,11.17,0,0,1,0
10033,0,37,93.67,2,54.66,14.75,0,0,1,0
10008,4,35,57.63,2,34.86,5.86,0,0,0,1
10177,5,21,91.9,0,37.61,6.86,0,0,1,0
10011,2,40,19.58,0,29.32,8.04,0,1,0,0
10406,1,40,27.08,1,40.27,9.12,0,1,0,0
10384,2,13,23.22,2,17.18,4.58,0,1,0,0
10430,1,31,56.09,2,39.27,8.53,0,0,0,1
10575,4,38,19.22,0,18.01,2.6,0,1,0,0
10496,0,50,13.91,1,25.65,6.99,0,1,0,0
10286,1,59,83.46,0,45.22,14.9,0,0,1,0
10216,0,14,18.65,3,39.22,5.14,1,1,0,0
10244,2,46,60.36,3,39.7,7.88,0,0,0,1
10075,3,59,17.91,2,16.46,3.46,0,1,0,0
10431,0,9,16.94,0,11.66,0.0,1,1,0,0
10514,4,59,24.24,0,30.87,4.24,0,1,0,0
10652,6,37,102.34,2,15.21,3.17,1,0,1,0
10156,3,37,48.14,4,44.08,10.51,1,0,0,1
10653,2,56,47.19,2,30.61,4.06,0,0,0,1
10368,2,8,93.2,0,17.75,0.48,1,0,1,0
10225,1,28,21.62,0,26.55,4.63,0,1,0,0
10606,0,56,45.12,0,40.0,6.57,0,0,0,1
10417,2,39,51.01,0,27.41,2.87,0,0,0,1
10616,1,47,103.99,0,27.32,6.57,0,0,1,0
10086,1,17,34.55,3,33.99,5.98,0,1,0,0
10023,2,23,52.73,1,21.32,2.46,0,0,0,1
10404,2,11,17.98,1,19.25,2.95,1,1,0,0
10353,4,21,62.38,2,31.48,2.54,1,0,0,1
10453,0,3,17.28,1,32.92,5.96,0,1,0,0
10398,0,23,45.34,0,22.96,5.22,0,0,0,1
10321,1,48,58.67,0,70.87,10.34,0,0,0,1
10440,1,16,49.18,4,37.17,6.31,0,0,0,1
10586,2,37,23.82,1,33.26,7.37,0,1,0,0
10167,3,52,60.22,0,33.12,8.69,0,0,0,1
10531,0,32,93.54,0,22.87,5.06,0,0,1,0
10073,4,52,24.14,2,32.52,7.13,0,1,0,0
10659,5,6,58.41,3,38.6,6.94,0,0,0,1
10057,4,53,57.52,0,44.38,7.67,0,0,0,1
10379,1,21,24.57,0,18.91,1.79,0,1,0,0
10545,4,28,55.6,0,33.09,5.4,0,0,0,1
10077,0,3,47.96,2,20.72,3.54,1,0,0,1
10500,4,37,96.42,3,17.81,3.85,0,0,1,0
10558,2,53,66.81,1,38.03,10.01,0,0,0,1
10034,6,52,57.18,0,14.97,1.39,0,0,0,1
10585,5,51,30.67,1,28.78,3.59,0,1,0,0
10604,5,34,90.36,1,32.44,6.73,0,0,1,0
10363,1,46,51.15,2,41.09,8.44,1,0,0,1
10036,3,61,28.12,0,28.19,6.14,0,1,0,0
10681,6,36,29.37,0,43.33,8.45,0,1,0,0
10629,1,6,93.94,3,26.02,3.97,1,0,1,0
10664,1,59,18.24,1,48.39,7.35,0,1,0,0
10650,0,56,44.52,2,52.06,10.95,0,1,0,0
10591,3,52,57.54,5,49.08,12.77,0,0,0,1
10221,5,48,59.01,0,22.26,4.11,0,0,0,1
10105,4,32,26.68,3,37.82,12.64,0,1,0,0
10250,3,5,98.33,1,45.43,8.68,0,0,1,0
10284,3,36,54.4,2,56.48,13.2,0,0,0,1
10369,5,21,17.73,0,35.65,6.7,0,1,0,0
10316,1,27,52.08,0,27.39,1.81,0,0,0,1
10080,1,48,55.43,2,46.69,11.7,0,0,0,1
10412,2,38,87.57,3,14.26,0.0,0,0,1,0
10095,4,59,65.91,1,54.99,13.42,0,0,0,1
10553,3,23,30.02,3,24.12,0.74,0,1,0,0
10172,2,6,25.51,0,31.33,6.33,1,1,0,0
10570,3,61,50.92,2,34.34,10.38,0,0,0,1
10579,6,23,88.95,0,40.82,5.1,0,0,1,0
10440,1,16,49.18,4,37.17,6.31,0,0,0,1
10651,2,47,61.48,0,28.48,7.13,0,0,0,1
10224,4,26,48.91,2,39.33,6.07,0,0,0,1
10209,6,62,98.71,6,17.08,5.99,0,0,1,0
10424,2,3,26.53,2,23.49,2.58,1,1,0,0
10233,5,11,54.32,3,26.44,7.96,0,0,0,1
10286,2,60,83.46,1,48.9,9.38,1,0,1,0
10478,7,36,33.52,4,23.65,2.95,1,1,0,0
10248,4,47,56.76,1,23.79,7.8,0,0,0,1
10177,6,22,91.9,0,38.38,6.52,0,0,1,0
10321,0,47,58.67,0,58.51,12.55,0,0,0,1
10013,1,48,55.29,0,21.97,6.12,0,0,0,1
10074,0,41,31.2,2,43.29,10.42,0,1,0,0
10503,2,52,56.78,1,21.0,4.2,0,0,0,1
10241,0,24,17.22,1,21.67,4.22,0,1,0,0
10031,4,27,22.33,2,35.04,3.11,0,1,0,0
10138,1,29,72.1,2,48.99,9.8,0,0,0,1
10356,4,45,26.35,2,65.58,12.67,0,1,0,0
10541,0,18,40.47,2,60.14,10.98,0,0,0,1
10176,4,59,61.48,5,24.72,0.43,0,0,0,1
10625,4,25,105.13,0,19.85,2.55,1,0,1,0
10034,5,51,57.18,3,2.87,2.89,0,0,0,1
10507,4,54,18.88,0,24.36,4.35,0,1,0,0
10242,5,50,100.28,0,45.79,7.51,0,0,1,0
10344,4,9,25.24,1,19.6,3.53,0,1,0,0
10593,2,61,20.34,0,33.17,6.98,0,1,0,0
10356,6,47,26.35,0,63.8,12.24,0,1,0,0
10018,2,45,16.44,2,17.25,0.63,0,1,0,0
10672,1,51,55.33,2,25.72,5.22,0,0,0,1
10569,1,26,55.85,1,21.59,4.76,1,0,0,1
10214,2,10,28.17,0,32.01,2.6,1,1,0,0
10069,1,10,60.08,0,41.82,9.46,0,0,0,1
10645,0,19,87.98,2,23.39,5.59,1,0,1,0
10162,5,16,31.55,1,32.01,6.65,1,1,0,0
10537,3,53,60.44,3,37.86,7.65,0,0,0,1
10297,6,59,33.67,4,39.04,4.37,0,1,0,0
10619,5,9,67.32,0,50.99,12.05,0,0,0,1
10058,6,32,18.72,3,39.78,5.99,0,1,0,0
10286,5,63,83.46,0,53.01,8.88,0,0,1,0
10490,5,25,25.85,0,27.89,7.56,0,1,0,0
10406,5,44,27.08,1,41.8,4.4,0,1,0,0
10509,1,26,25.64,1,50.63,8.41,0,1,0,0
10489,6,50,23.83,0,40.52,7.63,0,1,0,0
10393,1,58,97.96,3,36.64,10.53,0,0,1,0
10200,4,48,54.79,2,30.65,5.84,0,0,0,1
10559,4,44,19.93,2,23.7,3.69,0,1,0,0
10647,1,50,24.35,2,32.42,9.65,1,1,0,0
10048,0,11,90.72,2,32.86,6.69,1,0,1,0
10059,1,34,87.86,2,37.54,10.99,0,0,1,0
10422,2,18,60.84,1,38.36,9.76,0,0,0,1
10026,0,7,15.36,1,32.88,10.15,1,1,0,0
10321,2,49,58.67,0,61.97,14.54,0,0,0,1
10590,5,62,22.88,1,50.43,8.65,0,1,0,0
10271,1,12,18.54,5,50.14,5.83,0,1,0,0
10480,6,13,51.29,3,23.01,7.48,1,0,0,1
10302,4,41,14.93,0,49.78,11.69,0,1,0,0
10056,3,14,93.08,3,11.85,5.46,0,0,1,0
10026,5,12,15.36,1,40.73,8.6,0,1,0,0
10560,7,49,91.83,1,32.34,8.92,0,0,1,0
10637,2,9,27.14,4,33.31,5.71,0,1,0,0
10213,5,11,55.02,1,35.61,9.85,1,0,0,1
10084,2,43,28.36,5,32.28,3.55,0,1,0,0
10114,2,23,47.38,2,29.52,5.1,0,0,0,1
10404,1,10,17.98,1,14.93,1.87,1,1,0,0
10639,4,27,98.28,3,27.11,5.11,0,0,1,0
10667,6,49,38.58,1,22.41,7.71,0,1,0,0
10194,5,14,24.09,1,13.21,2.52,1,1,0,0
10627,5,34,14.47,1,52.67,8.35,0,1,0,0
10000,5,50,56.98,3,15.58,3.68,0,0,0,1
10550,2,30,97.64,1,41.71,10.14,1,0,1,0
10531,4,36,93.54,0,18.71,6.41,0,0,1,0
10271,0,11,18.54,1,47.28,7.32,1,1,0,0
10542,6,33,88.41,0,42.71,7.18,0,0,1,0
10378,2,53,98.72,1,43.9,7.15,0,0,1,0
10248,2,45,56.76,1,27.04,0.0,1,0,0,1
10694,6,22,49.86,1,53.43,15.89,0,0,0,1
10026,2,9,15.36,0,29.13,6.6,0,1,0,0
10571,3,53,96.0,2,27.99,6.78,0,0,1,0
10692,2,35,95.63,3,28.51,4.88,0,0,1,0
10130,5,37,68.79,2,41.96,6.42,1,0,0,1
10069,2,11,60.08,2,44.71,8.63,1,0,0,1
10205,6,14,62.79,2,37.67,10.99,1,0,0,1
10384,6,17,23.22,0,18.01,4.52,0,1,0,0
10348,2,53,28.8,0,53.86,12.39,0,1,0,0
10350,1,26,24.26,2,17.09,0.0,0,1,0,0
10629,2,7,93.94,2,9.13,0.83,1,0,1,0
10427,2,18,33.22,1,35.48,9.76,0,1,0,0
10598,2,7,27.44,1,25.67,7.46,0,1,0,0
10078,1,21,58.11,0,59.69,10.81,0,0,0,1
10167,7,56,60.22,2,44.29,3.54,0,0,0,1
10038,0,21,59.73,0,36.52,7.47,0,0,0,1
10599,4,55,98.22,1,34.46,4.89,0,0,1,0
10453,2,5,17.28,0,21.58,5.1,0,1,0,0
10044,1,30,25.22,0,30.22,6.56,0,1,0,0
10542,5,32,88.41,2,44.57,7.55,1,0,1,0
10525,6,38,48.73,2,25.29,3.96,0,0,0,1
10652,4,35,102.34,2,17.13,2.43,1,0,1,0
10198,7,17,24.64,1,33.22,7.47,1,1,0,0
10387,0,47,24.36,1,34.04,8.05,0,1,0,0
10310,1,49,29.64,0,50.59,8.5,1,1,0,0
10298,4,43,51.95,2,18.95,4.12,0,0,0,1
10174,4,35,106.17,0,9.8,3.62,0,0,1,0
10264,0,47,19.54,1,20.08,2.31,0,1,0,0
10626,5,52,25.72,1,25.96,1.85,0,1,0,0
10010,3,31,24.97,0,8.08,1.89,0,1,0,0
10683,4,15,24.33,0,36.92,10.03,0,1,0,0
10508,4,26,31.39,2,19.79,0.25,0,1,0,0
10132,3,61,64.91,2,23.93,5.42,0,0,0,1
10327,3,49,103.21,1,45.73,9.38,0,0,1,0
10198,3,13,24.64,1,35.73,5.56,0,1,0,0
10643,1,11,23.95,2,37.59,7.29,1,1,0,0
10690,2,61,26.07,2,46.62,10.2,0,1,0,0
10507,5,55,18.88,2,26.42,3.38,0,1,0,0
10068,1,57,98.99,2,31.52,9.96,0,0,1,0
10303,3,56,56.02,2,36.46,9.21,0,0,0,1
10356,0,41,26.35,1,63.23,14.93,0,1,0,0
10556,3,16,97.42,1,33.3,1.29,0,0,1,0
10450,0,23,101.5,1,45.1,11.51,1,0,1,0
10145,3,15,89.8,1,47.82,12.3,0,0,1,0
10158,6,38,26.38,2,34.31,5.67,0,1,0,0
10166,2,29,90.58,3,38.56,7.53,0,0,1,0
10231,1,40,33.7,2,62.97,14.48,0,1,0,0
10148,6,40,56.36,2,20.03,6.39,0,0,0,1
10183,7,13,23.07,2,48.19,8.66,1,1,0,0
10472,0,1,89.19,0,52.4,9.74,0,0,1,0
10538,3,20,90.25,1,15.77,4.63,0,0,1,0
10663,3,9,16.85,3,37.93,12.04,0,1,0,0
10098,0,19,35.84,1,49.05,9.25,0,1,0,0
10348,0,51,28.8,0,45.64,8.17,0,1,0,0
10482,2,45,18.38,5,35.77,5.48,0,1,0,0
10492,3,16,55.52,0,34.38,5.06,1,0,0,1
10174,0,31,106.17,1,10.33,4.95,0,0,1,0
10066,1,30,56.13,3,33.98,9.41,0,0,0,1
10456,1,56,18.5,1,27.37,7.22,0,1,0,0
10556,0,13,97.42,1,36.81,9.07,0,0,1,0
10314,0,17,52.91,1,42.73,8.51,0,0,0,1
10068,5,61,98.99,1,36.98,9.58,0,0,1,0
10680,3,53,90.48,0,19.05,3.59,0,0,1,0
10467,1,25,26.66,2,52.64,7.34,1,1,0,0
10501,0,19,29.07,0,39.86,7.38,0,1,0,0
10503,1,51,56.78,1,32.62,5.17,0,0,0,1
10622,2,61,56.14,0,21.6,3.55,0,0,0,1
10187,6,54,94.93,0,53.82,11.51,0,0,1,0
10198,6,16,24.64,1,33.35,9.22,0,1,0,0
10199,4,53,38.11,0,41.62,9.66,0,1,0,0
10541,0,18,40.47,2,60.14,10.98,0,0,0,1
10263,4,28,26.09,2,42.97,8.43,0,1,0,0
10138,2,30,72.1,3,46.46,9.72,1,0,0,1
10128,0,40,18.95,2,30.55,6.21,0,1,0,0
10178,2,29,57.74,0,41.99,9.62,0,0,0,1
10126,2,61,56.07,0,12.76,4.64,0,0,0,1
10698,1,23,25.61,3,28.07,5.19,1,1,0,0
10498,4,15,34.51,3,18.4,2.52,1,1,0,0
10135,0,14,24.18,1,73.54,16.59,0,1,0,0
10387,1,48,24.36,0,43.86,7.02,0,1,0,0
10625,3,24,105.13,1,12.02,1.1,0,0,1,0
10279,2,24,57.28,1,5.92,4.27,0,0,0,1
10256,3,58,94.78,2,40.83,6.35,1,0,1,0
10082,2,25,30.31,1,21.35,4.69,1,1,0,0
10345,2,37,57.38,4,29.11,3.95,0,0,0,1
10223,5,9,14.62,1,55.69,9.69,0,1,0,0
10525,0,32,48.73,0,22.52,2.03,0,0,0,1
10005,5,11,57.24,3,25.32,1.35,0,0,0,1
10244,3,47,60.36,2,40.3,5.86,0,0,0,1
10637,1,8,27.14,2,46.97,7.72,1,1,0,0
10674,2,22,94.66,1,46.23,10.43,0,0,1,0
10518,1,32,96.56,1,45.26,9.74,1,0,1,0
10224,0,22,48.91,2,39.14,9.94,1,0,0,1
10676,3,44,101.08,0,42.29,7.85,0,0,1,0
10524,0,25,47.64,2,50.46,9.12,0,0,0,1
10310,6,54,29.64,1,48.01,6.75,0,1,0,0
10191,3,57,93.06,5,35.68,9.04,0,0,1,0
10530,2,42,46.24,0,40.93,8.99,0,0,0,1
10468,3,58,25.44,3,43.91,10.02,0,1,0,0
10314,1,18,52.91,4,37.45,6.56,0,0,0,1
10629,0,5,93.94,7,17.65,3.71,1,0,1,0
10085,2,49,63.67,1,41.17,8.79,0,0,0,1
10601,2,24,30.98,4,25.7,1.06,1,1,0,0
10177,2,18,91.9,1,31.07,5.49,0,0,1,0
10171,5,58,40.03,1,37.43,6.15,0,1,0,0
10405,1,59,93.82,1,50.2,10.57,0,0,1,0
10432,3,39,27.06,3,1.0,2.4,1,1,0,0
10107,2,29,57.25,4,24.77,2.18,1,0,0,1
10613,3,52,24.99,1,47.24,10.21,0,1,0,0
10133,5,15,47.45,1,41.84,5.33,0,0,0,1
10217,1,23,27.55,0,14.11,3.28,0,1,0,0
10197,5,61,16.22,7,33.57,3.38,1,1,0,0
10539,0,57,29.76,1,3.4,0.14,0,1,0,0
10610,2,46,49.03,1,29.31,8.8,0,0,0,1
10512,3,57,27.37,0,13.86,6.14,0,1,0,0
10270,3,49,26.22,0,18.15,4.44,0,1,0,0
10283,0,2,65.69,1,44.69,8.12,0,0,0,1
10447,2,22,51.87,2,46.26,9.47,0,0,0,1
10541,3,21,40.47,2,55.9,12.5,0,0,0,1
10190,5,23,14.6,4,41.29,8.26,0,1,0,0
10337,4,41,25.85,0,23.56,6.84,0,1,0,0
10350,5,30,24.26,1,6.8,0.93,0,1,0,0
10102,3,11,13.11,5,39.69,8.33,1,1,0,0
10148,3,37,56.36,3,18.46,4.04,0,0,0,1
10272,5,63,27.89,0,21.25,0.0,0,1,0,0
10286,0,58,83.46,0,44.6,10.33,0,0,1,0
10612,1,60,99.48,1,18.95,2.82,0,0,1,0
10062,3,24,24.98,0,43.21,7.44,0,1,0,0
10637,4,11,27.14,0,41.07,8.68,1,1,0,0
10632,1,60,26.01,1,30.08,6.07,0,1,0,0
10310,4,52,29.64,0,55.1,6.38,0,1,0,0
10236,3,41,20.95,1,39.24,10.69,0,1,0,0
10384,4,15,23.22,2,17.13,11.13,0,1,0,0
10440,0,15,49.18,2,30.39,8.68,1,0,0,1
10132,0,58,64.91,1,17.45,4.15,0,0,0,1
10434,0,3,62.52,3,23.84,2.44,1,0,0,1
10201,7,60,97.97,1,18.43,4.85,0,0,1,0
10642,0,53,57.16,3,39.57,8.24,1,0,0,1
10681,3,33,29.37,3,40.04,9.25,0,1,0,0
10067,0,17,47.21,1,40.35,10.0,1,0,0,1
10236,1,39,20.95,1,41.61,9.95,0,1,0,0
10091,3,30,52.48,1,42.32,9.27,0,0,0,1
10480,0,7,51.29,5,22.78,3.96,1,0,0,1
10012,4,15,66.93,4,22.78,3.51,1,0,0,1
10238,0,21,91.26,0,59.48,10.48,0,0,1,0
10540,2,60,18.18,2,28.26,4.07,0,1,0,0
10596,6,25,19.95,1,44.71,8.05,0,1,0,0
10294,0,59,45.17,1,48.47,9.25,0,0,0,1
10546,1,16,31.25,1,39.09,9.83,0,1,0,0
10279,1,23,57.28,1,14.01,0.0,1,0,0,1
10032,4,14,62.02,0,28.16,6.51,0,0,0,1
10182,1,41,17.99,0,33.89,4.24,0,1,0,0
10603,3,12,22.43,4,42.56,8.24,0,1,0,0
10154,1,6,23.5,1,38.92,7.05,0,1,0,0
10227,6,13,53.54,1,47.83,11.32,0,0,0,1
10537,0,50,60.44,0,41.05,7.68,0,0,0,1
10366,2,24,58.54,3,33.5,5.24,1,0,0,1
10385,2,40,60.92,0,42.5,6.84,0,0,0,1
10331,0,6,63.39,2,5.65,3.08,0,0,0,1
10143,0,50,58.86,1,17.47,3.07,0,0,0,1
10282,0,27,28.3,2,28.72,6.21,0,1,0,0
10290,6,55,16.74,4,27.72,6.03,1,1,0,0
10000,2,47,56.98,1,19.39,3.32,0,0,0,1
10149,2,31,15.92,3,32.57,4.21,1,1,0,0
10147,3,27,46.52,8,34.18,8.44,1,0,0,1
10526,4,43,31.93,2,31.4,6.67,0,1,0,0
10350,6,31,24.26,1,10.66,4.85,1,1,0,0
10125,3,20,54.24,1,34.18,8.19,0,0,0,1
10468,1,56,25.44,2,39.03,12.35,0,1,0,0
10437,4,46,54.85,0,27.98,4.5,1,0,0,1
10442,1,50,90.0,0,30.78,8.11,0,0,1,0
10450,6,29,101.5,3,50.7,7.76,1,0,1,0
10043,4,61,48.52,0,39.92,7.89,0,0,0,1
10080,2,49,55.43,2,41.73,6.81,0,0,0,1
10429,1,10,19.41,1,53.76,10.13,0,1,0,0
10036,7,65,28.12,0,34.59,7.2,0,1,0,0
10171,4,57,40.03,4,35.67,9.77,0,1,0,0
10043,6,63,48.52,0,34.29,7.95,0,0,0,1
10181,1,54,21.38,5,56.79,6.96,1,1,0,0
10351,0,43,58.96,1,35.6,3.81,0,0,0,1
10617,2,61,26.52,0,28.12,7.61,0,1,0,0
10124,5,18,20.8,3,22.94,8.52,0,1,0,0
10594,2,8,40.29,1,42.34,8.47,0,1,0,0
10424,1,2,26.53,0,26.3,8.4,0,1,0,0
10129,3,27,27.91,0,26.78,7.54,1,1,0,0
10189,2,40,29.52,2,37.98,7.88,0,1,0,0
10546,2,17,31.25,2,43.27,8.24,0,1,0,0
10192,2,18,30.34,2,42.28,4.77,1,1,0,0
10068,6,62,98.99,2,33.07,5.8,0,0,1,0
10229,4,19,28.67,1,49.07,9.33,0,1,0,0
10207,2,14,26.49,2,13.92,3.27,1,1,0,0
10692,0,33,95.63,2,32.51,4.75,0,0,1,0
10047,0,44,31.56,2,19.44,5.06,0,1,0,0
10545,3,27,55.6,0,25.87,8.51,0,0,0,1
10566,3,54,24.34,1,19.94,1.17,0,1,0,0
10675,2,15,33.46,3,26.98,9.26,1,1,0,0
10220,5,23,57.89,0,41.99,7.72,1,0,0,1
10030,6,52,90.43,4,23.15,6.38,0,0,1,0
10078,3,23,58.11,1,54.78,11.49,0,0,0,1
10287,4,27,64.61,1,41.36,8.85,0,0,0,1
10048,2,13,90.72,3,30.48,8.86,1,0,1,0
10073,3,51,24.14,0,28.82,2.84,0,1,0,0
10354,0,18,40.21,1,79.46,16.99,1,1,0,0
10632,3,62,26.01,0,28.28,3.81,0,1,0,0
10579,1,18,88.95,2,31.79,10.61,1,0,1,0
10130,3,35,68.79,6,37.31,6.6,1,0,0,1
10090,2,15,98.93,4,31.42,7.22,0,0,1,0
10655,5,11,59.18,1,22.97,5.64,0,0,0,1
10049,4,6,20.16,1,12.25,3.09,1,1,0,0
10124,3,16,20.8,1,26.34,4.88,0,1,0,0
10629,6,11,93.94,0,9.96,2.75,1,0,1,0
10251,4,26,21.15,0,36.82,9.02,0,1,0,0
10051,0,6,23.75,0,21.06,1.26,0,1,0,0
10209,0,56,98.71,2,27.77,3.55,0,0,1,0
10663,0,6,16.85,3,40.49,5.42,0,1,0,0
10343,1,58,87.26,1,30.86,11.4,0,0,1,0
10263,0,24,26.09,3,34.83,7.3,1,1,0,0
10592,6,51,24.48,1,38.87,9.28,0,1,0,0
10539,1,58,29.76,1,1.34,2.42,1,1,0,0
10392,0,12,33.6,0,14.5,6.06,0,1,0,0
10201,0,53,97.97,0,18.86,2.52,0,0,1,0
10613,2,51,24.99,6,48.25,11.21,0,1,0,0
10484,1,12,54.79,2,10.81,1.84,1,0,0,1
10073,4,52,24.14,2,32.52,7.13,0,1,0,0
10178,3,30,57.74,1,53.2,8.89,0,0,0,1
10339,5,19,49.51,0,30.84,1.86,0,0,0,1
10033,2,39,93.67,1,54.73,11.91,0,0,1,0
10622,1,60,56.14,0,15.89,5.28,0,0,0,1
10514,2,57,24.24,1,39.62,4.18,1,1,0,0
10462,2,23,60.55,1,14.36,4.14,0,0,0,1
10328,1,50,52.86,3,40.88,9.22,0,0,0,1
10355,3,57,58.98,0,32.87,8.96,1,0,0,1
10395,1,31,25.16,0,33.39,6.65,0,1,0,0
10019,3,59,55.83,2,38.86,3.72,1,0,0,1
10185,2,4,102.05,2,32.73,4.56,1,0,1,0
10090,5,18,98.93,2,32.97,7.97,0,0,1,0
10242,4,49,100.28,0,45.58,9.03,0,0,1,0
10664,0,58,18.24,2,48.96,12.34,0,1,0,0
10372,0,32,50.31,2,34.93,8.19,0,0,0,1
10390,4,32,31.74,2,46.5,9.99,0,1,0,0
10410,3,53,54.61,1,43.56,8.74,0,0,0,1
10232,0,50,64.62,1,29.18,5.91,0,0,0,1
10368,1,7,93.2,2,13.16,1.47,1,0,1,0
10511,2,47,31.91,1,44.4,12.59,0,1,0,0
10673,5,62,14.54,4,42.35,7.56,1,1,0,0
10291,0,7,62.74,0,24.99,8.01,0,0,0,1
10209,6,62,98.71,6,17.08,5.99,0,0,1,0
10578,1,6,60.09,1,42.61,5.6,1,0,0,1
10193,3,36,66.15,0,27.05,6.42,1,0,0,1
10208,5,53,93.48,0,37.18,6.3,0,0,1,0
10319,2,14,15.66,4,29.72,6.28,1,1,0,0
10606,3,59,45.12,0,36.52,7.98,0,0,0,1
10565,2,57,28.33,1,40.74,9.91,0,1,0,0
10364,2,44,20.89,0,36.2,7.29,0,1,0,0
10450,3,26,101.5,2,52.05,11.22,0,0,1,0
10222,1,16,61.55,0,49.35,12.21,0,0,0,1
10012,3,14,66.93,0,17.05,2.46,0,0,0,1
10372,1,33,50.31,2,33.35,8.56,0,0,0,1
10283,2,4,65.69,0,35.81,8.22,0,0,0,1
10304,0,43,51.74,4,52.81,8.2,1,0,0,1
10301,3,48,29.97,0,20.61,8.27,0,1,0,0
10437,6,48,54.85,2,43.78,5.6,0,0,0,1
10282,1,28,28.3,2,32.21,7.0,0,1,0,0
10356,3,44,26.35,2,59.11,13.73,0,1,0,0
10180,5,7,54.36,0,37.4,10.17,1,0,0,1
10014,0,15,26.72,0,44.12,10.42,0,1,0,0
10594,0,6,40.29,2,46.57,7.44,1,1,0,0
10283,7,9,65.69,0,37.68,9.58,1,0,0,1
10491,5,34,65.92,2,15.87,4.47,0,0,0,1
10213,3,9,55.02,2,38.12,10.11,1,0,0,1
10365,4,5,53.16,3,29.07,4.28,1,0,0,1
10027,2,52,88.85,1,34.62,12.0,0,0,1,0
10345,0,35,57.38,4,33.64,3.8,1,0,0,1
10448,0,18,53.82,2,32.38,6.15,0,0,0,1
10455,1,41,44.13,1,35.08,5.1,0,0,0,1
10354,5,23,40.21,0,70.94,15.32,0,1,0,0
10228,0,21,50.46,5,39.32,11.35,1,0,0,1
10313,2,56,94.89,0,38.15,6.88,0,0,1,0
10478,6,35,33.52,2,25.89,2.9,1,1,0,0
10001,4,23,93.12,0,38.37,5.85,0,0,1,0
10374,3,42,90.83,1,22.8,2.59,0,0,1,0
10642,1,54,57.16,3,40.51,7.19,0,0,0,1
10347,2,5,13.88,0,37.55,5.72,0,1,0,0
10697,2,9,73.67,0,30.16,2.37,0,0,0,1
10114,4,25,47.38,0,15.21,5.37,1,0,0,1
10237,3,19,22.41,2,21.06,3.46,0,1,0,0
10480,3,10,51.29,3,27.97,8.22,1,0,0,1
10386,2,19,21.94,0,42.95,11.82,0,1,0,0
10633,2,50,10.15,3,28.02,6.56,0,1,0,0
10385,5,43,60.92,1,54.06,9.29,0,0,0,1
10038,2,23,59.73,3,39.96,8.51,1,0,0,1
10059,5,38,87.86,1,34.16,3.95,0,0,1,0
10157,2,59,26.69,1,21.92,1.81,0,1,0,0
10624,7,62,58.84,2,32.17,6.2,0,0,0,1
10056,4,15,93.08,3,19.7,2.03,1,0,1,0
10294,3,62,45.17,1,48.88,11.64,0,0,0,1
10313,6,60,94.89,0,50.21,7.9,0,0,1,0
10008,5,36,57.63,0,31.79,7.41,0,0,0,1
10560,0,42,91.83,0,31.49,3.71,0,0,1,0
10162,3,14,31.55,1,17.79,6.9,1,1,0,0
10434,4,7,62.52,1,30.4,5.76,0,0,0,1
10140,2,23,20.33,5,27.73,6.75,1,1,0,0
10385,1,39,60.92,1,47.51,6.69,0,0,0,1
10494,6,12,59.04,1,44.35,11.39,0,0,0,1
10606,3,59,45.12,0,36.52,7.98,0,0,0,1
10459,3,24,52.62,1,52.43,7.92,0,0,0,1
10477,0,31,25.92,0,36.92,5.87,0,1,0,0
10039,1,12,32.49,0,52.84,6.97,0,1,0,0
10344,7,12,25.24,1,16.92,1.3,1,1,0,0
10198,4,14,24.64,2,26.3,9.23,0,1,0,0
10158,3,35,26.38,1,37.81,10.74,0,1,0,0
10041,0,41,83.52,1,14.21,3.52,0,0,1,0
10380,1,34,27.7,4,37.4,5.24,0,1,0,0
10252,1,6,20.28,0,38.26,5.44,0,1,0,0
10574,2,14,18.14,1,44.8,8.54,0,1,0,0
10470,4,41,21.25,5,15.99,5.3,1,1,0,0
10533,1,50,20.28,1,44.0,8.78,0,1,0,0
10348,2,53,28.8,0,53.86,12.39,0,1,0,0
10308,1,11,24.61,0,29.93,9.79,0,1,0,0
10192,6,22,30.34,1,33.58,7.06,0,1,0,0
10043,1,58,48.52,1,24.09,6.47,0,0,0,1
10317,0,30,94.59,3,36.61,6.62,0,0,1,0
10662,3,22,38.81,1,32.2,5.58,1,1,0,0
10371,6,25,24.15,0,42.45,7.81,0,1,0,0
10243,3,46,97.59,2,20.53,5.09,0,0,1,0
10329,0,6,91.38,0,29.33,5.87,0,0,1,0
10056,1,12,93.08,1,17.3,4.01,1,0,1,0
10423,1,19,28.3,1,38.61,5.46,1,1,0,0
10537,5,55,60.44,2,35.17,3.61,1,0,0,1
10400,1,20,96.28,0,18.91,5.38,1,0,1,0
10428,2,36,87.25,3,20.19,2.8,1,0,1,0
10066,3,32,56.13,1,38.42,5.52,1,0,0,1
10596,2,21,19.95,0,37.79,6.0,0,1,0,0
10322,4,7,64.61,0,36.8,7.64,1,0,0,1
10694,2,18,49.86,0,60.93,10.82,0,0,0,1
10159,1,41,33.14,0,43.44,8.98,0,1,0,0
10349,1,19,37.17,2,31.91,3.0,1,1,0,0
10502,4,62,48.3,2,60.48,11.87,1,0,0,1
10698,0,22,25.61,1,30.38,8.19,1,1,0,0
10439,3,8,48.51,1,47.28,11.43,1,0,0,1
10283,1,3,65.69,0,38.01,6.02,0,0,0,1
10452,0,8,29.53,1,50.78,14.11,0,1,0,0
10438,6,32,29.83,2,55.34,8.69,1,1,0,0
10180,2,4,54.36,1,46.21,8.71,0,0,0,1
10079,2,57,27.6,2,47.45,8.62,0,1,0,0
10077,2,5,47.96,2,24.42,2.87,1,0,0,1
10413,2,29,24.03,1,23.44,3.79,0,1,0,0
10383,5,30,79.33,1,45.52,10.76,1,0,1,0
10603,1,10,22.43,2,38.82,8.11,0,1,0,0
10676,5,46,101.08,1,39.88,9.45,0,0,1,0
10148,1,35,56.36,1,13.52,3.91,1,0,0,1
10238,4,25,91.26,1,53.67,10.06,0,0,1,0
10307,1,26,31.37,1,18.16,1.93,0,1,0,0
10298,5,44,51.95,1,28.92,4.68,0,0,0,1
10122,0,4,61.29,2,33.37,6.17,1,0,0,1
10370,3,59,21.07,0,24.75,3.3,0,1,0,0
10604,0,29,90.36,3,36.33,7.74,0,0,1,0
10132,3,61,64.91,2,23.93,5.42,0,0,0,1
10647,2,51,24.35,0,36.86,4.85,0,1,0,0
10174,7,38,106.17,1,14.65,2.82,0,0,1,0
10023,5,26,52.73,3,19.5,5.61,1,0,0,1
10300,2,32,101.77,0,50.5,10.19,0,0,1,0
10191,2,56,93.06,1,28.97,5.39,0,0,1,0
10309,1,31,51.74,1,46.63,8.73,1,0,0,1
10094,0,59,19.4,0,44.89,7.41,0,1,0,0
10059,5,38,87.86,1,34.16,3.95,0,0,1,0
10589,3,30,20.75,0,1.0,1.12,0,1,0,0
10398,2,25,45.34,0,24.26,4.59,0,0,0,1
10237,4,20,22.41,0,17.67,5.36,1,1,0,0
10177,1,17,91.9,0,36.45,8.54,0,0,1,0
10224,2,24,48.91,0,41.75,7.07,0,0,0,1
10619,4,8,67.32,1,46.92,11.05,0,0,0,1
10344,6,11,25.24,0,16.36,5.42,1,1,0,0
10392,3,15,33.6,0,14.95,0.6,0,1,0,0
10624,7,62,58.84,2,32.17,6.2,0,0,0,1
10006,2,8,29.62,0,26.35,5.81,1,1,0,0
10333,0,58,59.05,0,32.11,7.03,0,0,0,1
10502,2,60,48.3,4,62.12,12.11,0,0,0,1
10597,0,28,26.37,1,51.04,8.94,0,1,0,0
10395,5,35,25.16,0,30.04,8.99,0,1,0,0
10084,5,46,28.36,1,29.79,6.52,0,1,0,0
10108,4,39,15.75,0,35.63,5.24,0,1,0,0
10134,0,47,67.86,0,39.76,8.49,0,0,0,1
10589,4,31,20.75,0,3.35,2.11,0,1,0,0
10394,2,52,56.83,1,6.79,0.04,0,0,0,1
10158,0,32,26.38,0,31.43,6.31,0,1,0,0
10221,1,44,59.01,2,24.3,5.03,0,0,0,1
10580,2,4,48.74,0,42.57,8.79,0,0,0,1
10232,1,51,64.62,0,26.36,4.16,0,0,0,1
10283,2,4,65.69,0,35.81,8.22,0,0,0,1
10127,2,34,65.09,1,53.71,11.09,0,0,0,1
10201,6,59,97.97,1,17.33,1.94,0,0,1,0
10035,3,57,17.64,1,16.87,2.59,0,1,0,0
10130,4,36,68.79,2,37.55,3.77,1,0,0,1
10331,5,11,63.39,0,15.22,3.58,1,0,0,1
10252,0,5,20.28,2,40.84,10.01,0,1,0,0
10088,2,4,94.24,1,38.18,5.65,1,0,1,0
10203,3,32,33.24,0,40.78,8.46,0,1,0,0
10120,3,16,63.81,1,38.0,4.94,0,0,0,1
10127,5,37,65.09,2,43.96,9.74,1,0,0,1
10555,3,46,49.03,4,71.25,11.36,0,0,0,1
10203,1,30,33.24,0,31.92,4.34,0,1,0,0
10674,2,22,94.66,1,46.23,10.43,0,0,1,0
10465,1,20,18.68,2,51.4,12.55,0,1,0,0
10610,0,44,49.03,1,31.38,7.49,0,0,0,1
10099,6,9,30.67,1,19.93,6.42,1,1,0,0
10556,4,17,97.42,2,25.79,6.06,1,0,1,0
10455,6,46,44.13,3,28.83,6.61,0,0,0,1
10250,5,7,98.33,3,40.9,9.24,1,0,1,0
10078,0,20,58.11,2,50.41,14.06,0,0,0,1
10174,1,32,106.17,1,18.03,4.29,0,0,1,0
10215,0,12,34.14,1,4.2,3.6,1,1,0,0
10544,4,30,21.85,1,24.69,6.76,0,1,0,0
10654,6,27,19.89,2,43.79,5.68,0,1,0,0
10579,6,23,88.95,0,40.82,5.1,0,0,1,0
10338,3,11,51.21,1,36.91,9.33,1,0,0,1
10615,6,21,57.34,3,29.28,4.22,0,0,0,1
10132,1,59,64.91,0,18.55,4.23,0,0,0,1
10652,1,32,102.34,2,10.86,0.35,1,0,1,0
10507,4,54,18.88,0,24.36,4.35,0,1,0,0
10667,4,47,38.58,4,16.6,1.11,1,1,0,0
10692,4,37,95.63,3,31.21,9.72,0,0,1,0
10354,2,20,40.21,1,70.04,15.77,0,1,0,0
10105,3,31,26.68,0,42.4,8.61,0,1,0,0
10591,5,54,57.54,3,52.67,8.65,1,0,0,1
10139,2,60,25.94,1,4.69,0.0,0,1,0,0
10139,0,58,25.94,2,12.15,2.41,0,1,0,0
10101,2,22,92.98,3,28.08,5.77,1,0,1,0
10121,2,5,18.82,3,61.85,16.91,1,1,0,0
10497,3,27,51.79,2,31.07,4.83,0,0,0,1
10060,2,13,94.42,2,26.69,6.25,0,0,1,0
10577,3,46,51.92,2,27.28,4.52,0,0,0,1
10538,4,21,90.25,1,18.89,7.55,0,0,1,0
10206,7,53,97.69,1,45.68,7.71,1,0,1,0
10513,3,59,26.9,3,32.66,5.5,0,1,0,0
10080,0,47,55.43,3,50.83,8.34,1,0,0,1
10459,1,22,52.62,1,49.05,11.54,0,0,0,1
10499,6,49,23.62,1,45.3,8.7,0,1,0,0
10354,4,22,40.21,0,76.13,15.89,0,1,0,0
10265,3,19,26.84,1,31.55,6.63,1,1,0,0
10554,2,13,56.82,0,52.4,11.04,0,0,0,1
10471,2,33,58.57,3,23.4,5.76,1,0,0,1
10111,2,40,23.96,0,33.31,6.9,0,1,0,0
10327,0,46,103.21,1,47.9,7.84,0,0,1,0
10462,3,24,60.55,3,16.72,5.64,1,0,0,1
10529,6,27,97.78,0,29.57,4.43,0,0,1,0
10537,3,53,60.44,3,37.86,7.65,0,0,0,1
10191,4,58,93.06,2,33.5,7.9,1,0,1,0
10147,0,24,46.52,3,43.08,8.19,1,0,0,1
10230,5,27,96.77,1,25.13,7.69,0,0,1,0
10240,6,35,55.23,4,24.29,8.18,1,0,0,1
10641,1,25,55.76,3,15.1,5.09,0,0,0,1
10474,2,32,26.93,1,51.13,6.5,0,1,0,0
10023,2,23,52.73,1,21.32,2.46,0,0,0,1
10145,2,14,89.8,2,48.81,10.1,1,0,1,0
10183,0,6,23.07,3,46.68,9.46,1,1,0,0
10661,2,13,21.53,1,34.07,8.04,0,1,0,0
10545,1,25,55.6,2,31.74,9.12,0,0,0,1
10138,3,31,72.1,1,53.27,9.7,1,0,0,1
10353,1,18,62.38,2,34.06,5.83,0,0,0,1
10518,1,32,96.56,1,45.26,9.74,1,0,1,0
10320,1,57,57.36,0,32.92,4.87,0,0,0,1
10478,3,32,33.52,2,29.08,2.8,0,1,0,0
10371,4,23,24.15,0,51.72,7.82,0,1,0,0
10212,0,29,49.01,1,13.17,4.04,0,0,0,1
10488,3,26,24.83,1,37.38,4.27,0,1,0,0
10259,1,21,53.71,0,39.61,9.26,0,0,0,1
10032,5,15,62.02,0,37.96,5.87,0,0,0,1
10683,0,11,24.33,1,37.01,7.5,0,1,0,0
10478,3,32,33.52,2,29.08,2.8,0,1,0,0
10015,2,44,38.05,1,21.59,4.17,0,1,0,0
10151,0,52,55.28,0,1.0,2.2,0,0,0,1
10520,0,20,21.37,5,45.21,12.87,0,1,0,0
10382,1,26,57.66,3,38.7,10.93,1,0,0,1
10341,0,36,25.18,1,32.67,6.16,1,1,0,0
10027,2,52,88.85,1,34.62,12.0,0,0,1,0
10365,0,1,53.16,2,25.52,5.31,0,0,0,1
10451,0,34,101.2,3,36.88,8.06,0,0,1,0
10238,5,26,91.26,2,62.68,12.75,0,0,1,0
10194,4,13,24.09,1,13.22,1.84,0,1,0,0
10463,2,31,64.16,0,22.63,2.93,0,0,0,1
10013,1,48,55.29,0,21.97,6.12,0,0,0,1
10096,2,33,51.21,1,32.51,8.36,0,0,0,1
10218,2,10,27.01,0,36.69,6.47,0,1,0,0
10397,4,59,22.64,4,35.66,7.26,1,1,0,0
10424,1,2,26.53,0,26.3,8.4,0,1,0,0
10493,0,28,24.66,0,34.44,6.0,0,1,0,0
10158,5,37,26.38,0,26.92,7.68,0,1,0,0
10563,4,60,59.16,0,20.47,6.11,0,0,0,1
10412,6,42,87.57,2,12.2,5.02,0,0,1,0
10156,1,35,48.14,2,39.88,12.11,0,0,0,1
10315,2,32,92.98,2,29.93,8.09,1,0,1,0
10217,0,22,27.55,1,21.06,5.78,0,1,0,0
10042,1,32,50.42,0,15.75,1.61,1,0,0,1
10084,1,42,28.36,0,25.43,7.88,0,1,0,0
10403,5,61,27.84,0,27.94,6.33,0,1,0,0
10436,0,25,103.96,2,36.25,7.63,1,0,1,0
10245,1,36,30.81,1,44.78,9.93,0,1,0,0
10265,6,22,26.84,1,29.25,4.34,0,1,0,0
10399,6,11,21.51,1,51.85,10.1,1,1,0,0
10330,4,25,36.74,3,30.38,5.27,1,1,0,0
10259,0,20,53.71,0,39.27,9.21,0,0,0,1
10527,0,27,22.76,1,51.29,11.59,0,1,0,0
10153,1,39,21.95,1,52.81,7.63,0,1,0,0
10165,1,24,48.55,5,45.14,10.27,1,0,0,1
10074,3,44,31.2,3,47.88,7.12,0,1,0,0
10563,3,59,59.16,1,17.47,0.0,0,0,0,1
10324,1,43,33.79,3,34.21,7.29,1,1,0,0
10469,0,5,52.12,0,44.78,9.16,0,0,0,1
10566,2,53,24.34,1,31.44,4.72,0,1,0,0
10088,2,4,94.24,1,38.18,5.65,1,0,1,0
10561,0,55,13.23,2,60.08,10.32,1,1,0,0
10085,0,47,63.67,1,35.8,4.85,1,0,0,1
10019,6,62,55.83,3,36.06,9.03,0,0,0,1
10571,4,54,96.0,1,21.02,8.17,1,0,1,0
10142,6,10,60.17,3,13.96,0.82,0,0,0,1
10642,2,55,57.16,3,34.66,5.69,1,0,0,1
10402,1,56,16.19,0,11.71,0.02,0,1,0,0
10147,6,30,46.52,8,41.93,4.45,1,0,0,1
10044,2,31,25.22,1,22.19,8.24,0,1,0,0
10426,1,50,27.1,5,12.74,2.46,1,1,0,0
10001,3,22,93.12,2,36.42,3.87,0,0,1,0
10207,0,12,26.49,2,21.76,0.25,1,1,0,0
10384,1,12,23.22,1,22.91,3.87,0,1,0,0
10544,2,28,21.85,0,28.56,3.33,0,1,0,0
10232,3,53,64.62,0,31.92,9.13,0,0,0,1
10539,3,60,29.76,0,1.0,0.0,0,1,0,0
10125,1,18,54.24,2,38.29,7.03,0,0,0,1
10354,1,19,40.21,1,69.88,14.72,0,1,0,0
10346,0,23,31.72,1,31.69,8.42,0,1,0,0
10369,3,19,17.73,4,40.55,9.66,0,1,0,0
10596,1,20,19.95,5,42.8,13.89,1,1,0,0
10128,4,44,18.95,1,22.14,4.66,0,1,0,0
10482,4,47,18.38,4,33.76,9.31,1,1,0,0
10130,2,34,68.79,3,31.42,6.22,0,0,0,1
10679,1,15,56.63,2,56.76,8.52,0,0,0,1
10598,5,10,27.44,1,29.47,10.18,0,1,0,0
10124,4,17,20.8,5,28.25,2.15,1,1,0,0
10436,1,26,103.96,2,28.77,2.96,1,0,1,0
10023,0,21,52.73,0,21.97,2.92,0,0,0,1
10651,4,49,61.48,1,33.64,3.48,0,0,0,1
10050,1,27,24.29,2,10.73,0.34,1,1,0,0
10543,5,52,20.53,0,32.47,5.8,0,1,0,0
10251,5,27,21.15,1,34.2,4.29,1,1,0,0
10407,1,23,29.99,1,35.57,8.11,0,1,0,0
10529,1,22,97.78,2,25.27,6.07,0,0,1,0
10576,5,35,53.02,2,45.73,5.91,1,0,0,1
10296,3,60,17.33,1,35.63,2.34,0,1,0,0
10207,3,15,26.49,3,19.06,1.33,1,1,0,0
10038,4,25,59.73,2,33.55,1.86,1,0,0,1
10288,3,19,50.54,1,41.02,8.69,0,0,0,1
10223,1,5,14.62,5,59.27,9.63,0,1,0,0
10074,2,43,31.2,2,46.22,8.15,0,1,0,0
10004,3,9,25.96,2,4.65,3.14,1,1,0,0
10512,4,58,27.37,2,7.43,4.14,0,1,0,0
10140,2,23,20.33,5,27.73,6.75,1,1,0,0
10328,4,53,52.86,4,42.01,11.45,0,0,0,1
10483,0,50,16.51,0,32.1,3.69,0,1,0,0
10088,4,6,94.24,6,23.29,4.28,1,0,1,0
10499,6,49,23.62,1,45.3,8.7,0,1,0,0
10011,0,38,19.58,2,35.51,8.1,0,1,0,0
10169,0,57,17.78,3,35.68,9.33,0,1,0,0
10554,0,11,56.82,0,44.39,4.48,1,0,0,1
10274,3,12,54.66,1,34.22,6.02,1,0,0,1
10633,0,48,10.15,6,28.02,5.45,1,1,0,0
10666,7,17,97.23,0,18.09,4.79,0,0,1,0
10460,0,45,30.65,0,33.52,2.13,0,1,0,0
10162,0,11,31.55,3,30.53,3.41,1,1,0,0
10393,2,59,97.96,1,48.56,6.95,0,0,1,0
10399,3,8,21.51,1,49.61,7.89,1,1,0,0
10429,3,12,19.41,3,46.93,11.08,1,1,0,0
10444,3,22,25.49,4,28.31,4.21,0,1,0,0
10105,2,30,26.68,0,47.7,11.69,0,1,0,0
10491,0,29,65.92,1,21.36,6.23,1,0,0,1
10171,2,55,40.03,3,32.42,7.66,0,1,0,0
10207,2,14,26.49,2,13.92,3.27,1,1,0,0
10179,4,12,25.0,1,45.71,6.72,1,1,0,0
10220,3,21,57.89,2,50.78,3.31,0,0,0,1
10606,4,60,45.12,2,36.18,10.0,1,0,0,1
10169,4,61,17.78,1,38.22,7.24,0,1,0,0
10495,2,42,20.58,1,12.23,4.41,0,1,0,0
10502,5,63,48.3,2,61.31,8.36,0,0,0,1
10484,0,11,54.79,1,14.01,3.12,0,0,0,1
10445,2,3,104.18,4,31.6,3.04,1,0,1,0
10375,2,3,29.58,2,39.84,7.39,0,1,0,0
10134,1,48,67.86,1,42.2,8.76,0,0,0,1
10388,4,29,100.65,1,60.16,13.02,0,0,1,0
10544,5,31,21.85,2,25.91,9.14,0,1,0,0
10388,1,26,100.65,1,64.26,12.34,0,0,1,0
10190,0,18,14.6,3,40.49,7.17,1,1,0,0
10110,4,54,75.99,3,22.22,3.85,0,0,1,0
10000,6,51,56.98,1,21.74,5.65,0,0,0,1
10194,7,16,24.09,1,10.97,5.26,1,1,0,0
10263,3,27,26.09,2,44.43,12.19,0,1,0,0
10054,2,15,59.03,2,38.18,11.83,0,0,0,1
10594,3,9,40.29,2,39.92,7.48,0,1,0,0
10185,0,2,102.05,3,37.61,9.52,1,0,1,0
10455,4,44,44.13,1,26.52,2.55,0,0,0,1
10574,0,12,18.14,1,39.71,10.93,1,1,0,0
10694,4,20,49.86,0,59.9,9.44,0,0,0,1
10480,5,12,51.29,3,28.36,4.5,1,0,0,1
10121,0,3,18.82,2,58.78,11.4,1,1,0,0
10566,1,52,24.34,1,25.3,9.1,0,1,0,0
10266,3,40,21.82,1,16.43,3.77,0,1,0,0
10195,0,19,49.72,1,39.58,5.5,0,0,0,1
10008,2,33,57.63,1,36.76,6.52,1,0,0,1
10059,3,36,87.86,2,33.29,6.13,0,0,1,0
10171,0,53,40.03,3,36.94,8.36,1,1,0,0
10666,0,10,97.23,3,20.9,6.71,0,0,1,0
10292,2,14,41.18,2,55.64,10.17,0,0,0,1
10355,1,55,58.98,7,32.57,8.38,0,0,0,1
10615,3,18,57.34,0,26.22,2.28,0,0,0,1
10597,1,29,26.37,0,46.7,9.47,0,1,0,0
10064,1,6,31.3,1,33.26,4.36,1,1,0,0
10497,1,25,51.79,1,35.63,7.28,0,0,0,1
10532,7,31,58.49,7,28.16,7.45,1,0,0,1
10597,1,29,26.37,0,46.7,9.47,0,1,0,0
10551,2,23,25.34,0,6.03,0.0,1,1,0,0
10483,2,52,16.51,1,27.35,8.25,0,1,0,0
10220,6,24,57.89,2,41.12,9.37,0,0,0,1
10446,2,50,20.14,1,26.63,3.21,0,1,0,0
10585,4,50,30.67,2,26.12,6.8,1,1,0,0
10150,2,5,93.56,1,25.06,3.39,0,0,1,0
10506,2,50,58.5,1,34.72,4.06,0,0,0,1
10097,2,26,46.97,0,20.77,5.99,0,0,0,1
10312,2,7,97.43,2,37.53,7.08,0,0,1,0
10454,3,10,61.94,1,46.64,9.42,1,0,0,1
10633,1,49,10.15,0,29.47,4.07,0,1,0,0
10143,2,52,58.86,2,8.46,3.05,0,0,0,1
10614,1,2,48.07,0,30.08,6.48,0,0,0,1
10211,2,14,93.92,0,30.02,4.8,0,0,1,0
10088,0,2,94.24,6,29.29,8.14,1,0,1,0
10659,1,2,58.41,0,39.06,14.0,0,0,0,1
10589,0,27,20.75,2,11.26,0.6,0,1,0,0
10049,0,2,20.16,2,14.88,5.61,1,1,0,0
10193,0,33,66.15,3,26.72,6.22,1,0,0,1
10623,2,36,23.2,2,17.58,2.97,1,1,0,0
10498,3,14,34.51,0,21.74,2.79,0,1,0,0
10404,1,10,17.98,1,14.93,1.87,1,1,0,0
10315,5,35,92.98,0,35.18,2.62,1,0,1,0
10019,5,61,55.83,4,33.98,9.53,0,0,0,1
10111,4,42,23.96,2,41.13,6.71,0,1,0,0
10567,4,28,63.73,2,33.67,5.0,0,0,0,1
10361,2,55,57.09,1,24.05,2.78,0,0,0,1
10478,1,30,33.52,0,20.29,6.66,1,1,0,0
10133,3,13,47.45,1,37.98,6.75,0,0,0,1
10230,5,27,96.77,1,25.13,7.69,0,0,1,0
10640,1,43,28.45,1,25.05,4.93,0,1,0,0
10664,3,61,18.24,0,46.66,8.75,0,1,0,0
10259,2,22,53.71,0,44.75,5.93,0,0,0,1
10534,2,46,97.2,1,21.67,7.01,0,0,1,0
10109,4,41,83.33,1,19.94,3.49,0,0,1,0
10502,3,61,48.3,3,55.25,11.12,0,0,0,1
10517,0,38,50.46,1,22.21,2.38,0,0,0,1
10307,2,27,31.37,0,12.14,0.0,0,1,0,0
10474,3,33,26.93,2,42.06,9.52,0,1,0,0
10152,2,9,50.77,6,30.76,5.44,1,0,0,1
10268,0,11,19.89,3,39.88,5.53,0,1,0,0
10210,0,19,20.02,2,29.41,3.1,0,1,0,0
10475,2,28,54.83,0,43.25,9.05,0,0,0,1
10500,3,36,96.42,2,22.3,4.77,1,0,1,0
10169,3,60,17.78,0,38.67,9.05,0,1,0,0
10412,4,40,87.57,2,15.29,1.45,1,0,1,0
10282,2,29,28.3,3,30.92,2.72,0,1,0,0
10470,2,39,21.25,3,19.76,7.44,0,1,0,0
10025,2,15,53.8,0,18.6,5.57,0,0,0,1
10082,0,23,30.31,1,26.52,6.05,1,1,0,0
10526,2,41,31.93,1,30.42,5.52,0,1,0,0
10113,0,5,26.94,3,19.35,5.68,0,1,0,0
10660,3,8,23.12,0,23.24,3.67,0,1,0,0
10607,0,6,18.07,0,22.18,3.69,0,1,0,0
10293,3,26,23.15,0,44.35,10.9,1,1,0,0
10194,1,10,24.09,1,13.91,0.53,0,1,0,0
10432,3,39,27.06,3,1.0,2.4,1,1,0,0
10245,0,35,30.81,3,44.59,8.3,0,1,0,0
10184,1,40,89.39,1,22.75,1.7,0,0,1,0
10382,2,27,57.66,1,45.05,10.75,0,0,0,1
10105,3,31,26.68,0,42.4,8.61,0,1,0,0
10507,0,50,18.88,4,32.7,2.95,0,1,0,0
10391,2,31,30.23,1,21.95,2.6,1,1,0,0
10275,1,32,96.66,0,38.28,11.16,0,0,1,0
10291,1,8,62.74,3,13.11,2.8,0,0,0,1
10618,2,45,28.72,1,46.96,6.52,0,1,0,0
10235,1,3,88.62,0,23.61,6.24,0,0,1,0
10328,2,51,52.86,0,44.73,8.65,0,0,0,1
10428,0,34,87.25,4,37.16,2.67,1,0,1,0
10513,5,61,26.9,4,34.43,7.9,1,1,0,0
10685,0,58,102.5,0,36.86,7.34,0,0,1,0
10085,3,50,63.67,1,39.52,8.93,0,0,0,1
10046,3,16,56.97,2,26.34,1.47,0,0,0,1
10350,0,25,24.26,1,11.89,2.1,0,1,0,0
10057,2,51,57.52,1,44.53,5.54,0,0,0,1
10142,1,5,60.17,0,16.55,7.36,0,0,0,1
10126,1,60,56.07,0,19.0,1.94,0,0,0,1
10282,3,30,28.3,1,32.41,9.13,0,1,0,0
10401,1,42,94.34,0,48.01,6.6,0,0,1,0
10294,4,63,45.17,3,45.76,5.61,0,0,0,1
10649,2,8,45.02,1,38.54,9.35,0,0,0,1
10644,3,44,27.59,0,26.86,3.94,0,1,0,0
10007,0,23,19.78,0,32.47,8.42,1,1,0,0
10346,1,24,31.72,3,34.65,6.42,0,1,0,0
10282,2,29,28.3,3,30.92,2.72,0,1,0,0
10230,1,23,96.77,1,25.98,7.99,0,0,1,0
10514,3,58,24.24,1,32.29,6.5,0,1,0,0
10160,5,35,94.35,2,35.22,6.24,0,0,1,0
10563,2,58,59.16,0,27.91,3.28,0,0,0,1
10477,5,36,25.92,2,40.03,7.89,0,1,0,0
10302,0,37,14.93,0,48.94,8.7,1,1,0,0
10557,2,11,29.37,0,27.49,8.32,0,1,0,0
10685,2,60,102.5,1,31.67,7.19,0,0,1,0
10122,1,5,61.29,5,41.65,4.27,1,0,0,1
10191,7,61,93.06,1,26.29,8.06,0,0,1,0
10293,1,24,23.15,0,39.21,9.99,0,1,0,0
10218,0,8,27.01,1,34.32,3.37,0,1,0,0
10450,5,28,101.5,0,54.73,9.05,0,0,1,0
10034,2,48,57.18,1,12.4,5.39,0,0,0,1
10172,5,9,25.51,1,39.97,6.48,1,1,0,0
10046,0,13,56.97,1,18.03,5.37,0,0,0,1
10563,1,57,59.16,2,20.09,3.01,0,0,0,1
10067,1,18,47.21,1,43.13,8.66,1,0,0,1
10051,1,7,23.75,3,16.84,3.35,0,1,0,0
10311,0,47,16.51,1,34.65,8.78,0,1,0,0
10265,7,23,26.84,0,31.45,2.35,0,1,0,0
10570,1,59,50.92,0,36.1,5.76,0,0,0,1
10418,0,24,19.73,0,25.31,9.53,0,1,0,0
10350,3,28,24.26,1,13.78,1.94,1,1,0,0
10113,1,6,26.94,2,16.54,3.03,0,1,0,0
10285,2,46,91.73,0,20.33,5.19,0,0,1,0
10248,5,48,56.76,2,25.98,5.33,0,0,0,1
10062,1,22,24.98,1,41.33,10.97,0,1,0,0
10146,1,27,24.15,2,52.64,9.8,1,1,0,0
10624,0,55,58.84,0,33.02,4.56,0,0,0,1
10686,3,5,96.6,1,43.52,12.11,1,0,1,0
10357,0,29,24.5,2,36.07,7.98,0,1,0,0
10648,1,58,24.38,1,9.64,2.3,0,1,0,0
10614,2,3,48.07,0,36.64,4.56,0,0,0,1
10531,3,35,93.54,3,14.12,4.74,0,0,1,0
10493,3,31,24.66,0,22.88,9.07,0,1,0,0
10458,3,49,19.14,0,50.93,9.67,0,1,0,0
10598,4,9,27.44,0,31.33,4.99,0,1,0,0
10565,1,56,28.33,0,39.95,8.98,0,1,0,0
10447,1,21,51.87,1,40.67,12.08,0,0,0,1
10665,2,55,28.86,0,38.88,6.94,0,1,0,0
10386,0,17,21.94,1,34.44,7.88,0,1,0,0
10560,1,43,91.83,1,29.2,8.23,0,0,1,0
10475,4,30,54.83,0,48.55,9.07,0,0,0,1
10068,2,58,98.99,1,35.63,7.19,0,0,1,0
10147,1,25,46.52,12,47.25,2.23,1,0,0,1
10633,3,51,10.15,1,21.47,5.92,0,1,0,0
10307,3,28,31.37,2,16.49,0.68,0,1,0,0
10098,3,22,35.84,2,38.61,7.01,0,1,0,0
10563,1,57,59.16,2,20.09,3.01,0,0,0,1
10607,2,8,18.07,1,12.64,3.34,1,1,0,0
10220,1,19,57.89,1,41.12,7.92,1,0,0,1
10199,0,49,38.11,0,42.0,7.37,0,1,0,0
10188,0,27,49.51,2,35.55,11.36,0,0,0,1
10253,3,17,31.61,0,34.41,4.85,0,1,0,0
10312,1,6,97.43,1,36.37,6.68,1,0,1,0
10601,1,23,30.98,5,20.8,6.0,1,1,0,0
10668,1,32,44.63,1,45.67,8.56,0,0,0,1
10226,0,7,50.9,2,56.83,8.66,0,0,0,1
10453,3,6,17.28,2,26.33,5.74,0,1,0,0
10313,4,58,94.89,1,36.4,10.87,0,0,1,0
10027,6,56,88.85,1,37.43,9.34,0,0,1,0
10001,0,19,93.12,2,33.78,7.6,0,0,1,0
10654,4,25,19.89,2,45.41,7.26,0,1,0,0
10579,5,22,88.95,3,34.5,6.25,0,0,1,0
10073,5,53,24.14,1,32.56,3.44,0,1,0,0
10015,0,42,38.05,0,22.79,1.89,0,1,0,0
10360,2,13,60.38,1,29.45,6.11,1,0,0,1
10404,0,9,17.98,2,16.3,6.74,0,1,0,0
10534,5,49,97.2,0,19.14,3.78,1,0,1,0
10202,4,60,19.85,0,23.29,10.09,0,1,0,0
10262,2,33,19.86,0,44.55,8.2,0,1,0,0
10336,2,30,50.39,0,47.6,9.12,0,0,0,1
10693,4,47,53.92,0,39.38,10.12,0,0,0,1
10062,4,25,24.98,0,35.34,7.47,0,1,0,0
10067,3,20,47.21,1,33.49,9.48,0,0,0,1
10348,3,54,28.8,1,57.4,10.15,0,1,0,0
10090,3,16,98.93,1,31.6,10.39,0,0,1,0
10215,3,15,34.14,0,12.72,3.23,1,1,0,0
10002,0,2,30.26,0,42.3,3.11,0,1,0,0
10659,3,4,58.41,1,34.52,7.2,0,0,0,1
10618,4,47,28.72,0,40.92,6.12,0,1,0,0
10448,4,22,53.82,2,23.88,5.9,0,0,0,1
10691,2,54,63.33,1,26.93,3.47,0,0,0,1
10592,3,48,24.48,1,34.28,8.06,0,1,0,0
10292,3,15,41.18,2,57.25,11.33,0,0,0,1
10407,2,24,29.99,2,42.36,5.45,0,1,0,0
10142,1,5,60.17,0,16.55,7.36,0,0,0,1
10195,1,20,49.72,3,40.66,6.56,0,0,0,1
10017,0,5,21.81,0,40.17,10.77,0,1,0,0
10015,4,46,38.05,2,23.94,0.71,0,1,0,0
10402,3,58,16.19,1,16.26,0.86,1,1,0,0
10249,1,31,98.83,1,60.58,12.4,0,0,1,0
10314,0,17,52.91,1,42.73,8.51,0,0,0,1
10179,1,9,25.0,7,34.81,7.23,1,1,0,0
10005,5,11,57.24,3,25.32,1.35,0,0,0,1
10526,4,43,31.93,2,31.4,6.67,0,1,0,0
10110,3,53,75.99,0,23.99,4.82,0,0,1,0
10010,2,30,24.97,2,9.92,3.87,1,1,0,0
10139,0,58,25.94,2,12.15,2.41,0,1,0,0
10349,2,20,37.17,4,24.79,3.77,1,1,0,0
10360,0,11,60.38,1,30.41,2.75,0,0,0,1
10022,2,16,21.29,4,27.03,5.78,0,1,0,0
10339,7,21,49.51,2,22.71,2.64,0,0,0,1
10370,0,56,21.07,5,38.82,7.73,0,1,0,0
10668,3,34,44.63,0,39.97,4.96,0,0,0,1
10495,4,44,20.58,0,6.3,3.02,0,1,0,0
10303,5,58,56.02,1,40.32,7.16,0,0,0,1
10000,2,47,56.98,1,19.39,3.32,0,0,0,1
10340,2,56,66.26,2,48.3,7.57,1,0,0,1
10250,7,9,98.33,0,44.43,5.11,1,0,1,0
10082,1,24,30.31,3,21.76,8.93,0,1,0,0
10460,3,48,30.65,1,31.95,6.69,0,1,0,0
10088,3,5,94.24,6,27.59,4.73,1,0,1,0
10085,0,47,63.67,1,35.8,4.85,1,0,0,1
10204,0,27,91.21,5,17.59,3.0,1,0,1,0
10133,1,11,47.45,0,36.42,4.26,1,0,0,1
10378,1,52,98.72,2,40.54,9.83,0,0,1,0
10352,2,23,15.0,3,24.83,5.78,1,1,0,0
10505,1,34,60.32,2,31.65,6.87,0,0,0,1
10107,0,27,57.25,1,24.51,4.47,1,0,0,1
10374,0,39,90.83,0,28.86,3.93,0,0,1,0
10248,3,46,56.76,2,27.63,7.43,0,0,0,1
10544,0,26,21.85,2,26.37,8.26,1,1,0,0
10585,3,49,30.67,0,24.29,4.34,0,1,0,0
10682,3,34,96.14,3,37.75,6.37,0,0,1,0
10508,2,24,31.39,3,12.66,2.58,1,1,0,0
10561,1,56,13.23,2,54.38,12.49,0,1,0,0
10598,4,9,27.44,0,31.33,4.99,0,1,0,0
10074,1,42,31.2,1,46.1,8.99,0,1,0,0
10415,4,52,32.76,0,19.15,1.68,0,1,0,0
10224,2,24,48.91,0,41.75,7.07,0,0,0,1
10010,1,29,24.97,3,18.82,1.49,0,1,0,0
10105,7,35,26.68,0,48.52,6.93,0,1,0,0
10083,6,50,62.15,3,25.9,2.63,1,0,0,1
10616,2,48,103.99,0,34.54,5.0,1,0,1,0
10682,5,36,96.14,0,38.5,9.7,0,0,1,0
10507,3,53,18.88,0,25.24,0.04,0,1,0,0
10004,2,8,25.96,1,9.78,1.81,1,1,0,0
10389,2,16,93.01,3,42.54,6.68,0,0,1,0
10619,1,5,67.32,0,52.89,14.98,0,0,0,1
10344,6,11,25.24,0,16.36,5.42,1,1,0,0
10561,4,59,13.23,1,60.1,10.49,0,1,0,0
10234,4,43,103.31,1,33.22,7.76,0,0,1,0
10374,1,40,90.83,1,30.88,4.62,0,0,1,0
10212,2,31,49.01,2,24.13,7.83,0,0,0,1
10206,6,52,97.69,2,39.51,8.9,0,0,1,0
10295,3,15,64.26,3,46.31,10.46,1,0,0,1
10133,3,13,47.45,1,37.98,6.75,0,0,0,1
10316,5,31,52.08,0,32.87,2.67,0,0,0,1
10189,4,42,29.52,1,35.17,7.98,0,1,0,0
10449,4,7,24.1,1,35.83,5.72,0,1,0,0
10109,2,39,83.33,2,22.52,6.14,1,0,1,0
10538,0,17,90.25,4,15.98,3.63,1,0,1,0
10337,2,39,25.85,0,20.37,1.16,0,1,0,0
10268,1,12,19.89,1,40.97,10.28,0,1,0,0
10573,0,16,35.02,4,44.37,10.15,1,1,0,0
10140,0,21,20.33,1,34.35,7.31,0,1,0,0
10369,2,18,17.73,0,40.27,5.78,0,1,0,0
10569,0,25,55.85,2,15.95,4.33,0,0,0,1
10283,5,7,65.69,2,31.91,8.39,0,0,0,1
10475,0,26,54.83,0,54.16,8.91,0,0,0,1
10159,0,40,33.14,0,34.27,2.62,0,1,0,0
10531,5,37,93.54,3,12.89,3.48,0,0,1,0
10265,2,18,26.84,3,38.52,5.72,0,1,0,0
10639,4,27,98.28,3,27.11,5.11,0,0,1,0
10315,0,30,92.98,2,32.83,5.01,1,0,1,0
10144,6,61,29.62,3,26.85,5.86,0,1,0,0
10159,4,44,33.14,3,42.46,6.99,0,1,0,0
10324,6,48,33.79,2,37.26,5.73,0,1,0,0
10612,6,65,99.48,3,25.33,6.77,0,0,1,0
10153,0,38,21.95,4,49.48,9.98,0,1,0,0
10672,4,54,55.33,4,29.7,4.52,0,0,0,1
10422,3,19,60.84,3,44.09,6.33,1,0,0,1
10551,1,22,25.34,1,12.11,0.13,0,1,0,0
10084,6,47,28.36,0,26.64,7.38,0,1,0,0
10008,6,37,57.63,0,37.07,6.19,0,0,0,1
10328,0,49,52.86,1,47.94,4.73,0,0,0,1
10683,3,14,24.33,2,44.03,6.8,0,1,0,0
10003,0,43,22.91,2,40.1,6.38,0,1,0,0
10591,4,53,57.54,3,46.2,11.2,1,0,0,1
10035,1,55,17.64,1,13.17,1.73,0,1,0,0
10220,4,22,57.89,4,44.8,8.66,1,0,0,1
10567,3,27,63.73,5,28.98,5.95,0,0,0,1
10199,3,52,38.11,1,37.85,7.32,0,1,0,0
10243,2,45,97.59,0,24.71,6.32,0,0,1,0
10221,0,43,59.01,2,19.08,3.68,0,0,0,1
10424,3,4,26.53,0,23.15,4.13,0,1,0,0
10649,1,7,45.02,3,36.99,9.57,1,0,0,1
10502,4,62,48.3,2,60.48,11.87,1,0,0,1
10264,3,50,19.54,1,15.84,5.75,0,1,0,0
10613,0,49,24.99,0,46.54,9.59,0,1,0,0
10603,0,9,22.43,3,40.47,7.56,1,1,0,0
10638,0,6,55.29,4,43.74,8.13,0,0,0,1
10486,4,7,53.78,0,46.32,11.14,0,0,0,1
10588,0,34,60.25,0,24.57,5.57,0,0,0,1
10674,4,24,94.66,5,36.28,9.03,0,0,1,0
10383,0,25,79.33,0,48.08,10.34,0,0,1,0
10318,2,41,65.15,5,20.05,6.29,1,0,0,1
10172,1,5,25.51,1,32.58,5.27,1,1,0,0
10699,0,55,49.32,0,29.07,4.24,0,0,0,1
10314,2,19,52.91,3,40.1,5.26,0,0,0,1
10354,4,22,40.21,0,76.13,15.89,0,1,0,0
10416,1,40,35.75,0,18.56,0.28,0,1,0,0
10046,2,15,56.97,3,21.44,4.01,0,0,0,1
10108,5,40,15.75,1,22.86,8.31,0,1,0,0
10682,0,31,96.14,2,34.78,7.32,0,0,1,0
10068,0,56,98.99,0,35.14,1.16,0,0,1,0
10111,5,43,23.96,1,31.74,6.07,1,1,0,0
10313,1,55,94.89,1,43.29,7.98,0,0,1,0
10105,7,35,26.68,0,48.52,6.93,0,1,0,0
10576,5,35,53.02,2,45.73,5.91,1,0,0,1
10128,3,43,18.95,0,30.58,4.63,0,1,0,0
10541,1,19,40.47,1,59.68,9.1,0,0,0,1
10290,5,54,16.74,4,34.33,6.63,1,1,0,0
10087,1,38,58.53,2,29.79,5.64,1,0,0,1
10238,2,23,91.26,1,52.49,15.09,0,0,1,0
10208,3,51,93.48,0,29.92,11.47,0,0,1,0
10306,2,28,29.25,5,22.81,2.83,1,1,0,0
10430,1,31,56.09,2,39.27,8.53,0,0,0,1
10221,5,48,59.01,0,22.26,4.11,0,0,0,1
10310,5,53,29.64,3,50.64,9.62,1,1,0,0
10379,2,22,24.57,0,25.51,0.31,0,1,0,0
10654,1,22,19.89,1,48.77,9.66,0,1,0,0
10392,2,14,33.6,1,10.95,0.33,0,1,0,0
10201,5,58,97.97,0,15.25,4.63,0,0,1,0
10607,4,10,18.07,0,24.65,2.38,0,1,0,0
10597,3,31,26.37,1,48.77,11.97,1,1,0,0
10696,2,39,26.72,2,30.88,7.34,0,1,0,0
10148,5,39,56.36,4,25.1,0.0,1,0,0,1
10538,2,19,90.25,1,22.78,0.4,0,0,1,0
10560,5,47,91.83,2,26.41,7.93,1,0,1,0
10064,1,6,31.3,1,33.26,4.36,1,1,0,0
10104,0,17,46.41,1,21.45,6.01,0,0,0,1
10685,5,63,102.5,1,38.26,7.64,0,0,1,0
10563,0,56,59.16,2,25.26,8.09,0,0,0,1
10059,0,33,87.86,3,37.23,7.47,0,0,1,0
10291,2,9,62.74,2,14.74,4.21,1,0,0,1
10171,7,60,40.03,2,39.93,8.86,0,1,0,0
10399,4,9,21.51,1,53.38,15.13,1,1,0,0
10191,1,55,93.06,3,27.1,9.05,0,0,1,0
10629,3,8,93.94,4,11.57,0.8,1,0,1,0
10111,4,42,23.96,2,41.13,6.71,0,1,0,0
10646,3,15,21.16,2,51.15,7.15,1,1,0,0
10202,1,57,19.85,1,32.54,5.63,0,1,0,0
10591,2,51,57.54,2,51.94,9.75,0,0,0,1
10289,4,52,23.54,1,34.97,4.84,0,1,0,0
10012,2,13,66.93,2,15.25,3.28,1,0,0,1
10030,0,46,90.43,2,21.9,2.9,0,0,1,0
10365,5,6,53.16,1,23.19,3.32,0,0,0,1
10632,2,61,26.01,1,25.67,6.57,0,1,0,0
10356,4,45,26.35,2,65.58,12.67,0,1,0,0
10360,4,15,60.38,2,24.55,5.13,0,0,0,1
10416,0,39,35.75,2,18.35,6.87,0,1,0,0
10235,3,5,88.62,0,29.92,4.46,0,0,1,0
10298,6,45,51.95,2,22.08,4.62,0,0,0,1
10576,3,33,53.02,1,52.41,8.95,0,0,0,1
10064,5,10,31.3,0,41.03,9.3,0,1,0,0
10244,3,47,60.36,2,40.3,5.86,0,0,0,1
10658,5,29,32.82,1,37.32,6.88,0,1,0,0
10083,0,44,62.15,1,17.07,5.32,1,0,0,1
10543,2,49,20.53,2,27.84,5.22,1,1,0,0
10539,1,58,29.76,1,1.34,2.42,1,1,0,0
10403,2,58,27.84,0,36.06,4.22,0,1,0,0
10414,3,8,100.9,2,44.68,11.56,0,0,1,0
10297,2,55,33.67,3,41.16,8.1,1,1,0,0
10143,3,53,58.86,1,15.99,5.42,0,0,0,1
10094,2,61,19.4,2,37.9,8.09,0,1,0,0
10675,1,14,33.46,7,28.14,8.01,1,1,0,0
10496,6,56,13.91,1,21.51,6.22,0,1,0,0
10002,5,7,30.26,1,44.17,4.57,0,1,0,0
10559,0,40,19.93,0,22.74,5.14,0,1,0,0
10412,0,36,87.57,0,15.44,1.13,0,0,1,0
10119,2,48,27.99,3,44.45,12.7,0,1,0,0
10556,7,20,97.42,1,23.57,6.19,0,0,1,0
10351,3,46,58.96,1,32.08,6.39,0,0,0,1
10144,4,59,29.62,2,29.79,5.9,0,1,0,0
10008,1,32,57.63,0,34.26,8.81,0,0,0,1
10324,6,48,33.79,2,37.26,5.73,0,1,0,0
10526,6,45,31.93,1,36.25,7.07,0,1,0,0
10384,0,11,23.22,1,21.39,3.01,0,1,0,0
10351,2,45,58.96,0,26.88,4.9,0,0,0,1
10566,4,55,24.34,4,13.78,0.03,0,1,0,0
10356,0,41,26.35,1,63.23,14.93,0,1,0,0
10618,5,48,28.72,2,49.26,11.65,0,1,0,0
10269,3,37,56.18,3,21.62,4.91,1,0,0,1
10316,6,32,52.08,4,31.41,2.86,0,0,0,1
10545,0,24,55.6,1,34.57,4.74,0,0,0,1
10322,2,5,64.61,1,38.29,10.94,1,0,0,1
10511,7,52,31.91,1,45.25,10.92,0,1,0,0
10581,0,27,64.83,0,40.4,8.71,0,0,0,1
10316,0,26,52.08,1,34.07,3.87,0,0,0,1
10498,2,13,34.51,1,17.69,5.13,0,1,0,0
10297,3,56,33.67,0,33.56,9.46,0,1,0,0
10080,1,48,55.43,2,46.69,11.7,0,0,0,1
10611,1,11,25.99,4,27.89,3.79,1,1,0,0
10192,3,19,30.34,3,45.89,7.92,0,1,0,0
10220,2,20,57.89,0,40.81,8.11,0,0,0,1
10227,4,11,53.54,2,42.64,9.47,0,0,0,1
10187,1,49,94.93,2,57.41,15.35,0,0,1,0
10635,3,54,66.91,1,43.99,5.46,0,0,0,1
10295,4,16,64.26,5,48.16,7.42,1,0,0,1
10455,5,45,44.13,2,26.05,9.29,0,0,0,1
10422,1,17,60.84,4,41.71,10.01,1,0,0,1
10493,5,33,24.66,0,32.88,6.94,0,1,0,0
10229,2,17,28.67,2,48.39,7.93,0,1,0,0
10133,2,12,47.45,2,36.27,10.99,1,0,0,1
10433,1,55,16.29,1,27.62,11.0,0,1,0,0
10343,0,57,87.26,1,34.84,8.72,0,0,1,0
10024,2,18,65.66,1,21.56,5.26,0,0,0,1
10435,3,6,17.14,0,53.33,9.38,0,1,0,0
10194,0,9,24.09,1,10.48,4.78,1,1,0,0
10148,5,39,56.36,4,25.1,0.0,1,0,0,1
10423,2,20,28.3,3,39.37,8.0,0,1,0,0
10228,2,23,50.46,2,45.9,8.5,0,0,0,1
10202,3,59,19.85,0,22.22,6.47,0,1,0,0
10534,1,45,97.2,1,18.38,0.63,0,0,1,0
10350,5,30,24.26,1,6.8,0.93,0,1,0,0
10523,3,41,59.6,0,40.56,6.11,0,0,0,1
10280,4,37,94.13,0,31.82,8.04,0,0,1,0
10450,1,24,101.5,1,47.45,8.96,0,0,1,0
10674,1,21,94.66,0,44.78,8.79,0,0,1,0
10497,0,24,51.79,1,35.52,9.0,0,0,0,1
10010,0,28,24.97,0,18.29,2.29,0,1,0,0
10374,1,40,90.83,1,30.88,4.62,0,0,1,0
10526,3,42,31.93,1,39.18,7.38,0,1,0,0
10336,1,29,50.39,3,48.4,7.43,0,0,0,1
10031,5,28,22.33,0,38.76,7.27,0,1,0,0
10615,0,15,57.34,1,30.1,5.46,1,0,0,1
10106,2,49,104.01,0,19.57,6.63,0,0,1,0
10547,2,55,93.66,5,20.6,5.89,1,0,1,0
10235,6,8,88.62,0,20.76,7.55,0,0,1,0
10389,2,16,93.01,3,42.54,6.68,0,0,1,0
10138,0,28,72.1,3,42.65,8.07,1,0,0,1
10150,1,4,93.56,4,27.84,5.35,1,0,1,0
10419,1,2,97.95,2,30.89,6.5,0,0,1,0
10201,1,54,97.97,1,18.36,5.0,0,0,1,0
10230,0,22,96.77,2,28.32,4.44,1,0,1,0
10617,0,59,26.52,2,24.7,5.66,0,1,0,0
10464,2,42,31.59,0,30.42,2.23,0,1,0,0
10525,0,32,48.73,0,22.52,2.03,0,0,0,1
10143,3,53,58.86,1,15.99,5.42,0,0,0,1
10251,3,25,21.15,1,35.16,7.26,1,1,0,0
10190,3,21,14.6,1,48.64,8.26,1,1,0,0
10679,0,14,56.63,1,51.96,10.91,0,0,0,1
10567,5,29,63.73,1,28.12,4.83,0,0,0,1
10146,0,26,24.15,3,62.36,7.44,1,1,0,0
10412,1,37,87.57,1,11.16,0.0,1,0,1,0
10338,0,8,51.21,4,33.25,5.21,1,0,0,1
10275,0,31,96.66,1,26.67,7.26,0,0,1,0
10310,0,48,29.64,1,50.69,10.47,0,1,0,0
10595,1,26,20.98,8,35.21,7.72,0,1,0,0
10066,4,33,56.13,1,38.02,5.54,0,0,0,1
10404,3,12,17.98,1,28.8,3.91,1,1,0,0
10641,2,26,55.76,4,15.59,3.21,1,0,0,1
10281,1,38,63.06,1,36.94,9.58,0,0,0,1
10162,5,16,31.55,1,32.01,6.65,1,1,0,0
10004,2,8,25.96,1,9.78,1.81,1,1,0,0
10403,6,62,27.84,0,27.43,4.33,0,1,0,0
10481,5,53,99.86,1,45.41,9.09,0,0,1,0
10421,2,17,48.89,1,38.9,6.33,0,0,0,1
10482,5,48,18.38,6,40.02,8.94,1,1,0,0
10164,2,31,66.94,3,28.17,7.94,1,0,0,1
10091,0,27,52.48,0,40.29,6.97,0,0,0,1
10658,6,30,32.82,2,34.15,3.4,1,1,0,0
10316,5,31,52.08,0,32.87,2.67,0,0,0,1
10608,0,32,55.92,0,28.76,6.59,0,0,0,1
10371,6,25,24.15,0,42.45,7.81,0,1,0,0
10207,4,16,26.49,4,13.19,3.44,0,1,0,0
10153,3,41,21.95,4,41.95,4.51,0,1,0,0
10091,2,29,52.48,1,39.42,12.83,0,0,0,1
10124,0,13,20.8,1,29.46,4.72,1,1,0,0
10430,0,30,56.09,2,37.55,5.27,0,0,0,1
10612,5,64,99.48,1,19.87,4.09,1,0,1,0
10183,6,12,23.07,0,52.07,10.1,0,1,0,0
10062,0,21,24.98,0,41.99,10.92,0,1,0,0
10514,3,58,24.24,1,32.29,6.5,0,1,0,0
10027,0,50,88.85,2,43.27,4.84,0,0,1,0
10610,3,47,49.03,1,35.37,8.09,1,0,0,1
10485,7,8,54.27,0,43.84,9.65,0,0,0,1
10038,6,27,59.73,1,27.17,4.48,1,0,0,1
10045,5,18,90.27,1,37.31,7.17,0,0,1,0
10064,3,8,31.3,0,38.08,7.27,0,1,0,0
10620,0,8,59.88,1,52.71,11.46,0,0,0,1
10670,0,2,55.02,3,39.08,8.46,1,0,0,1
10660,2,7,23.12,0,23.12,2.76,0,1,0,0
10441,0,10,22.24,0,37.49,6.38,0,1,0,0
10148,2,36,56.36,3,21.83,5.22,0,0,0,1
10185,3,5,102.05,3,35.5,5.63,0,0,1,0
10486,5,8,53.78,0,49.77,8.08,0,0,0,1
10082,3,26,30.31,0,24.54,5.95,0,1,0,0
10523,7,45,59.6,0,36.22,8.14,0,0,0,1
10236,0,38,20.95,1,46.65,8.32,0,1,0,0
10254,1,18,32.31,1,43.83,12.53,0,1,0,0
10238,1,22,91.26,1,60.21,8.36,0,0,1,0
10479,3,23,57.44,0,38.88,8.85,1,0,0,1
10385,2,40,60.92,0,42.5,6.84,0,0,0,1
10170,2,13,22.56,1,49.41,9.84,0,1,0,0
10007,2,25,19.78,1,37.26,2.27,1,1,0,0
10490,6,26,25.85,1,29.15,5.86,0,1,0,0
10259,6,26,53.71,0,37.48,9.69,0,0,0,1
10388,6,31,100.65,1,66.86,11.48,0,0,1,0
10564,2,17,30.16,2,53.47,11.44,0,1,0,0
10049,2,4,20.16,1,13.01,0.0,0,1,0,0
10018,0,43,16.44,0,22.25,4.19,0,1,0,0
10526,6,45,31.93,1,36.25,7.07,0,1,0,0
10095,4,59,65.91,1,54.99,13.42,0,0,0,1
10088,1,3,94.24,5,25.21,3.42,1,0,1,0
10100,2,35,99.44,3,36.89,5.62,1,0,1,0
10303,2,55,56.02,2,41.39,6.57,0,0,0,1
10239,3,38,46.96,0,29.34,5.26,0,0,0,1
10166,5,32,90.58,2,43.25,3.48,0,0,1,0
10530,1,41,46.24,2,39.78,11.49,0,0,0,1
10048,5,16,90.72,1,33.09,7.6,0,0,1,0
10042,2,33,50.42,3,14.49,5.84,1,0,0,1
10233,4,10,54.32,1,27.98,5.55,0,0,0,1
10429,2,11,19.41,1,50.71,11.68,1,1,0,0
10223,5,9,14.62,1,55.69,9.69,0,1,0,0
10376,3,60,93.79,1,46.8,7.89,0,0,1,0
10674,0,20,94.66,1,40.8,3.26,0,0,1,0
10054,0,13,59.03,4,36.06,6.06,0,0,0,1
10136,1,5,25.78,2,17.26,3.56,0,1,0,0
10544,0,26,21.85,2,26.37,8.26,1,1,0,0
10095,5,60,65.91,0,42.63,10.85,0,0,0,1
10151,5,57,55.28,2,8.58,0.0,0,0,0,1
10696,3,40,26.72,2,29.17,6.53,0,1,0,0
10692,7,40,95.63,1,27.67,8.44,0,0,1,0
10684,2,52,48.66,1,39.15,8.07,0,0,0,1
10654,5,26,19.89,0,46.65,9.71,0,1,0,0
10305,1,48,13.67,1,30.58,3.87,0,1,0,0
10152,4,11,50.77,6,28.22,3.41,0,0,0,1
10154,3,8,23.5,2,43.31,12.33,0,1,0,0
10650,2,58,44.52,0,50.68,10.71,0,1,0,0
10051,2,8,23.75,5,17.44,3.55,1,1,0,0
10336,0,28,50.39,1,47.6,12.18,0,0,0,1
10343,3,60,87.26,4,40.65,4.12,0,0,1,0
10421,3,18,48.89,0,43.42,9.83,0,0,0,1
10444,1,20,25.49,2,22.2,3.88,1,1,0,0
10679,3,17,56.63,1,62.85,11.71,0,0,0,1
10447,0,20,51.87,2,39.49,7.2,0,0,0,1
10571,2,52,96.0,1,32.1,5.56,0,0,1,0
10108,2,37,15.75,0,24.92,5.7,0,1,0,0
10342,2,58,20.02,2,29.26,5.36,0,1,0,0
10379,1,21,24.57,0,18.91,1.79,0,1,0,0
10031,1,24,22.33,0,26.38,8.14,0,1,0,0
10592,5,50,24.48,0,38.51,5.68,0,1,0,0
10533,4,53,20.28,0,44.83,10.37,0,1,0,0
10658,2,26,32.82,2,33.05,5.67,0,1,0,0
10662,4,23,38.81,0,24.63,4.39,0,1,0,0
10496,5,55,13.91,1,30.36,10.17,0,1,0,0
10533,3,52,20.28,2,42.72,5.84,0,1,0,0
10208,0,48,93.48,1,37.31,7.72,0,0,1,0
10295,4,16,64.26,5,48.16,7.42,1,0,0,1
10657,2,17,55.93,1,29.88,2.3,0,0,0,1
10470,3,40,21.25,0,22.43,8.45,0,1,0,0
10480,3,10,51.29,3,27.97,8.22,1,0,0,1
10180,1,3,54.36,0,39.25,2.43,0,0,0,1
10286,6,64,83.46,0,60.14,9.68,0,0,1,0
10377,3,36,15.79,2,32.28,6.74,1,1,0,0
10058,1,27,18.72,0,40.82,9.42,1,1,0,0
10332,0,45,99.06,0,34.89,5.61,0,0,1,0
10595,2,27,20.98,3,34.7,4.89,1,1,0,0
10638,7,13,55.29,1,41.25,5.34,0,0,0,1
10403,6,62,27.84,0,27.43,4.33,0,1,0,0
10361,0,53,57.09,0,24.48,2.68,0,0,0,1
10152,7,14,50.77,2,31.47,6.95,1,0,0,1
10601,5,27,30.98,3,22.83,4.79,1,1,0,0
10324,0,42,33.79,1,29.92,6.4,1,1,0,0
10534,3,47,97.2,1,25.35,3.74,0,0,1,0
10581,4,31,64.83,0,38.22,6.11,0,0,0,1
10020,2,30,103.6,0,19.64,1.64,0,0,1,0
10280,2,35,94.13,1,33.34,4.89,0,0,1,0
10318,4,43,65.15,1,20.05,5.57,1,0,0,1
10557,0,9,29.37,1,19.85,4.96,0,1,0,0
10378,3,54,98.72,1,53.78,7.25,0,0,1,0
10280,1,34,94.13,1,35.95,2.93,0,0,1,0
10210,7,26,20.02,0,35.12,9.1,0,1,0,0
10166,4,31,90.58,1,35.87,9.14,0,0,1,0
10180,0,2,54.36,0,45.8,8.9,0,0,0,1
10277,1,47,12.99,1,34.47,4.73,0,1,0,0
10184,0,39,89.39,1,18.01,4.59,0,0,1,0
10215,4,16,34.14,3,3.54,2.72,0,1,0,0
10566,2,53,24.34,1,31.44,4.72,0,1,0,0
10166,4,31,90.58,1,35.87,9.14,0,0,1,0
10477,4,35,25.92,3,42.47,9.49,0,1,0,0
10631,5,41,23.53,0,42.74,10.43,0,1,0,0
10174,7,38,106.17,1,14.65,2.82,0,0,1,0
10451,1,35,101.2,5,32.11,6.64,0,0,1,0
10628,3,48,54.82,2,21.12,4.14,0,0,0,1
10014,1,16,26.72,0,41.71,10.42,0,1,0,0
10257,1,7,51.56,1,44.88,8.08,0,0,0,1
10048,0,11,90.72,2,32.86,6.69,1,0,1,0
10036,1,59,28.12,1,31.43,6.8,0,1,0,0
10419,4,5,97.95,1,31.19,6.89,1,0,1,0
10133,7,17,47.45,2,33.01,8.22,0,0,0,1
10406,2,41,27.08,3,34.1,5.76,0,1,0,0
10625,2,23,105.13,3,6.74,0.0,0,0,1,0
10308,1,11,24.61,0,29.93,9.79,0,1,0,0
10573,2,18,35.02,4,42.27,8.82,0,1,0,0
10680,2,52,90.48,0,16.42,0.41,0,0,1,0
10525,4,36,48.73,0,24.0,6.04,0,0,0,1
10581,6,33,64.83,1,36.79,9.09,1,0,0,1
10080,6,53,55.43,2,44.43,10.82,0,0,0,1
10449,1,4,24.1,1,34.58,9.54,0,1,0,0
10176,3,58,61.48,1,20.23,8.31,0,0,0,1
10527,2,29,22.76,0,46.19,7.0,0,1,0,0
10597,3,31,26.37,1,48.77,11.97,1,1,0,0
10569,3,28,55.85,2,19.96,6.83,1,0,0,1
10293,6,29,23.15,3,41.65,9.49,1,1,0,0
10185,5,7,102.05,3,27.49,9.06,1,0,1,0
10544,1,27,21.85,0,28.61,7.59,0,1,0,0
10019,4,60,55.83,1,40.23,11.6,0,0,0,1
10389,3,17,93.01,2,33.75,8.38,1,0,1,0
10222,2,17,61.55,1,41.95,8.46,0,0,0,1
10191,5,59,93.06,3,31.55,4.35,0,0,1,0
10468,0,55,25.44,2,42.2,10.41,0,1,0,0
10446,0,48,20.14,1,25.42,8.61,0,1,0,0
10190,5,23,14.6,4,41.29,8.26,0,1,0,0
10096,0,31,51.21,1,32.69,4.07,0,0,0,1
10312,3,8,97.43,0,31.56,11.06,0,0,1,0
10682,4,35,96.14,0,35.15,11.21,0,0,1,0
10305,0,47,13.67,1,34.55,5.06,1,1,0,0
10331,2,8,63.39,0,15.96,6.03,0,0,0,1
10657,5,20,55.93,1,27.63,4.41,0,0,0,1
10117,1,41,29.07,0,21.24,3.28,0,1,0,0
10602,0,45,17.86,2,36.55,5.5,1,1,0,0
10494,1,7,59.04,2,50.12,10.82,0,0,0,1
10362,3,16,29.03,2,40.9,10.25,0,1,0,0
10357,2,31,24.5,0,34.89,6.56,0,1,0,0
10242,2,47,100.28,2,40.8,9.98,0,0,1,0
10619,3,7,67.32,1,53.22,10.98,0,0,0,1
10698,2,24,25.61,3,32.78,5.16,1,1,0,0
10057,0,49,57.52,1,44.74,8.44,0,0,0,1
10442,0,49,90.0,0,32.46,5.56,0,0,1,0
10627,2,31,14.47,1,54.65,14.6,0,1,0,0
10330,3,24,36.74,5,30.17,7.29,1,1,0,0
10582,2,60,27.23,5,36.65,3.27,0,1,0,0
10488,5,28,24.83,2,48.13,7.17,0,1,0,0
10489,3,47,23.83,1,37.5,8.1,0,1,0,0
10364,1,43,20.89,0,31.95,7.87,0,1,0,0
10058,2,28,18.72,2,41.35,9.72,0,1,0,0
10513,0,56,26.9,0,32.5,5.12,0,1,0,0
10409,2,7,52.52,0,46.58,10.98,0,0,0,1
10239,2,37,46.96,0,39.92,10.21,0,0,0,1
10698,4,26,25.61,1,33.72,4.49,0,1,0,0
10699,1,56,49.32,2,27.06,5.3,0,0,0,1
10677,3,62,91.44,1,33.29,4.5,0,0,1,0
10426,1,50,27.1,5,12.74,2.46,1,1,0,0
10576,6,36,53.02,1,42.8,10.4,0,0,0,1
10476,3,43,64.05,2,19.57,6.2,0,0,0,1
10203,5,34,33.24,2,28.6,10.14,0,1,0,0
10689,0,53,48.2,0,53.9,11.46,0,0,0,1
10289,0,48,23.54,2,48.78,8.18,0,1,0,0
10431,3,12,16.94,1,17.63,1.82,0,1,0,0
10317,2,32,94.59,1,22.39,5.88,0,0,1,0
10201,2,55,97.97,1,18.82,0.0,0,0,1,0
10168,0,42,28.38,5,39.27,9.37,1,1,0,0
10118,4,40,32.99,2,22.8,0.65,0,1,0,0
10456,3,58,18.5,3,24.36,6.42,0,1,0,0
10076,3,37,17.32,2,28.88,7.07,0,1,0,0
10574,5,17,18.14,3,42.7,4.69,1,1,0,0
10687,0,31,52.99,0,36.56,6.4,0,0,0,1
10533,0,49,20.28,1,41.2,10.58,0,1,0,0
10449,2,5,24.1,1,33.82,5.79,0,1,0,0
10512,1,55,27.37,0,10.43,2.68,0,1,0,0
10110,0,50,75.99,0,15.77,3.88,0,0,1,0
10617,1,60,26.52,1,32.81,4.12,0,1,0,0
10476,2,42,64.05,1,20.56,7.38,0,0,0,1
10047,1,45,31.56,1,18.73,6.46,0,1,0,0
10532,1,25,58.49,2,31.05,7.74,1,0,0,1
10646,4,16,21.16,6,45.59,10.27,1,1,0,0
10657,0,15,55.93,0,28.22,2.69,0,0,0,1
10351,3,46,58.96,1,32.08,6.39,0,0,0,1
10176,2,57,61.48,1,24.61,1.04,0,0,0,1
10358,1,34,23.8,0,43.88,9.9,0,1,0,0
10034,1,47,57.18,0,17.44,0.08,0,0,0,1
10626,7,54,25.72,2,22.5,7.5,0,1,0,0
10636,1,41,88.78,2,62.88,14.15,1,0,1,0
10313,6,60,94.89,0,50.21,7.9,0,0,1,0
10513,7,63,26.9,0,31.52,6.67,0,1,0,0
10446,3,51,20.14,1,21.63,6.43,0,1,0,0
10516,1,35,22.49,0,53.95,7.97,0,1,0,0
10381,2,5,26.07,2,26.66,4.92,0,1,0,0
10285,4,48,91.73,0,22.05,5.63,0,0,1,0
10490,3,23,25.85,1,30.29,8.33,0,1,0,0
10599,0,51,98.22,0,36.82,2.93,0,0,1,0
10177,6,22,91.9,0,38.38,6.52,0,0,1,0
10335,0,19,29.25,2,30.76,7.46,1,1,0,0
10226,3,10,50.9,2,45.12,11.01,1,0,0,1
10365,1,2,53.16,1,31.99,1.89,1,0,0,1
10456,4,59,18.5,0,26.5,5.46,0,1,0,0
10444,6,25,25.49,2,23.59,9.6,1,1,0,0
10593,0,59,20.34,1,34.46,8.06,0,1,0,0
10492,2,15,55.52,3,33.04,6.35,1,0,0,1
10211,1,13,93.92,2,29.86,4.54,0,0,1,0
10183,2,8,23.07,1,54.73,9.77,0,1,0,0
10379,4,24,24.57,0,21.01,5.35,0,1,0,0
10504,2,48,21.92,0,58.9,8.27,0,1,0,0
10487,3,60,94.28,2,53.09,9.88,0,0,1,0
10639,1,24,98.28,2,29.98,5.97,1,0,1,0
10448,1,19,53.82,1,21.95,3.49,0,0,0,1
10018,6,49,16.44,3,21.01,1.62,1,1,0,0
10638,3,9,55.29,2,38.22,10.91,0,0,0,1
10372,2,34,50.31,0,32.48,8.14,0,0,0,1
10269,4,38,56.18,4,20.52,2.81,1,0,0,1
10110,1,51,75.99,1,21.84,6.11,0,0,1,0
10681,2,32,29.37,0,44.34,7.43,1,1,0,0
10175,2,47,102.88,1,35.81,8.67,0,0,1,0
10345,2,37,57.38,4,29.11,3.95,0,0,0,1
10229,0,15,28.67,0,50.74,6.9,0,1,0,0
10305,5,52,13.67,0,27.57,4.1,0,1,0,0
10206,6,52,97.69,2,39.51,8.9,0,0,1,0
10395,2,32,25.16,2,28.7,5.33,0,1,0,0
10264,4,51,19.54,2,21.43,3.08,0,1,0,0
10094,3,62,19.4,0,40.94,8.47,1,1,0,0
10264,2,49,19.54,0,17.68,5.12,0,1,0,0
10356,6,47,26.35,0,63.8,12.24,0,1,0,0
10219,1,3,23.93,1,8.52,0.0,0,1,0,0
10093,0,14,29.4,0,34.98,7.75,1,1,0,0
10385,0,38,60.92,1,45.85,7.75,0,0,0,1
10213,0,6,55.02,0,29.74,2.73,0,0,0,1
10646,3,15,21.16,2,51.15,7.15,1,1,0,0
10340,4,58,66.26,0,50.13,13.79,1,0,0,1
10227,3,10,53.54,2,44.21,9.85,0,0,0,1
10008,0,31,57.63,3,37.97,9.04,0,0,0,1
10514,1,56,24.24,3,31.33,6.69,1,1,0,0
10584,1,36,22.43,0,34.49,3.74,0,1,0,0
10298,0,39,51.95,1,20.71,3.47,0,0,0,1
10477,2,33,25.92,1,42.73,6.15,1,1,0,0
10643,2,12,23.95,0,36.86,5.07,0,1,0,0
10251,0,22,21.15,2,38.89,5.34,1,1,0,0
10028,0,24,86.64,1,33.06,9.0,0,0,1,0
10547,0,53,93.66,3,26.7,4.46,0,0,1,0
10478,0,29,33.52,6,22.4,5.99,1,1,0,0
10096,0,31,51.21,1,32.69,4.07,0,0,0,1
10001,0,19,93.12,2,33.78,7.6,0,0,1,0
10378,0,51,98.72,0,37.76,8.77,0,0,1,0
10324,7,49,33.79,1,38.34,6.1,0,1,0,0
10380,0,33,27.7,2,33.1,5.74,0,1,0,0
10608,4,36,55.92,2,20.18,1.6,0,0,0,1
10591,1,50,57.54,2,48.38,11.94,0,0,0,1
10208,1,49,93.48,2,39.56,6.3,0,0,1,0
10410,5,55,54.61,2,45.79,9.12,0,0,0,1
10208,2,50,93.48,0,35.76,9.57,0,0,1,0
10400,6,25,96.28,0,24.4,6.27,1,0,1,0
10058,4,30,18.72,4,48.92,7.81,0,1,0,0
10566,1,52,24.34,1,25.3,9.1,0,1,0,0
10608,6,38,55.92,1,20.42,1.64,0,0,0,1
10445,1,2,104.18,1,28.23,8.37,0,0,1,0
10340,5,59,66.26,0,47.6,7.88,0,0,0,1
10216,1,15,18.65,1,39.82,9.03,0,1,0,0
10140,1,22,20.33,3,35.44,7.11,1,1,0,0
10662,1,20,38.81,1,37.41,4.15,0,1,0,0
10248,0,43,56.76,3,29.75,3.06,0,0,0,1
10604,2,31,90.36,1,32.02,3.6,0,0,1,0
10594,1,7,40.29,1,39.56,7.56,0,1,0,0
10366,6,28,58.54,3,34.41,8.28,0,0,0,1
10283,4,6,65.69,2,47.77,6.92,0,0,0,1
10028,5,29,86.64,1,36.83,8.37,0,0,1,0
10554,4,15,56.82,2,51.29,9.52,1,0,0,1
10673,4,61,14.54,2,41.25,10.05,0,1,0,0
10293,0,23,23.15,0,45.72,11.18,0,1,0,0
10643,0,10,23.95,1,32.19,5.43,0,1,0,0
10249,5,35,98.83,2,62.37,16.29,0,0,1,0
10576,0,30,53.02,1,43.57,4.17,0,0,0,1
10297,5,58,33.67,2,30.15,7.68,0,1,0,0
10381,0,3,26.07,0,18.42,6.22,1,1,0,0
10076,3,37,17.32,2,28.88,7.07,0,1,0,0
10373,6,23,11.41,1,34.53,3.26,0,1,0,0
10009,2,31,18.73,1,19.57,5.98,0,1,0,0
10642,3,56,57.16,1,39.44,6.07,0,0,0,1
10304,2,45,51.74,4,51.61,9.01,0,0,0,1
10183,3,9,23.07,1,46.06,8.31,0,1,0,0
10196,1,53,49.77,1,21.33,5.63,1,0,0,1
10248,6,49,56.76,5,24.86,8.95,1,0,0,1
10475,3,29,54.83,0,51.54,11.62,0,0,0,1
10236,2,40,20.95,2,44.43,7.9,0,1,0,0
10538,6,23,90.25,1,23.29,2.62,0,0,1,0
10241,1,25,17.22,0,20.09,5.96,0,1,0,0
10193,1,34,66.15,3,30.78,4.56,0,0,0,1
10493,4,32,24.66,1,29.7,6.04,0,1,0,0
10302,2,39,14.93,1,44.42,8.72,0,1,0,0
10046,4,17,56.97,0,18.67,6.24,0,0,0,1
10232,4,54,64.62,1,34.89,8.3,0,0,0,1
10211,4,16,93.92,2,21.53,5.58,0,0,1,0
10392,4,16,33.6,1,7.32,2.63,0,1,0,0
10542,6,33,88.41,0,42.71,7.18,0,0,1,0
10327,3,49,103.21,1,45.73,9.38,0,0,1,0
10481,1,49,99.86,5,42.32,9.98,1,0,1,0
10170,1,12,22.56,0,40.55,6.81,0,1,0,0
10683,0,11,24.33,1,37.01,7.5,0,1,0,0
10467,2,26,26.66,1,52.92,13.52,0,1,0,0
10317,2,32,94.59,1,22.39,5.88,0,0,1,0
10560,4,46,91.83,0,30.81,4.64,0,0,1,0
10063,2,36,33.21,1,56.11,12.93,0,1,0,0
10103,0,24,51.48,0,56.82,7.53,0,0,0,1
10615,4,19,57.34,0,28.66,6.63,0,0,0,1
10502,5,63,48.3,2,61.31,8.36,0,0,0,1
10385,5,43,60.92,1,54.06,9.29,0,0,0,1
10310,7,55,29.64,1,46.61,8.83,1,1,0,0
10353,4,21,62.38,2,31.48,2.54,1,0,0,1
10644,2,43,27.59,0,29.72,1.54,0,1,0,0
10370,1,57,21.07,1,28.89,5.87,0,1,0,0
10133,4,14,47.45,0,44.45,4.04,0,0,0,1
10670,1,3,55.02,0,35.83,5.92,0,0,0,1
10674,5,25,94.66,3,44.3,5.59,0,0,1,0
10027,1,51,88.85,0,37.14,7.12,0,0,1,0
10341,2,38,25.18,4,31.91,7.17,0,1,0,0
10201,3,56,97.97,2,11.83,0.69,0,0,1,0
10190,2,20,14.6,4,38.61,6.82,1,1,0,0
10577,2,45,51.92,1,25.32,2.94,0,0,0,1
10542,0,27,88.41,0,38.41,8.06,0,0,1,0
10538,5,22,90.25,0,22.33,5.34,1,0,1,0
10079,2,57,27.6,2,47.45,8.62,0,1,0,0
10108,3,38,15.75,0,34.95,5.34,1,1,0,0
10335,1,20,29.25,3,34.39,5.68,0,1,0,0
10017,1,6,21.81,0,37.53,10.95,0,1,0,0
10172,3,7,25.51,4,44.4,4.93,0,1,0,0
10168,3,45,28.38,4,47.97,6.06,0,1,0,0
10656,3,55,19.43,1,33.94,6.22,0,1,0,0
10585,0,46,30.67,2,24.69,7.84,0,1,0,0
10295,5,17,64.26,0,46.63,11.83,1,0,0,1
10019,0,56,55.83,1,36.91,5.09,0,0,0,1
10339,2,16,49.51,1,30.44,5.44,0,0,0,1
10073,7,55,24.14,2,23.31,6.87,0,1,0,0
10342,3,59,20.02,1,27.94,4.65,0,1,0,0
10312,2,7,97.43,2,37.53,7.08,0,0,1,0
10257,0,6,51.56,2,52.15,6.3,1,0,0,1
10209,4,60,98.71,3,32.25,7.95,1,0,1,0
10428,1,35,87.25,0,27.41,1.67,0,0,1,0
10392,1,13,33.6,1,14.3,0.36,0,1,0,0
10409,0,5,52.52,0,38.96,8.52,0,0,0,1
10498,1,12,34.51,0,19.85,3.5,0,1,0,0
10037,3,18,57.92,0,42.89,5.21,0,0,0,1
10216,2,16,18.65,1,33.69,7.41,0,1,0,0
10668,3,34,44.63,0,39.97,4.96,0,0,0,1
10680,1,51,90.48,2,16.43,0.98,0,0,1,0
10134,2,49,67.86,2,46.22,8.23,1,0,0,1
10186,3,17,57.78,2,32.25,8.96,1,0,0,1
10002,6,8,30.26,1,34.07,5.11,1,1,0,0
10591,1,50,57.54,2,48.38,11.94,0,0,0,1
10466,2,29,18.41,2,31.2,10.24,1,1,0,0
10238,3,24,91.26,2,55.62,9.34,0,0,1,0
10009,1,30,18.73,2,23.84,5.76,0,1,0,0
10602,2,47,17.86,6,43.68,8.3,0,1,0,0
10338,2,10,51.21,3,30.01,4.56,0,0,0,1
10421,0,15,48.89,2,37.61,9.28,0,0,0,1
10199,5,54,38.11,1,44.38,1.08,0,1,0,0
10628,1,46,54.82,1,23.07,1.0,0,0,0,1
10114,5,26,47.38,0,33.12,6.07,0,0,0,1
10193,2,35,66.15,4,20.85,4.48,1,0,0,1
10424,4,5,26.53,0,27.91,7.26,0,1,0,0
10280,0,33,94.13,2,23.7,7.31,0,0,1,0
10078,1,21,58.11,0,59.69,10.81,0,0,0,1
10589,3,30,20.75,0,1.0,1.12,0,1,0,0
10068,0,56,98.99,0,35.14,1.16,0,0,1,0
10140,0,21,20.33,1,34.35,7.31,0,1,0,0
10652,4,35,102.34,2,17.13,2.43,1,0,1,0
10205,4,12,62.79,3,24.92,4.25,1,0,0,1
10389,0,14,93.01,0,45.09,5.8,0,0,1,0
10397,5,60,22.64,5,44.04,4.36,0,1,0,0
10111,2,40,23.96,0,33.31,6.9,0,1,0,0
10666,7,17,97.23,0,18.09,4.79,0,0,1,0
10371,4,23,24.15,0,51.72,7.82,0,1,0,0
10550,0,28,97.64,1,51.04,12.24,1,0,1,0
10491,4,33,65.92,0,25.18,4.4,1,0,0,1
10244,1,45,60.36,4,38.52,9.01,0,0,0,1
10459,2,23,52.62,1,49.09,11.34,0,0,0,1
10285,2,46,91.73,0,20.33,5.19,0,0,1,0
10083,3,47,62.15,1,22.29,2.02,1,0,0,1
10655,1,7,59.18,3,31.64,4.7,0,0,0,1
10243,1,44,97.59,1,24.67,1.84,0,0,1,0
10631,3,39,23.53,0,52.81,8.06,0,1,0,0
10618,1,44,28.72,0,37.71,8.16,0,1,0,0
10692,5,38,95.63,2,42.6,6.08,0,0,1,0
10283,5,7,65.69,2,31.91,8.39,0,0,0,1
10504,1,47,21.92,0,47.71,12.58,0,1,0,0
10208,2,50,93.48,0,35.76,9.57,0,0,1,0
10575,1,35,19.22,1,17.21,5.1,0,1,0,0
10414,2,7,100.9,2,36.66,10.46,0,0,1,0
10035,0,54,17.64,4,10.96,4.12,1,1,0,0
10680,0,50,90.48,0,13.63,4.77,0,0,1,0
10006,0,6,29.62,0,25.87,5.72,1,1,0,0
10118,2,38,32.99,1,29.71,5.41,0,1,0,0
10288,2,18,50.54,0,43.53,6.24,0,0,0,1
10496,6,56,13.91,1,21.51,6.22,0,1,0,0
10624,1,56,58.84,2,31.15,8.5,1,0,0,1
10198,1,11,24.64,1,37.48,6.52,1,1,0,0
10525,1,33,48.73,1,23.79,4.19,1,0,0,1
10253,1,15,31.61,0,28.52,5.17,0,1,0,0
10284,0,33,54.4,0,58.76,17.15,0,0,0,1
10064,0,5,31.3,2,42.87,5.83,0,1,0,0
10277,5,51,12.99,1,38.72,4.08,0,1,0,0
10436,2,27,103.96,2,36.59,11.41,0,0,1,0
10262,1,32,19.86,1,41.71,13.75,0,1,0,0
10403,4,60,27.84,0,27.89,8.75,0,1,0,0
10055,1,45,18.96,3,38.64,10.16,1,1,0,0
10437,2,44,54.85,0,31.96,8.2,0,0,0,1
10304,1,44,51.74,3,45.8,10.36,0,0,0,1
10510,2,30,98.23,7,24.03,5.9,1,0,1,0
10203,4,33,33.24,2,37.28,10.09,0,1,0,0
10142,7,11,60.17,0,14.57,0.05,0,0,0,1
10410,2,52,54.61,2,47.73,11.75,1,0,0,1
10227,3,10,53.54,2,44.21,9.85,0,0,0,1
10181,2,55,21.38,3,57.69,10.83,0,1,0,0
10136,3,7,25.78,1,22.03,5.34,0,1,0,0
10673,0,57,14.54,3,36.04,8.04,0,1,0,0
10631,6,42,23.53,0,45.79,9.05,0,1,0,0
10686,0,2,96.6,2,43.23,3.46,0,0,1,0
10397,3,58,22.64,2,35.53,10.31,1,1,0,0
10301,4,49,29.97,2,23.49,1.92,0,1,0,0
10013,0,47,55.29,2,27.26,6.09,0,0,0,1
10305,2,49,13.67,1,31.89,6.79,0,1,0,0
10660,6,11,23.12,2,13.95,5.25,0,1,0,0
10152,0,7,50.77,3,36.7,8.09,1,0,0,1
10589,0,27,20.75,2,11.26,0.6,0,1,0,0
10479,2,22,57.44,1,30.84,7.9,0,0,0,1
10242,0,45,100.28,2,45.28,12.77,0,0,1,0
10089,0,10,53.03,0,26.27,0.0,0,0,0,1
10035,1,55,17.64,1,13.17,1.73,0,1,0,0
10598,3,8,27.44,1,32.87,8.28,0,1,0,0
10180,4,6,54.36,2,44.62,13.67,1,0,0,1
10572,2,38,47.51,4,18.27,5.01,0,0,0,1
10235,0,2,88.62,0,25.62,6.52,0,0,1,0
10135,1,15,24.18,2,71.96,13.04,0,1,0,0
10258,1,19,94.13,3,25.5,7.05,0,0,1,0
10161,4,15,61.04,3,11.98,6.88,0,0,0,1
10629,1,6,93.94,3,26.02,3.97,1,0,1,0
10697,4,11,73.67,1,29.27,1.46,0,0,0,1
10114,2,23,47.38,2,29.52,5.1,0,0,0,1
10574,4,16,18.14,3,42.02,6.46,1,1,0,0
10447,3,23,51.87,5,43.41,7.54,0,0,0,1
10397,2,57,22.64,0,39.47,12.14,0,1,0,0
10186,4,18,57.78,2,40.23,7.33,0,0,0,1
10206,4,50,97.69,2,40.29,5.65,0,0,1,0
10222,4,19,61.55,0,46.17,10.22,0,0,0,1
10194,4,13,24.09,1,13.22,1.84,0,1,0,0
10455,0,40,44.13,0,33.04,7.81,0,0,0,1
10081,2,56,22.91,3,47.14,10.05,0,1,0,0
10475,1,27,54.83,0,47.51,11.88,0,0,0,1
10415,3,51,32.76,4,11.45,5.56,1,1,0,0
10201,2,55,97.97,1,18.82,0.0,0,0,1,0
10691,3,55,63.33,3,17.11,3.55,0,0,0,1
10426,2,51,27.1,4,16.84,3.12,1,1,0,0
10390,1,29,31.74,2,46.68,8.45,0,1,0,0
10385,4,42,60.92,0,50.62,10.52,0,0,0,1
10528,1,13,49.53,3,35.28,9.13,1,0,0,1
10538,1,18,90.25,1,22.89,4.11,0,0,1,0
10417,3,40,51.01,5,29.91,3.58,0,0,0,1
10184,1,40,89.39,1,22.75,1.7,0,0,1,0
10425,2,14,102.56,0,34.2,5.28,0,0,1,0
10649,4,10,45.02,1,37.26,9.37,0,0,0,1
10469,3,8,52.12,1,37.35,8.29,0,0,0,1
10105,0,28,26.68,1,45.86,7.96,1,1,0,0
10662,0,19,38.81,1,29.5,4.87,0,1,0,0
10037,0,15,57.92,0,38.2,10.34,0,0,0,1
10305,4,51,13.67,0,28.16,7.15,0,1,0,0
10173,2,8,26.86,3,18.93,4.98,0,1,0,0
10275,4,35,96.66,1,28.89,4.95,1,0,1,0
10455,2,42,44.13,2,30.08,10.78,0,0,0,1
10642,5,58,57.16,2,38.44,8.3,0,0,0,1
10476,0,40,64.05,1,14.19,6.2,0,0,0,1
10633,3,51,10.15,1,21.47,5.92,0,1,0,0
10442,2,51,90.0,1,28.76,7.7,0,0,1,0
10490,6,26,25.85,1,29.15,5.86,0,1,0,0
10590,3,60,22.88,0,45.2,7.82,0,1,0,0
10122,1,5,61.29,5,41.65,4.27,1,0,0,1
10488,1,24,24.83,1,40.23,9.65,1,1,0,0
10294,1,60,45.17,2,48.35,8.77,0,0,0,1
10419,7,8,97.95,1,33.58,4.78,0,0,1,0
10653,1,55,47.19,2,37.43,7.87,0,0,0,1
10016,2,43,29.51,1,34.91,5.33,0,1,0,0
10588,2,36,60.25,1,31.34,5.88,0,0,0,1
10119,0,46,27.99,2,46.31,3.61,0,1,0,0
10142,4,8,60.17,2,15.63,5.75,1,0,0,1
10193,1,34,66.15,3,30.78,4.56,0,0,0,1
10407,1,23,29.99,1,35.57,8.11,0,1,0,0
10153,4,42,21.95,3,49.44,11.43,1,1,0,0
10223,4,8,14.62,0,55.37,11.04,1,1,0,0
10372,0,32,50.31,2,34.93,8.19,0,0,0,1
10590,2,59,22.88,3,55.02,7.87,0,1,0,0
10344,2,7,25.24,3,13.87,4.61,1,1,0,0
10415,0,48,32.76,1,16.17,3.01,0,1,0,0
10141,1,7,49.64,1,41.63,7.8,0,0,0,1
10276,3,6,18.03,0,26.97,6.12,0,1,0,0
10592,3,48,24.48,1,34.28,8.06,0,1,0,0
10131,2,22,96.48,2,30.77,5.84,1,0,1,0
10027,4,54,88.85,0,40.62,5.4,0,0,1,0
10147,2,26,46.52,4,34.18,7.7,1,0,0,1
10373,3,20,11.41,1,34.82,7.34,0,1,0,0
10494,4,10,59.04,2,50.82,7.14,0,0,0,1
10043,6,63,48.52,0,34.29,7.95,0,0,0,1
10339,0,14,49.51,1,38.09,5.69,0,0,0,1
10395,0,30,25.16,0,35.03,9.17,0,1,0,0
10528,2,14,49.53,0,36.91,6.23,0,0,0,1
10666,4,14,97.23,2,24.0,2.48,0,0,1,0
10204,4,31,91.21,11,24.51,5.09,1,0,1,0
10032,0,10,62.02,1,37.6,5.42,0,0,0,1
10077,3,6,47.96,4,14.87,5.96,1,0,0,1
10660,0,5,23.12,0,25.99,1.73,0,1,0,0
10078,3,23,58.11,1,54.78,11.49,0,0,0,1
10630,3,35,19.28,1,15.94,2.29,1,1,0,0
10671,5,14,22.94,0,31.28,7.36,1,1,0,0
10234,5,44,103.31,1,37.8,8.42,0,0,1,0
10287,4,27,64.61,1,41.36,8.85,0,0,0,1
10079,6,61,27.6,2,43.0,4.73,0,1,0,0
10599,3,54,98.22,0,37.45,7.24,0,0,1,0
10068,4,60,98.99,0,25.86,6.38,0,0,1,0
10628,3,48,54.82,2,21.12,4.14,0,0,0,1
10443,2,25,55.21,0,16.72,3.69,0,0,0,1
10261,1,34,11.37,1,30.94,6.31,0,1,0,0
10137,4,7,86.41,5,29.37,5.93,0,0,1,0
10013,3,50,55.29,0,29.1,4.46,0,0,0,1
10397,0,55,22.64,4,41.0,6.65,0,1,0,0
10247,0,3,104.3,3,8.04,3.79,1,0,1,0
10230,2,24,96.77,0,24.6,5.22,1,0,1,0
10403,5,61,27.84,0,27.94,6.33,0,1,0,0
10435,4,7,17.14,0,51.57,9.71,1,1,0,0
10363,0,45,51.15,3,37.74,7.71,0,0,0,1
10130,3,35,68.79,6,37.31,6.6,1,0,0,1
10627,3,32,14.47,0,54.01,10.25,0,1,0,0
10448,3,21,53.82,1,29.15,3.72,0,0,0,1
10679,2,16,56.63,2,57.42,11.88,0,0,0,1
10270,4,50,26.22,1,19.41,6.61,0,1,0,0
10402,5,60,16.19,0,5.82,3.94,0,1,0,0
10220,7,25,57.89,1,45.03,8.12,0,0,0,1
10194,0,9,24.09,1,10.48,4.78,1,1,0,0
10313,3,57,94.89,0,39.14,6.61,0,0,1,0
10656,2,54,19.43,1,33.15,7.03,0,1,0,0
10383,3,28,79.33,1,40.62,7.04,0,0,1,0
10284,4,37,54.4,3,60.31,17.67,0,0,0,1
10549,2,47,34.07,1,40.27,8.63,1,1,0,0
10364,6,48,20.89,1,40.6,10.15,0,1,0,0
10583,1,25,50.97,1,37.44,7.48,0,0,0,1
10061,1,47,94.0,1,49.83,5.46,0,0,1,0
10435,0,3,17.14,0,59.18,13.34,0,1,0,0
10563,2,58,59.16,0,27.91,3.28,0,0,0,1
10116,6,43,19.83,4,23.87,6.24,1,1,0,0
10401,0,41,94.34,1,47.35,10.0,0,0,1,0
10556,6,19,97.42,1,31.17,3.61,0,0,1,0
10220,1,19,57.89,1,41.12,7.92,1,0,0,1
10198,2,12,24.64,0,33.92,4.04,1,1,0,0
10198,5,15,24.64,0,33.59,9.65,0,1,0,0
10254,0,17,32.31,3,49.03,10.0,0,1,0,0
10117,0,40,29.07,2,15.02,3.64,0,1,0,0
10265,0,16,26.84,3,34.56,7.2,0,1,0,0
10371,2,21,24.15,1,48.31,8.04,0,1,0,0
10668,0,31,44.63,1,41.18,8.18,0,0,0,1
10336,7,35,50.39,2,48.7,11.97,0,0,0,1
10525,3,35,48.73,0,22.76,7.21,0,0,0,1
10555,0,43,49.03,3,62.31,15.87,0,0,0,1
10327,4,50,103.21,1,38.99,9.49,0,0,1,0
10408,1,47,10.55,1,46.45,8.49,0,1,0,0
10033,1,38,93.67,2,50.03,11.54,0,0,1,0
10092,3,31,23.79,1,4.23,2.44,1,1,0,0
10440,4,19,49.18,1,33.57,6.75,0,0,0,1
10090,1,14,98.93,2,36.35,9.15,1,0,1,0
10167,2,51,60.22,0,42.91,6.18,0,0,0,1
10092,3,31,23.79,1,4.23,2.44,1,1,0,0
10411,3,38,53.58,1,37.42,4.0,0,0,0,1
10667,3,46,38.58,1,19.99,3.14,0,1,0,0
10535,2,12,21.7,5,43.76,8.33,1,1,0,0
10309,1,31,51.74,1,46.63,8.73,1,0,0,1
10162,6,17,31.55,3,20.06,9.07,1,1,0,0
10211,0,12,93.92,1,23.81,5.75,0,0,1,0
10306,5,31,29.25,1,29.48,1.92,0,1,0,0
10242,3,48,100.28,0,44.26,11.16,0,0,1,0
10249,3,33,98.83,1,56.0,15.15,1,0,1,0
10050,0,26,24.29,0,18.69,1.53,0,1,0,0
10626,3,50,25.72,1,13.23,2.05,0,1,0,0
10577,1,44,51.92,1,23.8,3.88,0,0,0,1
10142,3,7,60.17,1,13.96,0.0,1,0,0,1
10406,0,39,27.08,1,38.03,6.25,0,1,0,0
10290,3,52,16.74,3,32.22,3.06,1,1,0,0
10245,2,37,30.81,2,43.66,6.35,0,1,0,0
10521,1,8,14.23,1,29.33,2.46,0,1,0,0
10227,1,8,53.54,0,34.21,6.37,0,0,0,1
10571,3,53,96.0,2,27.99,6.78,0,0,1,0
10290,4,53,16.74,4,31.75,5.25,0,1,0,0
10184,0,39,89.39,1,18.01,4.59,0,0,1,0
10382,0,25,57.66,2,38.73,4.22,1,0,0,1
10618,1,44,28.72,0,37.71,8.16,0,1,0,0
10466,1,28,18.41,3,42.1,6.91,1,1,0,0
10587,2,29,34.51,3,41.66,5.93,1,1,0,0
10236,0,38,20.95,1,46.65,8.32,0,1,0,0
10231,5,44,33.7,0,61.75,12.0,0,1,0,0
10335,3,22,29.25,1,32.03,6.58,0,1,0,0
10635,1,52,66.91,1,42.38,8.46,0,0,0,1
10266,2,39,21.82,0,22.74,8.04,0,1,0,0
10656,1,53,19.43,3,31.03,8.73,1,1,0,0
10059,4,37,87.86,1,31.97,9.36,0,0,1,0
10033,7,44,93.67,1,53.99,11.15,0,0,1,0
10623,1,35,23.2,5,23.23,4.33,0,1,0,0
10259,5,25,53.71,4,45.51,9.13,0,0,0,1
10545,3,27,55.6,0,25.87,8.51,0,0,0,1
10089,0,10,53.03,0,26.27,0.0,0,0,0,1
10552,0,34,60.18,0,40.14,4.59,0,0,0,1
10408,2,48,10.55,2,41.31,9.17,0,1,0,0
10370,0,56,21.07,5,38.82,7.73,0,1,0,0
10156,2,36,48.14,5,48.05,9.13,0,0,0,1
10697,3,10,73.67,0,29.0,4.42,0,0,0,1
10685,1,59,102.5,0,35.67,7.21,0,0,1,0
10514,1,56,24.24,3,31.33,6.69,1,1,0,0
10101,1,21,92.98,3,20.18,6.01,1,0,1,0
10209,3,59,98.71,2,27.09,8.38,0,0,1,0
10150,0,3,93.56,1,19.6,2.76,0,0,1,0
10411,2,37,53.58,0,30.26,2.89,0,0,0,1
10699,5,60,49.32,1,29.95,5.43,0,0,0,1
10206,5,51,97.69,2,42.05,4.99,1,0,1,0
10666,3,13,97.23,0,26.24,5.36,1,0,1,0
10641,3,27,55.76,2,17.67,1.5,1,0,0,1
10037,5,20,57.92,0,43.59,4.22,0,0,0,1
10459,3,24,52.62,1,52.43,7.92,0,0,0,1
10465,1,20,18.68,2,51.4,12.55,0,1,0,0
10012,0,11,66.93,1,20.54,1.16,0,0,0,1
10160,3,33,94.35,2,38.85,8.41,1,0,1,0
10070,2,50,24.98,0,47.9,12.9,0,1,0,0
10678,3,13,90.21,1,21.64,2.57,0,0,1,0
10259,4,24,53.71,0,39.11,9.84,0,0,0,1
10206,2,48,97.69,4,38.88,9.58,0,0,1,0
10133,6,16,47.45,3,40.98,8.27,0,0,0,1
10567,1,25,63.73,2,32.17,9.57,1,0,0,1
10475,1,27,54.83,0,47.51,11.88,0,0,0,1
10189,5,43,29.52,3,38.29,11.19,1,1,0,0
10429,0,9,19.41,1,52.7,8.54,0,1,0,0
10064,2,7,31.3,1,35.59,9.48,0,1,0,0
10537,4,54,60.44,1,38.09,7.16,1,0,0,1
10162,4,15,31.55,3,19.56,4.08,1,1,0,0
10273,4,37,95.44,2,26.1,7.73,0,0,1,0
10585,1,47,30.67,1,22.63,9.07,1,1,0,0
10070,0,48,24.98,2,52.89,12.69,0,1,0,0
10486,1,4,53.78,1,48.23,8.37,0,0,0,1
10552,4,38,60.18,0,40.34,8.67,0,0,0,1
10413,3,30,24.03,0,23.98,5.56,0,1,0,0
10477,3,34,25.92,0,39.38,6.34,0,1,0,0
10652,3,34,102.34,4,21.45,3.91,1,0,1,0
10440,4,19,49.18,1,33.57,6.75,0,0,0,1
10166,1,28,90.58,0,39.35,8.67,0,0,1,0
10663,3,9,16.85,3,37.93,12.04,0,1,0,0
10585,2,48,30.67,1,31.84,6.0,0,1,0,0
10401,2,43,94.34,1,46.07,10.51,1,0,1,0
10392,4,16,33.6,1,7.32,2.63,0,1,0,0
10239,5,40,46.96,0,33.9,4.64,0,0,0,1
10444,0,19,25.49,5,26.63,7.32,1,1,0,0
10287,0,23,64.61,1,35.06,8.7,0,0,0,1
10018,1,44,16.44,5,17.12,2.82,1,1,0,0
10322,3,6,64.61,1,32.85,8.45,1,0,0,1
10600,0,29,93.62,2,48.62,9.92,0,0,1,0
10681,5,35,29.37,2,42.9,13.5,1,1,0,0
10488,0,23,24.83,1,42.23,5.93,0,1,0,0
10120,3,16,63.81,1,38.0,4.94,0,0,0,1
10321,2,49,58.67,0,61.97,14.54,0,0,0,1
10025,0,13,53.8,4,22.26,6.79,1,0,0,1
10476,0,40,64.05,1,14.19,6.2,0,0,0,1
10387,1,48,24.36,0,43.86,7.02,0,1,0,0
10297,1,54,33.67,3,33.41,5.49,0,1,0,0
10362,1,14,29.03,2,33.83,10.07,1,1,0,0
10625,5,26,105.13,0,16.12,1.91,1,0,1,0
10149,2,31,15.92,3,32.57,4.21,1,1,0,0
10627,0,29,14.47,1,49.6,10.24,0,1,0,0
10657,7,22,55.93,1,29.4,5.38,0,0,0,1
10252,1,6,20.28,0,38.26,5.44,0,1,0,0
10230,0,22,96.77,2,28.32,4.44,1,0,1,0
10069,3,12,60.08,1,52.63,10.53,1,0,0,1
10325,1,55,20.9,5,41.02,8.25,1,1,0,0
10464,0,40,31.59,0,35.61,4.34,0,1,0,0
10511,6,51,31.91,3,46.39,10.14,0,1,0,0
10386,1,18,21.94,4,42.62,6.93,1,1,0,0
10517,2,40,50.46,2,24.84,9.76,0,0,0,1
10009,0,29,18.73,0,27.72,7.07,1,1,0,0
10331,0,6,63.39,2,5.65,3.08,0,0,0,1
10184,2,41,89.39,1,15.59,4.36,0,0,1,0
10163,2,37,30.92,0,35.27,8.38,0,1,0,0
10137,1,4,86.41,4,20.48,6.16,1,0,1,0
10042,0,31,50.42,2,12.72,2.13,0,0,0,1
10071,2,51,30.55,0,44.24,8.66,0,1,0,0
10256,2,57,94.78,5,35.78,8.27,1,0,1,0
10537,4,54,60.44,1,38.09,7.16,1,0,0,1
10365,7,8,53.16,1,28.85,6.31,1,0,0,1
10081,0,54,22.91,0,53.33,10.38,1,1,0,0
10056,0,11,93.08,1,23.19,5.0,0,0,1,0
10691,4,56,63.33,0,18.6,1.2,0,0,0,1
10246,1,10,24.29,1,42.87,8.39,1,1,0,0
10561,5,60,13.23,3,55.81,10.39,0,1,0,0
10660,7,12,23.12,2,25.87,5.28,0,1,0,0
10643,4,14,23.95,0,36.34,4.61,0,1,0,0
10249,2,32,98.83,4,59.08,14.09,0,0,1,0
10289,3,51,23.54,0,43.26,9.17,0,1,0,0
10207,5,17,26.49,1,17.42,0.0,0,1,0,0
10489,0,44,23.83,2,43.15,8.4,0,1,0,0
10032,1,11,62.02,1,35.73,6.43,0,0,0,1
10689,0,53,48.2,0,53.9,11.46,0,0,0,1
10340,4,58,66.26,0,50.13,13.79,1,0,0,1
10490,4,24,25.85,1,34.43,5.52,0,1,0,0
10608,7,39,55.92,0,22.41,4.17,1,0,0,1
10152,3,10,50.77,8,31.56,6.88,1,0,0,1
10413,0,27,24.03,2,16.62,6.43,0,1,0,0
10415,2,50,32.76,1,22.57,2.72,0,1,0,0
10176,1,56,61.48,3,26.15,10.59,0,0,0,1
10002,3,5,30.26,0,37.63,6.24,0,1,0,0
10369,4,20,17.73,2,44.8,5.89,0,1,0,0
10368,2,8,93.2,0,17.75,0.48,1,0,1,0
10565,0,55,28.33,2,49.19,8.88,0,1,0,0
10069,0,9,60.08,1,42.34,8.19,0,0,0,1
10254,1,18,32.31,1,43.83,12.53,0,1,0,0
10587,0,27,34.51,4,37.69,11.21,0,1,0,0
10541,4,22,40.47,1,58.16,12.52,0,0,0,1
10623,1,35,23.2,5,23.23,4.33,0,1,0,0
10635,0,51,66.91,0,44.01,6.49,0,0,0,1
10365,3,4,53.16,1,29.08,5.86,1,0,0,1
10438,3,29,29.83,2,56.5,13.71,1,1,0,0
10077,3,6,47.96,4,14.87,5.96,1,0,0,1
10653,0,54,47.19,0,28.42,4.69,0,0,0,1
10648,0,57,24.38,0,13.17,2.4,0,1,0,0
10151,2,54,55.28,2,7.5,1.32,1,0,0,1
10336,4,32,50.39,2,47.99,10.99,0,0,0,1
10033,3,40,93.67,2,53.75,11.63,0,0,1,0
10011,1,39,19.58,0,32.01,3.17,0,1,0,0
10100,1,34,99.44,2,40.47,8.05,0,0,1,0
10328,3,52,52.86,2,36.03,9.6,0,0,0,1
10352,0,21,15.0,7,26.39,2.2,1,1,0,0
10043,5,62,48.52,3,32.89,4.88,0,0,0,1
10295,1,13,64.26,6,48.52,7.34,1,0,0,1
10560,3,45,91.83,1,27.18,6.26,0,0,1,0
10569,0,25,55.85,2,15.95,4.33,0,0,0,1
10101,4,24,92.98,0,32.44,7.11,0,0,1,0
10526,1,40,31.93,0,34.79,7.47,0,1,0,0
10501,3,22,29.07,2,39.81,6.88,1,1,0,0
10454,2,9,61.94,0,39.52,6.04,1,0,0,1
10265,3,19,26.84,1,31.55,6.63,1,1,0,0
10303,0,53,56.02,1,42.56,7.76,1,0,0,1
10345,4,39,57.38,3,25.58,4.87,1,0,0,1
10103,1,25,51.48,4,46.69,6.92,0,0,0,1
10068,2,58,98.99,1,35.63,7.19,0,0,1,0
10102,5,13,13.11,1,40.45,10.61,1,1,0,0
10557,3,12,29.37,4,31.0,4.45,1,1,0,0
10490,1,21,25.85,1,29.44,3.46,0,1,0,0
10380,2,35,27.7,0,34.49,10.59,0,1,0,0
10552,2,36,60.18,0,37.54,6.05,0,0,0,1
10015,1,43,38.05,2,15.9,7.02,0,1,0,0
10167,1,50,60.22,0,42.93,9.84,0,0,0,1
10523,6,44,59.6,0,37.28,7.66,0,0,0,1
10313,4,58,94.89,1,36.4,10.87,0,0,1,0
10651,3,48,61.48,1,33.06,3.97,0,0,0,1
10540,0,58,18.18,3,25.83,4.87,1,1,0,0
10066,5,34,56.13,1,33.99,11.63,0,0,0,1
10688,0,11,27.68,3,35.66,3.9,1,1,0,0
10666,5,15,97.23,2,19.85,1.59,0,0,1,0
10618,3,46,28.72,0,43.42,9.03,0,1,0,0
10542,1,28,88.41,0,47.32,11.41,0,0,1,0
10379,5,25,24.57,0,23.94,2.21,0,1,0,0
10453,1,4,17.28,0,33.92,6.89,0,1,0,0
10487,2,59,94.28,0,53.45,6.59,0,0,1,0
10495,6,46,20.58,0,8.19,1.24,0,1,0,0
10210,6,25,20.02,1,34.48,4.88,0,1,0,0
10103,3,27,51.48,1,36.3,14.65,0,0,0,1
10555,1,44,49.03,2,68.63,16.72,0,0,0,1
10129,2,26,27.91,2,31.84,6.28,0,1,0,0
10214,0,8,28.17,0,41.79,3.28,0,1,0,0
10523,4,42,59.6,0,33.52,7.8,0,0,0,1
10665,0,53,28.86,3,37.12,4.71,0,1,0,0
10120,0,13,63.81,2,44.3,8.03,0,0,0,1
10249,5,35,98.83,2,62.37,16.29,0,0,1,0
10240,7,36,55.23,1,35.9,5.44,0,0,0,1
10269,5,39,56.18,2,20.84,5.53,0,0,0,1
10079,3,58,27.6,3,49.25,9.7,0,1,0,0
10488,4,27,24.83,2,36.18,7.39,1,1,0,0
10287,3,26,64.61,1,46.7,6.92,0,0,0,1
10579,4,21,88.95,1,31.82,6.5,1,0,1,0
10222,5,20,61.55,0,46.77,11.56,0,0,0,1
10200,0,44,54.79,1,35.04,5.66,1,0,0,1
10512,5,59,27.37,2,19.53,4.87,0,1,0,0
10508,0,22,31.39,4,16.37,4.84,1,1,0,0
10506,1,49,58.5,2,33.76,6.82,0,0,0,1
10654,6,27,19.89,2,43.79,5.68,0,1,0,0
10279,0,22,57.28,3,7.13,0.0,1,0,0,1
10430,3,33,56.09,0,36.3,3.68,0,0,0,1
10646,0,12,21.16,1,43.55,7.23,1,1,0,0
10423,0,18,28.3,0,43.96,5.69,0,1,0,0
10177,7,23,91.9,3,35.46,3.43,0,0,1,0
10611,7,17,25.99,2,26.93,5.12,1,1,0,0
10210,6,25,20.02,1,34.48,4.88,0,1,0,0
10069,4,13,60.08,0,45.34,11.58,0,0,0,1
10236,4,42,20.95,0,48.11,8.99,1,1,0,0
10553,2,22,30.02,1,22.64,5.62,0,1,0,0
10105,1,29,26.68,0,46.41,7.69,0,1,0,0
10655,4,10,59.18,1,26.12,6.05,0,0,0,1
10286,3,61,83.46,1,51.34,12.88,0,0,1,0
10692,3,36,95.63,0,38.65,10.3,0,0,1,0
10269,2,36,56.18,0,21.08,2.86,0,0,0,1
10084,5,46,28.36,1,29.79,6.52,0,1,0,0
10473,1,60,53.62,3,42.41,9.82,0,0,0,1
10482,6,49,18.38,3,38.84,6.03,1,1,0,0
10338,1,9,51.21,1,40.26,6.33,0,0,0,1
10046,7,20,56.97,0,10.56,4.88,0,0,0,1
10592,1,46,24.48,0,38.81,11.02,0,1,0,0
10144,1,56,29.62,0,27.85,3.66,0,1,0,0
10376,0,57,93.79,0,47.13,13.34,0,0,1,0
10529,1,22,97.78,2,25.27,6.07,0,0,1,0
10368,0,6,93.2,1,20.15,5.08,1,0,1,0
10171,2,55,40.03,3,32.42,7.66,0,1,0,0
10618,0,43,28.72,0,37.79,8.37,0,1,0,0
10021,2,32,33.71,1,12.06,2.21,0,0,0,1
10330,2,23,36.74,0,37.05,5.46,1,1,0,0
10290,0,49,16.74,5,33.87,5.83,1,1,0,0
10177,4,20,91.9,2,34.41,10.17,0,0,1,0
10548,1,25,28.52,2,37.67,7.28,1,1,0,0
10419,5,6,97.95,1,33.88,6.6,0,0,1,0
10228,2,23,50.46,2,45.9,8.5,0,0,0,1
10628,4,49,54.82,0,21.42,4.82,0,0,0,1
10137,0,3,86.41,2,22.09,6.9,1,0,1,0
10127,0,32,65.09,2,49.8,9.43,1,0,0,1
10428,0,34,87.25,4,37.16,2.67,1,0,1,0
10009,3,32,18.73,1,26.42,4.94,0,1,0,0
10609,3,35,57.51,1,44.78,7.3,1,0,0,1
10260,3,9,97.75,2,32.17,8.68,1,0,1,0
10081,3,57,22.91,1,39.07,11.86,0,1,0,0
10386,1,18,21.94,4,42.62,6.93,1,1,0,0
10194,3,12,24.09,3,15.22,3.54,0,1,0,0
10592,0,45,24.48,0,34.69,9.47,0,1,0,0
10029,1,23,59.66,4,30.74,8.34,1,0,0,1
10477,6,37,25.92,1,33.84,8.33,0,1,0,0
10532,4,28,58.49,2,36.28,7.29,0,0,0,1
10629,4,9,93.94,6,9.75,2.62,1,0,1,0
10187,7,55,94.93,6,55.37,11.28,0,0,1,0
10010,3,31,24.97,0,8.08,1.89,0,1,0,0
10378,4,55,98.72,2,39.64,9.73,1,0,1,0
10146,2,28,24.15,3,53.04,9.6,0,1,0,0
10005,3,9,57.24,0,29.93,4.74,1,0,0,1
10080,3,50,55.43,3,45.3,6.6,0,0,0,1
10646,2,14,21.16,2,42.71,8.27,1,1,0,0
10087,3,40,58.53,2,31.04,3.33,1,0,0,1
10299,0,38,22.87,2,43.76,10.83,0,1,0,0
10620,1,9,59.88,1,55.64,8.53,0,0,0,1
10194,6,15,24.09,1,8.38,3.1,0,1,0,0
10067,2,19,47.21,5,34.77,10.92,1,0,0,1
10205,1,9,62.79,2,30.38,7.04,1,0,0,1
10626,4,51,25.72,1,29.2,3.99,0,1,0,0
10046,4,17,56.97,0,18.67,6.24,0,0,0,1
10684,1,51,48.66,3,37.83,7.9,0,0,0,1
10699,3,58,49.32,1,23.65,4.21,0,0,0,1
10099,1,4,30.67,2,17.93,3.55,0,1,0,0
10218,3,11,27.01,0,36.02,4.79,0,1,0,0
10513,2,58,26.9,3,27.23,7.11,0,1,0,0
10595,4,29,20.98,5,40.47,5.06,1,1,0,0
10048,3,14,90.72,1,34.25,8.21,0,0,1,0
10601,4,26,30.98,4,21.27,5.6,1,1,0,0
10288,1,17,50.54,1,43.29,8.14,0,0,0,1
10302,1,38,14.93,0,55.29,12.43,0,1,0,0
10358,3,36,23.8,3,40.72,6.81,1,1,0,0
10622,0,59,56.14,1,26.91,4.04,0,0,0,1
10276,1,4,18.03,4,24.42,6.77,0,1,0,0
10172,2,6,25.51,0,31.33,6.33,1,1,0,0
10136,2,6,25.78,1,20.1,5.47,0,1,0,0
10123,4,45,34.97,0,27.63,8.73,1,1,0,0
10466,0,27,18.41,3,38.57,8.78,0,1,0,0
10063,3,37,33.21,0,57.88,7.57,0,1,0,0
10481,4,52,99.86,1,45.08,11.23,1,0,1,0
10529,2,23,97.78,3,32.19,8.89,0,0,1,0
10209,5,61,98.71,4,19.58,7.07,0,0,1,0
10165,2,25,48.55,2,47.44,11.41,0,0,0,1
10697,1,8,73.67,1,30.07,4.33,0,0,0,1
10558,0,51,66.81,3,36.72,8.85,0,0,0,1
10091,4,31,52.48,0,49.22,4.7,1,0,0,1
10108,0,35,15.75,0,29.39,4.93,0,1,0,0
10358,5,38,23.8,1,39.26,12.2,0,1,0,0
10239,0,35,46.96,2,33.1,10.49,0,0,0,1
10679,3,17,56.63,1,62.85,11.71,0,0,0,1
10458,6,52,19.14,3,62.29,8.17,0,1,0,0
10215,5,17,34.14,1,12.49,0.03,0,1,0,0
10605,2,12,93.32,1,48.14,10.39,0,0,1,0
10490,2,22,25.85,1,33.55,4.67,0,1,0,0
10206,3,49,97.69,0,44.9,8.93,0,0,1,0
10038,1,22,59.73,0,30.32,6.95,0,0,0,1
10481,2,50,99.86,0,37.09,6.96,0,0,1,0
10195,2,21,49.72,2,35.37,10.63,1,0,0,1
10608,4,36,55.92,2,20.18,1.6,0,0,0,1
10013,5,52,55.29,3,21.72,1.31,0,0,0,1
10139,1,59,25.94,1,4.42,1.37,0,1,0,0
10537,2,52,60.44,0,36.29,7.49,0,0,0,1
10237,5,21,22.41,2,17.7,3.0,0,1,0,0
10384,4,15,23.22,2,17.13,11.13,0,1,0,0
10190,4,22,14.6,0,42.55,10.14,1,1,0,0
10186,0,14,57.78,3,28.36,10.75,1,0,0,1
10045,2,15,90.27,1,38.26,8.97,0,0,1,0
10290,1,50,16.74,2,30.24,7.05,1,1,0,0
10689,1,54,48.2,2,57.62,14.85,0,0,0,1
10395,3,33,25.16,0,32.61,7.65,0,1,0,0
10272,4,62,27.89,0,18.26,4.21,0,1,0,0
10349,3,21,37.17,4,20.64,2.73,1,1,0,0
10034,1,47,57.18,0,17.44,0.08,0,0,0,1
10262,0,31,19.86,0,45.49,8.15,0,1,0,0
10367,0,6,98.69,0,12.56,2.34,0,0,1,0
10500,0,33,96.42,3,26.71,5.23,0,0,1,0
10525,2,34,48.73,0,18.21,2.81,0,0,0,1
10626,0,47,25.72,3,27.26,5.25,0,1,0,0
10374,2,41,90.83,0,23.67,6.79,0,0,1,0
10681,5,35,29.37,2,42.9,13.5,1,1,0,0
10294,4,63,45.17,3,45.76,5.61,0,0,0,1
10572,2,38,47.51,4,18.27,5.01,0,0,0,1
10198,0,10,24.64,2,30.88,9.37,0,1,0,0
10178,1,28,57.74,1,42.21,8.87,0,0,0,1
10091,2,29,52.48,1,39.42,12.83,0,0,0,1
10431,2,11,16.94,3,6.86,1.94,1,1,0,0
10324,2,44,33.79,0,31.52,10.85,0,1,0,0
10447,3,23,51.87,5,43.41,7.54,0,0,0,1
10300,1,31,101.77,0,44.07,12.83,0,0,1,0
10582,0,58,27.23,5,37.54,4.78,0,1,0,0
10005,0,6,57.24,0,34.39,3.45,0,0,0,1
10399,5,10,21.51,2,52.03,8.81,0,1,0,0
10205,2,10,62.79,3,20.92,3.88,1,0,0,1
10439,3,8,48.51,1,47.28,11.43,1,0,0,1
10083,3,47,62.15,1,22.29,2.02,1,0,0,1
10081,1,55,22.91,0,48.32,6.41,0,1,0,0
10400,4,23,96.28,0,26.01,6.66,0,0,1,0
10086,4,20,34.55,0,39.15,8.6,0,1,0,0
10463,2,31,64.16,0,22.63,2.93,0,0,0,1
10603,5,14,22.43,2,40.38,6.55,1,1,0,0
10628,4,49,54.82,0,21.42,4.82,0,0,0,1
10674,7,27,94.66,2,48.94,7.72,0,0,1,0
10563,0,56,59.16,2,25.26,8.09,0,0,0,1
10399,2,7,21.51,1,51.16,10.78,0,1,0,0
10305,3,50,13.67,0,37.97,4.7,0,1,0,0
10425,0,12,102.56,0,27.31,8.8,0,0,1,0
10328,3,52,52.86,2,36.03,9.6,0,0,0,1
10516,0,34,22.49,0,48.96,11.08,0,1,0,0
10593,4,63,20.34,1,27.83,3.96,0,1,0,0
10354,3,21,40.21,3,76.29,15.02,0,1,0,0
10602,1,46,17.86,3,43.17,9.36,0,1,0,0
10479,1,21,57.44,3,33.77,6.35,0,0,0,1
10044,1,30,25.22,0,30.22,6.56,0,1,0,0
10309,2,32,51.74,1,46.28,12.35,0,0,0,1
10075,5,61,17.91,1,22.33,2.6,0,1,0,0
10370,4,60,21.07,1,23.12,7.13,0,1,0,0
10362,0,13,29.03,0,39.19,7.42,0,1,0,0
10656,0,52,19.43,1,41.89,3.86,0,1,0,0
10395,3,33,25.16,0,32.61,7.65,0,1,0,0
10077,1,4,47.96,2,21.11,2.89,1,0,0,1
10037,1,16,57.92,1,40.22,13.1,0,0,0,1
10496,3,53,13.91,1,33.86,8.35,0,1,0,0
10626,4,51,25.72,1,29.2,3.99,0,1,0,0
10657,1,16,55.93,1,19.21,2.15,1,0,0,1
10084,1,42,28.36,0,25.43,7.88,0,1,0,0
10222,3,18,61.55,3,52.53,11.82,0,0,0,1
10596,3,22,19.95,1,36.53,11.83,0,1,0,0
10301,2,47,29.97,1,23.9,6.02,1,1,0,0
10064,7,12,31.3,0,35.33,7.35,1,1,0,0
10430,0,30,56.09,2,37.55,5.27,0,0,0,1
10087,4,41,58.53,0,25.72,5.46,1,0,0,1
10059,3,36,87.86,2,33.29,6.13,0,0,1,0
10680,4,54,90.48,2,14.22,4.29,0,0,1,0
10520,4,24,21.37,6,46.71,10.67,1,1,0,0
10235,2,4,88.62,1,28.68,3.83,0,0,1,0
10243,4,47,97.59,1,26.54,7.29,0,0,1,0
10303,6,59,56.02,2,33.22,5.78,0,0,0,1
10385,0,38,60.92,1,45.85,7.75,0,0,0,1
10434,1,4,62.52,0,31.47,3.34,1,0,0,1
10325,0,54,20.9,2,37.71,9.54,0,1,0,0
10048,5,16,90.72,1,33.09,7.6,0,0,1,0
10538,6,23,90.25,1,23.29,2.62,0,0,1,0
10518,0,31,96.56,1,38.42,11.25,0,0,1,0
10333,1,59,59.05,1,38.24,4.1,0,0,0,1
10113,2,7,26.94,1,14.36,5.41,0,1,0,0
10305,5,52,13.67,0,27.57,4.1,0,1,0,0
10254,2,19,32.31,0,44.68,7.16,0,1,0,0
10458,1,47,19.14,1,59.37,11.81,1,1,0,0
10596,5,24,19.95,3,37.81,4.58,0,1,0,0
10070,1,49,24.98,1,53.46,10.74,0,1,0,0
10372,2,34,50.31,0,32.48,8.14,0,0,0,1
10306,1,27,29.25,3,26.49,5.55,1,1,0,0
10566,0,51,24.34,1,28.26,6.27,1,1,0,0
10424,3,4,26.53,0,23.15,4.13,0,1,0,0
10694,0,16,49.86,0,59.26,13.76,0,0,0,1
10652,2,33,102.34,1,15.34,3.14,0,0,1,0
10388,0,25,100.65,1,63.65,12.35,0,0,1,0
10673,3,60,14.54,1,35.1,8.17,0,1,0,0
10290,5,54,16.74,4,34.33,6.63,1,1,0,0
10043,2,59,48.52,1,28.91,3.88,0,0,0,1
10686,1,3,96.6,0,37.23,9.0,0,0,1,0
10247,2,5,104.3,3,1.0,0.0,1,0,1,0
10502,0,58,48.3,0,53.51,14.48,0,0,0,1
10571,1,51,96.0,3,32.5,1.4,0,0,1,0
10426,3,52,27.1,2,12.74,1.41,1,1,0,0
10553,0,20,30.02,3,24.3,5.41,0,1,0,0
10221,1,44,59.01,2,24.3,5.03,0,0,0,1
10323,0,37,58.72,1,30.61,8.39,0,0,0,1
10272,2,60,27.89,2,15.63,1.84,0,1,0,0
10574,5,17,18.14,3,42.7,4.69,1,1,0,0
10199,1,50,38.11,1,42.31,7.14,0,1,0,0
10672,3,53,55.33,2,35.19,4.35,1,0,0,1
10332,3,48,99.06,2,40.28,1.92,0,0,1,0
10220,0,18,57.89,3,33.49,4.61,0,0,0,1
10383,1,26,79.33,1,41.73,8.48,0,0,1,0
10313,3,57,94.89,0,39.14,6.61,0,0,1,0
10101,2,22,92.98,3,28.08,5.77,1,0,1,0
10685,6,64,102.5,0,40.26,7.18,0,0,1,0
10071,0,49,30.55,2,37.18,5.38,0,1,0,0
10020,1,29,103.6,0,29.05,4.41,1,0,1,0
10296,1,58,17.33,2,35.57,6.21,0,1,0,0
10644,0,41,27.59,2,27.37,5.07,0,1,0,0
10095,3,58,65.91,0,53.02,12.86,0,0,0,1
10293,2,25,23.15,1,48.66,10.31,0,1,0,0
10364,3,45,20.89,1,38.66,7.49,0,1,0,0
10295,0,12,64.26,4,51.06,6.86,0,0,0,1
10372,4,36,50.31,0,41.59,5.32,1,0,0,1
10575,4,38,19.22,0,18.01,2.6,0,1,0,0
10381,2,5,26.07,2,26.66,4.92,0,1,0,0
10584,0,35,22.43,0,31.03,8.66,0,1,0,0
10612,3,62,99.48,1,24.59,5.38,0,0,1,0
10536,2,6,58.52,2,23.0,3.57,1,0,0,1
10624,3,58,58.84,0,39.21,6.56,0,0,0,1
10311,2,49,16.51,0,31.87,6.75,0,1,0,0
10292,0,12,41.18,0,53.35,12.86,0,0,0,1
10329,1,7,91.38,4,28.59,5.78,1,0,1,0
10099,4,7,30.67,1,25.73,2.3,1,1,0,0
10014,2,17,26.72,3,46.52,8.96,0,1,0,0
10070,0,48,24.98,2,52.89,12.69,0,1,0,0
10425,3,15,102.56,0,22.75,3.93,0,0,1,0
10364,4,46,20.89,2,43.68,8.49,0,1,0,0
10537,5,55,60.44,2,35.17,3.61,1,0,0,1
10531,1,33,93.54,0,21.7,3.6,0,0,1,0
10058,5,31,18.72,3,38.35,11.21,1,1,0,0
10571,5,55,96.0,1,32.93,3.12,0,0,1,0
10237,0,16,22.41,0,20.07,6.09,0,1,0,0
10628,1,46,54.82,1,23.07,1.0,0,0,0,1
10456,2,57,18.5,2,35.55,5.38,0,1,0,0
10169,2,59,17.78,1,41.95,7.47,0,1,0,0
10500,4,37,96.42,3,17.81,3.85,0,0,1,0
10642,7,60,57.16,2,40.49,5.64,0,0,0,1
10129,6,30,27.91,2,23.32,7.75,0,1,0,0
10440,2,17,49.18,1,37.31,6.2,0,0,0,1
10086,6,22,34.55,0,41.41,3.04,0,1,0,0
10188,2,29,49.51,0,36.99,7.32,0,0,0,1
10068,3,59,98.99,4,23.5,4.25,0,0,1,0
10537,6,56,60.44,0,38.95,7.67,0,0,0,1
10335,2,21,29.25,3,25.11,9.26,0,1,0,0
10209,2,58,98.71,2,32.38,8.97,0,0,1,0
10243,0,43,97.59,0,25.35,2.14,1,0,1,0
10246,0,9,24.29,2,39.69,6.23,0,1,0,0
10630,4,36,19.28,5,9.31,4.71,0,1,0,0
10524,0,25,47.64,2,50.46,9.12,0,0,0,1
10377,1,34,15.79,2,21.25,5.16,0,1,0,0
10579,7,24,88.95,1,45.84,7.93,0,0,1,0
10070,2,50,24.98,0,47.9,12.9,0,1,0,0
10374,3,42,90.83,1,22.8,2.59,0,0,1,0
10503,0,50,56.78,1,20.34,5.89,0,0,0,1
10584,0,35,22.43,0,31.03,8.66,0,1,0,0
10504,3,49,21.92,0,53.42,8.39,0,1,0,0
10015,3,45,38.05,1,20.63,0.48,0,1,0,0
10014,3,18,26.72,0,44.32,4.14,0,1,0,0
10123,2,43,34.97,0,26.89,3.93,0,1,0,0
10061,0,46,94.0,0,45.85,9.13,0,0,1,0
10261,2,35,11.37,2,27.33,8.5,0,1,0,0
10469,0,5,52.12,0,44.78,9.16,0,0,0,1
10206,0,46,97.69,3,45.71,6.14,0,0,1,0
10412,5,41,87.57,0,15.67,2.99,1,0,1,0
10438,5,31,29.83,2,60.03,18.01,1,1,0,0
10151,3,55,55.28,0,5.53,3.94,0,0,0,1
10274,2,11,54.66,0,39.39,6.35,0,0,0,1
10573,1,17,35.02,1,49.46,8.68,0,1,0,0
10481,1,49,99.86,5,42.32,9.98,1,0,1,0
10478,4,33,33.52,2,22.27,4.43,1,1,0,0
10615,0,15,57.34,1,30.1,5.46,1,0,0,1
10121,3,6,18.82,2,56.9,14.87,1,1,0,0
10567,2,26,63.73,1,34.15,5.81,0,0,0,1
10159,3,43,33.14,0,41.28,4.74,0,1,0,0
10250,0,2,98.33,0,41.0,6.91,0,0,1,0
10323,1,38,58.72,1,29.56,6.43,0,0,0,1
10681,3,33,29.37,3,40.04,9.25,0,1,0,0
10155,2,28,93.15,1,40.73,6.77,1,0,1,0
10540,2,60,18.18,2,28.26,4.07,0,1,0,0
10293,3,26,23.15,0,44.35,10.9,1,1,0,0
10069,2,11,60.08,2,44.71,8.63,1,0,0,1
10261,3,36,11.37,0,27.85,9.27,0,1,0,0
10619,6,10,67.32,1,53.59,10.25,0,0,0,1
10038,2,23,59.73,3,39.96,8.51,1,0,0,1
10467,1,25,26.66,2,52.64,7.34,1,1,0,0
10025,2,15,53.8,0,18.6,5.57,0,0,0,1
10570,0,58,50.92,0,36.73,9.02,0,0,0,1
10061,0,46,94.0,0,45.85,9.13,0,0,1,0
10468,2,57,25.44,4,36.36,9.0,0,1,0,0
10641,0,24,55.76,2,14.11,3.69,1,0,0,1
10067,3,20,47.21,1,33.49,9.48,0,0,0,1
10083,6,50,62.15,3,25.9,2.63,1,0,0,1
10696,1,38,26.72,3,33.58,7.78,1,1,0,0
10130,1,33,68.79,5,28.26,9.64,1,0,0,1
10019,1,57,55.83,2,40.52,6.77,0,0,0,1
10517,3,41,50.46,4,32.25,6.87,0,0,0,1
10099,0,3,30.67,1,22.75,3.71,1,1,0,0
10557,2,11,29.37,0,27.49,8.32,0,1,0,0
10594,3,9,40.29,2,39.92,7.48,0,1,0,0
10202,0,56,19.85,0,29.4,7.95,0,1,0,0
10331,1,7,63.39,2,17.38,4.43,0,0,0,1
10256,4,59,94.78,5,26.24,6.54,1,0,1,0
10031,0,23,22.33,0,19.62,6.82,0,1,0,0
10310,6,54,29.64,1,48.01,6.75,0,1,0,0
10611,2,12,25.99,4,26.74,8.63,1,1,0,0
10057,4,53,57.52,0,44.38,7.67,0,0,0,1
10589,7,34,20.75,2,9.34,2.54,0,1,0,0
10474,4,34,26.93,3,45.24,10.83,1,1,0,0
10625,6,27,105.13,2,9.64,1.38,1,0,1,0
10128,1,41,18.95,0,33.08,5.91,0,1,0,0
10462,4,25,60.55,1,23.32,5.38,0,0,0,1
10074,5,46,31.2,2,42.33,7.99,0,1,0,0
10116,0,37,19.83,2,25.4,2.81,0,1,0,0
10557,1,10,29.37,0,23.91,7.91,0,1,0,0
10176,0,55,61.48,1,25.28,5.71,0,0,0,1
10142,5,9,60.17,2,14.14,0.99,0,0,0,1
10633,2,50,10.15,3,28.02,6.56,0,1,0,0
10504,3,49,21.92,0,53.42,8.39,0,1,0,0
10262,1,32,19.86,1,41.71,13.75,0,1,0,0
10428,1,35,87.25,0,27.41,1.67,0,0,1,0
10119,1,47,27.99,4,36.38,5.22,0,1,0,0
10342,1,57,20.02,1,33.91,3.54,0,1,0,0
10083,2,46,62.15,1,24.71,4.66,0,0,0,1
10591,2,51,57.54,2,51.94,9.75,0,0,0,1
10560,2,44,91.83,0,30.27,3.96,0,0,1,0
10481,6,54,99.86,2,45.73,9.72,0,0,1,0
10472,0,1,89.19,0,52.4,9.74,0,0,1,0
10155,5,31,93.15,3,32.98,9.13,1,0,1,0
10521,2,9,14.23,1,34.85,7.84,0,1,0,0
10222,5,20,61.55,0,46.77,11.56,0,0,0,1
10419,2,3,97.95,1,24.59,3.28,0,0,1,0
10365,6,7,53.16,3,31.84,6.76,1,0,0,1
10522,1,49,92.56,3,69.54,12.0,0,0,1,0
10603,6,15,22.43,1,44.29,11.5,1,1,0,0
10033,6,43,93.67,1,49.3,11.94,0,0,1,0
10612,2,61,99.48,1,23.96,0.73,0,0,1,0
10067,2,19,47.21,5,34.77,10.92,1,0,0,1
10211,3,15,93.92,1,31.77,6.31,0,0,1,0
10366,6,28,58.54,3,34.41,8.28,0,0,0,1
10580,2,4,48.74,0,42.57,8.79,0,0,0,1
10310,2,50,29.64,1,54.59,9.17,0,1,0,0
10048,1,12,90.72,2,36.2,4.87,0,0,1,0
10213,3,9,55.02,2,38.12,10.11,1,0,0,1
10388,7,32,100.65,0,61.93,15.72,0,0,1,0
10469,6,11,52.12,2,45.7,8.6,1,0,0,1
10075,1,57,17.91,0,18.09,4.74,0,1,0,0
10234,2,41,103.31,0,37.7,7.91,0,0,1,0
10676,0,41,101.08,1,37.69,7.13,0,0,1,0
10660,2,7,23.12,0,23.12,2.76,0,1,0,0
10639,0,23,98.28,3,27.33,6.8,1,0,1,0
10296,0,57,17.33,1,30.1,7.57,0,1,0,0
10571,5,55,96.0,1,32.93,3.12,0,0,1,0
10005,2,8,57.24,1,26.09,4.72,0,0,0,1
10234,0,39,103.31,0,33.99,10.31,0,0,1,0
10693,0,43,53.92,1,47.97,7.11,0,0,0,1
10271,2,13,18.54,3,52.45,10.39,1,1,0,0
10167,5,54,60.22,2,31.97,7.55,0,0,0,1
10693,1,44,53.92,1,50.87,9.51,0,0,0,1
10106,2,49,104.01,0,19.57,6.63,0,0,1,0
10525,1,33,48.73,1,23.79,4.19,1,0,0,1
10508,2,24,31.39,3,12.66,2.58,1,1,0,0
10623,0,34,23.2,1,17.67,1.24,0,1,0,0
10424,0,1,26.53,2,29.42,4.94,0,1,0,0
10239,4,39,46.96,2,27.79,9.24,0,0,0,1
10433,3,57,16.29,2,29.54,2.89,0,1,0,0
10377,4,37,15.79,2,23.49,5.02,0,1,0,0
10340,2,56,66.26,2,48.3,7.57,1,0,0,1
10505,2,35,60.32,1,38.44,7.19,0,0,0,1
10604,2,31,90.36,1,32.02,3.6,0,0,1,0
10378,0,51,98.72,0,37.76,8.77,0,0,1,0
10397,2,57,22.64,0,39.47,12.14,0,1,0,0
10635,1,52,66.91,1,42.38,8.46,0,0,0,1
10105,4,32,26.68,3,37.82,12.64,0,1,0,0
10652,5,36,102.34,4,13.79,3.32,0,0,1,0
10149,0,29,15.92,2,36.6,9.78,1,1,0,0
10574,7,19,18.14,2,43.17,8.27,1,1,0,0
10419,0,1,97.95,2,33.84,11.46,1,0,1,0
10352,2,23,15.0,3,24.83,5.78,1,1,0,0
10239,1,36,46.96,1,35.46,7.96,0,0,0,1
10205,3,11,62.79,4,25.76,8.91,1,0,0,1
10465,0,19,18.68,1,53.55,10.64,0,1,0,0
10277,4,50,12.99,1,31.72,7.07,0,1,0,0
10455,2,42,44.13,2,30.08,10.78,0,0,0,1
10462,0,21,60.55,2,15.72,6.81,1,0,0,1
10323,2,39,58.72,0,35.42,7.33,0,0,0,1
10222,4,19,61.55,0,46.17,10.22,0,0,0,1
10255,0,7,31.81,0,48.21,7.15,0,1,0,0
10604,3,32,90.36,1,27.34,6.39,1,0,1,0
10579,2,19,88.95,1,32.82,6.62,0,0,1,0
10205,3,11,62.79,4,25.76,8.91,1,0,0,1
10415,0,48,32.76,1,16.17,3.01,0,1,0,0
10693,2,45,53.92,0,38.45,9.05,0,0,0,1
10480,4,11,51.29,2,28.37,5.65,1,0,0,1
10273,0,33,95.44,2,33.14,7.06,0,0,1,0
10471,0,31,58.57,3,24.57,7.75,1,0,0,1
10239,0,35,46.96,2,33.1,10.49,0,0,0,1
10223,3,7,14.62,0,57.04,7.56,0,1,0,0
10410,0,50,54.61,5,42.46,9.34,1,0,0,1
10295,6,18,64.26,2,40.11,9.17,1,0,0,1
10513,6,62,26.9,1,31.88,5.76,0,1,0,0
10023,4,25,52.73,2,13.59,3.4,1,0,0,1
10487,5,62,94.28,4,46.61,7.69,1,0,1,0
10326,4,58,84.76,1,30.79,7.0,0,0,1,0
10572,3,39,47.51,4,29.77,4.44,0,0,0,1
10499,2,45,23.62,3,50.48,9.98,1,1,0,0
10143,1,51,58.86,1,17.71,5.73,0,0,0,1
10255,1,8,31.81,1,49.55,6.66,0,1,0,0
10424,2,3,26.53,2,23.49,2.58,1,1,0,0
10449,0,3,24.1,2,40.03,8.45,0,1,0,0
10316,2,28,52.08,2,28.01,3.5,1,0,0,1
10615,7,22,57.34,0,22.12,4.78,0,0,0,1
10692,2,35,95.63,3,28.51,4.88,0,0,1,0
10517,0,38,50.46,1,22.21,2.38,0,0,0,1
10340,1,55,66.26,2,52.29,9.91,0,0,0,1
10484,3,14,54.79,0,15.63,3.68,0,0,0,1
10390,3,31,31.74,1,44.12,6.98,0,1,0,0
10149,0,29,15.92,2,36.6,9.78,1,1,0,0
10351,6,49,58.96,2,35.38,7.47,0,0,0,1
10116,1,38,19.83,2,25.83,5.89,1,1,0,0
10267,0,41,48.39,1,18.2,6.04,0,0,0,1
10293,5,28,23.15,3,42.4,6.05,1,1,0,0
10324,3,45,33.79,2,39.39,6.69,0,1,0,0
10403,3,59,27.84,3,42.77,7.2,0,1,0,0
10343,5,62,87.26,1,35.48,7.26,0,0,1,0
10148,0,34,56.36,0,24.56,1.73,0,0,0,1
10000,7,52,56.98,2,22.88,1.73,0,0,0,1
10446,1,49,20.14,3,22.33,2.51,1,1,0,0
10183,1,7,23.07,0,52.23,6.47,0,1,0,0
10417,0,37,51.01,0,21.18,5.04,1,0,0,1
10545,2,26,55.6,0,31.1,4.11,0,0,0,1
10084,4,45,28.36,0,26.9,6.15,0,1,0,0
10079,0,55,27.6,2,39.86,9.52,1,1,0,0
10138,0,28,72.1,3,42.65,8.07,1,0,0,1
10388,5,30,100.65,0,66.4,14.57,0,0,1,0
10663,4,10,16.85,2,44.9,7.21,1,1,0,0
10347,0,3,13.88,1,36.99,5.89,0,1,0,0
10153,5,43,21.95,3,43.01,6.96,0,1,0,0
10395,0,30,25.16,0,35.03,9.17,0,1,0,0
10022,0,14,21.29,2,28.31,4.59,1,1,0,0
10268,5,16,19.89,0,38.06,6.9,0,1,0,0
10345,5,40,57.38,4,30.4,6.37,1,0,0,1
10593,5,64,20.34,2,33.3,6.86,0,1,0,0
10419,5,6,97.95,1,33.88,6.6,0,0,1,0
10161,2,13,61.04,0,17.41,4.82,1,0,0,1
10256,2,57,94.78,5,35.78,8.27,1,0,1,0
10189,3,41,29.52,3,43.86,6.7,0,1,0,0
10109,6,43,83.33,0,21.79,5.57,1,0,1,0
10120,2,15,63.81,2,40.3,4.6,0,0,0,1
10376,2,59,93.79,1,48.71,6.78,0,0,1,0
10369,0,16,17.73,0,40.04,10.22,0,1,0,0
10426,2,51,27.1,4,16.84,3.12,1,1,0,0
10202,5,61,19.85,0,35.38,7.45,0,1,0,0
10248,6,49,56.76,5,24.86,8.95,1,0,0,1
10464,4,44,31.59,3,38.21,6.56,1,1,0,0
10326,5,59,84.76,2,30.81,5.54,1,0,1,0
10274,0,9,54.66,0,37.07,5.87,0,0,0,1
10024,1,17,65.66,1,28.04,5.53,0,0,0,1
10552,3,37,60.18,0,32.87,4.78,0,0,0,1
10450,4,27,101.5,0,49.69,7.37,0,0,1,0
10075,7,63,17.91,1,20.48,2.37,0,1,0,0
10028,3,27,86.64,1,28.81,7.14,0,0,1,0
10665,1,54,28.86,2,26.69,6.31,0,1,0,0
10451,4,38,101.2,0,29.04,4.92,0,0,1,0
10451,2,36,101.2,1,29.65,5.12,0,0,1,0
10011,0,38,19.58,2,35.51,8.1,0,1,0,0
10472,3,4,89.19,1,51.72,11.23,0,0,1,0
10336,0,28,50.39,1,47.6,12.18,0,0,0,1
10574,1,13,18.14,3,41.07,8.9,1,1,0,0
10658,1,25,32.82,4,38.48,6.61,1,1,0,0
10626,7,54,25.72,2,22.5,7.5,0,1,0,0
10286,4,62,83.46,2,50.01,12.39,0,0,1,0
10671,0,9,22.94,3,33.88,5.82,1,1,0,0
10663,1,7,16.85,1,39.23,4.4,1,1,0,0
10607,1,7,18.07,4,26.11,5.77,1,1,0,0
10394,0,50,56.83,0,2.86,4.4,0,0,0,1
10678,4,14,90.21,0,17.17,2.24,0,0,1,0
10040,1,38,35.0,1,39.09,9.32,0,1,0,0
10624,6,61,58.84,2,30.24,6.18,1,0,0,1
10023,1,22,52.73,0,14.86,4.41,0,0,0,1
10439,1,6,48.51,2,58.04,11.0,0,0,0,1
10578,2,7,60.09,1,34.02,8.06,1,0,0,1
10394,1,51,56.83,0,8.82,1.33,0,0,0,1
10418,3,27,19.73,1,31.05,8.01,0,1,0,0
10033,4,41,93.67,1,53.54,12.17,0,0,1,0
10179,3,11,25.0,2,36.91,7.62,0,1,0,0
10116,2,39,19.83,4,23.81,7.21,0,1,0,0
10615,1,16,57.34,0,26.8,6.24,1,0,0,1
10336,7,35,50.39,2,48.7,11.97,0,0,0,1
10638,4,10,55.29,0,40.71,10.77,1,0,0,1
10247,2,5,104.3,3,1.0,0.0,1,0,1,0
10033,4,41,93.67,1,53.54,12.17,0,0,1,0
10114,0,21,47.38,0,19.28,5.79,1,0,0,1
10568,2,36,35.98,0,32.17,4.76,0,1,0,0
10048,4,15,90.72,2,32.13,8.69,1,0,1,0
10438,7,33,29.83,0,62.04,9.54,0,1,0,0
10130,1,33,68.79,5,28.26,9.64,1,0,0,1
10351,5,48,58.96,2,24.64,5.63,0,0,0,1
10402,2,57,16.19,2,14.48,2.41,0,1,0,0
10590,0,57,22.88,0,52.64,8.78,0,1,0,0
10328,1,50,52.86,3,40.88,9.22,0,0,0,1
10040,4,41,35.0,1,35.2,4.41,0,1,0,0
10398,1,24,45.34,0,22.89,2.36,0,0,0,1
10643,4,14,23.95,0,36.34,4.61,0,1,0,0
10377,0,33,15.79,2,28.54,5.66,1,1,0,0
10383,2,27,79.33,2,47.21,5.87,0,0,1,0
10215,2,14,34.14,2,16.59,0.0,1,1,0,0
10545,5,29,55.6,2,32.1,7.89,0,0,0,1
10607,0,6,18.07,0,22.18,3.69,0,1,0,0
10460,4,49,30.65,1,29.9,6.2,0,1,0,0
10400,2,21,96.28,0,25.51,2.57,1,0,1,0
10465,2,21,18.68,1,58.22,7.91,0,1,0,0
10530,0,40,46.24,2,46.92,10.28,0,0,0,1
10433,2,56,16.29,1,24.93,9.26,0,1,0,0
10689,3,56,48.2,1,49.3,13.24,0,0,0,1
10053,0,1,93.92,1,40.91,7.71,0,0,1,0
10611,0,10,25.99,1,24.38,4.35,1,1,0,0
10171,1,54,40.03,3,32.01,11.88,0,1,0,0
10676,3,44,101.08,0,42.29,7.85,0,0,1,0
10441,2,12,22.24,2,28.96,7.39,0,1,0,0
10434,3,6,62.52,1,21.87,7.98,0,0,0,1
10259,1,21,53.71,0,39.61,9.26,0,0,0,1
10171,3,56,40.03,2,35.85,5.99,0,1,0,0
10005,4,10,57.24,0,24.81,2.86,0,0,0,1
10253,2,16,31.61,2,30.42,7.52,0,1,0,0
10447,2,22,51.87,2,46.26,9.47,0,0,0,1
10033,1,38,93.67,2,50.03,11.54,0,0,1,0
10456,5,60,18.5,0,34.05,0.92,0,1,0,0
10416,3,42,35.75,4,23.74,4.47,0,1,0,0
10297,1,54,33.67,3,33.41,5.49,0,1,0,0
10281,4,41,63.06,0,43.57,8.35,0,0,0,1
10114,3,24,47.38,1,29.46,6.85,0,0,0,1
10200,3,47,54.79,1,31.06,7.16,0,0,0,1
10349,0,18,37.17,5,23.64,4.8,1,1,0,0
10113,3,8,26.94,0,10.25,4.28,0,1,0,0
10165,0,23,48.55,1,37.8,10.98,1,0,0,1
10637,0,7,27.14,4,40.8,7.95,1,1,0,0
10145,1,13,89.8,3,45.88,11.45,1,0,1,0
10297,4,57,33.67,3,37.39,7.01,0,1,0,0
10600,2,31,93.62,0,52.61,12.24,0,0,1,0
10469,5,10,52.12,2,45.95,7.76,0,0,0,1
10511,2,47,31.91,1,44.4,12.59,0,1,0,0
10004,4,10,25.96,1,5.62,7.61,0,1,0,0
10606,2,58,45.12,1,35.84,8.3,0,0,0,1
10666,2,12,97.23,2,14.06,4.43,1,0,1,0
10627,1,30,14.47,0,50.64,13.3,0,1,0,0
10013,4,51,55.29,4,22.82,4.4,0,0,0,1
10111,5,43,23.96,1,31.74,6.07,1,1,0,0
10649,0,6,45.02,1,37.62,8.85,1,0,0,1
10580,0,2,48.74,3,38.58,8.61,0,0,0,1
10483,1,51,16.51,1,24.57,4.19,0,1,0,0
10407,3,25,29.99,1,31.52,9.11,0,1,0,0
10365,2,3,53.16,3,20.0,6.3,1,0,0,1
10288,0,16,50.54,3,38.09,9.5,0,0,0,1
10276,0,3,18.03,1,27.19,2.95,1,1,0,0
10384,6,17,23.22,0,18.01,4.52,0,1,0,0
10581,2,29,64.83,0,38.06,7.75,0,0,0,1
10197,3,59,16.22,3,36.01,6.87,0,1,0,0
10495,7,47,20.58,2,11.47,0.0,0,1,0,0
10327,1,47,103.21,1,34.01,9.13,0,0,1,0
10521,0,7,14.23,2,33.59,7.76,0,1,0,0
10231,2,41,33.7,1,59.52,13.61,0,1,0,0
10487,4,61,94.28,0,54.32,8.09,0,0,1,0
10536,1,5,58.52,0,19.54,4.33,1,0,0,1
10628,6,51,54.82,1,27.55,1.94,0,0,0,1
10213,4,10,55.02,2,37.72,8.6,0,0,0,1
10599,1,52,98.22,0,43.87,4.17,0,0,1,0
10495,0,40,20.58,0,1.33,1.07,0,1,0,0
10021,3,33,33.71,0,17.95,1.43,0,0,0,1
10626,2,49,25.72,3,31.4,4.3,0,1,0,0
10610,0,44,49.03,1,31.38,7.49,0,0,0,1
10219,4,6,23.93,1,12.37,3.48,1,1,0,0
10683,2,13,24.33,2,42.24,8.23,1,1,0,0
10664,2,60,18.24,0,42.44,8.43,1,1,0,0
10063,4,38,33.21,0,52.05,11.91,0,1,0,0
10495,3,43,20.58,1,14.91,1.32,0,1,0,0
10366,5,27,58.54,1,40.84,10.34,0,0,0,1
10359,2,48,19.9,0,44.11,7.8,0,1,0,0
10141,0,6,49.64,1,38.04,4.37,0,0,0,1
10353,0,17,62.38,3,33.63,7.09,0,0,0,1
10125,2,19,54.24,1,42.68,7.86,1,0,0,1
10499,4,47,23.62,2,42.01,7.57,0,1,0,0
10649,6,12,45.02,4,34.56,8.76,0,0,0,1
10218,4,12,27.01,1,27.62,9.32,0,1,0,0
10481,3,51,99.86,0,44.03,9.37,0,0,1,0
10079,7,62,27.6,2,51.19,8.19,0,1,0,0
10241,0,24,17.22,1,21.67,4.22,0,1,0,0
10685,5,63,102.5,1,38.26,7.64,0,0,1,0
10123,4,45,34.97,0,27.63,8.73,1,1,0,0
10066,0,29,56.13,0,38.39,9.44,0,0,0,1
10083,5,49,62.15,3,17.25,5.91,0,0,0,1
10131,4,24,96.48,1,23.72,5.58,1,0,1,0
10350,4,29,24.26,3,12.7,3.1,0,1,0,0
10221,4,47,59.01,2,23.08,7.03,0,0,0,1
10004,6,12,25.96,1,1.0,1.95,1,1,0,0
10510,3,31,98.23,5,25.8,3.24,1,0,1,0
10073,5,53,24.14,1,32.56,3.44,0,1,0,0
10656,4,56,19.43,3,36.97,7.51,0,1,0,0
10242,0,45,100.28,2,45.28,12.77,0,0,1,0
10592,2,47,24.48,1,38.38,7.6,0,1,0,0
10292,1,13,41.18,1,57.49,12.36,0,0,0,1
10154,5,10,23.5,0,50.13,10.8,0,1,0,0
10306,4,30,29.25,4,19.89,1.48,1,1,0,0
10631,1,37,23.53,0,54.72,10.94,0,1,0,0
10314,1,18,52.91,4,37.45,6.56,0,0,0,1
10585,5,51,30.67,1,28.78,3.59,0,1,0,0
10138,2,30,72.1,3,46.46,9.72,1,0,0,1
10186,2,16,57.78,2,42.36,10.35,1,0,0,1
10075,4,60,17.91,0,22.71,0.91,0,1,0,0
10227,5,12,53.54,3,46.79,7.39,0,0,0,1
10003,1,44,22.91,0,37.01,11.19,0,1,0,0
10236,3,41,20.95,1,39.24,10.69,0,1,0,0
10043,3,60,48.52,2,32.06,7.67,0,0,0,1
10573,3,19,35.02,6,37.02,9.29,0,1,0,0
10676,4,45,101.08,1,38.61,7.04,0,0,1,0
10125,0,17,54.24,0,42.16,8.69,0,0,0,1
10157,1,58,26.69,6,17.77,5.62,0,1,0,0
10643,2,12,23.95,0,36.86,5.07,0,1,0,0
10244,4,48,60.36,2,37.74,6.64,0,0,0,1
10655,4,10,59.18,1,26.12,6.05,0,0,0,1
10638,1,7,55.29,1,43.58,10.22,0,0,0,1
10161,3,14,61.04,4,19.32,4.44,1,0,0,1
10680,5,55,90.48,0,19.52,4.52,0,0,1,0
10111,6,44,23.96,1,39.55,4.89,0,1,0,0
10144,6,61,29.62,3,26.85,5.86,0,1,0,0
10167,6,55,60.22,1,31.94,2.54,0,0,0,1
10536,2,6,58.52,2,23.0,3.57,1,0,0,1
10316,4,30,52.08,2,29.55,5.52,1,0,0,1
10611,4,14,25.99,2,22.96,4.87,1,1,0,0
10373,4,21,11.41,1,35.79,4.83,0,1,0,0
10682,5,36,96.14,0,38.5,9.7,0,0,1,0
10292,3,15,41.18,2,57.25,11.33,0,0,0,1
10508,3,25,31.39,2,13.16,3.99,0,1,0,0
10198,0,10,24.64,2,30.88,9.37,0,1,0,0
10191,6,60,93.06,2,36.52,4.92,0,0,1,0
10129,5,29,27.91,2,33.75,5.7,0,1,0,0
10213,4,10,55.02,2,37.72,8.6,0,0,0,1
10087,1,38,58.53,2,29.79,5.64,1,0,0,1
10398,1,24,45.34,0,22.89,2.36,0,0,0,1
10200,1,45,54.79,1,31.35,5.14,0,0,0,1
10158,1,33,26.38,1,30.82,7.21,0,1,0,0
10321,1,48,58.67,0,70.87,10.34,0,0,0,1
10125,1,18,54.24,2,38.29,7.03,0,0,0,1
10692,6,39,95.63,1,39.16,8.96,0,0,1,0
10111,7,45,23.96,0,29.0,8.93,0,1,0,0
10032,3,13,62.02,1,34.06,5.34,0,0,0,1
10415,5,53,32.76,0,27.59,2.31,1,1,0,0
10455,7,47,44.13,2,32.35,3.15,1,0,0,1
10018,5,48,16.44,2,28.13,7.13,0,1,0,0
10225,2,29,21.62,1,28.78,8.19,0,1,0,0
10137,5,8,86.41,2,27.37,7.41,1,0,1,0
10063,1,35,33.21,0,60.84,13.5,0,1,0,0
10537,2,52,60.44,0,36.29,7.49,0,0,0,1
10532,2,26,58.49,4,35.76,3.36,1,0,0,1
10608,3,35,55.92,4,27.24,1.06,0,0,0,1
10640,0,42,28.45,0,25.45,4.19,0,1,0,0
10552,1,35,60.18,3,30.79,4.97,1,0,0,1
10492,0,13,55.52,2,31.7,5.45,1,0,0,1
10378,1,52,98.72,2,40.54,9.83,0,0,1,0
10135,2,16,24.18,1,75.74,14.2,0,1,0,0
10266,4,41,21.82,0,20.01,6.15,0,1,0,0
10334,1,9,88.7,1,22.22,7.24,1,0,1,0
10576,2,32,53.02,2,37.57,7.2,0,0,0,1
10678,2,12,90.21,0,18.22,4.72,0,0,1,0
10086,0,16,34.55,1,40.13,11.41,0,1,0,0
10284,1,34,54.4,0,57.51,8.53,0,0,0,1
10359,4,50,19.9,0,34.28,10.53,0,1,0,0
10608,1,33,55.92,1,15.86,5.18,0,0,0,1
10137,2,5,86.41,2,34.23,5.06,0,0,1,0
10261,0,33,11.37,0,26.33,4.92,0,1,0,0
10092,2,30,23.79,2,5.57,1.2,0,1,0,0
10507,2,52,18.88,1,19.46,3.96,0,1,0,0
10251,5,27,21.15,1,34.2,4.29,1,1,0,0
10071,0,49,30.55,2,37.18,5.38,0,1,0,0
10220,0,18,57.89,3,33.49,4.61,0,0,0,1
10076,0,34,17.32,4,28.34,7.02,0,1,0,0
10698,5,27,25.61,1,28.43,8.12,1,1,0,0
10456,3,58,18.5,3,24.36,6.42,0,1,0,0
10017,3,8,21.81,1,34.82,5.78,0,1,0,0
10650,1,57,44.52,1,55.23,16.72,0,1,0,0
10592,1,46,24.48,0,38.81,11.02,0,1,0,0
10406,3,42,27.08,3,35.92,5.9,1,1,0,0
10336,5,33,50.39,1,52.22,13.3,0,0,0,1
10154,2,7,23.5,2,44.35,13.32,0,1,0,0
10109,1,38,83.33,2,21.59,3.09,0,0,1,0
10589,5,32,20.75,3,1.01,2.53,1,1,0,0
10064,0,5,31.3,2,42.87,5.83,0,1,0,0
10064,4,9,31.3,0,27.04,6.48,1,1,0,0
10494,7,13,59.04,0,47.83,10.15,0,0,0,1
10513,3,59,26.9,3,32.66,5.5,0,1,0,0
10473,0,59,53.62,1,42.6,6.16,0,0,0,1
10581,0,27,64.83,0,40.4,8.71,0,0,0,1
10129,0,24,27.91,0,28.19,4.87,0,1,0,0
10000,0,45,56.98,3,20.54,3.93,0,0,0,1
10287,3,26,64.61,1,46.7,6.92,0,0,0,1
10309,5,35,51.74,1,49.19,9.43,1,0,0,1
10368,3,9,93.2,1,16.76,0.0,1,0,1,0
10594,4,10,40.29,3,41.38,7.93,1,1,0,0
10663,2,8,16.85,5,46.62,6.48,1,1,0,0
10365,3,4,53.16,1,29.08,5.86,1,0,0,1
10206,1,47,97.69,2,39.33,10.71,0,0,1,0
10563,6,62,59.16,2,25.94,1.73,1,0,0,1
10686,0,2,96.6,2,43.23,3.46,0,0,1,0
10422,3,19,60.84,3,44.09,6.33,1,0,0,1
10446,5,53,20.14,1,28.79,4.47,0,1,0,0
10438,4,30,29.83,2,61.53,12.42,0,1,0,0
10627,3,32,14.47,0,54.01,10.25,0,1,0,0
10414,1,6,100.9,2,40.21,7.27,0,0,1,0
10313,5,59,94.89,0,36.7,7.65,0,0,1,0
10210,1,20,20.02,0,32.56,8.15,0,1,0,0
10293,6,29,23.15,3,41.65,9.49,1,1,0,0
10387,2,49,24.36,0,41.86,7.69,0,1,0,0
10382,1,26,57.66,3,38.7,10.93,1,0,0,1
10495,1,41,20.58,1,9.52,0.18,0,1,0,0
10303,3,56,56.02,2,36.46,9.21,0,0,0,1
10064,2,7,31.3,1,35.59,9.48,0,1,0,0
10604,4,33,90.36,1,26.98,1.55,0,0,1,0
10359,0,46,19.9,1,33.49,6.71,1,1,0,0
10482,1,44,18.38,4,41.61,6.67,1,1,0,0
10421,1,16,48.89,1,36.42,8.59,0,0,0,1
10137,0,3,86.41,2,22.09,6.9,1,0,1,0
10561,6,61,13.23,1,57.8,11.51,0,1,0,0
10440,2,17,49.18,1,37.31,6.2,0,0,0,1
10156,0,34,48.14,1,45.41,8.24,0,0,0,1
10055,0,44,18.96,4,37.95,7.55,0,1,0,0
10130,0,32,68.79,5,36.64,7.88,1,0,0,1
10653,0,54,47.19,0,28.42,4.69,0,0,0,1
10688,0,11,27.68,3,35.66,3.9,1,1,0,0
10034,6,52,57.18,0,14.97,1.39,0,0,0,1
10357,1,30,24.5,0,25.43,10.28,0,1,0,0
10416,4,43,35.75,0,16.66,2.71,0,1,0,0
10636,0,40,88.78,1,56.32,13.01,0,0,1,0
10339,4,18,49.51,1,33.06,9.93,0,0,0,1
10440,3,18,49.18,0,37.04,4.26,0,0,0,1
10493,1,29,24.66,0,31.52,5.59,0,1,0,0
10651,1,46,61.48,0,25.63,0.05,0,0,0,1
10463,1,30,64.16,1,24.53,4.93,0,0,0,1
10259,7,27,53.71,2,39.03,2.99,0,0,0,1
10069,3,12,60.08,1,52.63,10.53,1,0,0,1
10011,1,39,19.58,0,32.01,3.17,0,1,0,0
10250,1,3,98.33,1,34.29,7.93,0,0,1,0
10611,7,17,25.99,2,26.93,5.12,1,1,0,0
10120,1,14,63.81,2,29.62,9.1,1,0,0,1
10358,2,35,23.8,0,41.98,9.49,0,1,0,0
10021,0,30,33.71,1,7.51,0.0,0,0,0,1
10559,1,41,19.93,2,31.16,4.48,0,1,0,0
10150,3,6,93.56,1,32.05,2.44,0,0,1,0
10107,5,32,57.25,3,28.92,4.58,1,0,0,1
10024,0,16,65.66,2,23.87,5.13,1,0,0,1
10615,2,17,57.34,1,27.65,9.87,0,0,0,1
10283,6,8,65.69,0,37.87,9.98,0,0,0,1
10253,0,14,31.61,0,29.19,10.41,0,1,0,0
10158,4,36,26.38,0,35.5,7.28,0,1,0,0
10213,5,11,55.02,1,35.61,9.85,1,0,0,1
10564,3,18,30.16,2,52.47,10.84,1,1,0,0
10491,7,36,65.92,3,24.07,2.33,1,0,0,1
10182,3,43,17.99,1,26.77,6.26,0,1,0,0
10553,4,24,30.02,4,18.56,6.41,0,1,0,0
10494,3,9,59.04,1,47.14,11.68,1,0,0,1
10505,2,35,60.32,1,38.44,7.19,0,0,0,1
10549,1,46,34.07,1,46.31,10.8,0,1,0,0
10193,4,37,66.15,6,31.04,9.72,0,0,0,1
10090,5,18,98.93,2,32.97,7.97,0,0,1,0
10033,2,39,93.67,1,54.73,11.91,0,0,1,0
10444,3,22,25.49,4,28.31,4.21,0,1,0,0
10096,1,32,51.21,0,34.4,3.98,0,0,0,1
10028,6,30,86.64,1,26.41,5.4,0,0,1,0
10441,1,11,22.24,1,30.9,6.12,0,1,0,0
10434,2,5,62.52,1,32.42,8.41,0,0,0,1
10491,2,31,65.92,1,26.58,6.88,0,0,0,1
10028,4,28,86.64,1,37.96,6.89,0,0,1,0
10052,0,53,43.64,0,39.89,8.48,0,0,0,1
10203,7,36,33.24,0,30.92,2.54,0,1,0,0
10084,0,41,28.36,1,34.74,1.99,0,1,0,0
10577,0,43,51.92,2,21.79,4.2,0,0,0,1
10571,0,50,96.0,3,30.62,5.1,0,0,1,0
10268,3,14,19.89,1,40.53,10.72,0,1,0,0
10202,6,62,19.85,2,28.54,7.04,0,1,0,0
10094,1,60,19.4,1,40.46,7.51,0,1,0,0
10167,7,56,60.22,2,44.29,3.54,0,0,0,1
10371,7,26,24.15,0,48.64,8.47,0,1,0,0
10303,4,57,56.02,2,45.12,8.35,0,0,0,1
10693,4,47,53.92,0,39.38,10.12,0,0,0,1
10102,6,14,13.11,4,42.72,9.74,1,1,0,0
10338,5,13,51.21,1,26.82,4.02,1,0,0,1
10327,7,53,103.21,1,41.87,11.3,0,0,1,0
10107,5,32,57.25,3,28.92,4.58,1,0,0,1
10175,1,46,102.88,0,37.6,7.41,0,0,1,0
10672,4,54,55.33,4,29.7,4.52,0,0,0,1
10106,0,47,104.01,1,27.24,7.45,1,0,1,0
10306,6,32,29.25,5,16.96,2.27,1,1,0,0
10384,5,16,23.22,1,24.57,7.96,0,1,0,0
10371,0,19,24.15,0,48.58,10.9,0,1,0,0
10576,4,34,53.02,1,40.04,6.76,0,0,0,1
10628,0,45,54.82,0,27.33,3.98,0,0,0,1
10084,0,41,28.36,1,34.74,1.99,0,1,0,0
10536,1,5,58.52,0,19.54,4.33,1,0,0,1
10174,5,36,106.17,2,11.59,2.7,0,0,1,0
10188,3,30,49.51,1,38.6,9.74,0,0,0,1
10278,3,45,37.01,0,13.27,4.01,0,1,0,0
10336,3,31,50.39,4,51.95,12.71,0,0,0,1
10123,2,43,34.97,0,26.89,3.93,0,1,0,0
10226,0,7,50.9,2,56.83,8.66,0,0,0,1
10081,5,59,22.91,4,45.65,9.51,0,1,0,0
10637,1,8,27.14,2,46.97,7.72,1,1,0,0
10137,3,6,86.41,2,35.91,3.85,0,0,1,0
10529,4,25,97.78,2,30.63,6.43,1,0,1,0
10608,2,34,55.92,0,19.31,3.3,0,0,0,1
10109,0,37,83.33,1,27.04,4.48,0,0,1,0
10552,3,37,60.18,0,32.87,4.78,0,0,0,1
10323,0,37,58.72,1,30.61,8.39,0,0,0,1
10190,1,19,14.6,1,46.2,10.91,0,1,0,0
10606,1,57,45.12,1,35.29,9.46,0,0,0,1
10592,5,50,24.48,0,38.51,5.68,0,1,0,0
10125,3,20,54.24,1,34.18,8.19,0,0,0,1
10107,1,28,57.25,5,24.84,4.62,0,0,0,1
10653,1,55,47.19,2,37.43,7.87,0,0,0,1
10119,3,49,27.99,2,37.45,8.1,0,1,0,0
10110,2,52,75.99,0,18.02,6.72,1,0,1,0
10627,4,33,14.47,2,48.28,11.44,0,1,0,0
10237,1,17,22.41,0,21.31,5.67,1,1,0,0
10615,7,22,57.34,0,22.12,4.78,0,0,0,1
10250,1,3,98.33,1,34.29,7.93,0,0,1,0
10052,1,54,43.64,3,40.62,7.13,0,0,0,1
10136,0,4,25.78,2,21.55,3.16,0,1,0,0
10510,0,28,98.23,2,18.53,4.05,1,0,1,0
10554,3,14,56.82,1,46.58,10.68,1,0,0,1
10346,3,26,31.72,4,37.38,6.24,0,1,0,0
10569,4,29,55.85,1,13.94,8.25,1,0,0,1
10203,2,31,33.24,0,33.97,7.23,0,1,0,0
10401,4,45,94.34,2,43.13,7.74,0,0,1,0
10030,3,49,90.43,1,12.56,2.34,0,0,1,0
10515,1,40,49.8,0,61.12,11.25,0,0,0,1
10584,2,37,22.43,1,32.4,6.55,0,1,0,0
10176,5,60,61.48,1,23.61,7.33,0,0,0,1
10068,1,57,98.99,2,31.52,9.96,0,0,1,0
10240,5,34,55.23,2,37.67,11.18,0,0,0,1
10221,2,45,59.01,0,23.19,0.72,0,0,0,1
10112,0,47,95.9,1,42.81,7.53,0,0,1,0
10030,7,53,90.43,4,24.73,6.02,0,0,1,0
10191,6,60,93.06,2,36.52,4.92,0,0,1,0
10222,2,17,61.55,1,41.95,8.46,0,0,0,1
10037,4,19,57.92,3,41.35,6.19,0,0,0,1
10667,2,45,38.58,0,21.04,3.98,0,1,0,0
10062,2,23,24.98,0,42.77,10.38,0,1,0,0
10472,5,6,89.19,0,53.11,10.96,0,0,1,0
10247,1,4,104.3,0,2.88,1.88,0,0,1,0
10102,2,10,13.11,2,36.65,7.56,1,1,0,0
10259,5,25,53.71,4,45.51,9.13,0,0,0,1
10081,1,55,22.91,0,48.32,6.41,0,1,0,0
10160,0,30,94.35,0,44.82,6.66,0,0,1,0
10222,1,16,61.55,0,49.35,12.21,0,0,0,1
10179,2,10,25.0,1,41.35,8.97,1,1,0,0
10689,2,55,48.2,1,52.6,10.32,0,0,0,1
10644,1,42,27.59,0,27.0,4.35,0,1,0,0
10691,0,52,63.33,0,17.71,0.73,0,0,0,1
10669,2,7,53.08,1,29.27,10.34,0,0,0,1
10472,3,4,89.19,1,51.72,11.23,0,0,1,0
10630,1,33,19.28,4,21.05,4.22,0,1,0,0
10682,1,32,96.14,0,33.89,7.49,0,0,1,0
10519,1,42,26.28,2,12.46,3.44,1,1,0,0
10107,6,33,57.25,2,27.65,3.81,1,0,0,1
10168,4,46,28.38,4,33.72,7.22,1,1,0,0
10476,1,41,64.05,3,11.69,3.09,0,0,0,1
10560,4,46,91.83,0,30.81,4.64,0,0,1,0
10669,0,5,53.08,0,33.41,5.59,0,0,0,1
10027,7,57,88.85,1,32.93,7.27,0,0,1,0
10621,1,58,54.1,5,40.84,8.26,1,0,0,1
10323,1,38,58.72,1,29.56,6.43,0,0,0,1
10589,4,31,20.75,0,3.35,2.11,0,1,0,0
10095,1,56,65.91,0,55.89,11.82,0,0,0,1
10345,3,38,57.38,1,31.16,11.17,1,0,0,1
10284,0,33,54.4,0,58.76,17.15,0,0,0,1
10397,6,61,22.64,1,34.83,9.61,0,1,0,0
10526,2,41,31.93,1,30.42,5.52,0,1,0,0
10031,3,26,22.33,0,22.8,5.15,0,1,0,0
10631,2,38,23.53,0,50.54,6.6,0,1,0,0
10251,1,23,21.15,1,36.12,11.17,0,1,0,0
10413,1,28,24.03,2,18.97,1.2,0,1,0,0
10410,1,51,54.61,2,46.23,9.72,1,0,0,1
10026,4,11,15.36,0,36.26,15.07,0,1,0,0
10166,6,33,90.58,3,41.63,6.56,0,0,1,0
10036,0,58,28.12,2,35.16,3.34,0,1,0,0
10269,1,35,56.18,4,17.07,5.96,1,0,0,1
10326,0,54,84.76,2,22.76,5.59,1,0,1,0
10581,5,32,64.83,2,37.24,5.93,0,0,0,1
10526,0,39,31.93,0,34.91,7.05,0,1,0,0
10575,0,34,19.22,2,21.52,3.38,1,1,0,0
10440,5,20,49.18,1,33.15,8.03,0,0,0,1
10263,1,25,26.09,2,45.26,13.47,0,1,0,0
10036,2,60,28.12,1,23.79,7.0,1,1,0,0
10032,1,11,62.02,1,35.73,6.43,0,0,0,1
10667,1,44,38.58,2,19.43,2.01,0,1,0,0
10640,3,45,28.45,0,27.61,4.41,0,1,0,0
10331,3,9,63.39,2,11.87,3.21,1,0,0,1
10326,3,57,84.76,3,33.65,6.02,1,0,1,0
10135,5,19,24.18,2,70.88,11.08,1,1,0,0
10020,0,28,103.6,0,14.16,2.89,1,0,1,0
10435,4,7,17.14,0,51.57,9.71,1,1,0,0
10387,3,50,24.36,0,36.47,9.32,0,1,0,0
10640,2,44,28.45,0,19.87,3.18,0,1,0,0
10151,2,54,55.28,2,7.5,1.32,1,0,0,1
10481,3,51,99.86,0,44.03,9.37,0,0,1,0
10554,1,12,56.82,2,48.82,7.68,1,0,0,1
10218,1,9,27.01,0,30.37,6.08,0,1,0,0
10559,0,40,19.93,0,22.74,5.14,0,1,0,0
10153,2,40,21.95,3,52.4,9.59,0,1,0,0
10499,3,46,23.62,5,47.31,8.98,0,1,0,0
10225,0,27,21.62,1,33.73,8.29,0,1,0,0
10324,5,47,33.79,1,32.67,10.07,0,1,0,0
10182,1,41,17.99,0,33.89,4.24,0,1,0,0
10115,1,56,28.63,0,44.36,9.18,0,1,0,0
10239,1,36,46.96,1,35.46,7.96,0,0,0,1
10210,4,23,20.02,0,32.3,5.1,0,1,0,0
10482,3,46,18.38,4,40.92,9.27,0,1,0,0
10512,0,54,27.37,2,16.6,1.8,0,1,0,0
10699,2,57,49.32,0,31.01,6.68,0,0,0,1
10052,0,53,43.64,0,39.89,8.48,0,0,0,1
10315,3,33,92.98,2,29.84,4.92,0,0,1,0
10418,2,26,19.73,1,23.58,8.52,0,1,0,0
10559,3,43,19.93,1,31.87,9.14,0,1,0,0
10186,1,15,57.78,5,36.81,10.92,0,0,0,1
10004,0,6,25.96,1,6.83,2.33,0,1,0,0
10038,5,26,59.73,1,34.37,7.9,0,0,0,1
10528,0,12,49.53,1,37.94,9.22,0,0,0,1
10347,1,4,13.88,1,39.91,7.51,0,1,0,0
10669,3,8,53.08,2,30.46,3.64,0,0,0,1
10631,4,40,23.53,1,43.75,9.11,0,1,0,0
10629,6,11,93.94,0,9.96,2.75,1,0,1,0
10037,2,17,57.92,2,39.41,11.6,0,0,0,1
10649,5,11,45.02,1,45.36,9.45,0,0,0,1
10427,0,16,33.22,0,36.96,6.21,0,1,0,0
10109,5,42,83.33,3,26.83,8.12,0,0,1,0
10311,3,50,16.51,0,31.07,8.89,0,1,0,0
10338,6,14,51.21,2,32.71,5.19,1,0,0,1
10099,2,5,30.67,0,21.86,5.87,1,1,0,0
10430,2,32,56.09,0,37.42,7.98,0,0,0,1
10087,2,39,58.53,5,21.56,6.8,0,0,0,1
10518,2,33,96.56,0,44.45,11.32,0,0,1,0
10172,1,5,25.51,1,32.58,5.27,1,1,0,0
10344,5,10,25.24,2,17.21,3.33,1,1,0,0
10500,5,38,96.42,1,25.62,4.71,0,0,1,0
10266,5,42,21.82,1,24.05,5.11,0,1,0,0
10541,6,24,40.47,0,57.66,10.2,0,0,0,1
10348,1,52,28.8,1,50.25,7.58,0,1,0,0
10177,3,19,91.9,0,31.95,6.72,0,0,1,0
10270,0,46,26.22,0,16.94,8.17,0,1,0,0
10004,1,7,25.96,0,17.24,2.29,0,1,0,0
10206,4,50,97.69,2,40.29,5.65,0,0,1,0
10402,0,55,16.19,1,12.38,0.0,0,1,0,0
10595,2,27,20.98,3,34.7,4.89,1,1,0,0
10282,5,32,28.3,4,28.92,5.23,1,1,0,0
10298,3,42,51.95,0,21.28,4.7,0,0,0,1
10542,2,29,88.41,1,50.48,7.5,1,0,1,0
10654,3,24,19.89,2,40.04,10.94,0,1,0,0
10489,3,47,23.83,1,37.5,8.1,0,1,0,0
10400,3,22,96.28,0,24.01,4.33,0,0,1,0
10013,5,52,55.29,3,21.72,1.31,0,0,0,1
10438,0,26,29.83,0,59.41,14.28,0,1,0,0
10033,3,40,93.67,2,53.75,11.63,0,0,1,0
10260,2,8,97.75,0,42.32,8.01,0,0,1,0
10133,4,14,47.45,0,44.45,4.04,0,0,0,1
10592,4,49,24.48,0,31.03,8.85,0,1,0,0
10571,0,50,96.0,3,30.62,5.1,0,0,1,0
10432,1,37,27.06,0,1.05,0.94,1,1,0,0
10609,1,33,57.51,1,39.27,13.45,0,0,0,1
10017,4,9,21.81,1,31.7,7.38,1,1,0,0
10144,2,57,29.62,0,26.86,5.81,0,1,0,0
10117,5,45,29.07,0,16.97,3.41,0,1,0,0
10470,3,40,21.25,0,22.43,8.45,0,1,0,0
10461,0,15,26.45,1,51.59,10.08,0,1,0,0
10219,4,6,23.93,1,12.37,3.48,1,1,0,0
10050,2,28,24.29,1,14.99,3.82,0,1,0,0
10209,1,57,98.71,3,25.26,7.41,0,0,1,0
10057,6,55,57.52,1,39.14,7.93,0,0,0,1
10375,1,2,29.58,3,42.19,10.03,0,1,0,0
10251,4,26,21.15,0,36.82,9.02,0,1,0,0
10483,2,52,16.51,1,27.35,8.25,0,1,0,0
10438,2,28,29.83,0,65.74,13.96,0,1,0,0
10513,4,60,26.9,1,31.73,7.31,0,1,0,0
10362,3,16,29.03,2,40.9,10.25,0,1,0,0
10172,4,8,25.51,3,40.11,10.8,0,1,0,0
10205,1,9,62.79,2,30.38,7.04,1,0,0,1
10638,5,11,55.29,1,39.66,10.62,1,0,0,1
10260,4,10,97.75,0,37.95,11.17,0,0,1,0
10446,5,53,20.14,1,28.79,4.47,0,1,0,0
10449,3,6,24.1,1,32.61,9.61,0,1,0,0
10036,4,62,28.12,0,20.87,3.01,0,1,0,0
10546,0,15,31.25,2,37.49,6.39,0,1,0,0
10369,1,17,17.73,1,37.74,5.31,0,1,0,0
10379,4,24,24.57,0,21.01,5.35,0,1,0,0
10180,3,5,54.36,0,37.36,11.21,0,0,0,1
10297,0,53,33.67,1,37.11,6.67,1,1,0,0
10450,2,25,101.5,2,44.21,7.28,0,0,1,0
10152,5,12,50.77,1,38.8,5.49,1,0,0,1
10355,5,59,58.98,0,36.45,7.49,0,0,0,1
10695,3,46,51.64,2,29.38,7.57,0,0,0,1
10046,5,18,56.97,1,19.36,9.75,1,0,0,1
10679,1,15,56.63,2,56.76,8.52,0,0,0,1
10267,2,43,48.39,2,24.64,2.87,0,0,0,1
10291,3,10,62.74,0,21.58,6.62,0,0,0,1
10104,3,20,46.41,2,28.93,4.67,1,0,0,1
10506,1,49,58.5,2,33.76,6.82,0,0,0,1
10544,7,33,21.85,1,35.41,2.5,0,1,0,0
10511,0,45,31.91,1,39.17,8.99,0,1,0,0
10609,2,34,57.51,1,43.01,10.22,1,0,0,1
10306,0,26,29.25,1,27.73,3.89,0,1,0,0
10211,1,13,93.92,2,29.86,4.54,0,0,1,0
10166,1,28,90.58,0,39.35,8.67,0,0,1,0
10219,0,2,23.93,0,18.65,5.68,0,1,0,0
10155,1,27,93.15,1,30.86,6.69,0,0,1,0
10197,2,58,16.22,1,36.56,7.75,0,1,0,0
10498,2,13,34.51,1,17.69,5.13,0,1,0,0
10412,3,39,87.57,2,18.98,0.0,0,0,1,0
10131,0,20,96.48,4,30.2,2.72,1,0,1,0
10494,5,11,59.04,1,50.54,11.86,0,0,0,1
10544,6,32,21.85,0,27.1,5.15,0,1,0,0
10289,1,49,23.54,1,40.07,9.38,0,1,0,0
10491,1,30,65.92,1,20.37,3.82,0,0,0,1
10452,1,9,29.53,1,54.43,8.26,0,1,0,0
10553,1,21,30.02,0,22.88,2.26,1,1,0,0
10080,5,52,55.43,2,46.11,6.22,0,0,0,1
10590,1,58,22.88,1,47.3,8.19,0,1,0,0
10209,0,56,98.71,2,27.77,3.55,0,0,1,0
10384,3,14,23.22,0,22.88,5.83,0,1,0,0
10036,3,61,28.12,0,28.19,6.14,0,1,0,0
10198,3,13,24.64,1,35.73,5.56,0,1,0,0
10413,3,30,24.03,0,23.98,5.56,0,1,0,0
10574,6,18,18.14,3,44.99,7.51,1,1,0,0
10297,7,60,33.67,2,39.12,11.51,1,1,0,0
10450,3,26,101.5,2,52.05,11.22,0,0,1,0
10239,5,40,46.96,0,33.9,4.64,0,0,0,1
10142,0,4,60.17,0,15.75,2.4,0,0,0,1
10658,4,28,32.82,0,37.6,5.27,0,1,0,0
10669,1,6,53.08,1,34.01,5.75,0,0,0,1
10356,1,42,26.35,3,70.12,11.64,0,1,0,0
10523,7,45,59.6,0,36.22,8.14,0,0,0,1
10398,4,27,45.34,0,27.79,8.05,0,0,0,1
10150,1,4,93.56,4,27.84,5.35,1,0,1,0
10219,3,5,23.93,5,13.59,5.83,1,1,0,0
10541,2,20,40.47,0,47.14,6.6,1,0,0,1
10654,1,22,19.89,1,48.77,9.66,0,1,0,0
10501,1,20,29.07,2,41.63,6.0,0,1,0,0
10028,4,28,86.64,1,37.96,6.89,0,0,1,0
10420,0,42,86.18,0,38.01,5.54,0,0,1,0
10133,0,10,47.45,0,41.03,9.24,1,0,0,1
10102,0,8,13.11,1,36.1,6.55,1,1,0,0
10574,7,19,18.14,2,43.17,8.27,1,1,0,0
10506,0,48,58.5,1,39.55,6.64,0,0,0,1
10616,0,46,103.99,4,23.62,6.21,0,0,1,0
10079,6,61,27.6,2,43.0,4.73,0,1,0,0
10594,2,8,40.29,1,42.34,8.47,0,1,0,0
10122,2,6,61.29,4,25.04,3.89,1,0,0,1
10148,7,41,56.36,2,16.71,3.93,0,0,0,1
10141,2,8,49.64,0,41.89,6.47,0,0,0,1
10366,0,22,58.54,0,37.9,8.73,1,0,0,1
10018,4,47,16.44,1,20.33,2.83,0,1,0,0
10462,1,22,60.55,1,21.34,6.36,1,0,0,1
10339,7,21,49.51,2,22.71,2.64,0,0,0,1
10372,5,37,50.31,0,34.5,7.62,0,0,0,1
10311,3,50,16.51,0,31.07,8.89,0,1,0,0
10396,1,41,53.29,1,25.08,5.94,0,0,0,1
10534,0,44,97.2,2,19.92,4.66,0,0,1,0
10100,7,40,99.44,2,30.5,4.26,0,0,1,0
10308,3,13,24.61,3,21.89,4.68,1,1,0,0
10534,4,48,97.2,1,13.16,3.73,0,0,1,0
10406,4,43,27.08,2,40.95,8.17,0,1,0,0
10390,0,28,31.74,1,41.46,9.22,0,1,0,0
10481,7,55,99.86,0,38.0,5.79,0,0,1,0
10131,0,20,96.48,4,30.2,2.72,1,0,1,0
10641,1,25,55.76,3,15.1,5.09,0,0,0,1
10307,4,29,31.37,1,16.33,3.17,0,1,0,0
10190,6,24,14.6,2,45.18,9.23,0,1,0,0
10596,0,19,19.95,1,41.5,9.03,1,1,0,0
10603,2,11,22.43,3,33.35,9.88,1,1,0,0
10299,3,41,22.87,3,39.82,7.82,0,1,0,0
10482,7,50,18.38,4,37.18,7.37,1,1,0,0
10502,6,64,48.3,0,61.92,10.22,0,0,0,1
