annual_income,credit_score,loan_amount,debt_to_income,employment_years,age,collections_flag,default
1.656975122094114,-0.9380847091752434,0.5841214712432999,-0.43725795286462255,-0.769400953245388,0.0477948568442435,-0.40053633900406493,0
0.7522905423082812,0.9896187915900609,-0.9254475237649247,1.6384736352900142,-0.44738686513619824,-1.2960486948251986,-0.40053633900406493,0
-0.06822334325466861,-1.9701737516203846,1.0122526422756937,-0.35320992536879064,1.5340574872437074,-1.2960486948251986,-0.40053633900406493,0
0.5935945689713974,-1.2707415079798752,-1.0497251168149149,0.5865998366300574,-0.6283728854603414,-0.09366235912096092,-0.40053633900406493,0
0.39428590681596826,-0.3054681473459217,-1.2579215314470968,0.6674642267207441,-0.2358447634586282,-0.022933751138358716,-0.40053633900406493,0
0.28461174436648806,-2.0213517206672513,0.545845355259743,-0.26979862535398774,-1.1243215905044222,1.2501811925484811,-0.40053633900406493,0
-0.014929144782011738,-0.012616435577740991,0.6602694625654778,0.279060463293036,-0.3157606685368213,0.18925207280944792,-0.40053633900406493,0
0.6439434508582612,0.8417713254546676,0.4246221315483295,1.0176643412867106,0.506903060209284,-0.16439096710356313,-0.40053633900406493,0
-1.2541311902080634,0.8204471716851398,-0.17236064493123174,-1.1185563575656845,-1.039704749833394,0.6843523286876634,-0.40053633900406493,0
-0.0050161916115448076,1.1147204937046227,-0.7764901271596233,1.310558982560064,-0.13712511600909558,0.89653815263547,-0.40053633900406493,0
0.25895412488801756,0.6598052132880319,-0.6282240684744024,-0.4385314078266806,-0.1817840041410271,1.2501811925484811,-0.40053633900406493,0
-0.37991580430917365,0.43376918333103853,-0.480950847857741,-1.5814572362737889,0.3799777992027422,-0.5180340070165742,-0.40053633900406493,0
-0.12818167162497818,1.8667523166432993,-0.2224586393481617,0.2949786503187618,-0.04075593635598032,1.4623670164962876,-0.40053633900406493,0
-0.0663879156823638,-1.4484427893926062,0.25337196759510555,0.7890791755972889,0.21779552124993845,0.9672667606180723,-0.40053633900406493,0
3.6017500561946307,0.49632003438831945,-0.7600065187234866,-0.017654542866492016,-0.832863583748659,-0.5180340070165742,-0.40053633900406493,0
0.11870286267528264,0.8829980227424223,-1.1157594104812516,-1.2516324011007514,-0.9668402481444535,0.40143789675725455,-0.40053633900406493,0
0.3243755736247172,0.13380942030634857,3.0911749017491594,-0.8352126285077661,-0.6824336447779427,0.33070928877465233,-0.40053633900406493,0
-0.3205713404796576,-0.9636736936986777,-0.9831665585591843,-0.9593744873084268,-1.1548776718578488,-0.800948438946983,-0.40053633900406493,0
0.04729143884912296,-0.011194825326440437,0.8729307679315115,-1.5146008507657407,-0.03840546855956292,1.53309562447889,-0.40053633900406493,0
-1.1822603956513213,0.413866639812813,0.23450036276002503,1.5289565085530212,-0.46148967191470286,-0.5887626149991764,-0.40053633900406493,0
-0.2176031000450042,0.5617141059482047,-0.31280306282087755,0.3007091976480228,-0.8352140515450766,-0.022933751138358716,-0.40053633900406493,0
1.5212291871361305,-1.680165260354808,0.5271974750571328,2.0478894055916808,-0.32986347531532606,-0.6594912229817786,2.4966523698860974,1
-0.9003811292674542,1.4246315284884246,-1.2280192460205126,-0.29017390474691657,-0.32516253972249104,0.5428951127224589,-0.40053633900406493,0
-1.30835166642531,-0.9963707294786195,-0.43622704557787984,1.9288213666392517,1.115674219481402,0.6136237207050612,-0.40053633900406493,0
4.272367949552638,0.2887649376982495,-1.2115865277368263,-0.13162876197068815,-0.47324201089679013,1.0379953686006744,-0.40053633900406493,0
0.578533306546699,-0.021146097085552394,-0.01559881136146851,0.3395495739907939,-0.6166205464782542,-0.800948438946983,-0.40053633900406493,0
-0.11072695409619326,-1.195396164660878,-1.0650468934686947,1.8103900551678525,0.32591703988514087,-1.3667773028078007,-0.40053633900406493,0
-0.8579635005686413,0.729464115601822,-0.5773089510435997,-0.6798511231366828,0.7113937584976019,-0.7302198309643808,-0.40053633900406493,0
-0.01706157043292601,-0.4874342595125591,-0.40584370418190635,-0.3965073940787647,-0.4685410753039552,0.5428951127224589,-0.40053633900406493,0
-0.7994319276740038,1.934989608705789,-0.368295413397545,2.0943705117067997,-0.8728215362877556,0.7550809366702657,-0.40053633900406493,0
0.9149444346765967,-0.6821948639409111,-0.7283470827500316,-1.3796146247875865,0.7325479686653589,0.18925207280944792,-0.40053633900406493,0
-1.067347145988173,0.7891717461565002,-0.8467031744762229,1.413072107005738,-0.38627470242934475,-0.30584818306876754,-0.40053633900406493,0
-1.2580271061804085,-0.16330712221573707,-0.6745158635646679,-1.0663447041213039,-0.7035878549456996,0.9672667606180723,-0.40053633900406493,0
-0.37575783120864376,0.26744078392872184,0.23850148097248958,0.284791010622297,-0.35336815327950044,-0.30584818306876754,-0.40053633900406493,0
-0.9394187348501915,-1.9602224798612709,-0.6110347192448502,-0.5098448857019319,0.16608522972875475,-1.5789631267556072,2.4966523698860974,1
0.8491023243014516,-0.3978728136805417,0.043656529921858485,-0.446172137599029,-1.0303028786477244,-0.16439096710356313,-0.40053633900406493,0
-0.3353955525348086,1.052169642647342,0.05117578999428753,-0.5053877933347286,0.1919403754893465,0.4721665047398568,-0.40053633900406493,0
0.025418061324973762,0.4437204550901505,-0.48950615461873476,1.8957115376257423,2.1545809854979123,0.6843523286876634,-0.40053633900406493,0
0.580892848375373,1.508506533315235,-0.6705397103326506,0.36883903811812924,-0.4309335905612761,1.1794525845658788,-0.40053633900406493,0
0.041536801337523216,-1.1655423493835388,-0.560084074726488,1.5327768734391958,1.3413191279374768,-1.508234518773005,-0.40053633900406493,0
0.21946502741646004,0.38259121428417175,-0.6406854344838496,1.265988058888032,-0.689485048167195,0.11852346482684571,-0.40053633900406493,0
0.749092417669416,0.9810891300822495,0.5471646584572294,1.3971539199800125,0.41523481614900376,1.6745528404440944,-0.40053633900406493,0
4.14875303300041,-1.2977521027546117,-0.3936521519996013,-0.9759294018151817,-0.2358447634586282,1.6745528404440944,-0.40053633900406493,0
-0.6391968397267493,-0.23296602452952722,-1.1245422826409384,-0.39587066659773557,0.9017816500074145,-0.7302198309643808,-0.40053633900406493,0
-0.20161213429234068,-1.3062817642624214,0.45196358609594967,-1.0644345216782167,2.1028706939767288,-0.9424056549121874,-0.40053633900406493,0
3.641608088995671,-1.5024639789420773,-0.7652030754227569,0.2809706457361229,-1.3335132243855747,0.40143789675725455,2.4966523698860974,1
-0.16002692235364369,1.2355573650652798,0.3990656731026945,-0.05967855661440794,4.009100076871277,-0.09366235912096092,-0.40053633900406493,0
0.07075668496761736,-0.2727711115659799,-0.9529570118347865,0.20010625564543622,0.041510436518630144,-1.7204203427208118,-0.40053633900406493,0
-0.7629073300551391,1.265411180342619,-0.9845453936331221,-0.3837728444581841,-0.562559787160653,-0.30584818306876754,-0.40053633900406493,0
-1.2757980050547024,-1.3674110050684019,-0.7204629498864491,-0.790004977354705,-0.2522980380335504,-0.800948438946983,-0.40053633900406493,0
0.08887836357950754,-1.4185889741152686,1.1620646093655387,0.13579678006150422,0.08381885685414407,0.4721665047398568,2.4966523698860974,1
-0.2929549724273834,0.3541590092581348,-0.29984911854337276,0.6604602244294249,0.4622441720773527,-1.7204203427208118,-0.40053633900406493,0
-1.0846048924728975,-0.7276863919825708,0.5116068447677661,-0.39077684674950336,0.10732353481831865,-0.8716770469295853,-0.40053633900406493,0
0.9977548297412823,0.017237379699596496,-0.3048920445937363,-1.3407742484448157,-0.32751300751890866,1.1794525845658788,-0.40053633900406493,0
-0.22618898221601064,0.6526971620315226,1.221480302638662,-0.40414812385111293,-0.7647000176525531,0.8258095446528678,-0.40053633900406493,0
-0.25845146899974664,0.0854746717620861,2.0901617622844477,-1.6132936103252404,-0.2264428922729584,0.5428951127224589,-0.40053633900406493,0
-0.687966870236093,0.5091145266500358,0.23905167073388678,-0.06095201157646586,-0.45678873632186806,-1.6496917347382096,-0.40053633900406493,0
0.985311055573393,-0.20169059900088757,1.4864749283632188,-1.155486551465368,-0.2569989736263852,-1.7204203427208118,-0.40053633900406493,0
-0.34961069586589105,-0.30973297809982825,-0.7147843770262341,1.7721864063061106,-0.6753822413886903,-0.30584818306876754,-0.40053633900406493,0
-0.6690251069642369,1.242665416321789,1.4914362381313506,-1.1815923781875584,1.6421790058789096,-0.8716770469295853,-0.40053633900406493,0
-0.20589685397774407,0.123858148547235,-1.0258480334001419,-0.8963384666865529,-0.0572092109309025,-0.5887626149991764,-0.40053633900406493,0
-0.5817230869783004,0.3840128245354739,-0.6656993847005328,-0.534040529981035,0.5210058669877887,1.1087239765832766,-0.40053633900406493,0
0.17491360283338273,-0.6566058794174785,-0.8035464048152104,0.10587058845313993,1.277856497434206,1.0379953686006744,-0.40053633900406493,0
1.9588433525875633,1.5156145845717441,-0.03208530037227219,-0.7371565964292955,1.6962397651965109,-0.800948438946983,-0.40053633900406493,0
-1.1120540920564734,1.1090340526994156,-0.609610755167796,-0.1800200505288944,-0.9198308922161045,-1.3667773028078007,-0.40053633900406493,0
-0.9309726164808836,1.3137459288868814,0.3469579977597533,-0.5875256383874736,0.6784872093477575,1.53309562447889,-0.40053633900406493,0
2.499403492181713,0.7280425053505198,2.40012311875245,-1.5196946706139731,-0.5813635295319926,-1.2960486948251986,-0.40053633900406493,0
-0.816041896342523,-1.4527076201465126,0.004056309783036714,-0.7116874971881343,-0.2358447634586282,-1.2960486948251986,2.4966523698860974,1
0.17629377037515523,-2.3810191142466177,-0.9174011185284345,1.0386763481606682,-0.7552981464668833,0.6136237207050612,2.4966523698860974,1
0.1946586654066677,-0.5556715515750471,1.719077491957347,1.5983598039851856,0.048561839907882536,-0.30584818306876754,2.4966523698860974,0
-0.48168611823760255,-0.27703594231988476,1.3018300922084391,0.7489653442924599,-0.26640084481205495,-1.3667773028078007,-0.40053633900406493,0
-0.9656210220852811,0.21341959437925231,0.07746295421378491,0.3739328579663613,-0.6636299024066031,-0.447305399033972,-0.40053633900406493,0
0.12677182431500736,0.6811293670575596,-0.8242279707327236,1.115083645884152,3.186436348125171,-0.8716770469295853,-0.40053633900406493,0
-0.49582384338441104,-0.20453381950349028,0.2974985307273421,-0.6894020353521183,-1.133723461690092,0.6843523286876634,-0.40053633900406493,0
0.17260750010535786,0.3086674812164751,0.060646159307831696,-1.132564362148323,-1.255947787103799,0.4721665047398568,-0.40053633900406493,0
0.9402266102171716,-0.06948084562981485,-0.3485519546299186,-0.44553541011799985,0.6197255144373214,-1.3667773028078007,-0.40053633900406493,0
-1.20053005946501,0.9355976020405897,0.7987617314055636,-0.13099203448965918,-0.47324201089679013,-0.800948438946983,-0.40053633900406493,0
-0.5499230539501841,-0.5727308745906698,-1.1651670271696568,1.4417248436520438,3.5272541786057,1.4623670164962876,-0.40053633900406493,0
0.18731215930072276,1.0749154066681716,-0.22224739720591508,-0.4493557750041742,0.40113200937049914,-1.508234518773005,-0.40053633900406493,0
-0.13721356475140467,0.8872628534963273,-0.7045064866143735,0.9871014221973169,0.8547722940790659,0.6843523286876634,-0.40053633900406493,0
-0.08555028652356754,-0.41635374694746674,0.5300742089579112,-0.5009307009675256,-0.9738916515337056,-1.0838628708773919,2.4966523698860974,1
-0.5624014265101609,1.3834048312006715,2.5924302835214523,0.623530030529741,0.7231460974796888,1.6038242324614922,-0.40053633900406493,0
-0.33780133973904475,-0.370862218905807,-0.41698192622764446,-0.6703002109212474,-0.8469663905271637,1.2501811925484811,-0.40053633900406493,0
-0.32258113024574814,0.2887649376982495,0.6322846796755607,-0.2029422398459394,-1.2324431091396246,0.89653815263547,-0.40053633900406493,0
-0.5645242605276253,0.9810891300822495,0.7193682926252308,0.7992668152937533,-1.065559895593986,-1.2960486948251986,-0.40053633900406493,0
0.04590784572397555,-0.3879215419214298,-0.7875755386697998,2.2433647422675924,1.7385481855320248,-1.2253200868425962,-0.40053633900406493,0
1.9306871125953955,0.3683751117711533,-0.4851814518520103,-0.5811583635771833,-1.1454758006721792,-1.5789631267556072,-0.40053633900406493,0
-0.5547246941668693,-0.3324787421206565,-0.8484401610004247,-1.5012295736641312,0.9534919415285985,-1.0838628708773919,-0.40053633900406493,0
-0.29878017695650727,-0.37370543940841133,-0.7426184098419113,-0.28189644749353926,-0.7082887905385346,-0.16439096710356313,-0.40053633900406493,0
-0.9785625335175527,1.1090340526994156,1.2651622970806247,-0.4722779643212192,-0.40742891259710173,0.8258095446528678,-0.40053633900406493,0
-0.82916599136868,-0.123502035179286,0.5613860555882146,-0.4289804956112452,-0.8516673261199986,1.4623670164962876,2.4966523698860974,0
-0.9890365972448385,0.1409174715628578,0.49986370204195774,-1.6846070882004918,1.2378985448951094,1.1794525845658788,-0.40053633900406493,0
-0.5424422649759407,-1.4001080408483437,0.5318630458261191,-1.4942255713728119,-1.0843636379653256,1.0379953686006744,-0.40053633900406493,0
-0.9071189092076684,-0.8812202991231696,0.50574679570353,-0.29845136200029393,-1.1666300108399361,1.1794525845658788,2.4966523698860974,1
-0.18166530485827043,0.608627244241165,-0.009398854486526019,-0.5372241673861802,-0.2993073939618993,0.40143789675725455,-0.40053633900406493,0
0.35188677626738,-0.64238977690446,-0.16523218282195937,-1.3000236896589576,-1.0114991362763848,-1.2960486948251986,-0.40053633900406493,0
-0.599925951916177,-0.8442584325893213,-0.9663920120816804,2.1051948788842934,-0.4802934142860424,-1.2253200868425962,-0.40053633900406493,0
-0.8848889284541854,-0.25713339880165925,-0.7008299131477244,-0.7161445895553376,0.9487910059357637,1.1794525845658788,-0.40053633900406493,0
-0.5751254133981221,1.1118772732020183,-0.1849948454206992,0.7648835313181855,-0.21469055329087125,-0.9424056549121874,-0.40053633900406493,0
-0.838391429955792,0.17787933809670614,1.4999512168470062,0.26377900374833924,-0.01019985500255357,0.4721665047398568,-0.40053633900406493,0
-0.09443453700653322,-1.2152987081791036,-0.405247425225837,0.2166611701521909,1.1015714127028977,-1.5789631267556072,-0.40053633900406493,0
-0.20443447243497243,1.2369789753165819,-0.18521953024472532,0.04347129531229482,-1.0303028786477244,-0.30584818306876754,-0.40053633900406493,0
-0.8640559006010124,1.4360044104988403,-0.2784330060857743,-0.7180547719984246,0.4622441720773527,0.11852346482684571,-0.40053633900406493,0
-0.1014038863828947,-0.4902774800151618,0.8963440788248976,-0.8224780788871855,1.0992209449064803,1.6038242324614922,2.4966523698860974,1
-0.1443199374627649,0.011550938694389432,-0.7791028083825935,0.8680333832448883,-0.8164103091737369,-1.508234518773005,-0.40053633900406493,0
1.6876094290997303,-0.9167605554057158,-0.8232639384108338,0.3064397449772841,-0.8493168583235812,-0.447305399033972,2.4966523698860974,1
0.13147446517215608,-0.10786432241496537,0.8400029189130203,1.1507403848217774,0.08146838905772669,0.9672667606180723,-0.40053633900406493,0
-0.6141650743308844,-0.29978170634071466,-0.6581782042449925,-0.06986619631087236,-0.7858542278203102,-1.2960486948251986,-0.40053633900406493,0
-0.2239777681474721,1.4843391590431028,-0.03030894599428809,-1.196237110251226,-1.2277421735467895,-1.7204203427208118,-0.40053633900406493,0
-0.6451333757155595,-0.9821546269656011,1.8807871926134627,0.07530766936374633,-0.45208780072903304,0.6136237207050612,2.4966523698860974,1
-0.5838078970203024,0.7735340333921795,-0.3015265731911233,0.2669626411534844,-0.6166205464782542,1.53309562447889,-0.40053633900406493,0
0.6146060697184059,0.9597649763127218,-0.6133449401277852,0.605701661060928,-0.2334942956622108,0.89653815263547,-0.40053633900406493,0
-0.8112279240256879,-0.24576051679124514,-0.11288253920699019,-0.5868889109064445,-0.5249523024179739,0.40143789675725455,2.4966523698860974,1
0.2777365985329378,-0.0936482199019469,0.16810503706875737,-0.9561908499032817,-0.8516673261199986,0.6136237207050612,-0.40053633900406493,0
-0.07692638037709898,-1.6872733116113172,-0.7280782291144446,-0.5092081582209029,-1.0114991362763848,-1.508234518773005,-0.40053633900406493,0
0.12170401627008748,2.6799133803879562,0.8065805712433607,-1.0943607132865811,-1.0326533464441416,1.1087239765832766,-0.40053633900406493,0
1.3920045352490626,-0.15619907095922783,-0.17880160988664653,-1.39043899196508,-0.2546485058299678,-1.6496917347382096,-0.40053633900406493,0
0.9444462438184503,-2.530288190633312,0.18736936025010612,-0.5123917956260481,1.3507209991231464,-1.154591478859994,-0.40053633900406493,0
0.7766084161288038,-0.3822351009162211,-1.2710867178668483,-0.5684238139566027,-0.8258121803594067,-0.800948438946983,-0.40053633900406493,0
-0.35633819905598024,0.2048899328714409,-0.2273383328340618,-0.16601204594625585,0.6690853381620879,-0.8716770469295853,-0.40053633900406493,0
2.2454122426117546,-0.3836567111675233,-0.7291958920852413,-0.6582023887816959,-0.7599990820597182,0.2599806807920501,-0.40053633900406493,0
0.9425207234033841,0.11248526653682087,0.4639381349866741,0.9941054244886365,-0.3439662820938306,1.3916384085136855,2.4966523698860974,1
-0.9736327764826439,0.8318200536955556,-0.7708989317309739,1.519405596337586,0.2742067483639572,-0.37657679105136976,-0.40053633900406493,0
-1.068962993666143,0.33425646573990925,1.0138283166185433,-0.06986619631087236,-1.201887027786198,-0.5180340070165742,-0.40053633900406493,0
0.3481768694722956,1.5355171280899698,-0.7775588203610808,0.5401187305149381,-0.35101768548308304,1.53309562447889,-0.40053633900406493,0
-0.7841661579218202,0.8545658177163855,0.13738082767052215,2.353518596485615,0.006253419572368608,-0.16439096710356313,-0.40053633900406493,0
-0.40605882895187634,0.5020064753935265,-0.7446674586217049,-0.6219089223630412,-0.0007979838168837832,0.7550809366702657,-0.40053633900406493,0
-0.4841450019841507,-0.22443636302171743,0.12607169152787537,1.1023490962635714,0.6690853381620879,0.11852346482684571,-0.40053633900406493,0
0.3793287821258685,0.6512755517802205,-0.5572956784488307,0.9641792328802719,-1.0091486684799673,-0.6594912229817786,-0.40053633900406493,0
-1.0031458900496348,-0.9124957246518108,0.7069203692975627,0.4738990724879189,-0.08071388889507686,0.4721665047398568,-0.40053633900406493,0
1.8275647209088686,-0.7717563097729284,-0.7544930988108461,1.0233948886159718,0.09792166363264886,0.8258095446528678,-0.40053633900406493,0
-0.29310295762918176,0.5929895314768444,-0.847378189139857,0.25868518390010686,1.1603331076133339,1.1794525845658788,-0.40053633900406493,0
-1.0144218828449996,-0.05810796361940073,-0.2753229456369687,-0.7549849658981084,-1.0114991362763848,0.33070928877465233,-0.40053633900406493,0
-0.6810081401681938,-2.8686314304431515,-0.3476541755253698,2.5197044690341914,0.7584031144259505,-1.5789631267556072,2.4966523698860974,1
0.6065234057451815,-0.9466143706830549,-0.896850138662492,-0.532767075018977,-1.0491066210190638,1.6038242324614922,-0.40053633900406493,0
-0.8386449231255392,0.23616535840008218,-0.49571187264301103,0.7330471572667341,-0.562559787160653,-1.3667773028078007,-0.40053633900406493,0
1.1319273942551458,0.6569619927854274,-0.5003918462853325,0.7152187877979215,2.3167632634507163,-1.7204203427208118,-0.40053633900406493,0
-0.6465861656248814,1.053591252898644,-0.35926097105027344,-0.8116537117096919,-0.5790130617355751,-1.154591478859994,-0.40053633900406493,0
0.4368025348743174,-0.32110586011024234,0.9543434895534121,0.4331485137020612,0.10967400261473603,-1.5789631267556072,-0.40053633900406493,0
-0.27562391845843465,-1.6773220398522037,0.016841260346743867,0.5738652870094768,-1.2042374955826152,1.6745528404440944,-0.40053633900406493,0
-0.06569629039895875,0.4309259628284342,-0.3308873105803112,-0.8715060949264208,-0.8399149871379115,1.1794525845658788,-0.40053633900406493,0
-0.35093708174867666,0.9412840430457968,-0.9096110844373074,-1.2700974980505935,0.9276367957680067,0.7550809366702657,-0.40053633900406493,0
0.8717416622682426,-0.14766940945141643,1.6767253628199832,-0.21376660702343314,0.718445161886854,-1.5789631267556072,-0.40053633900406493,0
-0.9675903899675471,-0.9849978474682054,-0.9060142068697786,0.7043944206204277,-0.6095691430890019,1.3916384085136855,-0.40053633900406493,0
-0.5327752686917959,-2.4435699653038996,-0.7360324559615908,0.6158893007573928,-0.5296532380108088,0.11852346482684571,2.4966523698860974,1
1.2221713052435004,-1.1186292110905787,-0.6438358229779935,-0.03739309477839188,-0.985643990515793,0.2599806807920501,-0.40053633900406493,0
-0.1565872940868438,-0.22727958352432015,1.263939013038705,-1.6998885477451886,-0.2922559905726469,0.9672667606180723,-0.40053633900406493,0
0.40760834311953575,-0.9849978474682054,-0.9870390111031896,-0.5716074513617478,1.6915388296036762,-0.022933751138358716,-0.40053633900406493,0
0.36886225468200773,0.07125856924906764,1.27066131411993,0.34209648391490977,1.242599480487944,-1.3667773028078007,-0.40053633900406493,0
-0.7988067587080732,-1.5493771172350375,0.27462388729668524,1.0329458008314072,-0.9503869735695313,1.6038242324614922,-0.40053633900406493,0
-0.5823249619772813,-0.7362160534903822,0.29173066005244996,-1.0688916140454199,0.06736558227922211,-1.0838628708773919,-0.40053633900406493,0
1.1393132945699027,-0.5741524848419705,1.6891118338880886,0.9578119580699815,0.018005758554455787,-1.154591478859994,-0.40053633900406493,0
0.46215082417402886,0.5716653777073167,-0.5553080819285997,-1.1039116255020165,-0.8422654549343288,-1.5789631267556072,-0.40053633900406493,0
-0.2670733197961903,-1.8336991674954068,1.481075771245703,0.4439728808795546,-0.8916252786590951,-0.09366235912096092,2.4966523698860974,1
0.642074795127219,-1.3261843077806486,-0.05691105304404468,-1.3509618881412802,-0.9668402481444535,1.6038242324614922,2.4966523698860974,1
0.8574172428274984,1.091974729683793,-0.16213076409715477,0.2873379205464132,1.0921695415172277,-1.5789631267556072,-0.40053633900406493,0
-0.6658341760504591,-0.5300825670516145,-0.5878950629448293,-1.196873837732255,-0.5179008990287216,-0.022933751138358716,-0.40053633900406493,0
2.336826332880997,-1.263633456723366,-0.4102058544193019,3.2850509012310853,-0.3651204922615876,-0.447305399033972,-0.40053633900406493,0
0.84740597541417,0.6526971620315226,-0.1618571095037896,-0.128445124565543,0.9299872635644241,-1.0131342628947897,-0.40053633900406493,0
-0.9415357453759184,-1.0219597140020522,0.6567417187899568,1.3322077169150512,-0.33456441090816086,0.40143789675725455,2.4966523698860974,1
-0.3608253707188441,0.2987162094573631,0.3463165898005677,1.1501036573407486,-0.7505972108740486,0.33070928877465233,-0.40053633900406493,0
1.476428037525018,-0.704940627961741,-0.6978533193251564,0.8686701107259173,-0.3087092651475691,0.0477948568442435,-0.40053633900406493,0
-0.4235135464806612,1.848271383376376,-0.9951430278330198,-0.8294820811785047,-1.2512468515109643,1.6745528404440944,-0.40053633900406493,0
0.6679454858916123,0.3797479937815674,-0.11804548920181196,0.9106941244738336,-0.09716716346999903,0.0477948568442435,-0.40053633900406493,0
-0.3793324274604173,2.0245510545378047,-0.5373150523669544,-1.1045483529830458,-0.1253727770270084,-0.7302198309643808,-0.40053633900406493,0
-0.7429063764037447,-2.2530741916294517,0.5370384783111645,0.3803001327766516,-1.176031882025606,-0.6594912229817786,2.4966523698860974,1
-0.7161834004956608,-0.13345330693839796,-0.9601017972005053,-0.6403740193128831,0.6667348703656701,-0.7302198309643808,-0.40053633900406493,0
-0.09108260367413228,-0.4604236647378227,0.7752524013566108,-0.050127644398972486,-0.2475971024407154,-0.5887626149991764,2.4966523698860974,1
1.2335699339236887,-0.7433241047468915,-0.6464465838178521,0.19119207091102972,-0.8892748108626778,-0.5180340070165742,-0.40053633900406493,0
-0.6820255384305577,-1.138531754608804,1.1450048859960018,0.4668950701965996,1.5293565516508725,0.5428951127224589,2.4966523698860974,1
0.13696019438882132,-0.913917334903113,-1.0757616710383835,0.4395157885123515,-0.0548587431344851,1.0379953686006744,-0.40053633900406493,0
1.960866844687154,0.07978823075687905,-0.7722739260386892,-0.9046159239399303,0.40348247716691654,-1.7204203427208118,-0.40053633900406493,0
-0.7024601709372228,0.1835657791019132,-0.7546390479273075,0.7012107832152825,1.705641636382181,-0.7302198309643808,-0.40053633900406493,0
-0.9519676744276924,0.7451018283661426,-0.44701383751424384,0.19946952816440724,0.6220759822337388,-0.447305399033972,-0.40053633900406493,0
-0.4463717792251122,-0.10075627115845613,-0.6821138593446616,-1.391712446927138,1.52230514826162,0.5428951127224589,-0.40053633900406493,0
-1.0875717902339528,-1.0660296317924096,0.6301616961459807,-1.3420477034068738,-0.8399149871379115,1.6745528404440944,-0.40053633900406493,0
-0.9639462543732619,0.26744078392872184,-0.6786091601664768,-0.14882040395847218,-1.3170599498106528,1.3916384085136855,-0.40053633900406493,0
1.461950837065751,-0.4803262082560498,0.4341107445014316,0.8533886511812209,-1.0632094277975688,-0.7302198309643808,-0.40053633900406493,0
2.54416559014235,1.7771908708112836,0.9937219054428749,0.8763108404982659,-0.8281626481558242,-0.23511957508616535,-0.40053633900406493,0
-0.21746333624330563,1.2682544008452215,0.21300935536108445,-1.0300512377026492,0.7160946940904367,1.6038242324614922,-0.40053633900406493,0
-0.0893807738534508,-0.17610161447745334,0.4874061767987332,0.8502050137760757,0.8735760364504054,1.3209098005310833,-0.40053633900406493,0
-0.23370950795740375,-1.189709723655671,-0.5227892745128228,-0.6983162200865247,-0.012550322798970963,1.4623670164962876,-0.40053633900406493,0
-0.3308039005790086,0.8389281049520648,-0.003360209792935801,0.13707023502356214,0.7066928229047671,1.2501811925484811,-0.40053633900406493,0
-1.342022067976156,0.753631489873954,-0.3999356455398867,-1.6897009080487242,-1.0209010074620546,1.3209098005310833,-0.40053633900406493,0
2.882951332667773,0.2717056146826283,-0.4602039889144424,1.0023828817420137,-0.5037980922502169,-0.5887626149991764,2.4966523698860974,1
-0.6588908611077472,0.36411028101724835,-0.4079714886692646,-0.19848514747873633,-0.6142700786818368,-1.7204203427208118,-0.40053633900406493,0
0.3664992872699586,-0.5442986695646329,1.272492399416587,-0.4181561284337516,0.5515619483412157,0.7550809366702657,-0.40053633900406493,0
-0.05097964166178153,0.5887247007229395,-0.19085681486804684,0.3580146709406355,0.21779552124993845,-1.6496917347382096,-0.40053633900406493,0
1.4747597784214113,-0.2215931425191131,-0.5745868079832834,-1.0631610667161588,0.6996414195155145,-0.16439096710356313,-0.40053633900406493,0
-0.019929126276107247,1.029423878626512,0.4944318984115491,0.029463290729656297,-0.13477464821267818,1.1794525845658788,2.4966523698860974,1
0.4203035551071472,-1.3588813435605904,-0.4905306790086315,-0.24942334596105875,0.0744169856684743,0.5428951127224589,-0.40053633900406493,0
-0.77432068874384,0.025767041207407897,-0.23671556356670667,0.8973228473722237,3.5013990328451086,0.89653815263547,-0.40053633900406493,0
-1.3765413290873176,0.2816568864417403,-0.3357353177448744,1.4901161322102505,-0.09246622787716424,-0.7302198309643808,2.4966523698860974,1
0.9642539945674975,0.0030212771865780292,-0.4856404234156191,-1.0599774293110136,3.4144317243776627,0.33070928877465233,-0.40053633900406493,0
0.8130932769805186,-0.4604236647378227,0.24061678296962405,-0.3799524795720098,-0.14652698719476534,1.4623670164962876,-0.40053633900406493,0
-0.2577944421084288,-2.1322373202687945,-1.264788821453228,0.4038590495747259,-0.9785925871265406,1.4623670164962876,-0.40053633900406493,0
0.8836846161467125,1.3606590671798415,-0.7049145680255321,0.5700449221233024,-1.1172701871151698,0.33070928877465233,-0.40053633900406493,0
3.734397893548298,-1.5792309325123766,-1.2052732682583152,0.10523386097211097,1.783207073663956,0.2599806807920501,-0.40053633900406493,0
-0.37139261031392884,-0.14766940945141643,0.8919262374772735,1.7677293139389072,1.5340574872437074,-0.37657679105136976,2.4966523698860974,1
0.4881962196905454,-1.0219597140020522,-1.0250059454058216,0.16062915182163648,-0.5131999634358867,-0.09366235912096092,-0.40053633900406493,0
0.2602260439951411,0.5944111417281466,-0.4814952764698043,-0.556325991817051,-0.28050365159055973,0.33070928877465233,-0.40053633900406493,0
1.7343213691173969,-2.1649343560487373,-0.7294272982501571,1.218870225291884,-0.7059383227421171,-0.800948438946983,-0.40053633900406493,0
0.9315030195944914,0.44087723458754774,0.6902946525111875,1.1481934748976617,1.8255154939994704,0.7550809366702657,-0.40053633900406493,0
1.246703278024958,-0.9935275089760152,-0.1815698421416347,-0.46527396202989973,-0.3040083295547341,0.89653815263547,2.4966523698860974,1
0.04760008391120717,-0.5841037566010839,0.8875496843665428,-1.0154065056389814,1.4470901787762618,-0.16439096710356313,-0.40053633900406493,0
-0.16902079150460833,0.1110636562855187,0.12513934552732273,-0.30354518184852636,0.9558424093250159,-1.508234518773005,-0.40053633900406493,0
-1.0031393814412224,-0.41919696745006946,0.67126269568631,1.4455452085382183,0.4199357517418387,-1.508234518773005,2.4966523698860974,1
0.028672365531188314,-0.5116016337846895,1.1650373624218842,-0.12780839708451405,-0.19823727871594907,-1.508234518773005,-0.40053633900406493,0
-0.0569401567342166,1.0578560836525488,1.1018442755687665,-0.9587377598273978,-1.1431253328757618,0.89653815263547,-0.40053633900406493,0
-0.5618879315622538,-0.2599766193042636,-0.6012503672926027,0.5331147282236188,-0.26405037701563755,1.1794525845658788,-0.40053633900406493,0
-0.637842364060289,0.457936557603169,-0.8472648865362882,1.3131058924841803,-0.2334942956622108,-0.37657679105136976,-0.40053633900406493,0
0.2384047353382912,-0.5371906183081236,-1.2654273488377465,-0.9243544758518304,-0.4191812515791889,0.33070928877465233,-0.40053633900406493,0
-0.9220040966468938,-0.6594490999200812,0.3828297940879198,-1.4490179202197508,-0.26875131260847257,-0.5887626149991764,-0.40053633900406493,0
-1.039587245992488,0.04851280522823777,3.0538916238341622,-0.6817613055797699,-1.1431253328757618,-1.154591478859994,-0.40053633900406493,0
1.8316497290835116,0.8346632741981583,-0.012847862554482182,0.10778077089622681,-0.3627700244651702,-0.6594912229817786,-0.40053633900406493,0
-1.06234819216909,0.11248526653682087,0.642286034919389,0.559220554945809,1.7150435075678505,-0.5887626149991764,-0.40053633900406493,0
-1.0474057974875028,1.1289365962176412,-0.32573972365038006,0.0759443968447753,1.5481602940222117,1.3916384085136855,-0.40053633900406493,0
0.8265695219776221,-0.1277668659331909,0.07103639213170546,0.5846896541869703,-0.7129897261313695,0.2599806807920501,-0.40053633900406493,0
0.11941298610891252,0.6441675005237112,-0.9605962958516739,-0.16155495357905278,-0.7200411295206217,-0.447305399033972,-0.40053633900406493,0
-0.11469446476107505,0.6256865672567878,-0.927990111004331,-0.23668879634047815,-1.0914150413545778,-0.09366235912096092,-0.40053633900406493,0
-0.6852853235701722,1.2966866058712585,-0.18569482506478058,0.7795282633818534,-0.5766625939391576,1.6745528404440944,-0.40053633900406493,0
0.9456037484408505,1.5923815381420436,-0.642620220468519,-0.2411458887076814,-0.5249523024179739,1.3916384085136855,-0.40053633900406493,0
0.025983282581842605,-1.1243156520957858,0.055762625055708864,-0.4939266986762061,0.41288434835258636,0.7550809366702657,-0.40053633900406493,0
0.5318611032961822,-0.6622923204226856,-0.8553669828830069,-1.3076644194313063,-0.9574383769587836,0.5428951127224589,-0.40053633900406493,0
0.2120969401352529,0.7578963206278589,-0.39438477815657536,-0.8460369956852597,-0.41448031598635393,1.0379953686006744,-0.40053633900406493,0
0.5287654036002286,1.6862078147279658,-0.0017720529598625391,0.5687714671612445,-0.7717514210418055,-0.09366235912096092,-0.40053633900406493,0
-0.3612700114409141,0.8360848844494605,-0.6438435045104388,1.3201098947754994,-0.17708306854819209,-0.37657679105136976,-0.40053633900406493,0
0.9668529846740815,-0.37370543940841133,0.3658708908317279,0.326178296889184,-0.9033776176411824,-0.6594912229817786,-0.40053633900406493,0
0.9890199346934653,-0.7817075815320403,1.3386399956864925,1.2016785833041,-1.1924851566005281,-0.7302198309643808,2.4966523698860974,1
0.9127222587412586,0.7692692026382747,0.35115211447490713,-0.039940004702508074,-0.2758027159977247,-1.0131342628947897,-0.40053633900406493,0
-1.0973631351946085,1.5269874665821583,-1.2713229249895424,2.4063669774110243,-0.7270925329098741,-0.022933751138358716,-0.40053633900406493,0
-0.4533681907101359,1.5454683998490817,-0.407237902320735,0.9890116046404042,-0.8211112447665718,-0.9424056549121874,-0.40053633900406493,0
0.06215573022976099,-1.276427948985084,-1.0974427963653464,-1.1306541797052359,-1.2512468515109643,-1.154591478859994,-0.40053633900406493,0
2.67295622061581,-1.684430091108713,-0.9968137611398804,0.5630409198319831,-0.7176906617242044,-1.3667773028078007,2.4966523698860974,1
0.9388920029342859,0.7578963206278589,0.11764793101000812,-0.7868213399495598,-0.6753822413886903,0.6136237207050612,-0.40053633900406493,0
-0.7034162512571747,1.4004641542162943,0.1423603810782117,-0.8753264598125949,-1.0796627023724907,0.6843523286876634,-0.40053633900406493,0
0.7417496797051834,-1.131423703352295,0.3324533441198466,1.2010418558230709,0.020356226350873183,0.6843523286876634,2.4966523698860974,1
-0.2018029392863261,-0.5428770593133307,3.7502119778968166,0.5636776473130121,-0.6941859837600298,-0.022933751138358716,-0.40053633900406493,1
-0.8448979830181962,-2.046940705190684,-0.22681406824466765,0.5579470999837511,-0.36747096005800517,1.3209098005310833,-0.40053633900406493,0
-0.9335130291117559,0.17219289709149907,0.19235371461557393,-0.26024771313855233,0.2718562805675398,0.9672667606180723,-0.40053633900406493,0
-0.6841298742977973,-0.6068495206219139,-0.8049194787398143,-1.0574305193868976,-1.361718837942584,-0.30584818306876754,-0.40053633900406493,0
-0.40138564811175226,0.47926071137269666,0.11184837401377881,0.13388659761841698,0.05561324329713493,-0.09366235912096092,-0.40053633900406493,0
-0.17228126176089784,0.361267060514644,0.7275942536826309,0.09631967623770447,-0.7599990820597182,1.1087239765832766,-0.40053633900406493,0
-1.4781273466301734,0.09258272301859534,-0.5309662658008837,0.24213026939335214,-1.0162000718692197,-1.6496917347382096,2.4966523698860974,1
-0.47642133914862234,-1.775413147192031,-0.1756483408178358,1.0170276138056815,2.356721215989813,-0.022933751138358716,-0.40053633900406493,0
-1.0909117340245413,-0.13487491718970013,1.6790787923229227,-0.44680886508005796,-0.4238821871720237,-0.022933751138358716,-0.40053633900406493,0
0.6801453585232043,1.312324318635579,0.49483133809870655,-0.8848773720280304,-1.31941041760707,0.8258095446528678,-0.40053633900406493,0
-1.0104488912467178,-1.8180614547310863,1.9212429434283833,-1.0421490598422007,1.7103425719750156,0.11852346482684571,-0.40053633900406493,0
-0.4945241770519501,0.25464629166700553,1.301449856352395,0.9609955954751267,-0.4708915431003726,-0.5180340070165742,-0.40053633900406493,0
1.3196798508951382,-1.1115211598340695,1.1745816664852147,-0.16155495357905278,1.1391788974455768,0.7550809366702657,-0.40053633900406493,0
-0.38441907621389954,0.15229035357327192,0.01698432888853824,0.7496020717734888,-0.07836342109865946,-1.154591478859994,-0.40053633900406493,0
-1.2691057853733752,0.48636876262920586,1.0292365105123331,-1.1796821957444712,1.289608836416293,-1.154591478859994,-0.40053633900406493,0
-0.8652743806074866,-1.1342669238548992,-0.199001159643215,-0.9510970300550495,-0.11362043804492121,0.40143789675725455,2.4966523698860974,1
0.36106973762064276,0.17361450734279962,-0.2914311191748395,0.15489860449237514,-1.096115976947413,-0.30584818306876754,-0.40053633900406493,0
-0.3589073865872023,1.180114565264508,0.4392842566033659,-0.22140733679578137,-1.1384243972829267,-1.2253200868425962,-0.40053633900406493,0
0.16694877892825716,-0.29267365508420545,-1.0736569311483615,-0.47418814676430626,-1.1478262684685965,-1.6496917347382096,-0.40053633900406493,0
2.135737395045599,-0.7305296124851736,0.39995096971701966,1.13609565275811,0.14258055176458018,-1.437505910790403,-0.40053633900406493,0
2.271018135781263,-0.8613177556049441,-0.018955641040080542,0.01736546859010465,0.840669487300561,-1.154591478859994,-0.40053633900406493,0
1.130395130811525,-0.5059151927794824,-0.7672089155825453,-1.2096083873528356,-0.9997467972942976,-1.2253200868425962,-0.40053633900406493,0
0.1604987479915399,-0.6324385051453465,-0.2316419113865618,-1.086719983514233,0.6643844025692527,0.89653815263547,-0.40053633900406493,0
0.29751146368158504,0.7863285256538959,0.7981712135988283,-0.6944958552003505,-0.673031773592273,0.18925207280944792,-0.40053633900406493,0
-0.020360064664677612,-0.10644271216366319,-0.25899104746662727,-0.10233929784335283,4.937534856456167,-1.0131342628947897,-0.40053633900406493,0
0.6003302935615862,-0.2685062808120734,-0.14568364294013325,-0.34365901315335523,-0.689485048167195,-0.5180340070165742,-0.40053633900406493,0
-1.0033798573941448,2.685599821393163,-0.9781937264923846,-0.3150062765070488,0.5468610127483805,0.7550809366702657,-0.40053633900406493,0
-0.5337820476456976,-0.9437711501804505,-0.5233096983359943,0.10969095333931404,-1.1031673803366653,-1.5789631267556072,-0.40053633900406493,0
-0.7648534039704556,-0.2813007730737913,0.5966903787069818,-0.8135638941527792,0.4269871551310909,1.6745528404440944,-0.40053633900406493,0
-0.6469068002287779,-1.5280529634655098,-0.6855599868379507,0.9559017756268947,-1.112569251522335,1.3916384085136855,2.4966523698860974,1
0.3643346611353196,0.6015191929846558,-1.097501368050242,0.9170613992841239,-0.21234008549445385,0.7550809366702657,-0.40053633900406493,0
-0.8174672815848448,1.7544451067904536,1.2315219859278286,1.1424629275684004,0.5539124161376331,-0.37657679105136976,-0.40053633900406493,0
-0.41402056983196456,0.05704246673604917,1.6476853294103877,-1.3745208049393542,-0.5037980922502169,-1.7204203427208118,-0.40053633900406493,0
0.5070019873024154,0.666913264544541,-0.46639050310760544,-1.3382273385206995,-1.0726112989832384,-0.022933751138358716,-0.40053633900406493,0
0.06192518846862614,-1.3318707487858557,-0.474631827229896,0.582779471743883,1.4447397109798443,-1.3667773028078007,-0.40053633900406493,0
-0.7737886956457082,0.43234757307973637,0.46698482279280573,-0.2500600734420877,-0.249947570237133,0.0477948568442435,2.4966523698860974,1
-0.40655314063288345,-0.4220401879526738,-0.5724955107750405,0.6681009542017731,-1.1172701871151698,-1.0131342628947897,-0.40053633900406493,0
-0.973569403190207,-1.592025424774093,-0.4278436131053504,-0.5022041559295835,-0.5155504312323042,-1.437505910790403,-0.40053633900406493,0
-0.6862968983407987,-0.6310168948940443,0.4490378824258323,-1.67250926606094,-0.6824336447779427,0.5428951127224589,-0.40053633900406493,0
-0.6979764248577341,-0.0040867740699312045,5.31469048720742,0.5063721740203997,-0.8869243430662602,-1.2253200868425962,-0.40053633900406493,0
0.6727190363246229,0.22479247638966643,0.6080744097909709,0.40513250453678384,1.11802468727782,-1.6496917347382096,-0.40053633900406493,0
-0.3660973435329117,-0.3495380651362793,-0.35621428324414184,0.5458492778441995,1.0381087821996264,-0.5887626149991764,-0.40053633900406493,0
-1.1326689102486616,1.2625679598400146,-1.2380714914167914,-0.7186914994794535,-0.2311438278657934,1.6038242324614922,-0.40053633900406493,0
-0.6477501788556935,-0.05810796361940073,0.2531655264106374,-0.014470905461346863,-0.5931158685140797,0.6136237207050612,-0.40053633900406493,0
0.7488426926413809,0.6015191929846558,-0.7143119627808459,0.13707023502356214,-0.546106512585731,0.40143789675725455,-0.40053633900406493,0
-1.5073602474770926,1.4942904308022165,2.1192334820153804,-1.2331673041509097,-0.6495270956280984,-0.16439096710356313,-0.40053633900406493,0
-0.6696060859046306,0.3442077374990212,-0.5234230009395631,0.326178296889184,-0.35336815327950044,1.1087239765832766,-0.40053633900406493,0
-0.9274319335045221,0.19778188161493165,-0.08533944443267993,-0.8823304621039142,-0.20528868210520146,0.4721665047398568,-0.40053633900406493,0
0.8541653365296465,-1.3517732923040813,0.9641470453367729,-0.14181640166715256,1.5176042126687852,1.4623670164962876,-0.40053633900406493,0
-0.9726410700955922,-0.676508422935704,0.8384234038039479,-0.8154740765958662,-1.0561580244083162,0.4721665047398568,2.4966523698860974,1
0.2659625259148536,-1.3418220205449676,1.299594766266846,0.08040148921197872,1.8372678329815575,1.4623670164962876,-0.40053633900406493,0
1.3465888359804825,0.8716251407320067,-0.8685753779227635,-1.1491192766550777,1.4611929855547665,-0.022933751138358716,-0.40053633900406493,0
3.2104268265640803,1.2938433853686557,-0.9512920396772597,0.24404045183643935,-1.2206907701575374,-1.154591478859994,-0.40053633900406493,0
-0.7521122891656193,-1.7171271268886563,-0.49434840063396385,0.7667937137612728,-0.47559247869320753,1.4623670164962876,-0.40053633900406493,0
-0.39938305207074887,-1.0859321753106352,0.8893375610431948,-0.6008969154890832,-0.8563682617128335,0.2599806807920501,-0.40053633900406493,0
-0.7403765830813348,0.36979672202245545,-0.035814684374483145,-0.9434563002827011,0.13082821278249301,0.8258095446528678,-0.40053633900406493,0
-0.728961854159284,0.608627244241165,2.084733799420262,1.0431334405278716,0.8148143415399693,1.6038242324614922,-0.40053633900406493,0
1.3715483215671358,-2.2587606326346594,-0.5428870439644905,0.2733299159637747,-0.7435458074847962,-0.7302198309643808,2.4966523698860974,1
-0.10957321761550583,2.685599821393163,-0.12509233502885278,-1.2503589461386935,-0.5931158685140797,-1.0131342628947897,-0.40053633900406493,0
-1.1064840934887843,-0.25286856804775437,1.7402439546104715,-0.4512659574472612,-0.922181360012522,0.8258095446528678,-0.40053633900406493,0
-0.4702552890736895,-0.33958679337716574,-0.008966768286475833,-0.2577008032144361,0.0744169856684743,-0.5887626149991764,-0.40053633900406493,0
-0.6795169837250726,-0.05526474311679639,-0.8409305028435525,2.2038876384437924,-0.858718729509251,0.4721665047398568,-0.40053633900406493,0
-1.2758918660391765,-0.636703335899253,-0.7197149606645845,1.0399498031227266,-0.3627700244651702,-1.2960486948251986,-0.40053633900406493,0
-0.945985578179995,2.685599821393163,0.3345561636267573,1.374231730662967,-0.6542280312209333,1.6038242324614922,-0.40053633900406493,0
-0.6076331719515056,0.8389281049520648,-0.7826795219274533,1.0380396206796394,-0.25934944142280275,1.3209098005310833,-0.40053633900406493,0
-1.015122072086842,0.5091145266500358,0.27618515876619976,1.3844193703594319,-0.41448031598635393,1.3209098005310833,2.4966523698860974,1
-0.23810453142748073,0.15086874332197137,-1.0384342243118256,0.12178877547886569,-0.45913920411828546,-1.3667773028078007,-0.40053633900406493,0
0.35832447510394766,-1.1754936211426525,0.5536440310748711,-0.4130623085855194,0.2671553449747048,-1.0131342628947897,-0.40053633900406493,0
0.2713701518305697,-0.7802859712807382,0.2941263379838394,1.137369107720168,0.14023008396816278,-1.5789631267556072,-0.40053633900406493,0
-0.3499148876695879,2.43681802741534,-0.060203549888427015,0.5031885366152545,-0.5273027702143913,0.40143789675725455,-0.40053633900406493,0
-0.23595463530135408,0.3982289270484924,-0.8304068033934413,1.1679320268095617,-1.129022526097257,0.5428951127224589,-0.40053633900406493,0
0.015533883054856396,-1.2707415079798752,1.5598825329855228,-1.4222753660165315,-0.44973733293261564,1.6745528404440944,-0.40053633900406493,0
1.93850018315701,-0.44905078272740856,-0.6128024318988333,0.5095558114255448,1.7361977177356074,0.7550809366702657,-0.40053633900406493,0
-0.07663006741516466,-1.9673305311177802,-0.29188817035533704,2.3312331346495987,0.495150721227197,0.11852346482684571,2.4966523698860974,0
0.5668167837293142,2.259116746002609,-0.20447713208518442,-0.8670490025592176,0.36822546022065483,-1.2253200868425962,-0.40053633900406493,0
-0.7053736295976284,0.8488793767111767,-0.4116058137074645,-0.8116537117096919,2.824464307476884,1.3209098005310833,-0.40053633900406493,0
-0.8944298632701315,0.7650043718843681,-0.8348313660819552,-0.8842406445470015,1.195590124559595,-0.5887626149991764,-0.40053633900406493,0
-0.5595427771837543,-1.0546567497819956,0.08793864408611297,0.09058912890844313,0.5750666263053901,0.11852346482684571,-0.40053633900406493,0
-0.15129956358925137,1.433161189996236,-1.2348212430008583,1.132275287871936,-0.980943054922958,1.53309562447889,-0.40053633900406493,0
-1.0080204951922067,-0.6836164741922133,0.6034395651517659,-0.9772028567772396,2.3637726193790654,-0.5180340070165742,-0.40053633900406493,0
-0.6923834748814324,-0.6978325767052317,-0.3411133506481656,1.0112970664764203,-0.9832935227193756,0.7550809366702657,-0.40053633900406493,0
-0.8530580651756947,1.116142103955925,0.3391372375388452,0.03201020065377249,-0.5061485600466343,0.8258095446528678,-0.40053633900406493,0
-0.45355968082079645,-0.16046390171313432,-0.2507093952989987,-0.253880438328262,-0.6354242888495938,-0.447305399033972,-0.40053633900406493,0
-0.6737428203882356,-2.2687119043937725,0.07184871418779971,1.631469632998695,0.9699452161035207,-0.800948438946983,-0.40053633900406493,0
-0.8921563035841689,-0.6537626589148742,-0.6354197439925714,-0.07241310623498855,-0.9057280854375999,0.18925207280944792,-0.40053633900406493,0
2.8802043573593905,-1.6716355988469966,-0.02658148237518851,-0.08323747341248193,0.6244264500301562,-0.5180340070165742,-0.40053633900406493,0
2.3411113951247375,2.338726920075513,0.11847561613099304,-1.4655728347265056,0.7983610669650472,1.1087239765832766,-0.40053633900406493,0
0.42708826553959867,-1.563593219748056,-0.7968941977175488,-0.40605830629420014,-0.1817840041410271,1.6745528404440944,-0.40053633900406493,0
-1.372401511578675,-0.0637944046246078,-0.394555692253484,-1.0720752514505651,-1.201887027786198,0.6136237207050612,-0.40053633900406493,0
-0.07286158314436814,-0.2983600960894125,-0.19951102135927415,0.14598441975796864,-0.41212984818993653,-1.3667773028078007,-0.40053633900406493,0
-0.9256838583082786,-0.48316942875865254,0.10882665118809474,0.6591867694673667,-0.6095691430890019,-0.9424056549121874,-0.40053633900406493,0
-0.4509137602219751,-1.5579067787428489,-0.9766151715748677,-1.6769663584281436,-0.5766625939391576,1.2501811925484811,-0.40053633900406493,0
0.7803690215578378,-0.744745714998192,-0.6869618665092246,-1.2032411125425453,3.5977682124982238,-1.6496917347382096,-0.40053633900406493,0
-1.028290357138536,1.431739579744934,-1.022775420422007,-0.2710720803160457,-1.3335132243855747,0.6843523286876634,-0.40053633900406493,0
-0.2815039323215579,1.1388878679767547,0.938405269920894,0.390487772473116,-0.8070084379880672,-0.5180340070165742,-0.40053633900406493,0
-0.10212668447501203,-0.17610161447745334,-0.13650037090173334,-1.0625243392351296,-1.0350038142405593,1.6745528404440944,2.4966523698860974,1
0.9941199432221094,-0.7234215612286643,-0.3876528751597934,1.9759392002354004,2.1592819210907477,-0.022933751138358716,-0.40053633900406493,0
-0.2819249365183409,-1.6702139885956946,-0.6781415468788669,1.5327768734391958,-0.28285411938697713,-1.5789631267556072,-0.40053633900406493,0
-0.8538305342267488,-0.8172478378145865,0.15955549145709796,-1.215975662163126,-0.8258121803594067,-0.6594912229817786,-0.40053633900406493,0
0.1305958030364781,0.884419632993723,-0.678510260436243,0.1275193228081267,-0.7882046956167276,0.6843523286876634,-0.40053633900406493,0
-0.17958837365803065,-0.27703594231988476,-1.2001064774972707,-1.300660417139987,2.0417585312698754,-1.6496917347382096,-0.40053633900406493,0
0.053350268164419554,-1.344665241047572,-0.2805310246349069,-0.3029084543674972,-0.49674668886096457,-0.9424056549121874,-0.40053633900406493,0
-0.3445850224964833,-1.1001482778236538,0.08534612688581185,-0.6320965620595056,-1.3311627565891573,-0.09366235912096092,-0.40053633900406493,0
0.8975462392734987,0.5702437674560161,-1.041969649619792,0.5369350931097929,0.13082821278249301,-1.5789631267556072,-0.40053633900406493,0
1.0973115316928104,-0.9181821656570179,-0.6376464282101634,-1.2357142140750257,0.5210058669877887,-0.09366235912096092,2.4966523698860974,1
0.08842207587396252,1.2327141445626755,-0.8333017809337775,0.16317606174575267,1.1368284296491589,-0.30584818306876754,-0.40053633900406493,0
-0.9801198037198107,0.34705095800162555,-0.899818090761059,-1.5356128576396988,-0.8046579701916498,-0.5180340070165742,-0.40053633900406493,0
0.21505116323782067,0.6569619927854274,-0.3242235811839817,0.577048924414622,-0.9268822956053568,1.6038242324614922,-0.40053633900406493,0
-0.8127869070196334,0.7166696233401056,-0.8627297317318622,-0.6728471208453636,-1.0679103633904035,-1.2960486948251986,-0.40053633900406493,0
0.41290977595062783,0.39396409629458584,-0.22370784856208462,0.4637114327914545,0.6103236432516518,-0.8716770469295853,-0.40053633900406493,0
0.6945180786895355,-2.0810593512219278,-0.4782066203916445,1.2309680474314353,0.8547722940790659,-0.23511957508616535,-0.40053633900406493,0
0.35725261006592157,-0.9864194577195059,-0.7354102518335186,-0.8192944414820403,0.4434404297060131,-0.022933751138358716,-0.40053633900406493,0
0.044933267253798766,-0.6907245254487225,-0.1630419858834828,-1.2541793110248676,-0.47324201089679013,-1.3667773028078007,-0.40053633900406493,0
-0.6101002770981538,0.5148009676552429,-1.0185208116388462,0.8291930069021176,-0.9292327634017743,-0.23511957508616535,-0.40053633900406493,0
-0.9745340474685965,0.8673603099781018,-0.3339272770455533,0.5821427442628541,0.2906600229388793,1.53309562447889,-0.40053633900406493,1
0.055401850047684685,0.18072255859930886,0.5850605385847423,-1.1612170987946293,-0.647176627831681,1.53309562447889,-0.40053633900406493,0
-0.7237731230212281,-0.5059151927794824,0.5974220446724005,-0.831392263621592,0.5304077381734588,1.4623670164962876,-0.40053633900406493,0
0.4454956378049604,-0.2656630603094707,-0.5903464319864474,1.505397591754947,-0.5696111905499054,1.1087239765832766,-0.40053633900406493,0
-0.8120658217192037,-0.8172478378145865,-0.03429758171652923,-0.7212384094035698,-0.5296532380108088,-1.0838628708773919,-0.40053633900406493,0
-0.16730457423375208,-0.17610161447745334,0.4899430028888055,0.46052779538630934,1.0874686059243928,1.2501811925484811,-0.40053633900406493,0
2.1503259269645523,0.4735742703674896,0.7584039201293203,0.6241667580107699,-1.1031673803366653,-0.23511957508616535,2.4966523698860974,1
0.36306616761157096,-0.2813007730737913,0.40562666200256786,2.0306977636038965,-0.12772324482342579,1.53309562447889,2.4966523698860974,1
-0.18290262557330705,-2.722205574559061,-0.058404150913106925,0.45097688317087387,0.6808376771441749,0.9672667606180723,2.4966523698860974,1
-0.9072182511255422,-1.0660296317924096,-0.47823158537209187,-1.2955665972917547,1.1344779618527416,-0.23511957508616535,2.4966523698860974,1
0.4140552910312154,-1.2693198977285747,-0.39813240579834386,-1.2274367568216484,-0.858718729509251,0.0477948568442435,-0.40053633900406493,0
0.4042505862953972,-1.3247626975293465,0.28423924553513535,-0.5525056269308769,-0.3651204922615876,-1.508234518773005,-0.40053633900406493,0
-0.4399628552888944,-0.7916588532911539,-0.9582351848162886,-0.853040997976579,-0.8493168583235812,1.0379953686006744,-0.40053633900406493,0
0.3836871518538339,1.0080997248569843,-0.4880428226878981,0.5725918320474186,0.22954786023202564,-0.23511957508616535,-0.40053633900406493,0
0.3708881446899607,-0.6750868126844018,0.19552042636616393,0.28988483047052943,-0.4802934142860424,-1.7204203427208118,-0.40053633900406493,0
-1.0843054964859258,0.5261738496656586,0.06268656636362424,1.8899809902964808,-0.7176906617242044,-0.16439096710356313,-0.40053633900406493,0
0.45762562853570343,0.8303984434442534,0.557649950245114,0.705667875582486,-0.3580690888723354,1.4623670164962876,-0.40053633900406493,0
-1.1634213998807141,1.5810086561316279,1.9730164721099528,0.8782210229413527,1.2590527550628663,0.11852346482684571,-0.40053633900406493,0
1.1782453921846916,0.44940689609535917,-0.7074149068364892,0.0759443968447753,0.21544505345352108,1.3916384085136855,-0.40053633900406493,0
0.17213819518298806,-0.7760211405268332,0.6481019151720644,-0.11634730242599171,1.7949594126460435,-0.09366235912096092,-0.40053633900406493,0
-0.14339674274321232,0.47641749087009394,0.12573466429183638,0.665554044277657,0.8876788432289102,1.0379953686006744,-0.40053633900406493,0
-0.2261965184994356,-1.3318707487858557,-0.8145943688547158,-0.8479471781283467,-0.964489780348036,-1.2253200868425962,2.4966523698860974,1
0.3790526801058466,0.9370192122918919,-0.44706664804980545,-1.322945878976003,-0.4403354617469459,-1.2253200868425962,-0.40053633900406493,0
-0.7623815030070824,-0.515866464538596,-0.1810119708477922,1.7906515032559527,-0.45443826852545066,-1.3667773028078007,2.4966523698860974,1
-0.7327193765632805,1.1573688012436782,0.8517518227881627,-1.5216048530570603,-0.44738686513619824,0.4721665047398568,-0.40053633900406493,0
0.7147019584931529,-0.744745714998192,-0.7776250735784218,-1.6355790721612564,-0.689485048167195,-0.9424056549121874,-0.40053633900406493,0
-1.289440733403829,-0.9821546269656011,-0.17908198582090132,-0.47928196661253847,-1.2112888989718675,-0.30584818306876754,-0.40053633900406493,0
-1.0149970382936557,1.0280022683752097,-0.27858855711779223,-0.3442957406343842,0.739599372054611,0.9672667606180723,-0.40053633900406493,0
0.7100760507036035,-0.0026651638186290343,-0.025120070827463273,0.09631967623770447,-1.307658078624983,-1.2960486948251986,-0.40053633900406493,0
0.8965552180031222,0.07836662050557687,-0.07904154801905953,0.0141818311849595,0.44814136529884807,0.6843523286876634,-0.40053633900406493,0
0.5575868918838146,-0.4476291724761064,-0.6082799296716414,0.8584824710294529,1.153281704224081,-0.8716770469295853,-0.40053633900406493,0
-0.5872745873957649,-0.14340457869751153,-0.08635916786479828,-1.1045483529830458,-0.9409851023838615,-1.3667773028078007,-0.40053633900406493,0
-0.050974503286719035,-2.2417013096190375,0.47672500593349243,-0.15327749632567525,-0.3839242346329272,-0.800948438946983,2.4966523698860974,1
0.7991703359113207,0.19351705086102677,-1.0475829294542218,1.501577226868773,1.4118331618300004,0.40143789675725455,-0.40053633900406493,0
-0.41605091309830505,-2.6226928569679315,-0.7766850460454238,-0.1742895031996334,0.7325479686653589,0.7550809366702657,-0.40053633900406493,0
1.3117516807321243,0.413866639812813,-0.8212436953777104,0.38093686025768053,-0.79525609900598,-1.6496917347382096,-0.40053633900406493,0
-0.46930982806219984,-0.09933466090715395,-0.8402948560337009,0.12242550295989466,-0.6777327091851078,0.7550809366702657,-0.40053633900406493,0
-0.127723328569408,-0.03251897909596814,1.015219634182705,3.152611585177047,0.17783756871084191,-1.0838628708773919,-0.40053633900406493,0
-0.6955329562363731,-0.6864596946948176,-0.03169642279222709,-1.0084025033476622,0.7231460974796888,-1.0131342628947897,-0.40053633900406493,0
-0.3084687544159143,0.3427861272477207,-0.8501569835019576,-1.0434225148042586,0.7866087279829601,-1.5789631267556072,-0.40053633900406493,0
-0.4319586371749567,0.5176441881578472,0.3607002593044608,-1.045332697247346,-0.7223915973170392,0.40143789675725455,-0.40053633900406493,0
2.2931052697080103,0.62710817750809,-0.17383453896918075,-0.3360182833810068,0.05796371109355232,-1.2960486948251986,-0.40053633900406493,0
-0.8148922705618855,1.9264599471979775,-0.7482902613612368,0.2510444541277586,-0.6283728854603414,0.2599806807920501,-0.40053633900406493,0
0.245772480061161,-0.1149723736714746,0.42506093908926934,0.8228257320918273,-0.20058774651236666,-0.022933751138358716,-0.40053633900406493,0
0.3029177193639511,-0.32963552161805376,-0.13520027153536002,-0.7218751368845987,0.6831881449405923,0.8258095446528678,-0.40053633900406493,0
0.7078877880436771,0.7010319105757851,0.27821980467265855,-0.8046497094183727,-0.8281626481558242,0.0477948568442435,-0.40053633900406493,0
-0.06881836708689971,-2.614163195460121,2.546497600073007,0.06703021211036915,-0.7929056312095625,0.11852346482684571,2.4966523698860974,1
-1.0646669695556024,-0.9167605554057158,2.9269504594087516,-0.7454340536826729,0.13787961617174538,0.0477948568442435,2.4966523698860974,1
0.9762250382296418,1.1545255807410737,0.4724924815561121,0.2605953663431941,0.30241236192096654,0.6136237207050612,-0.40053633900406493,0
-0.5107545910825234,0.4280827423258315,0.35011414740323127,2.427378984284982,-0.26169990921922015,1.2501811925484811,-0.40053633900406493,0
-0.46545673188204173,-0.19742576824698105,-0.5080791398800031,1.1851236687973452,0.10027213142906626,1.0379953686006744,-0.40053633900406493,0
0.044657850350451736,0.04566958472563343,1.0970164324268725,-0.619362012438925,-0.8704710684913382,-1.437505910790403,-0.40053633900406493,0
0.17424835454196502,-0.302624926843319,-0.4444770114241714,1.458916485639828,0.1989917788785989,0.7550809366702657,-0.40053633900406493,0
0.5895599168723664,0.37690477327896466,0.7569204241758147,-0.7180547719984246,-0.520251366825139,-0.022933751138358716,-0.40053633900406493,0
-0.2942930052936437,-0.3111545883511288,2.0731078000642444,0.04856511516052721,0.4175852839454213,0.11852346482684571,-0.40053633900406493,0
-0.8569639153398272,-0.515866464538596,-1.201337443071636,3.4047556676645425,-0.7223915973170392,-1.2253200868425962,2.4966523698860974,1
-0.7553847489637211,1.097661170689,-0.9456950830992764,-1.04915306213352,-0.2334942956622108,-0.9424056549121874,-0.40053633900406493,0
0.14237021821289988,-1.3389788000423648,0.6748854984258422,-0.9873904964737042,-0.5860644651248275,0.4721665047398568,-0.40053633900406493,0
0.20713738052498173,0.4081801988076043,-0.4048892737755732,-0.8657755475971595,-0.6871345803707776,-0.16439096710356313,-0.40053633900406493,0
-0.7052280423041924,-0.5243961260464057,-0.11224401182247144,-0.3169164589501359,0.1872394398965117,-1.6496917347382096,-0.40053633900406493,0
1.0723328628392572,0.5944111417281466,-0.6690456522720326,-0.21949715435269448,0.5398096093591284,-1.0838628708773919,-0.40053633900406493,0
-0.42088269844868975,-0.2585550090529614,0.3959095234592169,-1.1102789003123068,-0.8610691973056684,1.1087239765832766,2.4966523698860974,1
1.2012944299231276,-0.1689935632209441,-0.15182694851329134,0.3503739411682873,-1.0114991362763848,-1.0838628708773919,-0.40053633900406493,0
-0.8950968243532368,0.00017805668397530546,-0.5793531988656149,-0.32264700627939724,1.865473446538567,-1.437505910790403,-0.40053633900406493,0
-0.9611338504224175,-0.023989317588156735,0.1742742678139184,1.5270463261099343,-0.2922559905726469,-1.5789631267556072,2.4966523698860974,1
1.421393300139543,0.5531844444403933,-0.07302210715658256,0.5617674648699252,1.3906789516622429,0.40143789675725455,-0.40053633900406493,0
-0.6934001880271213,1.7771908708112836,-0.7999380049490135,-0.1653753184652269,-0.02430266178105835,-1.437505910790403,-0.40053633900406493,0
-0.7099015657026541,0.8104958999260279,-0.6758399677199329,-0.20421569480799767,1.2308471415058568,0.18925207280944792,-0.40053633900406493,0
-1.1024850674568527,-0.13061008643579522,0.5311601856073708,-1.4923153889297247,-0.4638401397111203,-1.0131342628947897,-0.40053633900406493,0
0.8749456103988451,1.1886442267723194,-0.7189083997578241,1.5442379680977176,0.23189832802844323,1.3916384085136855,-0.40053633900406493,0
-1.05616261626892,-0.9323982681700365,-0.5945347875522671,0.0358305655399466,-0.604868207496167,1.6745528404440944,2.4966523698860974,1
-0.572563762150325,1.7487586657852467,0.13473742031777078,1.3404851741684283,0.0720665178720569,1.3209098005310833,-0.40053633900406493,0
-0.7505625552467863,-1.6488898348261667,-0.08039541811255015,0.2746033709258326,-0.3063587973511515,-1.0131342628947897,2.4966523698860974,1
-1.175320848850322,-0.8982796221387924,1.3611065577059909,-0.19402805511153326,-1.086714105761743,-0.9424056549121874,-0.40053633900406493,0
0.20164788316660404,-0.4945423107690683,-0.737581244940882,0.7763446259767083,-0.6377747566460111,-1.2960486948251986,-0.40053633900406493,0
-0.36673518715732956,-0.34385162413107223,-0.7376753437133372,-1.2013309300994581,-0.5249523024179739,1.1087239765832766,-0.40053633900406493,0
-0.46728359549590937,-0.2557117885503571,-1.0081248176656386,0.7814384458249403,-0.6377747566460111,-1.437505910790403,-0.40053633900406493,0
-0.9815969152710946,-0.5713092643393677,-0.47373788889157,-0.5410445322723544,-0.6189710142746717,-0.800948438946983,-0.40053633900406493,0
1.4666733463064745,2.685599821393163,0.3236263031485991,-0.490106333790032,-0.4849943498788773,0.6843523286876634,-0.40053633900406493,0
-1.0654486876817688,1.0251590478726071,0.28662916231719066,0.026916380805540107,0.1966413110821815,-0.7302198309643808,-0.40053633900406493,0
1.1876619783241265,-0.5471418900672357,-0.16093340522723779,-0.5429547147154414,0.30006189412454914,1.3916384085136855,-0.40053633900406493,0
2.4565713678945293,0.6242649570054857,-0.25816528272875355,0.1797309762525074,0.015655290758038183,-1.437505910790403,-0.40053633900406493,0
-0.5231476666164634,0.9697162480718338,-1.0719890784161676,2.1758716292785154,-0.6448261600352635,-1.7204203427208118,-0.40053633900406493,0
-0.05451141812136801,-0.1405613581949072,0.4582998901717969,-0.6951325826813796,-0.4356345261541111,-1.6496917347382096,-0.40053633900406493,0
0.034796280930609,-0.2642414500581685,0.012330280418219961,1.1099898260359198,0.2013422466750163,0.33070928877465233,-0.40053633900406493,0
-0.13831591748146765,0.3200403632268908,-0.3236964360199205,-0.4289804956112452,-0.118321373637756,0.33070928877465233,-0.40053633900406493,0
0.27084226943248785,1.7245912915131145,0.9609956966510735,-0.7931886147598501,0.1989917788785989,-0.30584818306876754,-0.40053633900406493,0
0.034466739809937745,-1.6545762758313738,0.3690836917769899,-0.0666825589057272,1.0146041042354519,1.6038242324614922,2.4966523698860974,1
-1.1874381649225776,0.5873030904716373,-0.4628166701374126,0.6050649335798991,-0.9550879091623663,1.0379953686006744,-0.40053633900406493,0
-1.2319299843549303,-1.4910910969316615,0.07714129004263658,-1.4827644767142893,0.10732353481831865,0.9672667606180723,-0.40053633900406493,0
0.31993807292079074,-0.3012033165920168,-0.05986652265238785,1.9001686299929457,-1.1525272040614316,-1.2960486948251986,-0.40053633900406493,0
0.11482750020318745,-0.12208042492798384,-1.1349536396790365,2.06126068269329,-0.5531579159749832,1.3209098005310833,2.4966523698860974,1
-0.014894203831587228,2.0927883466002926,-0.6674574954389594,2.2656502041036086,0.36352452462782003,1.4623670164962876,-0.40053633900406493,0
0.3502952502313724,-0.5855253668523862,-0.40804926418527354,0.7948097229265498,-1.1384243972829267,-1.2253200868425962,-0.40053633900406493,0
-1.0388856865172955,-0.7987669045476632,0.4486749300177899,-0.7231485918466568,-0.9574383769587836,-1.6496917347382096,-0.40053633900406493,0
0.9506359304186706,-0.6793516434383083,-0.5839150689465892,-1.0803527087039426,0.7772068567972902,-1.2960486948251986,-0.40053633900406493,0
0.5405336527265752,-1.223828369686915,0.8160797463035752,2.7145430782290747,-0.7976065668023974,0.5428951127224589,-0.40053633900406493,0
2.1022543729053638,-2.3156250426867335,-0.6107581840768181,-1.0981810781727555,-0.7200411295206217,-0.8716770469295853,-0.40053633900406493,0
1.044076938370878,-0.2628198398068663,-0.6131250562615375,0.7655202587992146,-0.8375645193414939,-0.022933751138358716,-0.40053633900406493,0
0.21546291835949108,0.9412840430457968,-0.5037381138568322,0.19883280068337827,-0.8822234074734253,0.6136237207050612,-0.40053633900406493,0
0.46851213250133494,-0.821512668568493,0.8592730032437031,-0.6104478277045187,-0.9973963294978802,0.18925207280944792,-0.40053633900406493,0
-1.4434477682170639,1.795671804078207,1.5655831902515185,2.72409399044451,-0.9668402481444535,0.2599806807920501,-0.40053633900406493,0
-0.8130784241648427,-1.397264820345741,-0.47486515377792315,1.0253050710590588,0.5374591415627109,-0.09366235912096092,2.4966523698860974,1
0.4012932801677918,0.18925222010712026,-0.31234025049104586,1.4226230192211737,-0.9832935227193756,-0.7302198309643808,-0.40053633900406493,0
0.3362332304771506,-1.0134300524942423,-0.33046290591270633,-1.608836517958037,-0.6824336447779427,-1.2253200868425962,-0.40053633900406493,0
-1.1181194299801824,0.7962797974130095,0.027215169914171097,-1.4267324583837349,-0.6330738210531763,-0.30584818306876754,-0.40053633900406493,0
-1.0867116262484997,0.41955308081802006,0.17715004152314134,-1.2758280453798547,-0.562559787160653,-0.6594912229817786,-0.40053633900406493,0
1.9141096869689382,0.5929895314768444,-0.060751819266713004,-1.0045821384614881,0.739599372054611,-0.9424056549121874,-0.40053633900406493,0
-0.47154467865602545,-0.5954766386114981,2.2525733629677567,-0.9625581247135719,0.9041321178038324,0.9672667606180723,-0.40053633900406493,0
0.2663554403279618,-1.4200105843665691,0.3482254506132339,1.8218511498263752,-0.4849943498788773,0.6136237207050612,-0.40053633900406493,0
-0.27266010372241684,-1.189709723655671,0.3010886869539812,-0.44808232004211607,-1.0420552176298117,-0.30584818306876754,-0.40053633900406493,0
0.7004419400198583,1.0606993041551531,-0.37018507037909787,-1.0555203369438104,-0.4943962210645471,1.3209098005310833,-0.40053633900406493,0
-1.0019311781848732,1.6904726454818706,1.4250946831672007,1.841589701738275,-0.08071388889507686,-0.7302198309643808,-0.40053633900406493,0
3.6639189135168038,-0.5386122285594243,0.3419525191800611,-1.1274705423000908,-1.1948356243969454,1.4623670164962876,-0.40053633900406493,0
-0.5948341647876325,1.1076124424481135,-0.605001835700594,-0.8040129819373437,-1.0467561532226466,0.33070928877465233,-0.40053633900406493,0
-1.2046181506646902,-0.710627068966948,-0.5983198626647067,-1.5687226866532082,-0.15357839058401773,1.53309562447889,-0.40053633900406493,0
-0.11581051982463794,0.5759302084612232,-0.49149087056429863,-0.40414812385111293,0.2601039415854524,-0.23511957508616535,-0.40053633900406493,0
-0.884881734729098,0.1878306098558181,0.15879501974500945,-1.3445946133309898,0.02740762974012557,-1.6496917347382096,-0.40053633900406493,0
1.540443284286296,-1.927525444081329,0.5112544544668364,-0.9956679537270816,0.3353189110708107,0.6136237207050612,2.4966523698860974,1
0.4265984071169789,-0.34243001387977007,-0.16728891313419825,-0.5092081582209029,-0.15827932617685253,1.4623670164962876,-0.40053633900406493,0
3.1981272694562772,-1.2081906569225944,1.0165053306757432,0.44460960836058355,-1.0796627023724907,-1.3667773028078007,-0.40053633900406493,1
-0.3133728195755108,-0.12065881467668166,-0.40166591072319885,0.3185375671168358,1.4752957923332712,-1.6496917347382096,-0.40053633900406493,0
0.6216055642284672,1.8923413011667336,-0.4878968735714367,-1.242081488885316,-0.5531579159749832,1.1794525845658788,-0.40053633900406493,0
1.300366069268761,-0.13061008643579522,0.18278252518868443,-0.44171504523182575,-1.176031882025606,-1.0131342628947897,-0.40053633900406493,0
1.8014696544334152,-0.1277668659331909,0.2522312600269733,-0.253880438328262,-0.2522980380335504,-0.9424056549121874,-0.40053633900406493,0
-0.6504392618050392,1.0336887093804168,0.8393240634831637,-0.9237177483708012,1.045160185588879,0.8258095446528678,-0.40053633900406493,0
-0.3782687838224915,2.401277771132794,0.9754273757327497,-0.7651726055945728,0.21544505345352108,-0.23511957508616535,-0.40053633900406493,0
0.5400972334046052,0.3626886707659462,-0.235445230138559,0.647088947327815,-0.1089195024520862,-0.9424056549121874,-0.40053633900406493,0
0.7949914667522036,-1.0191164934994494,-0.547999103806862,0.3656554007129841,-0.3204616041296563,-1.154591478859994,-0.40053633900406493,0
0.8507568810715588,-1.4925127071829636,-0.8926108929442218,-0.4066950337752291,0.3541226534421502,0.8258095446528678,-0.40053633900406493,0
-1.3385827822676934,-1.0205381037507515,-0.03068630127566528,-0.5646034490704284,-0.9268822956053568,-0.6594912229817786,-0.40053633900406493,0
-0.3085739198255257,-2.346900468215374,-0.7296654257559625,-0.8262984437733596,0.5116039958021192,-0.5180340070165742,-0.40053633900406493,0
0.6402033989294772,1.2270277035574684,0.2862354837793673,0.7502387992545181,-0.32751300751890866,-0.022933751138358716,-0.40053633900406493,0
-0.6678775365336245,-0.12208042492798384,0.30161679230959815,0.0702138495155143,-0.7059383227421171,-0.447305399033972,2.4966523698860974,1
1.1619701030119063,-1.1442181956140112,-0.8293400305750953,1.0857941817568166,1.1109732838885673,-1.0838628708773919,-0.40053633900406493,0
-1.0015033228213404,-0.46184527498912487,0.2725037843417722,-0.3672179299514292,0.09322072803981386,0.0477948568442435,-0.40053633900406493,0
2.4690798855882052,-1.9232606133274242,3.7865389050223697,0.2497709991657007,-0.14652698719476534,1.2501811925484811,-0.40053633900406493,0
0.8013983353383962,1.525565856330856,0.7452953850113534,0.471988890044832,0.28595908734604436,0.9672667606180723,2.4966523698860974,0
0.3390901670118695,1.6137056919115713,2.300270878495519,-0.6015336429701121,-1.1689804786363536,-0.447305399033972,-0.40053633900406493,0
0.6013370725154877,0.8659386997267996,1.2138880680080024,0.8884086626378175,0.8876788432289102,0.40143789675725455,-0.40053633900406493,0
-0.465022710468434,-0.8570529248510392,6.2597782297038576,-0.7549849658981084,-0.3580690888723354,1.1087239765832766,-0.40053633900406493,0
-0.2325650205518286,0.6256865672567878,-0.1432409156225163,0.05174875256567236,-1.1360739294865094,-1.2960486948251986,-0.40053633900406493,0
-0.8511592643109529,0.5290170701682613,-0.17306158476686884,1.072422904655207,-0.8446159227307464,1.6745528404440944,-0.40053633900406493,0
-0.6369969300833482,-0.8158262275632844,-0.8840795909721197,-0.9370890254724108,1.7479500567176949,0.4721665047398568,-0.40053633900406493,0
-1.1757726832974795,-0.7589618175112105,-0.7209209612585024,1.1921276710886646,-0.7200411295206217,-0.6594912229817786,-0.40053633900406493,0
0.6360865328294468,-1.1328453136035972,-1.0362555496720172,-0.05331128180411764,-0.376872831243675,-0.447305399033972,-0.40053633900406493,0
0.3817948595975043,-0.41635374694746674,-0.07606015323871314,1.3901499176886924,0.10732353481831865,1.53309562447889,-0.40053633900406493,0
0.5320625275986302,0.24185179940528923,0.3531041839075785,-0.7358831414672374,0.6761367415513401,-0.5887626149991764,-0.40053633900406493,0
-0.39602392501326056,-1.2806927797389889,-0.9156583708548987,1.6613958246070597,0.6737862737549227,0.2599806807920501,2.4966523698860974,1
-0.12104926447996839,-0.2301228040269245,-0.002744727005753216,0.6757416839741214,-1.039704749833394,-1.508234518773005,2.4966523698860974,1
-0.691135192299596,-0.2514469577964522,-0.5808328540528978,0.22684880984865533,0.46694510767018765,-1.3667773028078007,-0.40053633900406493,0
0.9737154558491443,-0.36944060865450484,-1.0124994503932578,0.8648497458397432,0.24365066701053043,-0.5180340070165742,-0.40053633900406493,0
0.30782863569029767,-0.4419427314708993,0.544094926053762,-1.3344069736345254,-1.086714105761743,-0.800948438946983,-0.40053633900406493,0
-0.874058946614241,-0.6964109664539295,-0.6830913343483307,0.6712845916069182,-0.2758027159977247,-0.16439096710356313,2.4966523698860974,1
-0.8584824764499481,1.0280022683752097,-0.4678298302495504,0.38921431751105806,1.4447397109798443,-0.37657679105136976,-0.40053633900406493,0
-0.29702148245180154,-1.2622118464720655,0.29256314613121315,0.582779471743883,0.5821180296946423,-0.022933751138358716,-0.40053633900406493,0
-0.3420768103493356,-0.676508422935704,-0.855021313922967,-0.9288115682190334,-0.9785925871265406,0.4721665047398568,-0.40053633900406493,0
-0.6380523523211742,1.1374662577254526,-0.32247891312733457,1.330934261952993,-1.0185505396656371,-1.0838628708773919,-0.40053633900406493,0
-0.5218863668178021,-0.14340457869751153,-1.0699265869545946,0.9590854130320399,-0.0007979838168837832,1.0379953686006744,-0.40053633900406493,0
-0.2102000718133723,0.7280425053505198,0.6333600942179078,1.265988058888032,-1.1924851566005281,-1.5789631267556072,-0.40053633900406493,0
0.3577369875551413,1.4871823795457073,-0.5586447475845429,1.1914909436076355,-0.4661906075075377,-0.800948438946983,2.4966523698860974,1
-0.4271141771660845,1.161633631997583,0.7809924264763884,1.439177933727928,2.8973288091658254,0.33070928877465233,-0.40053633900406493,0
-0.5495500079206507,-0.865582586358849,-1.0599233113276552,-0.12717166960348508,0.40818341275975156,-0.09366235912096092,-0.40053633900406493,0
-1.250724447541663,-0.8058749558041723,0.12249209740834861,0.8412908290416692,-0.6095691430890019,1.1794525845658788,2.4966523698860974,1
-0.6132754503284066,-1.0930402265671444,0.3284867928033858,0.6286238503779734,-0.6142700786818368,-0.37657679105136976,2.4966523698860974,1
2.081462794611028,0.5972543622307509,-0.2225383352472821,-1.0924505308434942,0.3188656364958885,-1.0131342628947897,-0.40053633900406493,0
1.2923882281468104,1.4061505952215012,-0.25966510193870546,-0.23223170397327508,-0.21939148888370624,-0.8716770469295853,-0.40053633900406493,0
-0.802915745966341,0.880154802239818,-1.1891641345288886,-0.2685251703919297,0.12142634159682321,0.6136237207050612,-0.40053633900406493,0
-0.009234797537811156,-1.1470614161166155,0.056800592127385106,-0.5117550681450189,-0.9057280854375999,0.40143789675725455,-0.40053633900406493,0
-0.6150464769332624,-0.29125204483290323,-0.7254079363981346,0.9813708748680559,-0.3063587973511515,-1.7204203427208118,-0.40053633900406493,0
1.0428584583644034,0.06983695899776547,-0.765704295414815,-0.3691281123945164,-0.604868207496167,-1.0131342628947897,-0.40053633900406493,0
-0.9903794259278239,1.9790595264961448,0.2238009482552267,-0.4620903246247546,-0.6965364515564473,1.1794525845658788,-0.40053633900406493,0
-0.11729379742599663,-0.4220401879526738,-1.173695448567092,2.9488587912477575,-0.9785925871265406,-1.2253200868425962,2.4966523698860974,1
1.6915546734726747,-0.6821948639409111,3.9144949919221204,-0.5824318185392412,2.1874875346477567,0.9672667606180723,-0.40053633900406493,0
-0.15580009502727726,-0.17752322472875554,1.7176487269225138,-1.0396021499180845,1.146230300834829,0.5428951127224589,-0.40053633900406493,0
0.2806973302439181,0.6754429260523525,0.11187621956889324,-1.4432873728904896,-0.10656903465566882,-1.2960486948251986,-0.40053633900406493,0
-0.3968628503817888,-0.35948933689539286,-0.232137370229286,0.17782079380942015,-0.37452236344725737,0.11852346482684571,-0.40053633900406493,0
0.08836658142328803,1.762974768298265,0.26446890140395,-0.6537452964144926,0.03915996872221275,1.1087239765832766,-0.40053633900406493,0
-0.5732166783415931,0.6981886900731823,-0.5886747384880309,-0.19466478259256223,-0.8281626481558242,-0.30584818306876754,-0.40053633900406493,0
0.46328092412942923,2.3884832788710777,2.4776105772947834,-0.9109831987502206,3.329814883706635,0.40143789675725455,-0.40053633900406493,0
-0.7701435323764103,-1.4726101636647382,0.6885048554514238,2.262466566698463,-1.2324431091396246,-0.800948438946983,2.4966523698860974,1
0.12551634800808348,0.03287509246391713,-0.9295360194089552,-0.4557230498144643,-0.8070084379880672,-0.7302198309643808,-0.40053633900406493,0
-0.23955869157015253,0.8645170894754974,-0.5284736085223719,0.2822441006981812,0.5445105449519632,-0.30584818306876754,-0.40053633900406493,0
-0.5548702814603051,-1.397264820345741,1.5297104337317962,1.2519800543053934,-0.9080785532340173,-0.5887626149991764,-0.40053633900406493,0
-0.8327926564877529,-0.3410084036284679,-0.6483035942865123,-0.006830175688998287,1.2214452703201872,-0.30584818306876754,-0.40053633900406493,0
-0.5494023652771899,0.012972548945691602,-0.9837263502361382,-0.26979862535398774,-0.4191812515791889,1.0379953686006744,-0.40053633900406493,0
-0.7480683879914758,-1.980125023379498,2.101839611984471,-1.1077319903881908,-0.08071388889507686,-1.7204203427208118,-0.40053633900406493,0
0.9221145232387316,0.3285700247347022,0.6582924281523592,0.151078239606201,0.8947302466181624,1.4623670164962876,-0.40053633900406493,0
1.2310209573343789,-0.4035592546857488,1.304784601625227,0.4121365068281031,0.21074411786068606,-1.0131342628947897,-0.40053633900406493,0
-0.5010314152310292,0.46220138835707547,-0.7097260879109798,-0.12016766731216583,0.4340385585203433,1.2501811925484811,-0.40053633900406493,0
-0.6411545606255405,0.8531442074650832,0.1282887738299107,-0.961921397232543,0.15198242295024997,0.4721665047398568,-0.40053633900406493,0
-0.2700556326824327,0.4394556243362456,0.04520147813492684,-0.9434563002827011,-0.1253727770270084,-1.3667773028078007,-0.40053633900406493,0
0.4683593514828114,0.9654514173179288,0.02877644138368579,1.7269787551530495,-0.4685410753039552,-1.2253200868425962,-0.40053633900406493,0
-0.2045297036527966,0.0470911949769356,0.31256201585264737,0.14789460220105585,-0.6307233532567589,-0.09366235912096092,-0.40053633900406493,0
-0.5054541859264435,2.0259726647891068,-0.4595270538676972,0.39430813735929043,0.781907792390125,0.40143789675725455,-0.40053633900406493,0
-0.5719529806345691,1.123250155212434,-0.7386605002494517,1.2220538626970292,0.4575432364845179,1.1794525845658788,-0.40053633900406493,0
-0.8895220299688225,0.9128518380197599,-0.5467431732520495,-0.9606479422704849,0.8124638737435519,1.0379953686006744,-0.40053633900406493,0
-0.6592025891948687,0.44940689609535917,0.08139973959201993,1.5257728711478764,-0.41212984818993653,0.89653815263547,-0.40053633900406493,0
0.5604058044430712,1.2526166880809024,-0.4482659273028336,0.011634921260843308,-0.09716716346999903,1.2501811925484811,-0.40053633900406493,0
-0.7587298311293722,0.4096018090589065,0.7266657484483006,2.569369212554456,0.9299872635644241,1.4623670164962876,2.4966523698860974,1
0.31932420837999725,1.4303179694936334,-0.3757330571877423,0.7890791755972889,-0.5108494956394692,-0.9424056549121874,-0.40053633900406493,0
0.43184845619744655,-1.2437309132051404,0.6168457596519895,1.632743087960753,0.9346881991572589,-1.508234518773005,-0.40053633900406493,0
0.26869066051467383,0.23332213789747783,-0.5022680605851059,-0.446172137599029,0.015655290758038183,0.6843523286876634,-0.40053633900406493,0
-1.0339792234493366,1.4658582257761794,0.8437092583178954,-0.5843420009823285,-0.3157606685368213,0.2599806807920501,-0.40053633900406493,0
-0.827474780856461,-0.8840635196257739,0.42810378612917854,0.29561537779979075,0.739599372054611,0.6843523286876634,-0.40053633900406493,0
1.5286928481934987,0.6370594492672019,-1.196661310195537,2.613303408745459,0.9276367957680067,0.0477948568442435,-0.40053633900406493,0
0.3442367634744134,-0.9025444528926974,0.6131720667600075,-0.7034100399347569,-0.9668402481444535,-0.23511957508616535,-0.40053633900406493,0
0.15335229595469266,-1.2522605747129518,0.9140672945594008,-0.21121969709931696,-0.1206718414341734,0.18925207280944792,2.4966523698860974,1
-0.9673437479645499,1.2455086368243933,-0.6824912146260388,0.16444951670781058,-0.28520458718339453,-1.437505910790403,-0.40053633900406493,0
0.10351348343236048,0.4351907935823407,-0.663423730713602,-1.303844054545132,-1.2629991904930513,-1.6496917347382096,-0.40053633900406493,0
-0.0017451020467927588,-2.116599607504474,-0.8022875936857308,-1.3312233362293802,1.3930294194586608,0.8258095446528678,2.4966523698860974,1
-0.9631275399466458,-0.2514469577964522,0.2875327025710734,-0.40987867118037424,0.09792166363264886,-0.30584818306876754,-0.40053633900406493,0
0.07003765501721276,-1.1129427700853716,0.3205143223166821,0.7534224366596632,-1.0749617667796558,-0.022933751138358716,2.4966523698860974,1
0.5203096935974703,2.5192714219908465,-0.33316104418413084,-1.1523029140602228,0.6902395483298449,-0.9424056549121874,-0.40053633900406493,0
-1.2697754869231805,-1.0219597140020522,-1.1458105255989643,-1.2509956736197225,-1.1454758006721792,0.40143789675725455,-0.40053633900406493,0
0.8943107757758466,-0.02683253809075946,-1.1206189399444826,-0.01319745049928859,-0.118321373637756,-0.5180340070165742,-0.40053633900406493,0
-0.3697257214436721,-0.050999912362891496,0.04065401092728748,0.9635425053992429,-1.0303028786477244,0.18925207280944792,-0.40053633900406493,0
1.7011517878559703,1.8553794346328851,-1.0050685279439504,-0.6263660147302443,0.32356657208872347,1.53309562447889,-0.40053633900406493,0
-0.7873139264850734,0.7991230179156121,0.07631936607098543,0.5203801786030382,-0.9198308922161045,0.9672667606180723,-0.40053633900406493,0
-0.7946265193156062,-0.09649144040455124,-0.8840719094396744,-1.2904727774435223,-0.4403354617469459,0.9672667606180723,-0.40053633900406493,0
-0.18233740431643822,0.10395560502900947,-1.1640685680299736,1.1138101909220939,0.6855386127370097,1.6038242324614922,-0.40053633900406493,0
-0.18286631438953252,-0.06095118412200507,0.6069711496935093,0.8387439191175531,-0.4943962210645471,-1.6496917347382096,2.4966523698860974,1
-0.225608003275617,-0.21022026050869896,-0.7903428107332323,-1.2076982049097484,-0.4638401397111203,-1.2960486948251986,-0.40053633900406493,0
0.5457980892572181,-0.052421522614193666,0.5626842345714765,-0.17110586579448825,-0.9691907159408708,-1.2253200868425962,-0.40053633900406493,0
-0.48156039932774125,0.24185179940528923,-1.1019268909303115,2.346514594194295,1.6280761991004051,0.4721665047398568,-0.40053633900406493,0
0.17236085810236065,-0.3054681473459217,0.11094291337678472,0.5522165526544898,-0.985643990515793,-1.2253200868425962,-0.40053633900406493,0
-1.155929306481333,0.04993441547953994,0.4650125893374654,-0.8021027994942564,-1.0773122345760733,-0.09366235912096092,-0.40053633900406493,0
3.166146365625963,1.9691082547370329,-0.006488513881299144,1.8301286070797524,0.8218657449292215,1.53309562447889,-0.40053633900406493,0
0.15733556430309922,-0.08796177889673984,-1.0655797997820897,0.3777532228525354,-0.15122792278760033,-0.5180340070165742,-0.40053633900406493,0
0.24401892393151753,-0.9636736936986777,0.39994328818457414,0.2987990152049359,-0.12302230923059099,-1.508234518773005,2.4966523698860974,1
2.1429523587499455,-0.9608304731960734,0.40537605200653865,1.0017461542609847,-1.3899244514995934,-1.0838628708773919,-0.40053633900406493,0
-1.1249401090380706,-0.16330712221573707,1.6151521191212757,1.7893780482938948,1.235548077098692,0.18925207280944792,2.4966523698860974,1
-1.1336003263683136,-0.7248431714799665,0.054277208719092127,-1.2548160385058966,0.7631040500187853,0.0477948568442435,-0.40053633900406493,0
1.2333804991630533,0.23474374814878,0.6397991387902111,-0.318826641393223,1.1838377855775082,-0.09366235912096092,-0.40053633900406493,0
-0.8627048505179271,-1.6360953425644504,-0.9834373325778824,0.7903526305593468,-0.8422654549343288,-0.447305399033972,-0.40053633900406493,0
1.3020014427719684,-1.344665241047572,1.1176442276172682,0.8814046603464979,-0.16298026176968752,-0.7302198309643808,-0.40053633900406493,0
-0.9641247272670974,0.9526569250562126,-0.5022757421175512,0.5789591068577089,-1.039704749833394,-0.6594912229817786,-0.40053633900406493,0
-0.3874616793675414,-0.9921058987247147,-1.0246996442995637,-0.9275381132569755,0.10497306702190125,0.89653815263547,-0.40053633900406493,0
-1.0447441192051568,-0.008351604823836097,-1.129694670528648,-0.018927997828549932,-0.9480365057731138,0.7550809366702657,-0.40053633900406493,0
1.1972097643068225,-0.16330712221573707,-0.015549841592129467,-1.708802732479595,-1.0373542820369768,-1.2960486948251986,-0.40053633900406493,0
0.4280364670177881,-1.8663962032753503,2.807540077354438,-0.07368656119704647,-0.6800831769815252,0.9672667606180723,-0.40053633900406493,0
-0.8363967127565511,-0.10644271216366319,-0.044344065963473824,-1.1796821957444712,-0.985643990515793,-0.9424056549121874,-0.40053633900406493,0
-0.2652070619735105,-0.7831291917833425,-0.7200923159459618,0.3013459251290521,-0.5084990278430518,0.2599806807920501,-0.40053633900406493,0
-0.3113743342345577,2.2903921715312507,1.4623021059493002,-0.43089067805433223,-0.6142700786818368,-0.09366235912096092,-0.40053633900406493,0
-0.03393359622962969,1.369188728687653,-0.8491756677320657,1.9587475582476164,-0.4826438820824599,1.53309562447889,-0.40053633900406493,0
-0.733979306128592,-1.9047796800604992,-0.48647290949438243,-0.7008631300106408,-0.20528868210520146,0.40143789675725455,-0.40053633900406493,0
0.0328443835235554,-0.8357287710815114,-0.9559825754266935,1.0526843527433072,-1.1807328176184408,1.6745528404440944,-0.40053633900406493,0
-0.5871687368694783,0.8673603099781018,2.3608474433594435,0.04028765790714967,0.6855386127370097,-0.6594912229817786,-0.40053633900406493,0
-0.7389402359722129,1.542625179346479,0.8146989908465258,0.6630071343535408,0.2695058127711222,-1.508234518773005,-0.40053633900406493,0
1.206257072558436,-0.9011228426413952,-1.0438016951080047,-1.5948285133753985,-0.13242418041626078,-1.0838628708773919,-0.40053633900406493,0
-0.8064605396427523,0.49632003438831945,4.466259467470653,0.3879408625490001,-0.3439662820938306,0.5428951127224589,-0.40053633900406493,0
0.7573199838194011,0.24327340965659142,-0.49453275741265196,0.24085681443129422,-0.0525082753380675,0.5428951127224589,-0.40053633900406493,0
-0.6845399166277802,-0.12634525568188873,-0.31848451625575946,-1.0173166880820685,0.4363890263167607,-1.5789631267556072,-0.40053633900406493,0
0.054069640673161716,-1.5678580505019626,1.3150941783584242,-0.15837131617390765,0.7231460974796888,0.6136237207050612,-0.40053633900406493,0
0.7288485901567363,2.3159811560546832,2.3336423360127276,-1.1675843736049196,0.3376693788672281,-0.5180340070165742,-0.40053633900406493,0
1.5922942844830812,-0.23723085528343374,-0.24314788679812044,-0.22268079175783964,-0.4191812515791889,0.6136237207050612,-0.40053633900406493,0
-0.12256440000671424,-0.022567707336854564,-0.39205343305941565,0.7184024252030666,2.420183846493084,1.3209098005310833,-0.40053633900406493,0
2.968438478581654,0.2660191736774197,-0.7428699800294962,-0.897611921648611,-0.13477464821267818,1.3209098005310833,-0.40053633900406493,0
-0.8491515298948873,1.2625679598400146,-1.0586568186657301,-1.0542468819817523,-0.2264428922729584,-0.09366235912096092,-0.40053633900406493,0
0.4900066405042134,-0.011194825326440437,0.48626162846437787,0.40895286942295794,0.05796371109355232,0.18925207280944792,-0.40053633900406493,0
-0.8765801759782135,-0.6566058794174785,0.27072070862289843,-0.9122566537122787,0.5562628839340505,-0.447305399033972,-0.40053633900406493,0
-0.30251680330191666,1.0208942171187005,-0.5454161885221176,-0.5308568925758899,-1.3758216447210887,0.8258095446528678,-0.40053633900406493,0
-0.30353831226433053,-0.9864194577195059,-0.2181320161983259,0.36756558315607096,-0.029003597373893138,0.5428951127224589,-0.40053633900406493,0
-0.680980735501194,-0.10786432241496537,-0.7806487167872175,-1.4089040889149218,-0.5837139973284099,-0.447305399033972,-0.40053633900406493,0
-0.6358880687448728,-1.0845105650593347,-0.47409508015027807,-0.6206354674009831,0.2554030059926176,-0.23511957508616535,-0.40053633900406493,0
-1.2739324323486978,-0.8997012323900946,-0.7830002259070461,0.1708167915181009,-0.546106512585731,-1.154591478859994,2.4966523698860974,0
-0.5875911112996114,0.30013781970866527,-0.4394504086302542,-0.939635935396527,-0.6142700786818368,-1.508234518773005,-0.40053633900406493,0
-0.1710655222211234,-0.3779702701623162,-0.8263672775187499,0.12879277777018494,0.01330482296162079,1.6745528404440944,2.4966523698860974,1
1.6950977543573988,-0.11639398392277676,-0.414554561974918,0.09058912890844313,0.8735760364504054,-1.0131342628947897,-0.40053633900406493,0
0.726517823228412,1.3720319491902573,-0.8441730697270403,2.3248658598393086,-0.9621393125516184,-0.6594912229817786,-0.40053633900406493,0
-0.45498677885480576,-1.3787838870788158,-0.7801090891329326,0.9896483321214331,-1.277101997271556,-0.09366235912096092,-0.40053633900406493,0
2.813307167304756,-0.2656630603094707,-1.2226210490945524,-0.6779409406935958,-1.053807556611899,1.6745528404440944,2.4966523698860974,1
1.45791892543342,-0.5912118078575932,-0.539967101443707,-1.3305866087483513,0.647931127994331,0.40143789675725455,2.4966523698860974,0
-0.7917192267052754,0.10111238452640674,-0.7445426337194683,1.971482107868197,-0.2358447634586282,-0.09366235912096092,-0.40053633900406493,0
-0.666266142114042,0.024345430956105727,-1.2658488729306843,1.4417248436520438,1.1744359143918381,1.1794525845658788,-0.40053633900406493,0
-0.49677033207091315,-0.6395465564018556,-0.8618300322442022,0.23576299458306182,-0.7599990820597182,0.4721665047398568,-0.40053633900406493,0
2.930384357985868,-1.438491517633494,-0.15449244027182302,1.0093868840333329,-0.5014476244537995,-0.5180340070165742,2.4966523698860974,1
0.21383439602303378,-1.50530719944468,1.085463407629086,-0.2621578955816394,-0.2522980380335504,-0.022933751138358716,-0.40053633900406493,0
-1.3547354355556551,-0.5101800235333873,-0.04885312550888653,-0.9472766651688753,3.271053188796199,0.2599806807920501,-0.40053633900406493,0
-0.9956092640663794,1.1872226165210173,-0.04464460592039772,-1.1414785468827295,-0.5978168041069146,-0.23511957508616535,-0.40053633900406493,0
0.8858523253063888,-0.613957571878423,0.887338442224296,1.8447733391434198,-0.19588681091953167,-1.6496917347382096,2.4966523698860974,1
-0.9865931286234777,0.0940043332698975,0.0385963204234929,-1.2548160385058966,-0.4050784448006841,0.33070928877465233,-0.40053633900406493,0
-1.3806016730616608,-0.6694003716791948,-0.45076050496445663,0.9291592214236752,-0.7435458074847962,-1.154591478859994,-0.40053633900406493,0
-0.09156698116335198,0.6967670798218801,0.7128073037253578,1.0386763481606682,-1.0162000718692197,-0.022933751138358716,-0.40053633900406493,0
-0.5061975375188106,0.6384810595185041,0.4479855124808209,1.4627368505260023,1.6962397651965109,-0.022933751138358716,-0.40053633900406493,0
2.270175099712685,0.9256463302814778,-0.5287683873299617,-1.6648685362885918,-0.668330837999438,1.6745528404440944,-0.40053633900406493,0
0.4923517948827125,-1.9829682438821008,-0.6993118502982147,-1.5273354003863213,-0.7858542278203102,-1.2960486948251986,2.4966523698860974,1
-0.8711002702532856,1.1715849037566965,-0.2742897795230709,3.0036173546162543,-0.2922559905726469,-0.5887626149991764,-0.40053633900406493,0
0.17809151653033575,-0.28698721407899835,-0.0009846958842154626,-0.8645020926351015,0.9769966194927728,0.8258095446528678,-0.40053633900406493,0
0.09983886014603811,0.39680731679719017,-0.34241633058920595,-1.4057204515097768,-0.8563682617128335,1.3916384085136855,-0.40053633900406493,0
-1.1136870676513182,0.5972543622307509,0.8442248811832885,-1.713259824846798,0.8571227618754832,-0.37657679105136976,2.4966523698860974,1
-0.7130551577576446,-2.5558771751567453,-0.7460088462249719,-0.9198973834846271,0.8453704228933963,-1.0131342628947897,2.4966523698860974,1
-0.978991416556098,0.18214416885061102,-0.6269239691080291,-1.0396021499180845,-0.6612794346101856,1.1087239765832766,-0.40053633900406493,0
0.20661292371027504,-1.2607902362207632,-0.09031803764881378,-0.320100096355281,1.6868378940108413,1.0379953686006744,-0.40053633900406493,0
1.309021833340617,1.3023730468764672,-0.9603101587680852,1.5900823467318084,0.28360861954962696,0.0477948568442435,-0.40053633900406493,0
-0.7256900794778571,-0.7120486792182502,0.3108144672213332,-1.262456768278245,-0.3110597329439865,1.2501811925484811,2.4966523698860974,1
-0.6836163793498904,-0.36375416764929774,-0.4616721218030575,-0.6270027422112734,-0.06426061432015488,-0.6594912229817786,-0.40053633900406493,0
0.5136393976497434,-1.1001482778236538,-1.2659093649986914,-0.9956679537270816,0.3353189110708107,-0.022933751138358716,-0.40053633900406493,0
-0.010775624939869482,2.1908794539401213,0.3665526268362514,0.7566060740648084,0.7513517110366984,0.33070928877465233,-0.40053633900406493,0
-0.9283873287077992,0.0769450102542747,2.1549977368893116,-0.23923570626459434,3.162931670160996,0.6843523286876634,-0.40053633900406493,0
-0.9217793783774961,-0.12208042492798384,-0.49239249043506994,-0.05967855661440794,1.5552116974114643,-1.0131342628947897,-0.40053633900406493,0
-0.06690894691369559,-0.4945423107690683,4.5890237986289115,0.4013121396506097,0.09557119583623146,-1.6496917347382096,-0.40053633900406493,0
3.059268506885464,0.3413645169964185,-0.8746130624247982,-0.9428195728016722,0.5609638195268853,-0.8716770469295853,-0.40053633900406493,0
-0.1411238681739246,0.6114704647437693,0.9641710501256645,-0.21058296961828799,-0.6401252244424287,-0.7302198309643808,-0.40053633900406493,0
-0.5469157343053044,-0.6651355409252899,-0.6811296630001028,1.2411556871278997,0.6502815957907484,-0.5887626149991764,-0.40053633900406493,0
-0.7591179497257555,-1.5778093222610745,0.17478124895531083,-0.19020769022535916,-1.1901346888041107,-0.6594912229817786,-0.40053633900406493,0
0.4360101974396889,0.40249375780239727,0.10513759523122164,-1.368153530129064,1.1391788974455768,1.3916384085136855,-0.40053633900406493,0
-0.5288886017945632,0.855987427967686,-0.7976306646407455,1.1876705787214614,-0.9950458617014628,-1.3667773028078007,-0.40053633900406493,0
0.5540335342489655,1.0365319298830211,-0.6886345201991968,0.3223579320030099,-0.7388448718919612,1.1087239765832766,-0.40053633900406493,0
0.5199291112845125,-1.461237281654324,-0.10443861466645384,-1.5120539408416247,-0.8728215362877556,1.3209098005310833,2.4966523698860974,1
-0.07521427380629252,0.3982289270484924,-0.13771213264498527,-0.09660875051409148,-0.045456871948815314,1.3916384085136855,-0.40053633900406493,0
0.4315192576351126,-0.2940952653355076,0.07288764145103147,-1.4407404629663734,-0.28285411938697713,-1.154591478859994,-0.40053633900406493,0
-0.5480417235606547,0.06983695899776547,-0.0922220975037016,2.783946373661239,-0.6612794346101856,-1.2960486948251986,-0.40053633900406493,0
1.5788923746452148,0.689659028565371,0.47427459708343,-1.5502575897033664,0.638529256808661,-1.0131342628947897,-0.40053633900406493,0
-0.9227361438141232,0.11390687678812304,0.6319073243941834,1.267898241331119,5.402927480146821,1.4623670164962876,-0.40053633900406493,0
-0.8336531630315436,-0.4078240854396553,-0.5284985735028193,-0.9956679537270816,0.10967400261473603,-0.23511957508616535,-0.40053633900406493,0
-0.1393076238685195,1.4473772925092545,-0.185111028598935,-0.3977808490408226,-0.5343541736036437,-0.30584818306876754,2.4966523698860974,1
0.30335174077755883,0.5531844444403933,-1.1849008840217268,0.6776518664172085,-1.133723461690092,0.33070928877465233,-0.40053633900406493,0
-0.7537082684600143,-0.2983600960894125,-0.09347610767540275,-1.5770001439065857,-1.0726112989832384,1.3916384085136855,-0.40053633900406493,0
-1.0391960443710673,-0.42346179820397595,-0.5399574995281502,-0.8269351712543888,-0.44973733293261564,1.2501811925484811,2.4966523698860974,1
-0.606939148759738,1.2782056726043352,-0.19887537454942264,0.7082147855066018,0.05796371109355232,1.6038242324614922,-0.40053633900406493,0
0.4919633337279919,0.816182340931235,-0.2213313744618086,-1.028141055259562,0.5139544635985366,-1.0838628708773919,-0.40053633900406493,0
-0.6432198448423053,-0.26992789106337556,0.041717903170966776,-0.619362012438925,-0.8916252786590951,-1.3667773028078007,-0.40053633900406493,0
-1.0626856121315238,-0.0040867740699312045,-0.7141391283008258,-1.6190241576545017,-0.3604195566687528,-1.2960486948251986,-0.40053633900406493,0
0.09334977755884628,1.2071251600392428,0.07570868424158145,-0.39969103148390983,0.03680950092579536,-0.8716770469295853,-0.40053633900406493,0
-0.7488227014506427,-0.15762068121053,0.13385404408655702,-0.31309609406396177,0.8688751008575706,1.1794525845658788,-0.40053633900406493,0
1.1214725137947597,-0.6381249461505535,-0.3781152924373523,-0.6461045666421442,-0.626022417663924,1.2501811925484811,-0.40053633900406493,0
-0.5717642309906089,0.6327946185132971,0.09717568685163036,-0.2882637223038295,1.581066843172056,1.2501811925484811,-0.40053633900406493,0
3.5946138809079082,-0.797345294296361,1.8696297667366109,-0.3041819093295553,0.257753473789035,-1.5789631267556072,-0.40053633900406493,0
-0.4767275863023441,-0.4988071415229732,0.03756411450115079,-0.9816599491444429,-0.2264428922729584,1.2501811925484811,-0.40053633900406493,0
-0.8781967087728584,-0.18178805548266203,-0.35911118116758944,1.334117899358138,0.2036927144714339,1.6745528404440944,2.4966523698860974,1
-1.0036148524136672,0.11390687678812304,-0.17602473590765733,-0.7435238712395859,-0.3134102007404039,0.18925207280944792,-0.40053633900406493,0
1.995236065246492,-1.4413347381360968,1.1410796229164346,-0.2513335284041458,-0.22174195668012364,0.7550809366702657,-0.40053633900406493,0
-0.1118183449594564,-2.0497839256932884,3.219070496580903,0.6349911251882637,-0.15357839058401773,-1.7204203427208118,2.4966523698860974,1
-0.7765606777127281,0.4209746910693222,-0.32799905438086463,-1.608836517958037,0.15198242295024997,-1.3667773028078007,-0.40053633900406493,0
-0.36621895174272273,0.19351705086102677,-1.0720169239712818,1.871515893346639,-0.7129897261313695,-0.37657679105136976,-0.40053633900406493,0
-0.4457493507258815,-0.3196842498589402,-0.5625056778298803,0.2822441006981812,-0.9903449261086278,-1.2253200868425962,-0.40053633900406493,0
-0.6379814427453124,-0.8741122478666604,-0.3588932176844529,-0.5072979757778159,-0.15122792278760033,0.18925207280944792,2.4966523698860974,1
1.9661319663344716,-0.29693848583811033,0.8790039795211058,1.6792241940758719,-0.9715411837372883,-0.8716770469295853,-0.40053633900406493,0
0.41102330718603614,-1.0774025138028254,-0.5692587050408868,-0.22140733679578137,1.7996603482388782,1.1794525845658788,-0.40053633900406493,0
-0.15788661786096714,1.2227628728035633,0.2919015741493586,1.3118324375221224,1.0193050398282868,0.8258095446528678,-0.40053633900406493,0
0.4084815243218134,-0.17183678372354846,0.11243697143740283,2.5598183003390207,-0.8892748108626778,1.0379953686006744,2.4966523698860974,1
-0.4786078890168611,0.2944513787034566,-0.23657729598269056,0.7858955381921437,0.3353189110708107,1.2501811925484811,-0.40053633900406493,0
1.352802844222665,-0.8797986888718674,-0.7095858999438526,0.4783561648551223,-1.1924851566005281,-0.37657679105136976,2.4966523698860974,1
0.04994455317303171,-0.7831291917833425,-0.9626616678879136,-1.2541793110248676,-0.118321373637756,-0.16439096710356313,-0.40053633900406493,0
-0.42147498181422083,-0.22017153226781092,-0.25493519833548955,1.4920263146533372,-0.7552981464668833,0.33070928877465233,-0.40053633900406493,0
0.306353236930701,-0.3310571318693559,-0.02396496038599571,1.3831459153973733,0.586818965287477,0.6843523286876634,-0.40053633900406493,0
0.23282069187876447,-0.2557117885503571,-0.875507000763124,-1.2751913178988257,1.9735949651737692,0.8258095446528678,-0.40053633900406493,0
-0.28022276413932207,0.938440822543194,-0.7852547556797524,-0.9975781361701687,-0.6119196108854194,-0.447305399033972,-0.40053633900406493,0
0.7687100485411521,1.2113899907931476,-0.3577793954798793,1.0469538054140457,-0.7176906617242044,-0.6594912229817786,-0.40053633900406493,0
-0.13743040417903984,1.059277693903851,0.5082048860860375,-1.7985813073046881,0.47399651105943985,-0.022933751138358716,-0.40053633900406493,0
-0.6953359851923128,-0.5542499413237448,0.02129270839881651,-0.8142006216338081,-0.05955967872731989,-0.8716770469295853,-0.40053633900406493,0
-0.6811061118527177,-0.6935677459513269,-0.5155110225208663,-0.04248691462662391,1.538758422836542,0.7550809366702657,-0.40053633900406493,0
0.5070102087025155,0.26175434292351474,-0.5549480100952247,0.7948097229265498,-1.0608589600011513,-1.7204203427208118,-0.40053633900406493,0
-0.6151680851430734,0.3982289270484924,1.9042139461886278,-0.4958368811192932,-1.0561580244083162,1.3916384085136855,-0.40053633900406493,0
0.08101664973396817,0.9782459095796452,-1.0312270264949888,0.9380734061580817,-0.2405456990514632,-1.154591478859994,2.4966523698860974,1
0.06347766285415922,-0.7618050380138148,-0.5882205678822003,-1.345231340812019,-0.14652698719476534,1.6038242324614922,-0.40053633900406493,0
-0.995137561235647,0.3243051939807957,-0.4787683324517098,-0.3933237566736195,0.14258055176458018,-1.3667773028078007,-0.40053633900406493,0
0.6201243419771332,0.4920552036344146,0.39310000296733516,-0.17110586579448825,-0.4356345261541111,1.0379953686006744,-0.40053633900406493,0
-0.5349601057683473,-0.3239490806128467,0.7900950424241123,-1.195600382770197,0.7936601313722124,1.4623670164962876,-0.40053633900406493,0
0.37494780354762874,-0.07090245588111703,0.2017107813255497,-0.595803095640851,2.241548293965358,1.6038242324614922,2.4966523698860974,0
-0.500091092594602,0.3783263835302668,0.2911958333559434,-0.6117212826665768,-1.213639366768285,0.4721665047398568,-0.40053633900406493,0
0.11012622957938847,1.117563714207227,-0.707755774838751,2.126206885758251,1.2143938669309347,1.3916384085136855,-0.40053633900406493,0
-1.2154888969467967,-0.6864596946948176,-0.9502291076251363,0.48153980226026744,1.449440646572679,1.1794525845658788,-0.40053633900406493,0
0.398031097119815,-0.9906842884734125,-0.33150567394216085,-0.08323747341248193,-1.0679103633904035,1.1794525845658788,-0.40053633900406493,0
-0.7772159918123585,-0.5983198591141025,-0.5700374203925329,-0.5945296406787929,-0.5131999634358867,0.40143789675725455,-0.40053633900406493,0
-0.24205525673382525,-0.6267520641401394,-0.13448396863483245,0.5764121969335927,1.3906789516622429,-1.2960486948251986,-0.40053633900406493,0
0.06395964243501645,0.7650043718843681,-0.43039292168564663,0.13261314265635907,-0.9762421193301232,1.3916384085136855,-0.40053633900406493,0
-0.5948382754876823,1.3478645749181253,0.5227441066219487,-0.15391422380670422,-0.7247420651134566,-1.3667773028078007,2.4966523698860974,1
-0.8604333461819894,-0.3921863726753347,3.1781692168841524,-1.2026043850615162,-0.39567657361501457,0.18925207280944792,-0.40053633900406493,0
-0.7630474364151753,0.23332213789747783,1.6862859901397602,-1.6196608851355307,-0.17003166515893972,-0.37657679105136976,-0.40053633900406493,0
0.35918018583101324,0.5560276649429977,2.5466502705303573,-0.4824656040176836,-0.03135406517031053,0.18925207280944792,-0.40053633900406493,0
-0.3162537351938546,0.4280827423258315,-0.2495562052406425,-0.6308231070974476,-0.2522980380335504,-1.2253200868425962,-0.40053633900406493,0
-0.41798020165508404,0.9626081968153245,0.41394768202397875,2.7985911057249067,2.0582118058447976,-1.2253200868425962,-0.40053633900406493,0
-0.6070244457857747,-1.562171609496754,-0.7559650724656839,-0.006193448207969327,0.2060431822678513,-1.5789631267556072,-0.40053633900406493,0
-0.3983978542921098,-0.8087181763067751,0.36137815454276156,2.014142849097142,-0.5437560447893134,1.6745528404440944,2.4966523698860974,1
-0.935754388313994,-0.4078240854396553,-0.9013668797403498,0.019275651033191885,-0.41212984818993653,-1.0838628708773919,-0.40053633900406493,0
0.06401924758574074,-1.7057542448782406,-0.4101367206272938,-0.38186266201509683,-0.9409851023838615,-1.154591478859994,-0.40053633900406493,0
0.7694218847664693,-2.992311522306412,-1.0644765396846283,1.6282859955935503,0.5233563347842062,-0.5180340070165742,-0.40053633900406493,0
-0.48957763465850396,-1.2053474364199916,-0.503530712480808,0.4439728808795546,5.217240524229842,0.6843523286876634,-0.40053633900406493,0
4.226939233067233,-0.710627068966948,-0.4906910309984279,-0.7008631300106408,-1.2629991904930513,0.33070928877465233,-0.40053633900406493,0
-0.3936294422341616,-0.957987252693469,0.8464630876995486,0.01609201362804673,-0.8093589057844847,-0.447305399033972,2.4966523698860974,1
1.2452131492568492,-0.4206185777013716,-0.49624477895640634,1.2812695184327287,-0.8046579701916498,-1.5789631267556072,-0.40053633900406493,0
-0.6974403210595524,0.5005848651422243,-0.874345168980767,0.8603926534725401,-0.6001672719033321,0.6136237207050612,-0.40053633900406493,0
-0.4428012936733885,2.1240637721289337,1.8673694758145705,-1.303844054545132,2.3802258939539866,-0.16439096710356313,-0.40053633900406493,0
1.7242926312288558,-1.3375571897910628,-0.7778161516979996,1.3583135436372409,-0.4685410753039552,0.7550809366702657,-0.40053633900406493,0
-1.0051741779659502,-0.23723085528343374,-0.9572749932606215,-0.3977808490408226,-1.0185505396656371,0.6843523286876634,-0.40053633900406493,0
0.0690836300472857,0.395385706545888,-0.4510360799409332,-1.2127920247579806,0.3118142331066363,-1.437505910790403,2.4966523698860974,1
0.045146338539721484,0.6072056339898628,2.302505244245556,1.8473202490675364,0.516304931394954,0.33070928877465233,2.4966523698860974,1
-0.3161389781507931,-0.6651355409252899,-0.7207510073531492,2.910018414904987,0.02505716194370797,1.0379953686006744,-0.40053633900406493,0
-0.3708472574406348,1.178692955013206,-1.05781473067141,-0.48946960630900305,1.675085555028754,-0.09366235912096092,-0.40053633900406493,0
0.4037137973805406,0.5119577471526401,0.8929709258898391,0.4834499847033543,-0.9268822956053568,0.0477948568442435,-0.40053633900406493,0
0.44991601059201247,0.2660191736774197,0.7730583636519113,-0.34302228567232607,-0.3087092651475691,0.5428951127224589,-0.40053633900406493,0
0.8089551722635641,0.6541187722828248,-0.03991662270029303,-1.1618538262756584,-1.2912048040500608,0.7550809366702657,-0.40053633900406493,0
-0.6274052966334528,-0.32963552161805376,-0.35745389054250803,1.218870225291884,0.12377680939324082,-1.6496917347382096,-0.40053633900406493,0
-0.8599900756932692,-0.023989317588156735,0.5160976606736211,-1.4095408163959509,0.05091230770429993,0.2599806807920501,-0.40053633900406493,0
-0.3127678615514925,-1.0191164934994494,-0.3528920204615337,-0.47864523913150947,-0.249947570237133,1.53309562447889,-0.40053633900406493,0
-1.1247801342944599,-1.5579067787428489,-0.8664043848154002,0.9138777618789787,-0.25934944142280275,-0.30584818306876754,-0.40053633900406493,0
0.09357586606159378,-0.19173932724177398,0.6292869616387678,0.29816228772390696,0.4222862195382561,0.6136237207050612,2.4966523698860974,1
0.23969789306233963,-0.37228382915710917,-0.5106082844376303,1.200405128342042,-0.959788844755201,0.0477948568442435,-0.40053633900406493,0
0.5798381112542222,-1.316233036021535,0.5589346865465966,-0.11125348257775933,-0.224092424476541,-0.09366235912096092,-0.40053633900406493,0
0.2872977442907962,1.4487989027605568,-0.22603631308457728,-0.3971441215597937,-0.40977938039351913,-1.3667773028078007,-0.40053633900406493,0
0.2526109721525989,-0.23296602452952722,0.9540016613595945,0.4477932457657287,0.23894973141769543,-1.5789631267556072,-0.40053633900406493,0
-0.000625621399854943,-0.20311220925218973,-0.6510977517135035,0.19819607320234933,0.1895899076929291,1.2501811925484811,-0.40053633900406493,0
0.2289723915153315,-0.7859724122859468,-1.3755824444869855,-1.090540348400407,-1.027952410851307,-0.23511957508616535,-0.40053633900406493,0
0.4738988623584638,0.753631489873954,-1.058360119475029,0.344006666357997,-0.7576486142633009,0.5428951127224589,-0.40053633900406493,0
-1.2156149584149956,0.29729459920606094,-0.23512068539274358,0.15871896937854924,-0.20058774651236666,-1.2960486948251986,-0.40053633900406493,0
4.455592470087605,0.32999163498600276,-0.5039224706355202,-0.6136314651096638,0.4622441720773527,0.0477948568442435,-0.40053633900406493,0
0.28082373427045426,0.9853539608361543,-0.7134948397669731,0.5292943633374447,-0.08306435669149445,-0.800948438946983,-0.40053633900406493,0
-0.5518872834573879,-0.9693601347038847,-0.741713909396473,-1.6801499958332886,-1.1901346888041107,-0.37657679105136976,-0.40053633900406493,0
0.965534820191396,-1.1300020931009929,1.3148838964077332,1.0157541588436232,-0.26169990921922015,-0.022933751138358716,2.4966523698860974,1
2.691967865788515,1.508506533315235,0.9294274788754069,0.07912803424992045,-1.3358636921819922,1.53309562447889,-0.40053633900406493,0
-1.285754120575694,-1.6687923783443923,-0.5127351087334328,0.3070764724583131,0.46929557546660505,-0.6594912229817786,-0.40053633900406493,0
2.0210385869017236,0.7834853051512931,-0.9792067285836132,0.8833148427895852,0.14493101956099777,0.6136237207050612,-0.40053633900406493,0
-0.260387951281613,0.4209746910693222,0.7518678962098946,0.3185375671168358,1.0146041042354519,-0.800948438946983,-0.40053633900406493,0
1.9313081708612758,2.685599821393163,-0.611946901222734,-0.19657496503564945,2.3026604566722115,1.4623670164962876,-0.40053633900406493,0
0.10179315546145443,1.2327141445626755,0.0516952536259034,-1.069528341526449,0.10732353481831865,-0.09366235912096092,-0.40053633900406493,0
-0.699128448546734,1.4715446667813865,-0.7764930077342904,0.6063383885419573,0.041510436518630144,0.9672667606180723,-0.40053633900406493,0
0.06443340061577385,-0.19458254774437833,-0.33055700468516186,0.9113308519548625,-0.4849943498788773,0.4721665047398568,-0.40053633900406493,0
-0.9633245109907062,0.018658989950898666,-0.15824294848825876,-1.1459356392499325,-0.6824336447779427,0.8258095446528678,-0.40053633900406493,0
-0.47821463204541526,-0.4874342595125591,-0.6056413232766682,-0.39077684674950336,-1.234793576936042,1.0379953686006744,-0.40053633900406493,0
0.5096006348506621,0.976824299328343,-0.10767542040060747,0.18928188846794283,0.11907587380040582,-1.154591478859994,-0.40053633900406493,0
-1.1938467463004574,-1.1669639596348411,0.3710636067647757,-0.6900387628331474,-1.187784221007693,0.33070928877465233,2.4966523698860974,1
-0.8896090397865466,-0.4035592546857488,1.1326865885283486,0.5089190839445156,-0.8093589057844847,-0.447305399033972,-0.40053633900406493,0
0.1512907798796401,0.7664259821356704,0.7175900178641357,0.4395157885123515,0.45049183309526547,1.3916384085136855,-0.40053633900406493,0
0.5207927008533403,-1.1868665031530667,-0.7535655537680718,-1.5929183309323116,-0.06426061432015488,1.6745528404440944,-0.40053633900406493,0
0.03375764405132032,-1.9659089208664795,-1.0317464901266047,-0.4990205185244383,0.5915199008803123,1.1794525845658788,2.4966523698860974,1
0.24185840849692858,0.16366323558368767,-0.9017183098497241,-0.8059231643804308,-0.9339336989946092,-1.0131342628947897,-0.40053633900406493,0
-0.9295862828890361,0.5361251214247705,0.6911165764828383,-1.3726106224962673,0.22484692463919084,0.9672667606180723,-0.40053633900406493,0
0.09792190368940902,0.7834853051512931,2.898710265565027,0.8100911824712467,-0.8681206006949208,0.89653815263547,-0.40053633900406493,0
-0.31305526799665184,1.6421378969376081,-0.7612883744503021,-1.2306203942267937,-1.1219711227080047,-1.5789631267556072,-0.40053633900406493,0
0.6764118152028328,-3.1842289062321614,0.08890363659955831,-1.6686889011747659,-0.9151299566232696,0.6843523286876634,2.4966523698860974,1
-0.3325780102089018,-0.10644271216366319,-0.8071538444898516,-0.04439709706971114,0.9793470872891902,1.3916384085136855,-0.40053633900406493,0
-0.6160707263623763,1.399042543964992,-0.23369480093257794,-0.6741205758074217,-0.5743121261427403,0.7550809366702657,-0.40053633900406493,0
0.4534553233350237,-0.40640247518835315,1.696688705453857,0.16763315411295573,-1.1854337532112758,-1.508234518773005,-0.40053633900406493,0
-0.6721656818024028,-0.15193424020532292,0.03470082328215158,-0.10170257036232387,-0.06426061432015488,-1.2253200868425962,-0.40053633900406493,0
1.6012816450256333,0.22479247638966643,-0.3243608885764421,0.9374366786770527,-0.7576486142633009,1.6038242324614922,-0.40053633900406493,0
1.8358885459516903,1.5810086561316279,-0.5274769296875895,1.1749360291008808,0.23424879582486063,1.3916384085136855,-0.40053633900406493,0
-0.7237443481208782,2.3628942943476434,0.729379249784616,-0.5805216360961541,-0.6636299024066031,1.4623670164962876,-0.40053633900406493,0
-0.945297378479965,0.37263994252505817,2.3210369412699303,-0.6257292872492153,-1.0608589600011513,-1.7204203427208118,-0.40053633900406493,0
-0.16033590997406547,1.5739006048751185,1.1649816713116552,0.3605615808647517,-1.0044477328871326,-0.8716770469295853,-0.40053633900406493,0
0.07779865671152815,-0.7817075815320403,-0.2290282699720359,-0.7027733124537279,-0.9362841667910267,0.9672667606180723,2.4966523698860974,1
-0.1071331745775198,-0.32963552161805376,-0.1461618183348556,-0.44298850019388386,1.6797864906215887,-1.154591478859994,2.4966523698860974,1
0.44789525895912186,-0.865582586358849,-0.5236284819324759,0.20392662053161031,1.8419687685743922,1.53309562447889,-0.40053633900406493,0
-1.6335810053026552,0.5588708854456004,-1.0681070239566057,-0.9154402911174239,1.7479500567176949,1.2501811925484811,-0.40053633900406493,0
-0.23059017173616256,-1.3091249847650257,-0.5034308525590188,-1.2516324011007514,-0.8046579701916498,-1.3667773028078007,-0.40053633900406493,0
-0.17433147341081295,1.2938433853686557,-0.5369280951700205,-0.2685251703919297,-0.642475692238846,-1.154591478859994,-0.40053633900406493,0
-0.7353916741540889,-0.14766940945141643,1.2598303533720054,1.7575416742424432,1.9947491753415263,-0.8716770469295853,2.4966523698860974,1
0.9965514223016577,-0.8982796221387924,-0.5902715370451053,-1.1395683644396422,-0.3604195566687528,1.1087239765832766,-0.40053633900406493,1
-0.2261797331408981,-0.10502110191236103,1.2390258829353666,2.3356902270168023,-0.35336815327950044,-0.6594912229817786,-0.40053633900406493,0
-0.9922895312177031,0.4394556243362456,-0.6242459948592736,0.4121365068281031,0.8054124703542997,-1.2960486948251986,2.4966523698860974,0
-1.1280693794510992,0.7593179308791611,0.05813813896442938,0.09440949379461724,0.22014598904635585,0.9672667606180723,-0.40053633900406493,0
-0.42496941941502037,1.7075319684974934,-0.360470812410414,-0.4958368811192932,0.4363890263167607,1.3209098005310833,-0.40053633900406493,0
-0.5687593092540916,-1.5564851684915468,1.0365925380202987,-0.5429547147154414,-0.06426061432015488,-0.5887626149991764,2.4966523698860974,1
0.5284745715716941,-0.5954766386114981,0.02486942194367639,-0.5314936200569189,-0.7764523566346404,-0.022933751138358716,-0.40053633900406493,0
-1.0017670927412123,0.6399026697698063,-0.4394504086302542,-0.7880947949116179,-0.2475971024407154,1.53309562447889,-0.40053633900406493,0
0.6348005688304861,1.8098879065912254,-0.970370085696809,0.010361466298785389,0.22249645684277347,1.3916384085136855,-0.40053633900406493,0
0.008889278982441235,-0.2585550090529614,0.2659716011885691,0.4516136106519028,1.839618300777975,-1.0838628708773919,-0.40053633900406493,0
-0.8857717012899133,0.2475382404104963,-0.5169993194321503,-0.9148035636363949,-0.22174195668012364,-0.022933751138358716,-0.40053633900406493,0
-0.47196979355285845,-0.5613579925802541,-0.5488863208042984,-0.06095201157646586,2.3332165380256384,-0.37657679105136976,-0.40053633900406493,0
0.2849450536288718,-0.7461673252494941,-0.8404187207443818,-1.4248222759406475,-0.4215317193756063,-1.508234518773005,-0.40053633900406493,0
0.9900801527480161,1.0109429453595886,-0.4745233255841057,0.5891467465541733,-0.4379849939505285,-0.447305399033972,-0.40053633900406493,0
0.25141544355473694,0.966873027569231,6.507024674713464,-0.5384976223482383,-0.8728215362877556,-0.30584818306876754,-0.40053633900406493,0
0.725584694317072,-1.282114389990291,-1.1280191362640088,0.4968212618049643,0.06501511448280471,-0.09366235912096092,-0.40053633900406493,0
1.1453238231596126,-0.4177753571987673,-0.01530883351165701,-0.1500938589205301,0.5844684974910597,1.6745528404440944,-0.40053633900406493,0
-0.6596592194587513,0.942705653297099,-0.6471023946503728,0.9393468611201397,-1.129022526097257,-1.0838628708773919,-0.40053633900406493,0
0.5318193111790076,0.16508484583498984,-0.0919417215694468,-0.7664460605566309,-0.5766625939391576,1.3916384085136855,-0.40053633900406493,0
-0.9529789066399814,0.03571831296652147,2.1567203205401784,-1.1917800178840228,1.53170701944729,-0.16439096710356313,-0.40053633900406493,0
-0.16798626532536945,-0.32110586011024234,-1.015525013985165,-0.33792846582409386,0.9370386669536763,0.18925207280944792,-0.40053633900406493,0
-0.38084345228711336,1.2611463495887123,-0.9114920996948592,0.8330133717882917,-1.176031882025606,-0.5180340070165742,-0.40053633900406493,0
-0.5750627252223605,0.568822157204714,3.0983724976504394,-0.7721766078858923,-0.2758027159977247,0.18925207280944792,2.4966523698860974,0
0.458069241582761,1.8397417218685646,-0.20101084056922622,0.8425642840037272,-0.4050784448006841,-0.800948438946983,-0.40053633900406493,0
0.06669839634329902,-0.5357690080568215,-0.6300119451510544,-1.0332348751077942,-1.314709482014235,1.1087239765832766,-0.40053633900406493,0
0.04097158008065437,1.330805251902504,0.04691734044490381,-0.41115212614243235,-0.6142700786818368,-0.5887626149991764,-0.40053633900406493,0
-0.8817606857161695,-1.171228790388746,-1.3153889960537717,-1.456658649992099,-0.4638401397111203,1.2501811925484811,-0.40053633900406493,0
0.616625108559609,-0.47037493649693624,0.8100900713793238,-0.9179872010415401,-1.3029571430321478,-1.437505910790403,-0.40053633900406493,0
4.026092141418108,0.6242649570054857,1.1343794062409898,-0.6359169269456798,0.5562628839340505,0.9672667606180723,-0.40053633900406493,0
-0.32261675631284775,-1.0788241240541259,-0.3172765952787303,0.5751387419715348,-0.045456871948815314,-0.16439096710356313,2.4966523698860974,1
-0.14721421285627082,0.8503009869624789,-0.8248751398412434,0.3758430404094485,0.2554030059926176,-0.5887626149991764,-0.40053633900406493,0
-0.4688422359315174,-0.284143993576394,-0.9089754376274559,1.1749360291008808,-0.47794294648962504,0.7550809366702657,-0.40053633900406493,0
3.9583070401526843,0.17219289709149907,0.19373350988106777,0.058116027375962664,-1.2488963837145468,-0.30584818306876754,-0.40053633900406493,0
0.7575775876891985,0.6157352954976743,-0.4920429807088072,-0.8033762544563146,0.10732353481831865,0.7550809366702657,-0.40053633900406493,0
-0.8757265206011728,0.5560276649429977,0.46962246899622295,1.3150160749272675,-0.985643990515793,-1.0838628708773919,2.4966523698860974,1
-0.4295528499707203,-0.3196842498589402,-0.24494344500721776,-0.3965073940787647,0.36822546022065483,-0.022933751138358716,2.4966523698860974,1
-0.996617413253631,0.1793009483480083,-0.3644642490904334,-0.663932936110957,0.6761367415513401,-0.800948438946983,-0.40053633900406493,0
1.2567779187307235,-0.09933466090715395,0.4102106164893223,-0.4544495948524064,-0.8469663905271637,1.4623670164962876,-0.40053633900406493,0
0.4680524192124145,-0.03962703035247737,2.0246680564639523,1.7384398498115723,0.23659926362127803,0.89653815263547,-0.40053633900406493,0
2.5258277572194996,1.3890912722058786,-1.1446640568814976,3.324528005054885,-0.10421856685925142,0.11852346482684571,-0.40053633900406493,0
0.41998840143665067,0.5986759724820531,0.7400392964356319,-0.9759294018151817,0.4246366873346735,-1.2960486948251986,-0.40053633900406493,0
0.8819447623505691,1.4203666977345197,-0.5296652062429548,0.3586513984216648,-0.5037980922502169,0.2599806807920501,-0.40053633900406493,0
-0.8219739790729458,-1.3787838870788158,0.18664921658335581,-0.3551201078118777,0.6455806601979132,-1.154591478859994,2.4966523698860974,1
1.1470105804134438,-0.19458254774437833,-0.9290261576928959,-1.3675168026480349,-0.7717514210418055,-1.154591478859994,-0.40053633900406493,0
0.25374792327474915,0.8872628534963273,-0.4589586204667423,0.5694081946422734,-0.5061485600466343,1.0379953686006744,-0.40053633900406493,0
0.2977605035929447,0.1153284870394252,-0.425370159657952,-0.9173504735605109,1.5505107618186296,-0.7302198309643808,-0.40053633900406493,0
-0.9896826622693565,-1.7697267061868238,0.8270240096550685,-0.22140733679578137,-1.2888543362536433,-0.9424056549121874,-0.40053633900406493,0
-0.44501798867532677,-0.18320966573396258,0.3701379821051123,0.40258559461266763,-0.6918355159636125,0.40143789675725455,-0.40053633900406493,0
0.174750887623072,-0.6708219819304969,-0.27960828054991077,0.8597559259915112,-0.32751300751890866,0.9672667606180723,-0.40053633900406493,0
-0.04974780188014498,0.6470107210263155,-0.7373834454804146,-0.09215165814688842,3.1182727820290643,-0.6594912229817786,-0.40053633900406493,0
-0.3864391427301151,-0.6878813049461181,0.0861718916236854,-1.4681197446506218,1.1767863821882558,-1.3667773028078007,2.4966523698860974,1
-0.6907566653366627,0.976824299328343,-1.104432030699047,0.43824233355029324,1.6210247957111525,0.8258095446528678,-0.40053633900406493,0
-0.06436134055773575,-0.7774427507781354,0.1821699229761691,-0.6378271093887669,-0.3087092651475691,0.8258095446528678,-0.40053633900406493,0
0.26202618805868383,0.14518230231676268,-0.10285813936582572,0.047291660198468935,-0.546106512585731,1.6745528404440944,-0.40053633900406493,0
1.4592860757583677,0.7280425053505198,-1.036702998936958,-0.8148373491148371,-1.133723461690092,1.3916384085136855,-0.40053633900406493,0
-0.5218839689094397,1.2412438060704867,-1.1784090289138616,0.98519123975423,-0.26875131260847257,0.2599806807920501,-0.40053633900406493,0
0.7205357269807144,1.0905531194324907,0.531378149090507,-0.22331751923886858,-0.9245318278089394,0.11852346482684571,-0.40053633900406493,0
-0.6302132473259097,0.0982691640238024,-0.665214487964921,0.5948772938834347,2.857370856626728,0.11852346482684571,-0.40053633900406493,0
-0.0024781768890348235,-0.8627393658562462,-0.15093973151585482,2.482774275134508,-0.3416158142974132,-1.437505910790403,2.4966523698860974,1
-0.921968470579794,-1.2266715901895193,-0.031093422495268103,1.4633735780070314,-0.3016578617583167,-0.37657679105136976,2.4966523698860974,1
0.03617165265565656,-0.578417315595877,-0.18835935663175674,0.7387777045959955,-0.7270925329098741,1.6038242324614922,2.4966523698860974,1
-0.29444715654551706,0.602940803235958,-0.28574774535684616,-0.7734500628479503,-0.33221394311174346,0.0477948568442435,-0.40053633900406493,0
-0.3711740580946063,-0.13345330693839796,-0.4853888532280344,-0.9198973834846271,-0.9245318278089394,-0.6594912229817786,-0.40053633900406493,0
0.10743166569664296,-0.11355076342017242,1.9811483343948968,0.5025518091342253,-0.28285411938697713,-1.2960486948251986,2.4966523698860974,1
-0.34345697789110813,0.7806420846486888,1.5119651335915127,-1.323582606457032,-1.0632094277975688,-1.7204203427208118,-0.40053633900406493,0
-0.946946454316672,0.9043221765119501,1.385219848243458,2.851439486650316,-0.9339336989946092,-0.9424056549121874,-0.40053633900406493,0
1.3979814931216978,-0.7703346995216263,-0.7751170532350194,0.7094882404686601,-0.4920457532681297,0.11852346482684571,-0.40053633900406493,0
0.1016831942351179,-0.4206185777013716,-0.7461115867214283,-0.4767350566884224,0.22249645684277347,-1.508234518773005,-0.40053633900406493,0
-0.16000945187843132,-0.3111545883511288,-0.09655160122820448,0.27778700833097775,-0.4356345261541111,-0.23511957508616535,-0.40053633900406493,0
-0.15824527644032554,0.39396409629458584,-1.055167482552436,0.8240991870538855,-0.5484569803821483,-1.2960486948251986,-0.40053633900406493,0
-0.2455901162184493,0.9953052325952679,0.6691128267931715,1.3685011833337057,1.1603331076133339,1.0379953686006744,-0.40053633900406493,0
-1.187212761536505,0.19351705086102677,-0.40236589036728004,0.08358512661712388,-0.2569989736263852,-1.5789631267556072,-0.40053633900406493,0
-0.8247308885731158,-0.34243001387977007,-0.3637729111703532,2.886459498106913,-1.0044477328871326,1.2501811925484811,2.4966523698860974,1
-1.0439562350289153,-0.5471418900672357,-0.7398809037167045,-0.6085376452614316,-1.0114991362763848,1.2501811925484811,-0.40053633900406493,0
-0.17311984457108856,-1.5266313532142077,-0.6741903586272968,-0.6728471208453636,0.5656647551197201,-1.5789631267556072,-0.40053633900406493,0
0.20540129487055064,1.3606590671798415,0.9871935630558942,-1.6343056171991983,-0.3134102007404039,-1.2960486948251986,-0.40053633900406493,0
-0.601035840929665,0.49632003438831945,-0.6774857360463462,-0.33792846582409386,-0.19823727871594907,1.1087239765832766,-0.40053633900406493,0
-0.00833010096848364,-0.2301228040269245,-0.8711794174217325,0.03965093042612071,-0.5367046414000611,1.53309562447889,-0.40053633900406493,0
-0.2074671413968271,-1.3418220205449676,-1.0102910098152236,0.35992485338372276,-0.2381952312550456,1.6745528404440944,-0.40053633900406493,0
0.4460540078950794,-2.2018962225825858,0.5937646750368645,0.41914050911942236,0.24835160260336522,1.6038242324614922,-0.40053633900406493,0
-0.09680572581868242,-0.4717965467482384,-0.3138295075938855,0.4630747053104255,0.001552483979533611,-0.8716770469295853,-0.40053633900406493,0
-0.7260901876160528,0.7692692026382747,0.6892730086959574,-0.5053877933347286,-0.4826438820824599,-1.5789631267556072,-0.40053633900406493,0
1.709844548228276,-0.7845508020346447,-1.3215275006691514,0.018638923552162925,-0.019601726188223353,-0.022933751138358716,-0.40053633900406493,0
-0.4047677265778528,-0.0808537276402306,-0.8581419364788849,0.06320984722419469,-1.2324431091396246,-1.437505910790403,-0.40053633900406493,0
-0.5348100652165237,1.082023457924681,-0.8577261735352809,-0.4595434147006386,-0.40977938039351913,0.2599806807920501,-0.40053633900406493,0
0.03566569399117468,1.0422183708882282,0.4022179819799497,-1.158033461389484,-0.4215317193756063,-0.23511957508616535,-0.40053633900406493,0
-0.3964678806186557,-0.9878410679708081,-0.8737095221709152,-1.7005252752262174,-0.28285411938697713,-0.6594912229817786,-0.40053633900406493,0
-1.2444617960155564,-1.3361355795397605,0.10850498701694605,1.7486274895080363,3.0595110871186284,-0.09366235912096092,-0.40053633900406493,0
-0.15816477523101397,1.8184175680990369,-0.3106090251161782,-0.6072641902993735,-0.7082887905385346,-0.09366235912096092,-0.40053633900406493,0
2.9827505659222475,-0.6821948639409111,-0.3495188675264753,0.21475098770910406,-0.1159709058413386,-1.7204203427208118,-0.40053633900406493,0
2.1999400212174876,0.15513357407587627,-0.1442126294768513,2.4114607972592568,2.0864174194018066,-0.23511957508616535,-0.40053633900406493,0
0.03128266006290978,-0.0637944046246078,-0.3316497026755109,-0.6792143956556539,-0.17003166515893972,-0.447305399033972,-0.40053633900406493,0
-0.03043025211205546,0.7863285256538959,0.47431300474565685,-0.5015674284485545,-0.943335570180279,-0.5887626149991764,-0.40053633900406493,0
-0.09395701068406334,-1.4811398251725496,0.3232249430783302,1.032309073350378,-0.4450363973397809,-0.09366235912096092,-0.40053633900406493,0
-0.07314042563109008,1.427474748991029,-0.9638465442676069,-0.27489244520221995,0.586818965287477,0.33070928877465233,-0.40053633900406493,0
-1.203183516347256,-0.3651757779005999,-0.577807290460991,-0.7174180445173957,-1.086714105761743,1.1794525845658788,-0.40053633900406493,0
-1.1849494786006671,-0.9736249654577896,-0.33607618574713616,3.7867921562819604,-0.985643990515793,-0.9424056549121874,2.4966523698860974,1
0.6999250194885765,0.1622416253323855,0.6608225329015419,1.3080120726359479,-0.4262326549684413,0.89653815263547,-0.40053633900406493,0
0.2344344842067094,0.4309259628284342,0.21094878428262262,-0.1564611337308204,-0.8822234074734253,-1.3667773028078007,-0.40053633900406493,0
-0.9268677399226657,0.2048899328714409,-0.09226146535748393,0.8005402702558112,-0.26405037701563755,0.89653815263547,-0.40053633900406493,0
0.030919205666826217,0.2589111224209104,-0.1552481110261331,-0.128445124565543,0.607973175455234,1.6745528404440944,-0.40053633900406493,0
0.4132293828795119,0.2759704454365332,-0.7354188935575195,-0.13035530700863024,-0.7788028244310579,-1.508234518773005,-0.40053633900406493,0
-0.5582667473765808,0.7308857258531242,-0.2944297974031879,-0.24432952611282654,-1.0608589600011513,0.5428951127224589,-0.40053633900406493,0
-0.48014837386058185,0.3925424860432853,-0.3413581994948608,0.471988890044832,-0.047807339745232706,-0.9424056549121874,-0.40053633900406493,0
-1.0047422119023675,-0.8641609761075484,-0.5008498576573855,-0.9963046812081106,0.018005758554455787,-0.09366235912096092,-0.40053633900406493,0
-0.05014448443496572,-0.048156691860287155,-0.11019688342578926,-0.34365901315335523,0.5374591415627109,-0.6594912229817786,-0.40053633900406493,0
-0.8748464882321448,-0.39645120342923956,-0.7071883016293518,-1.240171306442229,-0.642475692238846,-1.7204203427208118,-0.40053633900406493,0
-0.6057792462289758,-0.8769554683692647,0.6848542071567778,-1.4203651835734445,-0.25934944142280275,0.18925207280944792,-0.40053633900406493,0
-0.896867508399755,-1.7299216191503728,0.44291858164156606,0.27205646100171677,0.495150721227197,0.33070928877465233,2.4966523698860974,1
-0.6245147893816593,1.5866950971368365,-0.5579639717715751,2.7896769209905,-0.7458962752812137,-1.3667773028078007,-0.40053633900406493,0
-0.29183823224714533,0.6811293670575596,-0.9467829801318473,-1.4222753660165315,0.24365066701053043,0.18925207280944792,-0.40053633900406493,0
-0.19115485592359222,-0.5883685873549889,-0.8290519731083952,-0.4531761398903483,0.23424879582486063,-1.437505910790403,-0.40053633900406493,0
0.41111408514547243,0.2048899328714409,-0.5877510342114792,-0.423886675763013,0.8994311822109972,-0.447305399033972,-0.40053633900406493,0
-0.33096832858100667,-0.3381651831258652,0.8143686849513765,-0.16155495357905278,1.3225153855661373,0.4721665047398568,-0.40053633900406493,0
-0.9594303078100486,-0.5556715515750471,-1.1333779653361868,-0.5824318185392412,0.22249645684277347,0.11852346482684571,-0.40053633900406493,0
0.1735940681173472,0.5290170701682613,0.3570016014320312,1.091524729086078,-0.5296532380108088,-0.37657679105136976,-0.40053633900406493,0
-0.6631070691256513,-2.614163195460121,-0.43183032844448016,0.1039604060100527,-0.8822234074734253,-0.09366235912096092,-0.40053633900406493,1
1.3628387758362932,0.5645573264508075,-0.6087139362548029,0.6458154923657571,4.016151480260528,-1.154591478859994,-0.40053633900406493,0
-0.022173568503382937,2.1780849616784033,-1.3241267392103422,0.4038590495747259,1.2167443347273526,0.2599806807920501,-0.40053633900406493,0
-0.10289298747599102,0.38259121428417175,-0.46057462285492995,-1.5470739522982213,-1.1031673803366653,-0.800948438946983,-0.40053633900406493,0
-0.4347662453090761,-1.1811800621478596,0.9060679387091383,0.7413246145201116,0.03445903312937775,-0.6594912229817786,-0.40053633900406493,0
-0.5544986056641218,0.22763569689227076,-0.9805471559953244,-0.4181561284337516,-1.0514570888154813,-0.5180340070165742,-0.40053633900406493,0
-0.10600889811385705,0.2091547636253458,-1.063110187100914,0.5757754694525637,0.24600113480694782,0.7550809366702657,-0.40053633900406493,0
-0.893612861635203,0.44229884483884996,1.988362253552624,-0.7358831414672374,-0.832863583748659,0.8258095446528678,-0.40053633900406493,0
0.5852553288033882,0.05135602573084211,0.6411040391143626,-0.8205678964440984,-0.49674668886096457,-1.154591478859994,-0.40053633900406493,0
-0.5345788383387138,0.8190255614338393,0.49703881848518533,-0.7683562429997179,1.4776462601296887,1.3209098005310833,-0.40053633900406493,0
-0.9372236210235154,-1.8649745930240482,-0.4928581833395685,1.474197945184525,0.7348984364617762,0.33070928877465233,-0.40053633900406493,0
1.0859146158043098,0.4152882500641136,-1.0378129803753093,1.5703437948199086,-0.13477464821267818,-0.447305399033972,-0.40053633900406493,0
1.8109561224736992,-1.1044131085775601,-0.30047708382077915,-1.2548160385058966,-0.9621393125516184,-0.16439096710356313,-0.40053633900406493,0
-0.13128250969599428,-1.6474682245748646,-1.096811950513273,-0.7422504162775277,-0.2922559905726469,1.1087239765832766,2.4966523698860974,1
-0.09063933318541202,0.5560276649429977,-1.064771318492218,-0.553779081892935,0.5022021246164492,-0.447305399033972,-0.40053633900406493,0
-0.37467157872044315,-2.0867457922271364,0.7517421111161021,-0.6983162200865247,1.3953798872550782,-0.30584818306876754,-0.40053633900406493,0
1.2123439916574072,-0.8399936018354164,0.7641391442913198,0.6674642267207441,0.596220836473147,0.7550809366702657,-0.40053633900406493,0
-1.4802231185389758,0.06272890774125624,-0.967453983942248,0.7018475106963115,1.4376883075905922,1.6038242324614922,-0.40053633900406493,0
-0.29179609757163344,1.9250383369466753,-0.5303738276110371,-0.41242558110449046,-0.5719616583463227,1.4623670164962876,-0.40053633900406493,0
-0.10884117044827621,1.3322268621538047,-1.1343333559340754,0.36883903811812924,0.27655721616037454,-1.437505910790403,-0.40053633900406493,0
1.3483304025683138,1.1573688012436782,-0.062223792921550634,0.8202788221677111,-0.22174195668012364,1.1087239765832766,-0.40053633900406493,0
-0.8929051361099357,1.762974768298265,0.12831757957658063,-1.4203651835734445,0.13787961617174538,1.53309562447889,-0.40053633900406493,0
-1.0129406605936657,1.5042417025613284,1.96016622852046,0.28415428314126806,-0.626022417663924,0.7550809366702657,-0.40053633900406493,0
-0.37807215533676874,-1.6204576298001299,-0.20995310452715368,-1.3649698927239189,0.7513517110366984,-0.16439096710356313,2.4966523698860974,1
-0.6575816031418364,2.2193116589661583,-0.2949819075476965,3.290144721079317,0.10967400261473603,-0.8716770469295853,-0.40053633900406493,0
-0.22711525996060059,2.0515616493125393,-0.9391936260758545,-0.81292716667175,-0.03605500076314553,-0.7302198309643808,-0.40053633900406493,0
-0.207143423767893,-0.6210656231349323,-0.8122611033744447,-0.6715736658833055,-1.281802932864391,0.18925207280944792,-0.40053633900406493,0
-0.8870449906303871,0.4351907935823407,-1.0341959387851112,-0.4315274055353612,-1.1736814142291885,-0.09366235912096092,-0.40053633900406493,0
1.4434225417072526,0.09542594352119806,-0.7706185557967191,0.5725918320474186,0.3987815415740818,-0.37657679105136976,2.4966523698860974,1
-0.7609314535644607,-0.44620756222480423,-0.6615619192871633,-0.22777461160607165,-0.6095691430890019,1.0379953686006744,-0.40053633900406493,0
-0.5548665133185929,-2.4265106422882776,-0.6145442193808134,1.816120602497114,-1.0679103633904035,1.53309562447889,2.4966523698860974,1
-0.17811126210674666,0.5048496958961308,-0.814259262001788,0.7425980694821696,0.3212161042923061,-1.0838628708773919,-0.40053633900406493,0
-0.5507455365185128,1.0479048118934353,0.6918712870455926,0.7922628130024341,-1.023251475258472,-0.022933751138358716,2.4966523698860974,1
-0.612422480068041,-0.19316093749307617,-0.5178183628291344,-1.6343056171991983,1.4893985991117755,-0.5180340070165742,-0.40053633900406493,0
-0.0944023365228085,1.4715446667813865,-0.3378611818491213,-0.16664877342728482,0.010954355165203397,-1.2253200868425962,-0.40053633900406493,0
-0.8931620548630579,-0.302624926843319,0.5509718179754495,0.9750036000577655,-0.6800831769815252,-1.2960486948251986,-0.40053633900406493,0
-0.6526302649316655,-0.40213764443444827,-0.40916212619829173,-0.06604583142469825,1.1062723482957324,0.11852346482684571,2.4966523698860974,1
0.2144766929058393,-1.1115211598340695,3.7881510666443354,0.48408671218438365,-0.7247420651134566,0.8258095446528678,-0.40053633900406493,0
0.67227610839424,1.0237374376213049,1.734304209647115,-0.11953093983113651,-0.7576486142633009,-1.154591478859994,-0.40053633900406493,0
0.25102355681664135,0.48636876262920586,-0.41047182748022154,-0.5276732551707447,4.326413229387631,-1.0131342628947897,-0.40053633900406493,0
-0.617375873628237,0.966873027569231,2.0581384137113945,0.77507117101465,-0.8399149871379115,0.18925207280944792,-0.40053633900406493,0
-0.49580328988416134,-0.7859724122859468,-0.3514795786831475,-0.03611963981633396,-0.050157807541650105,0.40143789675725455,-0.40053633900406493,0
-0.4413831021561541,-0.0168812663316475,-0.7940155434336589,-1.0166799606010395,-0.45678873632186806,-1.7204203427208118,2.4966523698860974,0
-0.13422816884012487,-0.797345294296361,0.7302261387367143,2.6807965217345364,-0.04075593635598032,0.0477948568442435,-0.40053633900406493,0
2.556858746779937,-0.37370543940841133,0.4268036867628052,-0.19975860244079424,-0.5954663363104973,0.4721665047398568,-0.40053633900406493,0
-0.9479453544288111,-0.6452329974070627,0.036438769997908856,-0.5970765506029091,-1.1454758006721792,1.1087239765832766,-0.40053633900406493,0
-0.03321388116254996,0.2660191736774197,0.39301742649354776,-0.4066950337752291,-0.7129897261313695,-0.23511957508616535,-0.40053633900406493,0
-0.8807898753877051,-0.525817736297708,-1.0978489573933936,0.044108022793323785,-0.731793468502709,-1.0131342628947897,2.4966523698860974,1
-0.33646810268950933,-0.5912118078575932,-0.05878918772692945,-1.0657079766402748,0.40583294496333394,-0.022933751138358716,-0.40053633900406493,0
1.2921518628939381,0.3783263835302668,-0.8136869878346105,-0.89824864912964,0.5985713042695644,1.6038242324614922,-0.40053633900406493,0
-1.1412732905698928,-1.4527076201465126,-1.098599827189925,0.0702138495155143,-0.4003775092078493,1.0379953686006744,-0.40053633900406493,0
0.29289172194211033,-1.2707415079798752,0.7921181660319029,-0.9275381132569755,-0.44738686513619824,-0.23511957508616535,-0.40053633900406493,0
1.769635708129887,1.5554196716081952,0.06625559837603896,0.10523386097211097,1.703291168585763,-1.7204203427208118,-0.40053633900406493,0
-0.9782874591725431,0.07552340000297253,-0.09983833692325286,0.2529546365708459,0.506903060209284,1.6038242324614922,-0.40053633900406493,0
-0.006624160447752122,0.4096018090589065,-0.8069723682858305,-0.7861846124685308,0.9581928771214333,-0.6594912229817786,-0.40053633900406493,0
2.6006373597536223,-0.9935275089760152,0.9741051919605964,-1.3121215117985094,-0.8469663905271637,-0.5180340070165742,-0.40053633900406493,0
-1.0892075062954973,-0.12918847618449306,-0.6618384544551955,-0.21058296961828799,4.827062870024546,-0.800948438946983,-0.40053633900406493,0
0.7907779992009994,0.1153284870394252,-0.01728778830788692,1.9109929971704394,-0.8140598413773195,-0.37657679105136976,-0.40053633900406493,0
0.21268168721735903,0.9114302277684593,-1.3106898185803368,0.6305340328210602,0.2507020703997826,-1.3667773028078007,-0.40053633900406493,0
0.5190268126235469,-0.8869067401283767,-1.0388096592100917,0.5815060167818251,0.7654545178152032,-0.447305399033972,-0.40053633900406493,0
-0.12044259366426253,0.007286107940484538,-1.1215215200068096,-0.2436927986317974,-0.5531579159749832,0.89653815263547,-0.40053633900406493,0
0.024728148833256296,-1.257947015718159,-0.24879957429477675,0.16635969915089782,-0.03605500076314553,1.2501811925484811,-0.40053633900406493,0
1.2785759334206237,2.2036739462018375,-0.6611432757688926,-0.4824656040176836,-0.12772324482342579,-1.3667773028078007,-0.40053633900406493,0
3.814394171870452,0.36411028101724835,0.4163875287669288,2.0205101239074326,-0.0007979838168837832,-1.0131342628947897,-0.40053633900406493,0
-0.09830167807852858,0.31293231197038157,-0.955496718499526,-1.1153727201605392,1.073365799145888,-0.23511957508616535,-0.40053633900406493,0
-0.8006127262633536,0.9043221765119501,-0.5635887739046728,0.6133423908332766,-0.7717514210418055,-1.3667773028078007,-0.40053633900406493,0
-0.22479990815746317,1.1516823602384711,-0.9428567568607246,1.050137442819191,-0.8845738752698429,-0.447305399033972,-0.40053633900406493,0
-0.5271857442988693,1.5056633128126307,-0.906895662717881,0.3860306801059129,0.7678049856116206,1.2501811925484811,-0.40053633900406493,0
3.138115159426981,-0.14198296844620936,0.14248136521422594,-1.1847760155927034,-0.14182605160193057,-1.6496917347382096,-0.40053633900406493,0
0.7401125934102889,1.463015005273575,-1.04587474867669,0.9374366786770527,2.7233941922309337,-0.7302198309643808,-0.40053633900406493,0
1.2785200964116117,-0.19458254774437833,-1.2747834553561666,1.4436350260951314,0.892379778821745,0.40143789675725455,-0.40053633900406493,0
1.1454464590444362,-1.3830487178327224,0.1915481139003693,0.6088852984660732,0.9652442805106859,-1.437505910790403,-0.40053633900406493,0
-0.58657337047891,-0.2884088243303005,-0.20881335715057694,-0.5626932666273413,-0.03605500076314553,-1.508234518773005,-0.40053633900406493,0
0.11667183429226724,-0.7873940225372474,-0.9624677091936689,-0.9701988544859204,-0.19588681091953167,1.2501811925484811,-0.40053633900406493,0
2.0017837253093957,-2.048362315441986,0.35357083700363273,0.2535913640518748,0.5821180296946423,0.6843523286876634,-0.40053633900406493,0
-0.8484345552945075,0.46646621911098035,0.2897507450646645,0.19755934572132,0.7419498398510284,-0.5887626149991764,-0.40053633900406493,0
-0.2542510186653673,-0.47463976725084117,0.21990257053921816,0.6267136679348861,-0.45443826852545066,0.4721665047398568,2.4966523698860974,1
0.12084111181793429,1.087709898929888,-1.3187976760763898,0.32745175185124226,-0.3580690888723354,0.6843523286876634,-0.40053633900406493,0
-0.07532354991595391,0.6072056339898628,0.05462863882846627,-0.6970427651244667,0.07911792126130929,1.6745528404440944,-0.40053633900406493,0
1.1250484802798832,-0.5414554490620286,-0.6433000360899312,-0.3283775536086584,-0.376872831243675,0.4721665047398568,-0.40053633900406493,0
-1.2076086849510328,0.9228031097788735,-0.16273088381944667,-0.5442281696774995,0.17313663311800714,0.0477948568442435,-0.40053633900406493,0
-0.17519951623802837,0.2304789173948735,-0.521845406213602,-0.7276056842138601,-0.7435458074847962,0.6843523286876634,2.4966523698860974,1
-0.8425733821399465,0.03713992321782364,-0.9102649748867169,-0.8995221040916981,0.3188656364958885,0.40143789675725455,-0.40053633900406493,0
-0.011242531953876806,-0.04389186110638226,-0.7585431867926499,1.0437701680089007,-1.1971860921933628,-1.7204203427208118,2.4966523698860974,1
-0.15332476848052914,0.22337086613836427,-0.567851064220279,-0.08260074593145296,2.0558613380483797,-1.6496917347382096,-0.40053633900406493,0
2.3773167283730556,0.966873027569231,0.7609330646869475,-0.6015336429701121,-0.689485048167195,0.18925207280944792,-0.40053633900406493,0
-0.7779333089710756,1.4758094975352916,1.0651515154605047,-0.6448311116800861,0.9205853923787541,-0.37657679105136976,-0.40053633900406493,0
0.38771666557780216,-0.02825414834206163,-1.1005115685772584,-1.1293807247431777,2.0065015143236136,0.8258095446528678,-0.40053633900406493,0
-1.5344089963641354,0.200625102117536,-0.15107703890831525,0.3459168488010842,-0.45678873632186806,0.9672667606180723,-0.40053633900406493,0
-0.08126111357977679,0.7024535208270872,-0.09828858775240606,0.4134099617901614,-0.6988869193528647,0.7550809366702657,-0.40053633900406493,0
-0.5671948453267461,0.10111238452640674,-0.5663330013707694,2.4687662705518694,-0.27345224820130737,0.4721665047398568,-0.40053633900406493,0
-0.9050334140489911,0.1793009483480083,0.042102939984789124,-1.0733487064126233,-0.6988869193528647,-0.37657679105136976,-0.40053633900406493,0
0.08260612041995091,0.5773518187125254,-0.5758052910674251,-0.18384041541506885,0.4598937042809353,-1.437505910790403,-0.40053633900406493,0
0.17393148807978098,0.22763569689227076,-1.0107912696157262,-1.499319391221044,-0.07131201770940707,-0.8716770469295853,-0.40053633900406493,0
1.1765302025888476,-0.6722435921817991,-0.05509725119538945,-0.40987867118037424,0.16373476193233735,0.9672667606180723,-0.40053633900406493,0
0.3476596063826763,0.62710817750809,0.2741773982232999,-0.23923570626459434,1.1086228160921499,-0.16439096710356313,-0.40053633900406493,0
-0.8905623796397988,0.540389952178677,0.2680187295852513,-0.5550525368549929,0.4175852839454213,-0.800948438946983,-0.40053633900406493,0
-1.2313448947144867,-1.7896292497050492,0.2677450749918863,-0.8473104506473178,-0.9292327634017743,0.6136237207050612,-0.40053633900406493,0
0.5944112280479884,0.3982289270484924,0.6791439479752256,-0.510481613182961,-0.7670504854489707,-0.30584818306876754,-0.40053633900406493,0
-0.01696702433177697,-1.1982393851634823,-1.3107752756287914,-0.5143019780691351,-0.5860644651248275,-1.0131342628947897,-0.40053633900406493,0
0.3344166436134079,-1.737029670406882,-0.2786394472702427,-0.32774082612762945,-0.541405576992896,0.40143789675725455,-0.40053633900406493,0
-0.4396685976769852,-0.7802859712807382,-0.03290722434392334,0.7031209656583698,-1.1783823498220234,1.0379953686006744,-0.40053633900406493,0
-0.2361464679703522,-0.8385719915841142,-1.2038905924181547,0.7470551618493729,2.0276557244913707,1.3209098005310833,-0.40053633900406493,0
-0.41265684509039197,-0.7916588532911539,-1.0696039625918907,0.9234286740944139,-0.3416158142974132,-0.5887626149991764,2.4966523698860974,1
1.0601466925411653,-0.8997012323900946,0.4763265264378905,-0.1672855009083138,0.05091230770429993,-0.447305399033972,-0.40053633900406493,0
-0.7479063578978402,-0.0808537276402306,0.2706256496588876,-0.6932224002382925,0.15668335854308496,1.6038242324614922,-0.40053633900406493,0
-0.5836191473763422,-1.3531949025553833,-0.5354772457294077,1.0412232580847844,0.5609638195268853,-0.9424056549121874,-0.40053633900406493,0
3.0962065724176875,-0.4149321366961646,-0.41539088881990416,-0.6626594811488989,-0.26169990921922015,-1.6496917347382096,-0.40053633900406493,0
-1.1133650628140717,0.0812098410081796,1.3476955622479885,1.2927306130912515,-0.16533072956610492,0.40143789675725455,-0.40053633900406493,0
0.6514612361329546,0.7991230179156121,-0.6722766968568523,-0.46272705210578374,-0.7035878549456996,0.8258095446528678,-0.40053633900406493,0
-0.4940500763128554,0.6157352954976743,0.8060159786086284,0.5986976587696088,-1.2865038684572256,-0.447305399033972,-0.40053633900406493,0
2.0262961722656163,1.225606093306166,-0.4748584324370335,-0.7740867903289793,-0.38627470242934475,-0.9424056549121874,-0.40053633900406493,0
-0.7614788617877798,0.41102341931020864,-0.8023720905426296,0.903690122182514,-1.1313729938936745,1.53309562447889,-0.40053633900406493,0
-0.7048837711750089,0.14376069206546213,-1.0566970677006136,0.5986976587696088,0.7090432907011844,0.40143789675725455,-0.40053633900406493,0
-0.7214687330848905,2.618784139581976,0.10886601904187708,0.6483624022898733,1.4729453245368538,0.18925207280944792,-0.40053633900406493,0
2.186896769958979,-0.29693848583811033,0.5947363888911995,-0.050127644398972486,2.2274454871868534,-1.5789631267556072,-0.40053633900406493,0
-0.772109132116964,1.178692955013206,-0.9533353273077194,0.30198265261008106,-0.8070084379880672,1.3916384085136855,-0.40053633900406493,0
-0.9136802716040718,1.367767118436351,-0.7171253240389504,0.8451111939278433,0.7113937584976019,-0.447305399033972,-0.40053633900406493,0
-1.3204796018060283,0.39965053729979455,-0.4489735884793603,1.840316246776217,-0.5531579159749832,0.40143789675725455,-0.40053633900406493,0
-0.09802968675855646,0.19778188161493165,0.23074409339425514,-1.5063233935123634,-1.0209010074620546,-0.447305399033972,-0.40053633900406493,0
-0.02556660883628333,-0.45331561348131344,-0.33924385768928184,0.12051532051680743,0.11202447041115343,0.4721665047398568,-0.40053633900406493,0
0.08651573872579572,0.5375467316760727,2.0157315536553586,-0.2990880894813231,0.12377680939324082,-0.09366235912096092,-0.40053633900406493,0
-1.0401295158407446,0.45935816785447114,0.7761578619936048,-1.4891317515245794,-0.2264428922729584,1.6745528404440944,-0.40053633900406493,0
0.12627648495898752,1.0152077761134934,-0.5787914868055497,-0.9052526514209595,0.22954786023202564,-0.447305399033972,-0.40053633900406493,0
-0.2617715444067604,-0.6466546076583649,-1.032993778957416,0.20965716786087166,-0.6518775634245159,1.53309562447889,-0.40053633900406493,0
-0.8825434315173486,0.21341959437925231,-0.5156272056991021,2.573826304921659,0.4622441720773527,0.5428951127224589,-0.40053633900406493,0
-0.9167379473245636,1.6165489124141739,0.32504546626787495,0.8960493924101658,-0.33221394311174346,-0.9424056549121874,-0.40053633900406493,0
-1.5156977748534142,-0.1903177169904718,-0.8931687642380646,0.4350586961451481,0.6361787890122436,0.89653815263547,-0.40053633900406493,0
0.9561572857024356,0.004442887437880199,-0.8374594103698159,-0.4926532437141482,-0.9738916515337056,0.40143789675725455,-0.40053633900406493,0
-0.8179496037240397,-0.24291729628864078,-0.41205422316396106,0.019912378514220844,-0.8140598413773195,1.4623670164962876,-0.40053633900406493,0
0.2758473893016458,-1.5337394044707169,2.9463568909403386,-0.28699026734177147,1.4705948567404366,-0.800948438946983,2.4966523698860974,1
1.8908126369941547,0.7735340333921795,0.15592596737667647,-0.7409769613154696,-0.1206718414341734,-0.7302198309643808,-0.40053633900406493,0
-0.4085040103649246,-0.049578302111589326,-0.9678543838209615,0.21411426022807473,-0.20763914990161886,1.4623670164962876,-0.40053633900406493,0
-1.2472745425247382,-1.6574194963339781,2.5412011834519466,0.4618012503483676,0.2507020703997826,0.40143789675725455,2.4966523698860974,1
0.34421929299920123,-0.32110586011024234,0.4567021314231669,-1.346504795774077,2.7045904498595945,-1.437505910790403,-0.40053633900406493,0
1.577663275330278,-1.8479152700084254,0.13912069476939115,-1.026867600297504,-1.0937655091509955,0.0477948568442435,-0.40053633900406493,0
-0.7338631788521804,0.8929492945015344,-0.679208319697213,1.8301286070797524,-0.3063587973511515,1.2501811925484811,2.4966523698860974,1
2.105888574307862,0.5460763931838841,1.0290598352660902,1.6626692795691176,0.9041321178038324,-0.7302198309643808,2.4966523698860974,1
-0.8417087648961058,-0.20595542975479245,-0.9183008180160945,-0.7906417048357339,0.09322072803981386,0.7550809366702657,-0.40053633900406493,0
0.28944558506689766,0.7806420846486888,-0.523936703421845,-0.5384976223482383,-0.2381952312550456,-0.16439096710356313,-0.40053633900406493,0
0.07888388152471633,-0.25002534754515005,-0.8345394678490323,2.721547080520394,-0.5931158685140797,0.8258095446528678,-0.40053633900406493,0
-0.3031292976093599,0.08831789226468882,-0.7876197074813606,1.8925279002205975,1.6468799414717448,0.5428951127224589,-0.40053633900406493,0
0.5864549681013003,1.588116707388137,-0.061797467870834406,0.17909424877147842,0.35177218564573287,0.6136237207050612,-0.40053633900406493,0
0.9697561665843624,0.6768645363036546,0.9986745734870055,1.9250010017530779,-1.2418449803252944,0.89653815263547,-0.40053633900406493,0
-0.07430032816185246,0.123858148547235,-0.8291355097737381,-0.5416812597533834,0.28125815175320956,0.6843523286876634,-0.40053633900406493,0
-1.0983661460067977,1.4189450874832177,0.15224459295224885,0.39876522972649353,-0.8187607769701544,-0.30584818306876754,-0.40053633900406493,0
-0.15677398838077916,-0.45900205448652215,-0.9596284227635613,0.8011769977368401,-0.3839242346329272,-1.2960486948251986,-0.40053633900406493,0
0.5956687597049374,-0.7646482585164192,2.134337295186023,0.5872365641110864,-0.5155504312323042,-0.5887626149991764,-0.40053633900406493,0
0.5809229935090728,-0.07374567638372137,-0.3787797449938739,-0.7384300513913536,1.256702287266449,-1.154591478859994,-0.40053633900406493,0
-0.8281437972895911,-0.39929442393184394,0.29257370823832557,0.2281222648107136,-1.2206907701575374,-1.0131342628947897,-0.40053633900406493,0
1.3264162606020025,0.24327340965659142,0.26956271760676415,-0.877236642255682,-0.8422654549343288,-0.23511957508616535,-0.40053633900406493,0
-0.5275437177615531,0.9128518380197599,1.6514387182014907,-0.2640680780247264,0.5186553991913714,0.18925207280944792,-0.40053633900406493,0
-0.7592022190767796,-1.6005550862819042,-1.0209241711026809,0.5745020144905059,-1.2653496582894688,-0.23511957508616535,-0.40053633900406493,0
-0.8926321171149512,0.2816568864417403,-0.16035440971917064,1.6346532704038406,1.0052022330497823,-1.2960486948251986,2.4966523698860974,1
-0.02042891889051443,0.44656367559275484,-0.9171505085324054,-0.8587715453058402,-0.9151299566232696,-0.8716770469295853,-0.40053633900406493,0
-0.9600551342176418,1.2739408418504303,0.0003979799559450994,-1.5203313980950022,-0.8916252786590951,0.89653815263547,-0.40053633900406493,0
0.6445902009994544,-0.07801050713762626,-0.8386999778597379,0.7916260855214047,0.7960105991686297,1.3916384085136855,-0.40053633900406493,0
-1.1032167720657449,0.5873030904716373,2.6021887103016974,-0.17046913831345895,-1.2300926413432072,-0.7302198309643808,-0.40053633900406493,0
0.35842039143844623,-0.8797986888718674,-0.28853422125139205,0.22939571977277154,-0.5602093193642356,-1.3667773028078007,-0.40053633900406493,0
-0.5099629387645696,1.0663857451603602,0.9290059547824691,-0.11252693753981724,-0.5860644651248275,0.6843523286876634,-0.40053633900406493,0
-0.8383236034049677,1.5468900101003837,-0.13028409077034467,1.4328106589176377,1.3084125787876324,-0.8716770469295853,-0.40053633900406493,0
-0.6108587012573705,0.3754831630276625,0.5156838181131288,-1.6419463469715467,-0.28520458718339453,0.33070928877465233,-0.40053633900406493,0
0.994398443150494,1.0606993041551531,0.5123932416518576,-0.6492882040472894,0.7866087279829601,-0.23511957508616535,-0.40053633900406493,0
1.4944620212025095,0.5347035111734699,-0.11475011178276256,1.7295256650771653,-1.3100085464214002,-0.16439096710356313,-0.40053633900406493,0
2.1171659373365763,-0.6722435921817991,0.38203955643760584,-0.017017815385463056,1.073365799145888,-0.16439096710356313,-0.40053633900406493,0
-0.4954264757129154,-1.3816271075814204,-0.5715353192193734,-1.0752588888557102,-0.7835037600238928,-0.447305399033972,-0.40053633900406493,0
-0.4052767682673723,0.011550938694389432,-0.39050080331390197,-0.7963722521649953,-0.6518775634245159,0.6843523286876634,2.4966523698860974,0
-0.5562463383020279,-2.3639597912309958,-0.7888506730557258,-1.4834012041953184,0.7913096635757949,-1.2253200868425962,-0.40053633900406493,0
0.6960883661086182,1.485760769294405,0.4557707456141698,-1.3566924354705414,-0.14182605160193057,-0.09366235912096092,-0.40053633900406493,0
-0.6863732888500604,0.2048899328714409,0.0878743112518831,-1.0185901430441267,-0.8446159227307464,-0.5180340070165742,-0.40053633900406493,0
-0.47504425463188743,2.4169154838971147,-0.3793001688170455,-1.5649023217670341,-0.47324201089679013,0.6843523286876634,-0.40053633900406493,0
-0.3280350015370262,0.782063694899991,-1.0982445563143284,0.2243018999245395,1.9430388838203427,0.4721665047398568,-0.40053633900406493,0
1.3295191540230438,1.1317798167202455,-0.06981314697754315,0.4974579892859932,-0.1206718414341734,1.3916384085136855,-0.40053633900406493,0
-0.3294083179120486,1.8098879065912254,-0.38152493265152615,0.5140129037927479,1.4940995347046109,1.1087239765832766,-0.40053633900406493,0
-0.5407209093300219,-2.5118072573663883,0.22867680097490403,-1.494862298853841,0.2930104907352967,0.18925207280944792,-0.40053633900406493,0
-0.5105511114300506,0.41102341931020864,1.1631861131025578,-0.7734500628479503,0.2718562805675398,-1.2960486948251986,-0.40053633900406493,0
-0.9277957304589431,-0.04531347135768443,-0.6223486563452755,-0.7314260491000342,-0.5484569803821483,1.3209098005310833,-0.40053633900406493,0
-0.48303305762063786,-2.1365021510227002,-0.03820844192276121,-0.11316366502084656,1.1791368499846733,0.33070928877465233,-0.40053633900406493,0
-1.0591685656804497,0.3626886707659462,0.17630891372037716,-0.4837390589797417,-0.1206718414341734,-0.37657679105136976,-0.40053633900406493,0
-0.4528146164367421,0.5133793574039422,-0.8498775677592585,1.357676816156212,-0.00549891940971878,-0.37657679105136976,-0.40053633900406493,0
-0.3830125316801397,0.9583433660614196,0.4441927558359359,0.5242005434892123,0.23894973141769543,0.8258095446528678,-0.40053633900406493,0
-1.1233259741517883,-1.0375974267663728,-0.2978624822146977,0.6509093122139894,-0.7223915973170392,0.6136237207050612,-0.40053633900406493,0
-0.7083627936506208,1.819839178350339,-0.9878215672210583,0.7400511595580533,-0.09481669567358164,-0.30584818306876754,-0.40053633900406493,0
1.3249980690847676,-0.7077838484643453,0.69082371805836,0.002084009045407854,-0.20293821430878406,-1.3667773028078007,-0.40053633900406493,0
-0.6802205985502899,2.314559545803381,0.9403083695842261,-0.018291270347520976,-0.0031484516133011772,0.2599806807920501,-0.40053633900406493,0
-0.07057569135825567,1.8169959578477346,0.5021835248404494,1.4824754024379023,-0.4050784448006841,0.7550809366702657,-0.40053633900406493,0
0.9631365692705843,-1.3659893948170996,-0.3109710173326646,-0.16855895587037206,-0.3651204922615876,1.1087239765832766,-0.40053633900406493,0
-0.7769539346841737,-1.3190762565241394,-0.9020947049395456,1.5614296100855016,1.082767670331558,0.7550809366702657,-0.40053633900406493,0
-1.008376070746528,-0.5073368030307845,1.4867869906188107,-0.36403429254628406,0.6925900161262623,0.8258095446528678,2.4966523698860974,1
-0.6018018013723067,-0.4035592546857488,3.3371663763955084,0.16699642663192676,-0.7106392583349519,1.6038242324614922,2.4966523698860974,1
-0.27848907639325343,-0.3921863726753347,-1.1597630690943626,-1.2210694820113581,0.8148143415399693,-1.2253200868425962,-0.40053633900406493,0
-1.101458077561039,1.2042819395366384,0.07171620775311756,-1.2509956736197225,1.1838377855775082,0.7550809366702657,-0.40053633900406493,0
-0.8962974913261612,-0.6566058794174785,0.13821907489861948,-0.6683900284781603,-1.1572281396542663,1.6745528404440944,-0.40053633900406493,0
-0.548794324228134,-0.676508422935704,0.29490793391015235,-1.0147697781579526,0.3376693788672281,-0.23511957508616535,-0.40053633900406493,0
-0.37649433163426077,-1.4854046559264544,-0.8295992822951253,-0.916713746079482,0.6244264500301562,-0.800948438946983,2.4966523698860974,1
-0.12516099220493607,-1.438491517633494,-0.5287607057975163,1.094071639010194,2.8714736634052334,-0.5180340070165742,-0.40053633900406493,0
-0.5209443313896874,0.4735742703674896,0.4726806791010228,0.06957712203448499,0.30006189412454914,0.11852346482684571,-0.40053633900406493,0
-0.36970379771007233,-0.9068092836466038,0.054070767534623566,2.032607946046984,-0.774101888838223,-0.16439096710356313,2.4966523698860974,1
-0.5696896976987313,1.367767118436351,-0.5613361645150777,-0.49328997119517715,-0.879872939677008,0.7550809366702657,-0.40053633900406493,0
-0.6178095524835072,1.9207735061927704,-0.6825084980740408,-0.39014011926847436,0.5609638195268853,-1.2253200868425962,-0.40053633900406493,0
0.12012071163417969,-0.9082308938979043,0.11986981426982168,0.2835175556602391,1.5998705855433957,1.1794525845658788,-0.40053633900406493,0
-0.7591052750672681,1.0706505759142653,-0.2433447260670321,-1.5585350469567438,-1.1031673803366653,0.7550809366702657,-0.40053633900406493,0
-1.101489250369751,0.506271306147433,0.7953607329153907,-1.1663109186428617,-0.00549891940971878,1.0379953686006744,-0.40053633900406493,0
-0.6217523989480892,-0.13487491718970013,-0.9866366908413651,-0.6308231070974476,0.1989917788785989,0.0477948568442435,-0.40053633900406493,0
0.2921476852330684,-0.7745995302755311,2.3181189191322584,0.6961169633670505,-0.7341439362991264,0.40143789675725455,-0.40053633900406493,0
1.65897189464338,-0.7077838484643453,-1.0343937382455788,-0.5512321719688188,-0.35336815327950044,-0.37657679105136976,-0.40053633900406493,0
-0.765036672681016,1.0038348941030792,0.4161926098811285,0.09822985868079136,0.7772068567972902,0.6136237207050612,-0.40053633900406493,0
-0.5821557381585581,-0.46184527498912487,-0.5676186978638075,-0.616815102514809,1.3460200635303117,-0.5180340070165742,2.4966523698860974,1
-0.28832118579607124,-0.06663762512721214,-0.7355120321384192,0.05620584493287543,0.6549825313835832,-1.5789631267556072,-0.40053633900406493,0
-1.1663732250749195,-0.3111545883511288,-0.4678125468015484,-1.4776706568660571,0.3776273314063246,-1.2960486948251986,-0.40053633900406493,0
-0.33490637922886374,0.938440822543194,-0.37269405091405605,-1.0319614201457363,0.13317868057891039,1.53309562447889,-0.40053633900406493,0
-0.8217348733533735,1.8639090961406966,1.1083332501019645,-0.2933575421520617,-0.2475971024407154,1.1794525845658788,-0.40053633900406493,0
-1.0029691299474868,-0.4675317159943319,-0.9525844575111878,0.6095220259471025,0.3987815415740818,1.6745528404440944,-0.40053633900406493,0
0.1334931614550216,0.6967670798218801,0.002424944329958364,0.6986638732911664,-1.0749617667796558,0.7550809366702657,2.4966523698860974,1
-0.9614873706267136,0.08263145125948176,0.11235247458050403,-0.8925181018003788,-1.0796627023724907,1.3916384085136855,2.4966523698860974,1
-0.10731781352143026,-0.9210253861596223,-0.018930676059633177,0.6725580465689762,-0.9762421193301232,-1.3667773028078007,-0.40053633900406493,0
-0.3609062144864932,1.9705298649883352,1.1480621359092458,1.5302299635150791,-1.3029571430321478,0.11852346482684571,-0.40053633900406493,0
-0.7491423083795268,-0.4177753571987673,0.14988540229997452,2.6648783347088103,1.7150435075678505,0.11852346482684571,2.4966523698860974,1
-0.7314926751567064,-1.6289872913079413,-0.7007454162908255,-1.131927634667294,1.115674219481402,-0.6594912229817786,-0.40053633900406493,0
0.6880927119531177,0.14376069206546213,2.985065093123946,0.6120689358712184,-0.17238213295535731,0.8258095446528678,-0.40053633900406493,0
-0.7538271362031256,-0.9267118271648294,1.7158618104374175,1.2093193130764486,-1.159578607450684,-1.2960486948251986,-0.40053633900406493,0
-0.7365673343683761,1.4758094975352916,-0.4997811644559282,0.25677500145702,-0.6589289668137682,-1.437505910790403,-0.40053633900406493,0
0.8832577884581918,0.19351705086102677,0.44313846550781355,0.04983857012258513,-0.32751300751890866,-0.30584818306876754,-0.40053633900406493,0
-0.8844305853986155,-2.2175339353469052,0.14373633557748278,1.7753700437112554,-0.7482467430776311,1.1087239765832766,2.4966523698860974,1
0.6102723641907407,0.9228031097788735,0.655866984282744,0.15044151212517207,-0.2358447634586282,0.8258095446528678,-0.40053633900406493,0
-0.8821577108293277,0.20346832262013873,-0.6950447590248302,1.5155852314514118,-1.3570179023497493,0.6843523286876634,-0.40053633900406493,0
1.9116607374141772,0.8389281049520648,-0.11290270322965912,-1.3165786041657126,-0.2475971024407154,1.2501811925484811,-0.40053633900406493,0
0.05885381041463447,-0.8243558890710957,-0.3141818978948153,-1.517784488170886,0.5727161585089727,-1.7204203427208118,2.4966523698860974,1
-0.6159134920854654,-1.0788241240541259,-1.0455156370348704,-0.21758697190960724,-0.2311438278657934,-0.30584818306876754,-0.40053633900406493,0
-0.8579450024184165,0.6811293670575596,-0.44113746519356123,-1.4604790148782734,-1.1995365599897805,0.9672667606180723,-0.40053633900406493,0
-0.9878619647055639,-0.7518537662547012,-0.5189513888648214,-1.3573291629515705,-0.44973733293261564,-0.30584818306876754,2.4966523698860974,1
-0.34855458851139026,0.6782861465549552,-0.44439827571660656,1.132275287871936,0.9958003618641124,0.40143789675725455,2.4966523698860974,1
0.3562629590288949,0.44940689609535917,3.6228204836317985,1.008750156552304,-1.0632094277975688,0.2599806807920501,-0.40053633900406493,0
-0.8914352182837393,0.7124047925862008,-0.2416202220330541,-0.4538128673713772,0.6267769178265736,0.11852346482684571,-0.40053633900406493,0
-1.2881355861379682,1.3819832209493692,-0.6387247233271774,1.742896942178775,-0.8657701328985032,-0.800948438946983,-0.40053633900406493,0
0.2973014754206997,1.1730065140079988,0.8670591965686075,0.8088177275091888,1.035758314403209,-0.09366235912096092,2.4966523698860974,1
-0.24191240990708937,1.893762911418034,-0.24761853868130632,0.21920808007630713,-0.6800831769815252,-0.800948438946983,-0.40053633900406493,0
0.15993318417633348,0.6285297877593905,-0.41433659849178156,0.5929671114403477,0.3799777992027422,1.3209098005310833,-0.40053633900406493,0
-0.14495606829549545,0.21199798412795012,0.06964699495065507,-0.10233929784335283,0.9111835211930845,-1.508234518773005,-0.40053633900406493,0
-1.3283067172594805,-1.438491517633494,1.3644873921734946,-1.0911770758814359,0.0626646466863871,0.9672667606180723,-0.40053633900406493,0
2.1555629588281957,0.6171569057489764,0.0026928377739893886,0.3007091976480228,-0.6612794346101856,1.0379953686006744,-0.40053633900406493,0
-0.2002141537170185,-0.6665571511765904,-0.548783580307842,2.124296703315164,0.6831881449405923,1.0379953686006744,-0.40053633900406493,0
-1.1373020117632986,1.4431124617553497,2.474436184011748,-0.961921397232543,-0.9292327634017743,0.89653815263547,-0.40053633900406493,0
0.1482262529923985,0.4252395218232271,-1.0797282223548443,-1.0026719560184008,0.0697160500756395,1.53309562447889,-0.40053633900406493,0
-0.6985447291396403,0.2859217171956468,0.24851243813187476,-0.8250249888113017,-1.2677001260858862,-0.447305399033972,-0.40053633900406493,0
1.369517635742458,1.052169642647342,0.776038798240702,-0.39077684674950336,0.6432301924014958,1.1087239765832766,-0.40053633900406493,0
-0.3484100288929668,0.3925424860432853,0.33428730999117057,2.023693761312577,-0.7270925329098741,1.4623670164962876,-0.40053633900406493,0
-1.0278450312997909,0.9228031097788735,-0.3764704843024947,-0.48692269638488683,0.549211480544798,0.0477948568442435,-0.40053633900406493,0
0.4753585034345354,-1.2167203184304058,-0.7339622829675726,-0.6817613055797699,1.078066734738723,1.2501811925484811,-0.40053633900406493,0
1.117630036923064,0.8318200536955556,5.489745890295751,-0.8250249888113017,1.53170701944729,-0.23511957508616535,-0.40053633900406493,0
0.3019044318016371,-0.30404653709461954,-0.11535311207972156,-0.11252693753981724,0.006253419572368608,-0.09366235912096092,-0.40053633900406493,0
0.10910300782528728,0.4948984241370173,-0.31080010323575596,-0.7944620697219082,0.42933762292750854,0.5428951127224589,-0.40053633900406493,0
0.007174431944934993,1.2412438060704867,-0.5533233659830359,0.6560031320622215,0.38702920259199436,0.6843523286876634,-0.40053633900406493,0
-0.8494858668322837,-0.036783809849873034,-0.14578926401125666,1.6849547414051333,0.2718562805675398,-0.16439096710356313,2.4966523698860974,1
-0.9563959260565067,-0.34669484463367495,0.6581512799936761,1.9721188353492258,-0.26640084481205495,-1.2960486948251986,-0.40053633900406493,1
0.8575713940793718,-0.8598961453536419,1.7897629535193345,0.06703021211036915,-1.086714105761743,0.7550809366702657,2.4966523698860974,1
0.6290685401691609,-0.3054681473459217,-0.8454578060285228,0.535661638147735,-0.7200411295206217,-0.5887626149991764,-0.40053633900406493,0
0.7464009368117076,0.7834853051512931,-1.1270224574292262,1.1418262000873713,-0.5931158685140797,-1.0131342628947897,-0.40053633900406493,0
-0.9565052021661679,0.6327946185132971,-1.001804836846238,2.620944138517807,1.3154639821768852,0.0477948568442435,-0.40053633900406493,0
1.107096710603391,-0.28272238332509186,2.312665031096069,0.9705465076905622,-1.1008169125402478,-0.23511957508616535,-0.40053633900406493,0
-0.9490134513251245,-1.2152987081791036,-0.20618339247960468,-0.4296172230922741,-0.3792232990400924,-1.508234518773005,2.4966523698860974,1
2.2975307808701237,0.24469501990789197,-0.05806904406017913,0.20774698541778444,-0.9621393125516184,0.5428951127224589,-0.40053633900406493,0
0.5173917816786773,-0.8271991095737001,-0.2409778538823128,-0.30227172688646825,0.5586133517304679,0.9672667606180723,2.4966523698860974,1
-0.35773035613956533,-0.15193424020532292,-0.5192346453737433,-1.536886312601757,-0.6988869193528647,1.6038242324614922,-0.40053633900406493,0
-0.6328995898085553,-1.9787034131281958,0.36201284116105753,-0.616815102514809,-0.245246634644298,1.2501811925484811,2.4966523698860974,1
-0.9248349987479628,-0.05668635336809856,-0.5037352332821653,0.22302844496248123,-0.980943054922958,-0.37657679105136976,-0.40053633900406493,0
-0.7385336192256048,-0.28983043458160107,1.7608237402230844,1.4054313772333897,0.4763469788558575,1.6745528404440944,-0.40053633900406493,0
2.0221149051981366,-0.8300423300763028,-0.6158990496658596,-1.0217737804492717,0.9675947483071032,-0.23511957508616535,-0.40053633900406493,0
-0.7440039333170827,1.5511548408542903,-0.32022054258840577,-1.5553514095515988,0.35882358903498524,0.7550809366702657,-0.40053633900406493,0
-0.48783949365404794,0.05135602573084211,-0.38593701284981646,0.23894663198820698,1.7197444431606852,-1.154591478859994,-0.40053633900406493,0
-0.04073269411225574,0.5119577471526401,3.592238382583802,-1.1688578285669777,-0.3016578617583167,-1.6496917347382096,-0.40053633900406493,0
-1.1045489814402678,0.028610261710012238,0.2442770331798272,0.19883280068337827,2.2274454871868534,-1.2960486948251986,-0.40053633900406493,0
-0.3233292776548399,-0.1448261889488137,-0.3920899203385311,1.7212482078237883,0.5633142873233027,-1.5789631267556072,-0.40053633900406493,0
-0.5029223372540088,-0.6779300331870062,-0.037967433842288754,1.6352899978848694,-0.9926953939050451,0.5428951127224589,-0.40053633900406493,0
0.112094569786642,1.059277693903851,-0.1326605648706207,-0.9020690140158143,0.36587499242423743,0.6136237207050612,-0.40053633900406493,0
0.25039770273403555,1.2611463495887123,-0.9535100821708508,-1.7266311019484077,-0.832863583748659,-1.154591478859994,-0.40053633900406493,0
-0.5938431435172559,1.4260531387397268,-0.4292262889455111,-1.2395345789612,-0.10656903465566882,-1.7204203427208118,-0.40053633900406493,0
-0.5557564798794081,-1.4626588919056245,-0.08783498228585865,0.15744551441649132,1.146230300834829,0.6843523286876634,-0.40053633900406493,0
-1.408849718688278,-1.3020169335085165,1.8198284715103823,-0.7212384094035698,0.6855386127370097,0.8258095446528678,-0.40053633900406493,0
1.583910854289535,1.208546770290545,-0.18431022884150863,0.4038590495747259,-0.7505972108740486,-0.5887626149991764,-0.40053633900406493,0
-0.8974077228979866,1.19006583702362,-0.057428596292549185,0.11478477318754643,0.1895899076929291,0.5428951127224589,-0.40053633900406493,1
-0.8784779491679429,0.3356780759912114,-0.2010886160852352,-0.29463099711411983,-0.4943962210645471,-0.447305399033972,-0.40053633900406493,0
0.3054132568526114,-0.32963552161805376,0.4513711479061032,1.4926630421343663,1.3131135143804673,1.0379953686006744,-0.40053633900406493,0
-0.5205599809350165,-0.8485232633432278,-0.3815047686288572,-0.9963046812081106,-0.7294430007062915,-0.447305399033972,-0.40053633900406493,0
-1.1351384133036722,0.5261738496656586,2.1137383057422974,0.303256107572139,-0.626022417663924,0.11852346482684571,-0.40053633900406493,0
1.164211119655807,-0.5144448542872938,0.740301428730329,-0.48310233149871273,-0.5061485600466343,0.8258095446528678,-0.40053633900406493,0
-0.2376914060724603,-1.3077033745137236,-0.012952523434049908,-1.4655728347265056,-0.19588681091953167,1.0379953686006744,-0.40053633900406493,0
0.2815273490956716,0.3840128245354739,-0.7378136112973533,0.8540253786622498,-0.224092424476541,-0.022933751138358716,-0.40053633900406493,0
-0.42264173551173306,0.8417713254546676,-0.8329061820128428,0.5108292663876027,-0.16533072956610492,1.3916384085136855,-0.40053633900406493,0
-0.9151094249881063,-0.2656630603094707,-0.21513525835308903,2.7247307179255387,-1.1078683159295,-0.5887626149991764,-0.40053633900406493,0
-0.16499127778063957,-0.42346179820397595,-0.12610533712008148,0.13707023502356214,0.5210058669877887,1.53309562447889,-0.40053633900406493,0
-0.31352731338572165,1.4772311077865936,-0.2769245451518212,-0.2462397085559136,0.17783756871084191,-0.23511957508616535,-0.40053633900406493,0
1.3676935125952905,1.2284493138087704,-0.6212309933744791,-0.03102581996810158,0.3987815415740818,-0.5887626149991764,-0.40053633900406493,0
-0.24165035277890468,-1.7910508599563515,0.63909915914613,-0.8065598918614597,-0.3204616041296563,-0.23511957508616535,2.4966523698860974,1
-0.7451967214482448,0.753631489873954,-1.138447776750109,-0.04185018714559496,0.01330482296162079,-1.6496917347382096,-0.40053633900406493,0
-1.124816102919897,-0.13345330693839796,2.1801086664531173,1.1195407382513554,-0.799957034598815,-0.5887626149991764,-0.40053633900406493,0
-1.3015176275922595,-0.28983043458160107,2.605592589366537,-0.1029760253243818,-0.47559247869320753,0.33070928877465233,2.4966523698860974,1
0.38071991153444085,-0.865582586358849,2.288859001856415,-0.769629697961776,-0.5954663363104973,-0.022933751138358716,-0.40053633900406493,0
-0.8836221477221243,-0.7035190177104388,-1.0122209948421144,0.46434816027248343,-0.6777327091851078,-0.09366235912096092,-0.40053633900406493,0
0.014742573295240065,-1.0859321753106352,-0.09196092540056004,0.13006623273224288,-0.5954663363104973,1.1794525845658788,-0.40053633900406493,0
-0.33665822256681965,0.8019662384182165,-0.7861582959336352,-1.0408756048801426,-0.12302230923059099,-0.5180340070165742,-0.40053633900406493,0
0.18230875222325232,-0.14624779920011588,0.3329920115825759,0.39876522972649353,-0.0525082753380675,1.53309562447889,2.4966523698860974,1
-0.3990750921253398,-1.0276461550072609,0.015462425272805882,2.8832758607017674,0.5633142873233027,-1.7204203427208118,-0.40053633900406493,0
-0.624311652287524,-0.005508384321231758,-0.4650164689914459,-0.9689253995238623,0.7913096635757949,0.4721665047398568,-0.40053633900406493,0
0.09883482165883663,-0.1746800042261528,-0.4966519001760092,0.9380734061580817,-1.2794524650679735,1.6745528404440944,-0.40053633900406493,0
-0.7999700868222105,-0.12634525568188873,-0.24503850397122878,0.706304603063515,-0.26875131260847257,-0.30584818306876754,-0.40053633900406493,0
-0.5586695959814765,0.361267060514644,-0.8211025472190273,-0.7479809636067891,0.3376693788672281,-1.7204203427208118,-0.40053633900406493,0
-0.4244014576914515,-0.44905078272740856,-0.5618863542764749,-1.0421490598422007,-0.626022417663924,0.8258095446528678,-0.40053633900406493,0
-0.3519308434857534,-0.15619907095922783,0.22727588149518574,-1.1841392881116743,-0.7458962752812137,1.3916384085136855,-0.40053633900406493,0
-0.652906709510025,-0.5698876540880655,0.5490418329485588,-1.6521339866680111,-0.8892748108626778,-0.37657679105136976,-0.40053633900406493,0
-0.8805658422349827,-1.5266313532142077,0.636886877801873,1.52322596122376,0.022706694147290575,0.0477948568442435,-0.40053633900406493,0
-0.16268517505261468,1.2227628728035633,3.131436693869836,0.1536251495303172,-0.8352140515450766,0.33070928877465233,-0.40053633900406493,0
-0.019453655303662516,-0.4476291724761064,-0.8275982430931151,0.5324780007425899,4.371072117519563,1.6038242324614922,-0.40053633900406493,0
0.07290795132709403,0.18214416885061102,1.2855903724274418,0.01672874110907569,0.21309458565710368,1.6745528404440944,-0.40053633900406493,0
-1.2800721054316435,1.4374260207501426,-0.7382389761565139,-1.4235488209785896,0.14023008396816278,1.1794525845658788,-0.40053633900406493,0
-0.7679090243409222,0.5432331726812798,-0.1356842080794163,-0.5626932666273413,0.8124638737435519,-0.30584818306876754,2.4966523698860974,1
1.4542165549217603,0.4181314705667179,0.3363862887318589,1.154560749707952,-1.213639366768285,1.6745528404440944,-0.40053633900406493,0
0.13080853176406326,-2.521758529125501,1.9380770217823386,0.38730413506797084,1.3154639821768852,1.3209098005310833,2.4966523698860974,1
-0.8599767159181069,-1.102991498326258,3.0456579812443167,0.05429566248978855,-0.5061485600466343,-1.508234518773005,-0.40053633900406493,0
-1.0711834568097938,-0.26708467056077284,-0.961421100397992,1.2137764054436515,-0.07601295330224206,1.4623670164962876,2.4966523698860974,1
0.1854431610113432,-2.735000066820778,-0.12979727365162147,-1.6998885477451886,-1.0020972650907152,0.6136237207050612,-0.40053633900406493,1
0.07919766496186303,-0.089383389148042,-0.9417189298672589,-0.3716750223186324,-0.9550879091623663,0.6843523286876634,-0.40053633900406493,0
-0.16025677899810367,-0.3353219626232608,-0.8017873338852284,0.984554512273201,-0.12302230923059099,-0.8716770469295853,-0.40053633900406493,0
0.5890409409910592,-0.9665169142012804,4.323248537169597,0.3739328579663613,3.590716809108971,-0.37657679105136976,-0.40053633900406493,0
-1.031241154657729,0.10964204603421653,0.42140933060306757,-1.3159418766846835,-0.520251366825139,-1.6496917347382096,2.4966523698860974,1
-0.12805698039012955,1.0763370169194721,-0.7390061692094919,-0.3080022742157294,-1.1219711227080047,1.53309562447889,-0.40053633900406493,0
4.510286704485608,0.9313327712866849,0.8847075173617684,-0.22841133908710062,-0.9621393125516184,-1.437505910790403,-0.40053633900406493,0
0.19604671179020272,0.010129328443087263,-0.037878136027611684,2.1408516178219186,-1.0608589600011513,-0.23511957508616535,-0.40053633900406493,0
-0.7308616826990383,0.37263994252505817,-1.0333644128979036,0.41659359919530653,-0.249947570237133,0.2599806807920501,2.4966523698860974,0
0.16552853206099766,-0.7333728329877779,-0.6333601331056655,-0.4168826734716935,2.5236044295354514,0.6136237207050612,2.4966523698860974,1
0.48543485693198796,0.4010721475510951,-0.9942586914102503,-0.7148711345932794,3.028955005765202,-1.508234518773005,-0.40053633900406493,0
-0.488024475156296,0.8104958999260279,0.32421490057222313,-0.10488620776746903,0.7560526466295332,-0.6594912229817786,-0.40053633900406493,0
-0.25698086605687515,-1.5024639789420773,-0.6476823503499958,0.9609955954751267,-0.16533072956610492,-1.7204203427208118,2.4966523698860974,1
-0.6235617920867444,-0.15477746070792567,-0.9298903300929963,0.4993681717290801,1.8255154939994704,1.1794525845658788,-0.40053633900406493,0
-0.32924388991005055,0.20773315337404524,-0.07143106974884222,0.8132748198763918,-1.2418449803252944,0.4721665047398568,-0.40053633900406493,0
-1.1550687999375426,-0.8513664838458305,0.9488223881083264,1.7091503856842365,0.3353189110708107,-0.5887626149991764,2.4966523698860974,1
-0.7746625619646612,0.361267060514644,0.5219404262898555,-0.4512659574472612,-0.5084990278430518,0.2599806807920501,-0.40053633900406493,0
-0.7639028045839035,-1.4356482971308897,1.079271132286589,0.002720736526437167,-0.752947678670466,-0.800948438946983,-0.40053633900406493,0
-0.2233666440733789,-0.5371906183081236,-0.725487632297255,-0.8702326399643627,0.4340385585203433,-0.5180340070165742,-0.40053633900406493,0
-0.03479170486505794,1.0678073554116625,0.07677545705992729,0.3249048419271261,0.10262259922548364,0.4721665047398568,-0.40053633900406493,0
-0.9067979320454344,-0.04531347135768443,-0.6944014306825332,-0.5302201650948609,-1.1478262684685965,-1.0838628708773919,2.4966523698860974,1
-0.11713690570742354,-1.2792711694876866,-0.2688262895713252,0.6292605778590024,-0.5907654007176624,-0.5180340070165742,2.4966523698860974,1
-0.28347398532049906,-0.4334130699630879,-0.4690559948661373,-0.7155078620743084,-0.06426061432015488,0.5428951127224589,-0.40053633900406493,0
-0.9612492925821537,-2.3056737709276205,-0.8524681645764481,1.5200423238186151,0.5703656907125553,1.3916384085136855,-0.40053633900406493,0
-0.9772227878596048,0.044247974474332874,-0.6474749489739716,-1.2471753087335484,-1.3546674345533316,0.89653815263547,-0.40053633900406493,0
-0.07545783278425239,-0.5329257875542172,2.2447420406397356,-0.7454340536826729,0.7748563890008727,-1.0131342628947897,-0.40053633900406493,0
-0.7950290253621644,-0.9366630989239413,-0.2235129296762843,-1.1351112720724392,-0.012550322798970963,1.53309562447889,-0.40053633900406493,0
-0.4743629060986074,1.2981082161225606,-0.8901143948994874,-0.12398803219833993,1.289608836416293,0.89653815263547,-0.40053633900406493,0
-0.4195868002579413,0.6811293670575596,-0.45726196198787855,-0.9873904964737042,0.6643844025692527,-0.16439096710356313,-0.40053633900406493,0
4.726442728237442,0.7550531001252562,-0.13062399858105073,0.10905422585828509,0.03915996872221275,1.3916384085136855,-0.40053633900406493,0
-0.9085525158500902,1.0365319298830211,-0.7853978242215469,-1.0548836094627814,-1.2912048040500608,-1.437505910790403,-0.40053633900406493,0
-0.8486048067882432,-1.1442181956140112,0.08779557554431842,-0.577337998691009,-1.1807328176184408,-1.2253200868425962,-0.40053633900406493,0
-0.4988102669707035,-1.1968177749121802,-0.4464252400906198,0.9259755840185301,-0.9127794888268522,0.18925207280944792,2.4966523698860974,1
-0.47404158637803573,-0.029675758593363796,-0.45819046722220863,-0.36403429254628406,1.2614032228592837,1.53309562447889,-0.40053633900406493,0
-0.8851389960405578,0.6754429260523525,-0.31925266950029313,-0.8810570071418563,2.4648427346250155,1.4623670164962876,-0.40053633900406493,0
-0.9869339741692864,0.31435392222168373,0.2134692871162487,-1.1892331079599068,-0.346316749890248,-1.2960486948251986,2.4966523698860974,1
-0.04503317148118392,-0.8812202991231696,-0.38469548516833885,0.2491342716846714,-0.249947570237133,0.33070928877465233,-0.40053633900406493,0
-0.47780013645704483,-0.6395465564018556,0.5104747789236348,-0.9466399376878463,-0.1253727770270084,0.40143789675725455,-0.40053633900406493,0
-0.005100803520906426,0.45935816785447114,-0.07942370425821499,1.5989965314662147,-0.07601295330224206,1.1087239765832766,-0.40053633900406493,0
-0.9391635288887568,-0.7504321560034007,-0.5946087223020535,1.1755727565819099,0.8594732296719007,-1.3667773028078007,2.4966523698860974,1
-0.4575480875442655,-0.9849978474682054,-0.5960682134666674,-0.510481613182961,0.8782769720432402,1.3209098005310833,-0.40053633900406493,0
-0.7511887518877294,-0.5599363823289519,0.027006808346591332,0.6560031320622215,-0.8093589057844847,-1.0131342628947897,2.4966523698860974,1
-0.63501420242592,-0.06095118412200507,0.43064733356014046,-1.0147697781579526,-1.3311627565891573,-0.37657679105136976,-0.40053633900406493,0
0.38364844276169663,1.738807394026133,-0.40729359343096366,0.691659870999847,1.6821369584180061,-1.6496917347382096,-0.40053633900406493,0
-0.7617505105494143,-1.8678178135266508,-0.8983336346159977,-0.1348123993758333,-0.6236719498675066,-1.0838628708773919,-0.40053633900406493,0
-0.06787187840039761,0.5816166494664302,0.21738014732248068,0.1472578747200269,0.8007115347614645,-1.437505910790403,-0.40053633900406493,0
-1.1255183475117645,-0.5755740950932726,-0.8766429073734784,-0.2436927986317974,-1.1102187837259174,0.40143789675725455,-0.40053633900406493,0
-1.0965259226177677,1.8838116396589222,-0.2546384991447884,-0.8536777254576079,-0.20293821430878406,1.3209098005310833,-0.40053633900406493,0
-0.7033991233402999,-1.1257372623470878,-0.14492797218582334,-0.24305607115076847,1.5575621652078817,0.4721665047398568,-0.40053633900406493,0
-0.9915242558917364,1.3649238979337481,-0.9021014262804352,-1.0663447041213039,0.13787961617174538,-1.437505910790403,-0.40053633900406493,0
-0.9989248862150059,1.209968380541847,0.5369242155160402,-1.1682211010859485,1.284907900823458,-1.6496917347382096,-0.40053633900406493,0
-0.19156387057856283,0.08689628201338827,-0.4666910430645292,1.5162219589324406,1.0169545720318693,1.2501811925484811,-0.40053633900406493,0
-0.6999899827655371,1.2810488931069395,-0.9668596253692903,2.1497658025563253,0.6126741110480692,-0.8716770469295853,-0.40053633900406493,0
2.2905799296439877,-0.5968982488628003,1.0593173915682712,0.05620584493287543,-0.8023075023952323,1.1794525845658788,-0.40053633900406493,0
0.20391424912747946,-0.02683253809075946,0.2933197770770789,0.454160520576019,-0.17238213295535731,-1.0838628708773919,2.4966523698860974,1
-0.3285330813597458,0.09542594352119806,-0.06884527388943075,1.7416234872167171,-1.1666300108399361,1.1794525845658788,-0.40053633900406493,0
0.5032735823571062,-1.3517732923040813,-0.7748424384500986,-0.8670490025592176,-0.4826438820824599,-0.7302198309643808,-0.40053633900406493,0
0.8160680535833366,-0.4433643417222015,-0.45479426968981407,-0.046944006993827336,-0.39332610581859695,0.40143789675725455,-0.40053633900406493,0
1.8454531172929238,-2.1279724895148897,0.7644694501864695,0.7999035427747823,2.575314721056635,0.33070928877465233,-0.40053633900406493,0
-0.6060594589490479,-0.06948084562981485,2.0214533351355786,0.42678123889177094,-0.7176906617242044,-0.37657679105136976,-0.40053633900406493,0
-0.8667967098593201,0.0854746717620861,-0.5000711423057397,-0.9224442934087431,1.195590124559595,-1.5789631267556072,-0.40053633900406493,0
-0.7618344373421009,0.089739502515991,-0.25246750603742507,-0.39523393911670657,2.8761745989980683,-1.5789631267556072,-0.40053633900406493,0
1.4151744960806354,-0.09649144040455124,0.6124404007945893,0.8833148427895852,-0.6542280312209333,-0.5180340070165742,-0.40053633900406493,0
0.42799159187557617,-1.8720826442805574,-0.7489662362164264,-0.6964060376434376,0.3118142331066363,1.1087239765832766,-0.40053633900406493,0
-0.0968009300019575,0.8730467509833089,1.597736164684586,-0.28189644749353926,-1.112569251522335,0.5428951127224589,-0.40053633900406493,0
-0.036021489296669595,0.2859217171956468,-0.02949278317197107,-0.9027057414968432,-1.2888543362536433,1.3916384085136855,-0.40053633900406493,0
-0.7430064034382935,1.1758497345106016,-0.8474156366105281,1.5295932360340503,0.5703656907125553,0.8258095446528678,-0.40053633900406493,0
0.6345679717193258,0.0470911949769356,-0.3614559689465284,-1.2484487636956063,-0.41212984818993653,-1.154591478859994,-0.40053633900406493,0
-0.6984584044385913,-1.8365423879980112,0.2746046834655718,-0.2914473597089747,-0.8751720040841731,1.2501811925484811,-0.40053633900406493,0
1.6379881411217088,0.12954458955244366,-0.4873245994042592,0.0052676464505530055,0.3823282669991596,1.2501811925484811,-0.40053633900406493,0
-0.29218387360967923,0.966873027569231,-0.6527108735270243,0.2166611701521909,-0.6236719498675066,-0.447305399033972,-0.40053633900406493,0
0.04534947563385653,-0.48885586976385964,0.31810136093729063,0.8833148427895852,-0.27815318379414233,1.6038242324614922,-0.40053633900406493,0
-0.6957497956640084,0.9839323505848522,-0.7965350860757293,0.3452801213200549,-1.1854337532112758,0.8258095446528678,2.4966523698860974,1
-0.9542857666975295,0.5460763931838841,-0.401163730539585,-0.7346096865051793,0.34237031446006305,0.5428951127224589,-0.40053633900406493,0
2.6234411257224117,-0.6281736743914416,0.4832418260218048,1.9218173643479324,0.7325479686653589,-0.5887626149991764,-0.40053633900406493,0
-0.3143768580627125,2.335883699572909,-0.880118800804993,-1.3140316942415966,1.0075527008461997,0.5428951127224589,-0.40053633900406493,0
-0.2600512164358541,-0.2983600960894125,0.11102452965901663,0.9342530412719076,0.21309458565710368,-1.3667773028078007,-0.40053633900406493,0
-0.28647034309857894,0.3626886707659462,-0.7339882081395757,-0.8447635407232016,-0.9362841667910267,-0.23511957508616535,-0.40053633900406493,0
-0.962796971150962,-1.1982393851634823,-0.6706674158095542,-0.5219427078414836,-0.8164103091737369,1.4623670164962876,-0.40053633900406493,0
-0.26749637934299814,-0.22301475277041527,-0.46256894071605054,1.9612944681717321,-0.985643990515793,-0.8716770469295853,-0.40053633900406493,0
0.9236950874079393,-1.1698071801374454,-0.5820820632668207,0.5808692893007961,-1.1807328176184408,1.3916384085136855,2.4966523698860974,1
1.6550622763375349,-0.5002287517742754,0.2282274313268518,-0.9249912033328593,-0.8164103091737369,-0.09366235912096092,-0.40053633900406493,0
0.4711005032994567,1.784298922067793,-0.39831388200236506,0.7400511595580533,1.8090622194245483,1.53309562447889,-0.40053633900406493,0
-0.3863874164211531,-0.19173932724177398,-0.9531192842076943,0.3567412159785776,0.0720665178720569,-0.9424056549121874,-0.40053633900406493,0
0.7684647767715052,0.7721124231408774,-0.7388525385605851,1.0004726992989263,-0.07601295330224206,0.40143789675725455,-0.40053633900406493,0
0.2000070287299971,-0.1689935632209441,-0.18398760447880444,0.1619026067836944,-1.1901346888041107,-0.6594912229817786,2.4966523698860974,1
-0.8817497238493697,1.5582628921107995,-0.2363689344151108,0.623530030529741,0.5539124161376331,-1.0131342628947897,-0.40053633900406493,0
1.2811646467770827,0.3925424860432853,-0.17806898372967261,-1.608836517958037,-0.5390551091964785,0.4721665047398568,-0.40053633900406493,0
1.5844044808538673,-1.03475420626377,0.8559593821850958,-0.879146824698769,0.3987815415740818,-0.16439096710356313,-0.40053633900406493,0
4.048273821446005,1.6734133224662477,-0.5497946620159594,0.41914050911942236,0.36352452462782003,-0.8716770469295853,-0.40053633900406493,0
1.2156835928896585,-2.3824407244979198,-0.31478105742555157,1.1157203733651808,-0.647176627831681,-0.8716770469295853,-0.40053633900406493,0
3.2973136658449715,-0.15051262995402076,0.8843954551061766,-0.0972454779951208,-0.4873448176752948,1.0379953686006744,-0.40053633900406493,0
-0.32353618289068764,0.4693094396135847,-0.8908739064200201,0.44651979080367077,0.7466507754438636,1.6038242324614922,-0.40053633900406493,0
-0.2857427491897369,0.28023527619043814,-0.6610770225515515,2.1695043544682253,1.3436695957338942,1.6038242324614922,-0.40053633900406493,0
-0.6986731885162014,0.5304386804195634,-0.10787610043574192,0.4000386846885514,-0.4191812515791889,-0.30584818306876754,-0.40053633900406493,0
-0.7638637529334289,-0.27419272181728205,-0.8063924125862075,-0.6467412941231734,0.5022021246164492,-0.800948438946983,-0.40053633900406493,0
-0.9749749200489543,-0.5371906183081236,-0.6500136954471555,0.8317399168262337,-0.2758027159977247,0.9672667606180723,-0.40053633900406493,0
-0.9710841424516716,-1.69011653211392,-0.7142178640083905,-0.8511308155334919,0.5045525924128667,-1.3667773028078007,2.4966523698860974,1
-1.3820229476039327,-0.6992541869565339,-0.42063641528851337,0.641358399998554,-0.4050784448006841,-1.2253200868425962,2.4966523698860974,1
0.42477839466986106,-0.1320316966870974,-0.2859676292230938,-0.15073058640155906,0.6761367415513401,1.3916384085136855,-0.40053633900406493,0
0.12460788329704323,-1.6602627168365824,-0.6610971865742205,0.9508079557786623,-0.964489780348036,-1.5789631267556072,-0.40053633900406493,0
-0.8301443379805693,-1.0603431907872025,0.20324996838928394,0.8368337366744661,-0.5014476244537995,1.1794525845658788,2.4966523698860974,1
-0.2525241820860487,0.5204874086604515,-1.2384017973119408,-0.13290221693274643,-0.12772324482342579,-0.447305399033972,-0.40053633900406493,0
-0.8298428866435725,0.6626484337906362,0.021104510853905672,-1.2853789575952903,-0.689485048167195,1.4623670164962876,-0.40053633900406493,0
-1.0670504904679012,0.8901060739989316,-0.5346524411830896,0.14534769227693967,-0.41448031598635393,0.11852346482684571,-0.40053633900406493,0
-0.9646998827157537,-1.2565254054668569,0.18088422648313057,2.245911652191709,0.30241236192096654,-0.23511957508616535,2.4966523698860974,1
-0.9333951890436571,-2.6667627747582894,-0.12898111082930447,-0.7365198689482664,-0.4873448176752948,-1.508234518773005,-0.40053633900406493,0
0.5805605667880017,0.4223963013206228,-0.626866357614689,-0.012560723018259631,-0.39332610581859695,0.5428951127224589,-0.40053633900406493,0
0.5551533574542409,0.3655318912685489,0.3536418911787519,-0.5868889109064445,-0.4873448176752948,0.4721665047398568,-0.40053633900406493,0
0.4376928439934704,0.5844598699690347,-0.756325144299059,1.4831121299189312,-1.3264618209963224,1.4623670164962876,-0.40053633900406493,0
0.4434180214880457,0.3314132452373049,-0.003916160703667125,0.7712508061284759,-0.5578588515678181,-0.6594912229817786,-0.40053633900406493,0
-1.0071130581561791,-0.9153389451544136,0.8353354277609225,-0.4277070406491871,-0.047807339745232706,-0.8716770469295853,-0.40053633900406493,0
-1.0517552606986929,0.5005848651422243,0.7636177602765926,-0.9657417621187171,-0.8117093735809021,1.6745528404440944,-0.40053633900406493,0
-0.5854227170232601,1.548311620351686,-0.9470710375985474,-0.6085376452614316,0.739599372054611,1.0379953686006744,-0.40053633900406493,0
-0.29542892874078125,-0.5755740950932726,-0.6125979110974763,-0.14117967418612362,0.9816975550856081,1.6745528404440944,-0.40053633900406493,0
-0.4200530221552738,0.15229035357327192,-0.6630761413704503,-0.44298850019388386,-0.7458962752812137,-1.154591478859994,-0.40053633900406493,0
-0.6011708089146384,0.5005848651422243,0.41051787778713583,0.903690122182514,0.7631040500187853,-1.5789631267556072,-0.40053633900406493,0
0.611974194011422,0.1878306098558181,-0.6304430711595489,-0.41497249102860645,-0.9315832311981916,0.5428951127224589,-0.40053633900406493,0
0.6738347488298481,-0.06095118412200507,-0.3559790363130035,1.5187688688565564,-0.4638401397111203,-0.23511957508616535,-0.40053633900406493,0
-0.06048152482725294,-0.525817736297708,0.13306092586157614,-0.8479471781283467,0.2530525381962002,-1.5789631267556072,-0.40053633900406493,0
-1.4184324456213988,-1.438491517633494,1.2632803216315172,0.5019150816531963,1.785557541460374,-0.09366235912096092,2.4966523698860974,1
0.274151382972702,-0.8044533455528702,1.3671701673800283,0.5261107259322996,-1.0561580244083162,-0.022933751138358716,-0.40053633900406493,0
-1.1169999493332448,-0.14624779920011588,-0.07618881890717254,0.0759443968447753,0.015655290758038183,-0.800948438946983,-0.40053633900406493,0
0.1165265895571689,-0.36375416764929774,0.2158140748951879,1.6391103627710433,-1.0020972650907152,-1.0838628708773919,-0.40053633900406493,0
-0.6079301700301147,-0.43625629046569225,-1.0355824553914945,-0.19593823755462014,0.9417396025465115,0.7550809366702657,-0.40053633900406493,0
-0.03112872856221033,0.9640298070666267,0.5658883937927375,2.3815346056508924,-0.8516673261199986,0.33070928877465233,-0.40053633900406493,0
0.13495622811446814,0.361267060514644,0.9245756309446213,-1.070801796488507,-0.2569989736263852,1.3209098005310833,-0.40053633900406493,0
-0.7526785380975006,0.902900566260648,-0.07222322778226757,-0.21249315206137487,-0.604868207496167,0.11852346482684571,-0.40053633900406493,0
-1.2504908227554907,-0.2557117885503571,-0.4038705105350104,-0.916713746079482,-0.5954663363104973,1.3916384085136855,-0.40053633900406493,0
-0.8046576551125094,-0.676508422935704,-0.6929073726219153,-1.8100424019632104,-0.9151299566232696,-1.437505910790403,-0.40053633900406493,0
-0.2834328783199996,2.0629345313229552,-0.22258634482506542,-0.022111635233695085,-0.8234617125629893,0.0477948568442435,-0.40053633900406493,0
-0.15411470800679572,0.04851280522823777,-0.5529210457212115,-0.32137355131733913,-0.44973733293261564,1.1794525845658788,-0.40053633900406493,0
0.031786905935704324,0.7451018283661426,1.6069492026612118,-0.20357896732696873,0.3705759280170724,-0.7302198309643808,-0.40053633900406493,0
0.39299035118355763,1.5454683998490817,4.97034659151409,0.3013459251290521,-1.2841534006608084,1.3916384085136855,-0.40053633900406493,0
0.48467677533110853,0.5020064753935265,-0.7394411359842089,-1.3980797217374283,-0.6753822413886903,-1.6496917347382096,-0.40053633900406493,0
-0.6583081693756662,0.2091547636253458,1.066249014408632,0.9584486855510105,0.892379778821745,-0.09366235912096092,-0.40053633900406493,0
3.6899187487744327,0.8303984434442534,-0.970295190755467,0.9056003046256013,-1.1008169125402478,1.3916384085136855,-0.40053633900406493,0
-0.48680702282483423,0.24469501990789197,0.3552559731838284,0.9921952420455492,1.9406884160239253,-1.3667773028078007,-0.40053633900406493,0
0.12469249520640485,0.8417713254546676,1.0035398640995707,-0.619362012438925,1.0005012974569476,-1.3667773028078007,-0.40053633900406493,0
0.2919315309221081,-0.7504321560034007,-1.3228477640581935,-0.13799603678097846,-0.07601295330224206,0.6843523286876634,-0.40053633900406493,0
-0.08393409628726013,-0.29267365508420545,-0.6679251087265691,0.3478270312441711,-0.07836342109865946,-0.30584818306876754,-0.40053633900406493,0
-0.8156524075127897,0.3484725682529277,-0.7877839002373797,0.8724904756120918,-0.4943962210645471,0.2599806807920501,-0.40053633900406493,0
0.42411862731184347,1.0706505759142653,2.6485832458884193,0.7324104297857051,-0.2946064583690643,1.0379953686006744,-0.40053633900406493,0
-0.8991879985779547,-0.08369694814283332,0.9292556045869427,0.08040148921197872,0.4575432364845179,1.6745528404440944,-0.40053633900406493,0
-0.48486129146785534,-0.0012435535673268644,-0.48413964401411147,-1.1905065629219647,2.4648427346250155,-0.37657679105136976,-0.40053633900406493,0
-0.6457040779058284,-0.15477746070792567,-0.5957014202924026,2.272654206394928,-0.09011576008074663,-0.09366235912096092,2.4966523698860974,1
-1.2756808501032788,1.934989608705789,0.6785678330418253,-1.536886312601757,1.6727350872323365,-0.5180340070165742,-0.40053633900406493,0
2.3855987612987026,-0.1704151734722463,0.23805403170754874,-0.49965724600546746,-0.07601295330224206,-0.022933751138358716,-0.40053633900406493,0
-0.7282695437592042,0.413866639812813,0.4743562133656619,0.005904373931582318,0.28595908734604436,0.18925207280944792,2.4966523698860974,1
0.08107831023471734,0.8275552229416491,-0.5348771260071157,-0.13672258181892055,-0.4685410753039552,-1.154591478859994,-0.40053633900406493,0
-0.3210002235182028,-0.42914823920918305,1.9318981891216211,-0.39969103148390983,-0.16533072956610492,0.40143789675725455,-0.40053633900406493,0
-1.1717849616906852,-0.716313509972155,-0.8548446386767242,0.020549105995249804,0.5821180296946423,0.8258095446528678,-0.40053633900406493,0
-0.8750290718260304,2.195144284694026,-0.04053978701992095,0.192465525873088,-0.5390551091964785,-1.5789631267556072,-0.40053633900406493,0
0.576871213493167,-1.3887351588379295,-0.6298554339274807,1.310558982560064,-0.4379849939505285,0.5428951127224589,-0.40053633900406493,0
-0.09081164002917261,-1.5678580505019626,-0.7453981643955676,0.494911079361877,-0.8493168583235812,0.11852346482684571,-0.40053633900406493,0
-0.39035938034442225,-0.04247025085508009,-0.015602652127691087,-0.2462397085559136,-0.9762421193301232,-0.16439096710356313,-0.40053633900406493,0
0.9380486243073702,-1.3034385437598186,-0.2834912952010285,1.6085474436816496,-0.045456871948815314,0.40143789675725455,2.4966523698860974,1
-0.4441180879227242,0.447985285844057,0.5810939872682814,2.0771788697190154,-0.7223915973170392,1.4623670164962876,-0.40053633900406493,0
-1.2752567628814582,-1.627565681056639,2.8247102227528766,-0.32519391620351323,-0.8563682617128335,-0.022933751138358716,-0.40053633900406493,0
2.1616005495265673,2.2079387769557424,0.2997156130293774,0.24213026939335214,-0.9668402481444535,1.4623670164962876,-0.40053633900406493,0
-0.8959056045880656,-1.2906440514981024,-0.7420240512689535,1.6155514459729696,-1.1525272040614316,-0.16439096710356313,-0.40053633900406493,0
-0.5090647508036543,0.3840128245354739,-0.7816386742811102,-0.1526407688446463,-1.0632094277975688,1.1794525845658788,-0.40053633900406493,0
2.5024108118265924,-2.7620106615955127,-0.226962897935796,-0.1424531291481819,0.9863984906784429,-1.7204203427208118,-0.40053633900406493,0
-0.498357747406871,-0.062372794373305625,-0.9210575279724148,-0.93772575295344,-1.0091486684799673,0.5428951127224589,-0.40053633900406493,0
-1.2930050529054773,-0.5371906183081236,-1.079523701553487,-0.6422842017559701,0.001552483979533611,0.11852346482684571,-0.40053633900406493,0
-0.6641854427720897,0.0470911949769356,2.3209092357930268,-0.47800851165048036,-0.5719616583463227,1.0379953686006744,-0.40053633900406493,0
-0.6058768753551623,-0.9181821656570179,-0.1976962593190634,-0.018927997828549932,-0.25934944142280275,0.7550809366702657,2.4966523698860974,1
0.5556534926269856,-0.3850783214188255,-1.016770382432865,0.2115673503039589,1.2825574330270408,0.33070928877465233,-0.40053633900406493,0
0.13321431896829966,1.4573285642683682,-0.5821511970588288,1.032309073350378,-1.0843636379653256,-0.9424056549121874,-0.40053633900406493,0
-0.5893292523040673,-0.2685062808120734,-0.8669430522781294,-1.3611495278377446,0.42933762292750854,-1.0131342628947897,-0.40053633900406493,0
-0.5750144244967734,-0.48316942875865254,0.19246893760225406,-0.810380256747634,2.300309988875794,0.0477948568442435,-0.40053633900406493,0
-0.03062002943102842,-1.0717160727976167,-0.49649058799465706,0.5229270885271544,-0.5343541736036437,0.2599806807920501,-0.40053633900406493,0
-0.9785084093002282,0.9284895507840805,-0.5772830258715966,-0.682398033060799,0.8218657449292215,-0.447305399033972,-0.40053633900406493,0
-0.9602171643112775,-0.37370543940841133,-0.6146738452408285,-0.876599914774653,-0.879872939677008,-0.09366235912096092,-0.40053633900406493,1
-0.41649966452042514,1.8724387576485064,-0.3633120192236329,-1.7151700072898852,-1.1736814142291885,-1.2960486948251986,-0.40053633900406493,0
0.9161437314161714,0.9455488737997033,-0.22558790362808076,1.5697070673388789,0.022706694147290575,-0.37657679105136976,-0.40053633900406493,0
-1.3832472511021443,0.5204874086604515,0.7333496418672992,-0.019564725309578892,-1.0773122345760733,1.4623670164962876,-0.40053633900406493,0
1.163521892280764,-0.16330712221573707,-0.547347133740564,-1.3808880797496446,-0.6542280312209333,0.6136237207050612,-0.40053633900406493,0
-0.7238419772470649,0.0812098410081796,-0.8730613928708401,-0.6862183979469731,-0.8117093735809021,1.3209098005310833,-0.40053633900406493,0
0.9790309335720738,-0.17610161447745334,2.094204168733806,-1.5037764835882474,1.9594921583952645,-1.437505910790403,-0.40053633900406493,0
1.5358995904977455,0.1920954406097246,2.3352410549529137,-0.9523704850171075,0.617375046640904,-0.800948438946983,-0.40053633900406493,0
1.0387340559809486,0.5418115624299792,0.4286290109101282,1.4882059497671636,-0.0548587431344851,0.8258095446528678,-0.40053633900406493,0
-0.4990250510483136,-1.5422690659785283,0.8187365963381058,1.113173463441065,-1.1360739294865094,0.9672667606180723,-0.40053633900406493,0
0.39342060445545285,1.2782056726043352,0.015366406117239174,-0.3799524795720098,-0.9503869735695313,-0.23511957508616535,-0.40053633900406493,0
-0.7322617186243854,0.9953052325952679,1.0906542031790223,0.4968212618049643,-0.6354242888495938,-0.37657679105136976,-0.40053633900406493,0
-0.5068802562854406,-0.32537069086414727,-1.0818118380306418,1.0138439764005363,2.850319453237476,-0.5887626149991764,-0.40053633900406493,0
1.1733827765839315,-0.7077838484643453,-0.03682480589104496,-0.05649491920926279,0.17313663311800714,0.89653815263547,-0.40053633900406493,0
0.3767534285445718,2.043031987804728,-0.2736598938625531,0.39367140987826116,0.4880993178379444,1.6745528404440944,-0.40053633900406493,0
-0.6462186005287477,1.37487516969286,1.2072080153552265,-0.3462059230774712,-0.08541482448791185,-0.447305399033972,-0.40053633900406493,0
-0.9546259271266634,1.9605785932292215,0.24635008674851247,3.054555553098577,-0.799957034598815,-0.8716770469295853,-0.40053633900406493,0
-0.4125167387303559,1.893762911418034,1.0464200985925511,0.6999373282532246,0.7019918873119319,-0.6594912229817786,-0.40053633900406493,0
-1.347562606526821,-0.02825414834206163,-1.2598860833699919,-0.9122566537122787,1.6186743279147353,-0.800948438946983,-0.40053633900406493,0
0.3599129181149177,-0.14624779920011588,-0.6540042515525079,-0.8581348178248112,-0.9409851023838615,0.6136237207050612,-0.40053633900406493,0
0.2240090637633481,1.0166293863647957,2.224915045206766,0.5235638160081834,-1.0373542820369768,-1.508234518773005,-0.40053633900406493,0
1.4631110821548505,0.7962797974130095,-0.9075533939335129,-0.6028070979321702,-1.070260831186821,-0.800948438946983,-0.40053633900406493,0
-0.8566127930438935,1.0365319298830211,0.9386097907222513,-0.11443711998290448,1.4729453245368538,1.53309562447889,-0.40053633900406493,0
0.28669723952516524,0.10253399477770729,0.8890975131542781,0.11351131822548816,0.3541226534421502,0.8258095446528678,-0.40053633900406493,0
-1.0799560332747358,-1.8834555262909716,-0.3009110904039407,-0.32646737116557134,-0.5578588515678181,1.6038242324614922,-0.40053633900406493,0
-0.3072208143924154,0.19351705086102677,-0.5399200520574793,-0.10424948028644006,0.15903382633950236,-1.3667773028078007,-0.40053633900406493,0
-0.2587385328865684,0.7195128438427101,-0.41187178676838415,0.9603588679940978,0.11672540600398842,-0.5887626149991764,-0.40053633900406493,0
1.4971726853271172,-1.1342669238548992,0.7255432845197259,-0.16410186350316863,2.3026604566722115,-0.6594912229817786,-0.40053633900406493,0
-0.45723841480716887,-2.071108079462816,-0.28529165436790427,-0.9148035636363949,-0.8399149871379115,-0.9424056549121874,-0.40053633900406493,0
0.12077671085048508,-0.42630501870657866,-0.291135380175694,1.5900823467318084,-0.05955967872731989,-1.2960486948251986,-0.40053633900406493,0
0.6105032485102129,-0.37228382915710917,0.14627796262533332,-0.961284669751514,-0.02195219398464075,-0.022933751138358716,-0.40053633900406493,0
-1.1585988636054416,-0.26139822955556413,-0.33029775296513164,-0.9606479422704849,-0.35101768548308304,-0.37657679105136976,-0.40053633900406493,0
0.530882756684293,-0.1903177169904718,-0.44281588003286726,-1.3732473499772961,1.886627656706324,-0.5887626149991764,-0.40053633900406493,0
0.2298650985428467,0.580195039215128,-0.8288599347972617,-0.4538128673713772,-1.023251475258472,-0.022933751138358716,-0.40053633900406493,0
-0.4195987897997539,-0.09080499939934256,1.2343785558059381,-1.026867600297504,-0.07131201770940707,1.3916384085136855,-0.40053633900406493,0
1.762938692631835,0.27454883518523104,-0.03805673165696582,0.04538147775538206,0.6244264500301562,-0.9424056549121874,-0.40053633900406493,0
-0.6084213986860845,1.2568815188348075,1.6801618883977156,0.47071543508277375,-0.5437560447893134,1.53309562447889,2.4966523698860974,1
-0.4415667134250519,1.0237374376213049,0.07377197787380077,1.0896145466429907,0.06501511448280471,-0.30584818306876754,-0.40053633900406493,0
-1.1841352174324382,0.7834853051512931,-0.008934121773583313,-1.2299836667457644,0.5233563347842062,0.89653815263547,-0.40053633900406493,0
-0.32399178547955776,1.3009514366251649,0.7032629996620269,-1.4553851950300412,-0.7623495498561358,-0.23511957508616535,-0.40053633900406493,0
-1.0911398778773138,-0.5187096850411987,-0.5862704188326405,-0.5136652505881062,0.45049183309526547,-1.0838628708773919,-0.40053633900406493,0
-0.025127106489275554,0.6455891107750134,-0.42300232728167697,-0.446172137599029,-0.9245318278089394,0.7550809366702657,-0.40053633900406493,0
-1.026225072921771,-1.1115211598340695,-0.2033191410690498,-1.17395164841521,-0.6495270956280984,0.0477948568442435,-0.40053633900406493,0
0.3822788945283867,0.8616738689728947,-0.8794072988622438,0.17400042892324605,1.3342677245482246,-1.2960486948251986,-0.40053633900406493,0
1.4583988496642522,-0.3282139113667516,-0.8949748845542741,0.3179008396358068,-0.5273027702143913,0.6136237207050612,-0.40053633900406493,0
-0.6138434120519755,1.6222353534193827,-0.3191940978153976,-0.9689253995238623,0.1801880365072593,-0.7302198309643808,-0.40053633900406493,0
0.3817225797882926,0.6455891107750134,1.7199051770783316,-0.9269013857759464,-1.112569251522335,-1.3667773028078007,-0.40053633900406493,0
0.9456311531078504,1.3080594878816743,0.6191838260900391,-1.215975662163126,0.861823697468318,-1.2253200868425962,-0.40053633900406493,0
1.1549925322354446,-0.6025846898680074,-0.5700066942627514,-0.0883312932607143,-1.0091486684799673,-0.447305399033972,-0.40053633900406493,0
0.3400863266573087,0.516222577906545,-0.9696480216469475,2.7763056438888905,-0.6213214820710891,-1.508234518773005,-0.40053633900406493,0
1.2034789244413415,-1.69011653211392,1.0145311768372915,-0.5499587170067607,-0.943335570180279,0.6136237207050612,2.4966523698860974,1
-0.5228061359539796,-0.8300423300763028,-0.6190206324133334,2.2242629178367213,0.12847774498607561,0.2599806807920501,2.4966523698860974,1
-0.6256298167702096,0.13096619980374422,-0.09567398614632465,-0.10679639021055626,1.0146041042354519,1.6038242324614922,2.4966523698860974,1
1.5952659780608613,-1.3787838870788158,2.240244503392991,-1.7298147393535528,0.08146838905772669,1.6745528404440944,-0.40053633900406493,0
-0.12181214189757247,-1.0589215805359005,0.3286221798127348,-0.8937915567624367,0.549211480544798,0.11852346482684571,-0.40053633900406493,0
-0.8039259505036174,-0.84994487359453,-0.6611864843888975,-0.1889342352633009,0.6291273856229914,0.6843523286876634,-0.40053633900406493,0
-0.3787250715280365,-1.7981589112128606,-0.6805967566867075,-0.4289804956112452,-0.14182605160193057,-0.5887626149991764,-0.40053633900406493,0
0.8661589890420658,-0.07943211738892843,0.4543045331086661,0.49427435188084806,0.41053388055616896,0.7550809366702657,-0.40053633900406493,0
-0.5874359323727256,-0.24860373729384785,-0.7032860831471207,-1.3936226293702252,-0.2522980380335504,0.8258095446528678,-0.40053633900406493,0
-0.16849325166486404,1.0137861658621914,-0.4000998382959059,-0.13417567189480434,-0.4168307837827715,-1.0838628708773919,-0.40053633900406493,0
0.40244496129845464,-1.7256567883964662,-0.31062150760640184,0.6566398595432504,1.3413191279374768,1.1087239765832766,-0.40053633900406493,0
-1.1966355137260147,-0.8115613968093794,0.03505513396619261,-0.45253941240931933,-0.8610691973056684,1.0379953686006744,2.4966523698860974,1
-0.8184356940049469,1.2312925343113748,-0.10761012737482226,-1.6362157996422855,0.9041321178038324,0.6136237207050612,-0.40053633900406493,0
-1.212106133364021,-0.6665571511765904,-1.1408338527659416,-0.7970089796460242,0.21074411786068606,-1.2960486948251986,-0.40053633900406493,0
-0.34812981617289485,0.2717056146826283,0.28796670915423495,-0.5913460032736477,-0.44973733293261564,0.40143789675725455,-0.40053633900406493,0
-0.6322185838336128,-0.1405613581949072,0.5089989645025743,-0.0972454779951208,-0.9503869735695313,1.3209098005310833,-0.40053633900406493,0
-0.3066929319943335,-1.6147711887949228,-1.0217460950743318,0.4866336221084995,-0.6166205464782542,-0.9424056549121874,-0.40053633900406493,0
-1.0952457821105441,1.1019260014429064,-0.40242638243528717,-0.4550863223334353,2.2650529719295323,0.0477948568442435,-0.40053633900406493,0
-1.2330707036187927,1.8226823988529417,1.6818777507076923,1.3799622779922285,0.7748563890008727,-0.5180340070165742,-0.40053633900406493,0
-0.4427495673644267,0.03713992321782364,0.5607820950997002,-1.1427520018447874,-0.20058774651236666,1.3209098005310833,-0.40053633900406493,0
0.6979039252973485,0.1963602713636295,0.6006646115558879,-0.15455095128773316,2.516553026146199,-0.09366235912096092,-0.40053633900406493,0
1.0076551082532623,-1.3915783793405323,1.1431661191668991,0.7113984229117469,-0.4896952854717122,1.4623670164962876,-0.40053633900406493,0
0.9177222402353543,0.20773315337404524,-0.8608890445196485,-0.8288453536974758,-0.20998961769803645,-1.2253200868425962,-0.40053633900406493,0
1.5807795285264816,0.5901463109742416,0.07547055673577571,0.6197096656435669,-1.0585084922047336,1.2501811925484811,-0.40053633900406493,0
-1.1730832577897963,-0.23723085528343374,-0.6053446240859671,1.2137764054436515,0.6267769178265736,0.4721665047398568,-0.40053633900406493,0
0.5429891108897487,-0.6836164741922133,0.6123664660448028,-1.6011957881856889,-0.09011576008074663,1.0379953686006744,-0.40053633900406493,0
0.3153138779229284,2.556233288524695,-1.2048680674218237,0.9775505099818814,0.8148143415399693,0.33070928877465233,-0.40053633900406493,0
2.1678662840777116,-0.3921863726753347,0.3421676020885303,-0.12016766731216583,2.455440863439345,-1.3667773028078007,-0.40053633900406493,0
0.16354032347016928,-0.16330712221573707,0.5941852389382465,-0.03739309477839188,-0.647176627831681,0.8258095446528678,2.4966523698860974,0
-0.1791187261773233,-0.9906842884734125,0.8529280574438549,0.15680878693546235,-0.9339336989946092,0.11852346482684571,-0.40053633900406493,0
1.7751437036384892,0.395385706545888,0.34943721235648567,1.0011094267799558,3.2287447684606847,-1.0131342628947897,-0.40053633900406493,0
-0.2881985499112475,-0.7888156327885496,0.17328719089469272,-0.06604583142469825,0.23894973141769543,-1.0838628708773919,-0.40053633900406493,0
4.516650410721278,-0.15051262995402076,0.5053003066301447,-1.322945878976003,-0.4661906075075377,-0.022933751138358716,-0.40053633900406493,0
-0.6380115878790122,-0.5414554490620286,-0.6258418332247923,-1.4432873728904896,-0.7905551634131451,-0.09366235912096092,-0.40053633900406493,0
-0.15410751428170832,-0.48885586976385964,-0.1778001300940859,2.0497995880347673,-0.6965364515564473,-1.437505910790403,-0.40053633900406493,0
0.7715474592506337,1.1843793960184128,0.7309126756990164,-0.3245571887224843,-0.09951763126641643,-1.6496917347382096,-0.40053633900406493,0
3.6414991554443477,-0.2386524655347359,-0.608318337333868,-0.6028070979321702,1.9477398194131774,0.11852346482684571,-0.40053633900406493,0
-0.035038346868055154,-0.04389186110638226,0.039870494617863156,-0.09406184058997565,1.2708050940449533,1.1794525845658788,-0.40053633900406493,0
-0.6351981562531552,1.063542524657756,-0.8292814588901996,1.305465162711832,-0.5860644651248275,0.40143789675725455,-0.40053633900406493,0
0.24094960122755102,0.46646621911098035,-0.6354303060996838,-0.32646737116557134,-1.2112888989718675,1.3916384085136855,-0.40053633900406493,0
-1.2792640103134896,2.402699381384096,-0.0758671547360242,1.395880465017954,0.07911792126130929,1.53309562447889,-0.40053633900406493,0
-0.7444259651888782,-0.28983043458160107,0.3383873279338691,-0.05076437188000145,4.321712293794796,1.6745528404440944,-0.40053633900406493,0
-0.10218217892568626,-1.6033983067845086,-0.7954164629133772,1.4328106589176377,-0.4826438820824599,0.6843523286876634,-0.40053633900406493,0
-0.47502678415667504,-1.9118877313170084,-0.4175186733072624,-0.2245909742009265,1.336618192344642,-1.5789631267556072,2.4966523698860974,1
-0.2725994708966801,0.8503009869624789,2.0855547632003573,0.32936193429432914,-1.0632094277975688,0.8258095446528678,2.4966523698860974,1
-0.7647143252854319,-0.7419024944955893,-0.4819187209458534,1.868332255941494,0.5586133517304679,0.0477948568442435,2.4966523698860974,0
-0.5525124524233186,-0.957987252693469,0.03400084363807019,-0.7085038597829891,0.05326277550071733,-0.800948438946983,-0.40053633900406493,0
3.466257956964731,-0.395029593177939,-0.7815618589566569,-0.034846184854275694,-0.8399149871379115,-0.447305399033972,-0.40053633900406493,0
-0.03002432048212243,0.3797479937815674,-0.29514898087838254,-1.3974429942563995,-0.47559247869320753,-1.5789631267556072,-0.40053633900406493,0
-0.9071243901410684,-1.2707415079798752,-0.42881916772590817,-0.7861846124685308,-1.3664197735354189,0.18925207280944792,-0.40053633900406493,0
-0.6490303193629171,0.1579767945784806,-0.3445143491383384,-0.616815102514809,0.3940806059812468,-0.5180340070165742,-0.40053633900406493,0
-0.07780298716275182,-0.7760211405268332,-0.18310230786447945,0.09950331364284963,-0.4191812515791889,0.6136237207050612,-0.40053633900406493,0
0.32691564369725207,-0.3779702701623162,-0.5567829361581045,0.899233029815311,-0.1159709058413386,1.6038242324614922,-0.40053633900406493,0
-0.4493040785940802,-0.2656630603094707,0.9410621199554251,-1.51523757824677,0.46929557546660505,0.2599806807920501,-0.40053633900406493,0
0.24348384780834853,-0.6111143513758187,-0.4877586059874206,1.0615985374777137,-1.0020972650907152,1.0379953686006744,-0.40053633900406493,1
-1.4968687132745944,-2.0014491771490257,-1.0349362464745306,2.2688338415087537,-0.2546485058299678,0.8258095446528678,2.4966523698860974,1
-0.4784513398566253,-0.21022026050869896,-1.053362322427782,2.1414883453029483,-0.5884149329212448,-1.154591478859994,-0.40053633900406493,1
-0.9477511238514508,-1.2380444721999335,1.6278007224840785,2.1389414353788316,1.3648238059016513,-1.2960486948251986,-0.40053633900406493,0
0.16091016055487298,1.3777183901954644,-0.21750213053780834,-0.04885418943691422,1.2026415279488476,-0.30584818306876754,2.4966523698860974,1
-0.41969744660095276,0.26744078392872184,0.06294869865832131,-0.6028070979321702,-1.023251475258472,-0.09366235912096092,-0.40053633900406493,0
-0.5342129860342677,-1.0333325960124677,-0.9038652981681956,0.15489860449237514,-0.5578588515678181,1.3209098005310833,-0.40053633900406493,0
-1.0898854292454025,-0.8769554683692647,0.15829764051917386,2.5515408430856428,-0.9715411837372883,-1.154591478859994,2.4966523698860974,1
-0.29220168664322893,1.272519231599128,-0.2273565764736195,0.2115673503039589,-1.1407748650793443,-0.30584818306876754,-0.40053633900406493,0
0.4629918048925823,-1.6858517013600152,-0.8611607787299022,-0.5442281696774995,-0.047807339745232706,-1.437505910790403,-0.40053633900406493,0
0.35072755885329276,-2.2857712274093944,-0.22031453160435713,-1.2579996759110417,0.4833983822451096,1.1794525845658788,-0.40053633900406493,0
-0.8155126437110912,0.27454883518523104,-0.8015213608243085,-0.4550863223334353,-0.27815318379414233,0.5428951127224589,-0.40053633900406493,0
0.7419603530827438,1.463015005273575,0.6354552321923734,1.9339151864874842,-1.0162000718692197,-0.5180340070165742,-0.40053633900406493,0
0.18899720376286697,1.0706505759142653,-1.0768582097949555,-0.4850125139417998,-0.6565784990173508,-0.8716770469295853,-0.40053633900406493,0
-1.1372204828789745,-1.471188553413436,-0.8285200269865555,0.8890453901188465,-0.6965364515564473,-0.9424056549121874,-0.40053633900406493,1
-0.5680186981284245,0.4607797781057733,-1.0937354967689157,0.1899186159489718,1.479996727926106,-0.8716770469295853,-0.40053633900406493,0
-0.5679248371439506,1.1474175294845645,-0.5541222453573511,-0.5951663681598218,-0.6824336447779427,-0.7302198309643808,-0.40053633900406493,0
2.3645478663428823,0.6797077568062574,-0.6469353213196867,-0.06413564898161102,-0.10656903465566882,-0.23511957508616535,-0.40053633900406493,0
-0.37615828190517697,0.6967670798218801,0.41467838779784144,-0.9530072124981366,-1.0091486684799673,-0.8716770469295853,-0.40053633900406493,0
0.8854864730019429,-0.0040867740699312045,-0.1061429546777629,0.37265940300430334,-0.1159709058413386,0.9672667606180723,-0.40053633900406493,0
2.779563800828024,-0.4305698494604852,-0.2387511696647208,-0.4544495948524064,0.12377680939324082,0.6136237207050612,-0.40053633900406493,0
-1.3159879768847773,2.244900643489591,-0.34295691843504644,-0.2729822627591329,-1.0067982006835499,0.89653815263547,-0.40053633900406493,0
-0.7805600463029969,0.7308857258531242,1.4148244742877858,1.1704789367336774,-0.3604195566687528,-0.800948438946983,-0.40053633900406493,0
0.8273885789625758,0.4735742703674896,-0.8417293822178675,0.22684880984865533,-0.9550879091623663,1.0379953686006744,-0.40053633900406493,0
0.9645355775209195,0.902900566260648,0.8406020784437567,-0.984843586549588,-1.086714105761743,-0.447305399033972,-0.40053633900406493,0
1.3740702360477832,-0.8158262275632844,0.9098309294157974,-0.74734423612576,-0.8093589057844847,-0.23511957508616535,-0.40053633900406493,0
-1.1468450019292697,-1.2053474364199916,-0.67615971150797,0.23321608465894564,-0.49674668886096457,-1.508234518773005,-0.40053633900406493,0
-0.2855433802373141,-0.8172478378145865,-1.0319346876715154,-0.1551876787687625,-0.4309335905612761,0.2599806807920501,-0.40053633900406493,0
-0.213747263398146,1.1289365962176412,2.374828792601512,0.2535913640518748,1.6586322804538318,-1.508234518773005,-0.40053633900406493,0
-1.194684301435636,-2.2118474943416984,-0.19380172236927778,1.6454776375813336,-1.0044477328871326,0.89653815263547,2.4966523698860974,1
0.10485185885695839,0.9938836223439658,0.23395593414796162,-0.5601463567032253,-0.5555083837714007,0.0477948568442435,2.4966523698860974,1
-0.4266678236523267,0.5759302084612232,-0.3377075512002145,-1.0879934384762908,-0.5978168041069146,-0.5887626149991764,-0.40053633900406493,0
-0.24288424791056612,0.15939840482978115,-0.5735987708725021,1.769002768900965,-0.8704710684913382,-1.508234518773005,-0.40053633900406493,0
-0.5627319953058446,0.28450010694434463,-1.0203355736790571,-1.537523040082786,-0.8399149871379115,0.4721665047398568,-0.40053633900406493,0
-0.17823972148330774,-0.4902774800151618,-0.38816081649274137,1.1297283779478198,0.3705759280170724,1.4623670164962876,2.4966523698860974,1
-0.4893070135718821,0.5318602906708656,-0.20575418685422156,1.4544593932726244,0.018005758554455787,0.18925207280944792,-0.40053633900406493,0
2.7155879482755587,-1.0518135292793913,0.29524976210396997,-0.4595434147006386,1.590468714357726,1.6745528404440944,-0.40053633900406493,0
0.35938092501678603,-0.3111545883511288,-1.1326424586045458,1.0889778191619617,1.4564920499619316,-0.447305399033972,-0.40053633900406493,0
-1.1570803024953207,-0.9665169142012804,-0.2958652837789101,2.1529494399614704,0.22719739243560824,-1.3667773028078007,2.4966523698860974,1
0.5630565208586175,0.011550938694389432,0.38701430888751714,-0.2666149879488426,-1.0326533464441416,-0.23511957508616535,-0.40053633900406493,0
0.9382733425767678,-1.6403601733183555,-0.4690127862461322,0.9590854130320399,1.073365799145888,0.6136237207050612,-0.40053633900406493,0
1.8381110644453662,0.014394159196993772,-0.30408932445319875,-1.2293469392647354,1.6868378940108413,-0.447305399033972,-0.40053633900406493,0
1.0861198082484698,-0.9622520834473756,0.30826899940725955,-1.2529058560628097,0.10027213142906626,-1.437505910790403,2.4966523698860974,1
-0.7830038574826953,1.5966463688959485,-0.9602333434436318,-0.13672258181892055,0.45049183309526547,0.7550809366702657,-0.40053633900406493,0
0.34878559563802636,-0.948035980934357,-0.31540518193673517,2.0676279575035803,-0.9574383769587836,0.9672667606180723,2.4966523698860974,1
0.32739796583644687,-0.7092054587156459,-0.808940760974948,-1.4655728347265056,-0.03605500076314553,-0.23511957508616535,-0.40053633900406493,0
0.7118871566339461,-1.506728809695982,-0.9237979146722886,-0.14691022151538496,0.5562628839340505,0.2599806807920501,-0.40053633900406493,0
-0.09308896785684792,-0.8229342788197935,-0.7941000402905576,1.576711069630199,-0.045456871948815314,-1.2960486948251986,2.4966523698860974,1
-1.2021215855010174,1.849692993627678,0.08813740373813603,-1.690974363010782,-0.9127794888268522,0.4721665047398568,-0.40053633900406493,0
-0.0762666130190811,-0.8300423300763028,-0.42329422551459983,0.33572920910461945,2.6528801583384105,-0.37657679105136976,-0.40053633900406493,0
0.9945423176522423,-0.6381249461505535,0.9745747256313175,0.9979257893748106,2.375524958361152,0.18925207280944792,-0.40053633900406493,0
-0.6872827812361129,-0.636703335899253,-0.6779331853112871,2.3898120629042694,-0.5649102549570705,0.6843523286876634,-0.40053633900406493,0
-1.1569672582439468,-1.184023282650464,-0.700115530630308,0.0765811243258046,-0.5743121261427403,0.89653815263547,-0.40053633900406493,0
-0.4443661001590714,-0.8442584325893213,-0.300792026651038,1.6282859955935503,0.389379670388412,0.8258095446528678,-0.40053633900406493,0
-0.3173941118993797,0.3385212964938142,-0.7271276394743343,1.402884467309273,-0.2546485058299678,-1.154591478859994,-0.40053633900406493,0
-0.6647085293534464,-0.7461673252494941,-0.4231098687359118,1.1246345580995873,-0.5108494956394692,0.0477948568442435,-0.40053633900406493,0
0.22984454504259696,-0.11212915316887026,-0.5749833670957741,0.42041396408148063,-0.9315832311981916,0.89653815263547,-0.40053633900406493,0
-0.17614292189949313,-0.8172478378145865,-1.1115316870616494,-0.1500938589205301,0.12142634159682321,-0.5180340070165742,-0.40053633900406493,0
-0.6285833547561024,0.11817170754202792,3.6219159831863603,-0.036756367297362924,-0.5343541736036437,-1.5789631267556072,2.4966523698860974,1
-0.06632968076498928,1.3279620313998997,-0.7685589449098132,0.47262561752586096,-0.7270925329098741,-0.16439096710356313,-0.40053633900406493,0
-0.5446229913524419,1.5682141638699114,-0.46123715502834023,0.5694081946422734,-0.9268822956053568,-1.0838628708773919,-0.40053633900406493,0
-0.47876101259372195,-0.26992789106337556,1.153783917389466,0.49427435188084806,1.2614032228592837,0.6136237207050612,-0.40053633900406493,0
-0.4365941365979562,0.3783263835302668,-1.3015305513308286,-0.5225794353225125,-0.08776529228432925,-1.7204203427208118,-0.40053633900406493,0
0.24469273618137263,0.8872628534963273,0.6247731011355772,1.869605710903552,-1.0679103633904035,-0.447305399033972,-0.40053633900406493,0
-0.5819166324389856,-0.6750868126844018,-0.9663199977150053,-0.9383624804344689,0.08851979244697908,0.7550809366702657,-0.40053633900406493,0
1.1055706132098453,0.04566958472563343,-0.6246607976113218,0.7674304412423018,-0.36982142785442257,0.2599806807920501,-0.40053633900406493,0
-0.5762024168112104,-0.8058749558041723,-0.6727942401053569,0.48790707707055775,0.02505716194370797,0.11852346482684571,-0.40053633900406493,0
1.0500124466846759,-0.8556313145997371,-0.20457315124075112,-0.20739933221314283,-0.6119196108854194,0.7550809366702657,-0.40053633900406493,0
-0.6757553506210262,1.4644366155248774,0.6247318128986834,-1.2153389346820969,0.7207956296832715,1.1087239765832766,-0.40053633900406493,0
-0.8913286826407779,-1.1584342981270297,0.9123466312916452,1.7263420276720207,-1.0632094277975688,1.6038242324614922,2.4966523698860974,1
2.2762003583109065,0.018658989950898666,-0.26119948804466153,0.9762770550198235,-0.37452236344725737,-0.7302198309643808,-0.40053633900406493,0
-1.0506604442520548,-0.6409681666531578,0.25043474162631996,-0.7766337002530953,-0.4003775092078493,-1.437505910790403,-0.40053633900406493,0
0.18973507442183396,0.4920552036344146,0.9241752310659082,-0.01001381309414344,-0.14652698719476534,1.2501811925484811,-0.40053633900406493,0
-0.46125251340595014,0.28307849669304247,-0.7828321923848044,0.07785457928786253,-0.959788844755201,-0.447305399033972,-0.40053633900406493,0
-0.34731007407126624,0.4451420653414527,-0.7039764608756455,-0.21440333450446208,-0.5390551091964785,1.0379953686006744,-0.40053633900406493,0
0.13955473123701798,0.4252395218232271,-0.5704474221868027,-0.7326995040620923,4.208889839566758,1.6745528404440944,-0.40053633900406493,0
0.5535542951348086,-0.16757195296964356,-0.5588540693436783,-0.7301525941379763,-0.34866721768666564,0.11852346482684571,-0.40053633900406493,0
0.46038459338589816,-0.8158262275632844,-0.9590244622750469,-0.7212384094035698,0.17548710091442454,0.6843523286876634,-0.40053633900406493,0
-0.49681863279650024,0.3413645169964185,-1.1436270500013772,-1.0357817850319104,0.1989917788785989,-0.447305399033972,-0.40053633900406493,0
-1.0994948757288479,1.8283688398581504,0.19510178284789337,-0.5238528902845706,3.2146419616821795,-0.9424056549121874,-0.40053633900406493,0
0.34442996637676127,-1.5195233019576984,2.0429501036838533,-0.9593744873084268,-0.00549891940971878,-1.2253200868425962,-0.40053633900406493,0
-1.1418724251021737,-0.0936482199019469,1.0904794483158908,-0.6938591277193216,0.21544505345352108,1.4623670164962876,-0.40053633900406493,0
-0.22163706702736005,-0.7419024944955893,-0.2304234283024202,0.07530766936374633,-1.0679103633904035,-1.154591478859994,2.4966523698860974,1
0.4431796008851481,0.19778188161493165,-0.27823328624219557,0.6330809427451765,3.0595110871186284,-0.09366235912096092,-0.40053633900406493,0
1.2174008378355274,-0.4717965467482384,-0.6563730441203385,0.19692261824029106,-0.8634196651020859,1.3209098005310833,-0.40053633900406493,0
-0.8187313218502061,-0.0012435535673268644,1.8197382135041493,1.4309004764745508,1.078066734738723,-0.23511957508616535,2.4966523698860974,1
0.06655691974991315,-0.28983043458160107,-0.07251800658985733,-0.5786114536530671,0.9041321178038324,-1.3667773028078007,-0.40053633900406493,0
0.25806244553551455,-0.5599363823289519,0.18990138538240012,-0.41751940095272266,-0.39802704141143197,-1.154591478859994,-0.40053633900406493,0
-0.6111741974862045,0.19351705086102677,2.944711122613925,0.5050987190583415,-0.33221394311174346,-0.5887626149991764,-0.40053633900406493,0
0.28649101940599236,-0.12634525568188873,0.6403474081684972,0.901779939739427,0.001552483979533611,-1.2960486948251986,-0.40053633900406493,0
-0.5111930657545185,-0.21164187075999952,-0.1930892602349728,0.7228595175702697,0.8477208906898136,-0.6594912229817786,-0.40053633900406493,0
-0.9480258556381228,-1.1584342981270297,-0.47301102388393007,2.072085049870784,0.5351086737662936,-0.5887626149991764,-0.40053633900406493,0
0.07196831380734175,-0.9181821656570179,-0.37877590422765134,1.4595532131208568,-0.79525609900598,-1.6496917347382096,-0.40053633900406493,0
0.3367816663754822,-1.7341864499042776,-0.09046014599905247,-0.5480485345636736,-0.5790130617355751,1.1087239765832766,2.4966523698860974,1
-0.12125959529919107,-1.1172076008392764,1.160532143642694,-1.6655052637696208,0.5116039958021192,1.1794525845658788,2.4966523698860974,1
-1.0064889168652609,0.7664259821356704,-0.8033111578840719,-1.045332697247346,-0.8070084379880672,-0.30584818306876754,-0.40053633900406493,0
-0.22608381680639927,1.9364112189570895,-0.11512458648947269,0.750875526735547,0.389379670388412,0.2599806807920501,-0.40053633900406493,0
0.4915803535066708,-0.1448261889488137,0.07014533436804617,1.5633397925285886,1.3836275482729907,0.11852346482684571,-0.40053633900406493,0
1.0527340726760837,0.20204671236883656,0.01916204333679121,-1.070801796488507,-0.4896952854717122,-0.30584818306876754,-0.40053633900406493,0
-0.5222193335218486,-0.25002534754515005,2.0698354672425316,0.8654864733207721,-0.2381952312550456,-0.16439096710356313,-0.40053633900406493,0
-0.5649233409908082,1.1417310884793574,1.8228165876316178,-0.03548291233530465,2.7845063549377875,-1.508234518773005,-0.40053633900406493,0
-0.876448633576615,-1.402951261350948,1.3894043630430553,-0.4022379414080259,-0.9832935227193756,1.6745528404440944,2.4966523698860974,1
-0.7438542353235967,0.8303984434442534,0.49366470535857127,-0.11507384746393344,-0.647176627831681,0.11852346482684571,-0.40053633900406493,0
0.9784468716066426,-1.2963304925033095,-0.8713935401386462,0.007177828893640238,1.2120433991345172,-0.447305399033972,-0.40053633900406493,0
1.8727296674744014,0.08831789226468882,-0.6153920685244674,-0.4767350566884224,0.8312676161148915,0.89653815263547,-0.40053633900406493,0
-1.1113066297640566,-2.908436517479603,3.397421277088285,0.110327680820343,-0.8211112447665718,0.33070928877465233,2.4966523698860974,1
-0.7373881041450171,0.2645975634261191,-0.36691273755738446,0.8935024824860496,-0.13477464821267818,-0.16439096710356313,-0.40053633900406493,0
-0.775407283790378,-1.3247626975293465,1.9707955490416944,0.9412570435632268,0.607973175455234,0.0477948568442435,-0.40053633900406493,0
-0.10902580939218667,-1.4242754151204757,-0.6299677763394937,-0.8574980903437822,0.3141647009030537,-1.7204203427208118,-0.40053633900406493,0
0.32369148462473735,0.9256463302814778,1.9084301473095622,-0.2838066299366263,0.24365066701053043,1.6745528404440944,-0.40053633900406493,0
0.9902325912082018,-0.6907245254487225,-0.23409904157751388,1.1946745810127808,0.4833983822451096,1.6038242324614922,-0.40053633900406493,0
-0.6353947847388781,0.3186187529755886,0.2744385703264415,-1.0548836094627814,-0.8446159227307464,-1.5789631267556072,-0.40053633900406493,0
-0.13676001751255967,-0.531504177302915,0.20808645325517927,0.1619026067836944,-0.4708915431003726,0.7550809366702657,-0.40053633900406493,0
0.24004216419152347,-0.7077838484643453,-0.6267895422902356,0.8317399168262337,1.3930294194586608,1.3209098005310833,-0.40053633900406493,0
-0.5535915111864318,1.825525619355546,-0.4225654401238485,-0.21440333450446208,-1.0256019430548895,0.2599806807920501,-0.40053633900406493,0
1.3028691430408466,0.9682946378205332,-0.23887407418384624,0.4229608740055968,0.13787961617174538,0.18925207280944792,-0.40053633900406493,0
-0.2814289120456464,-0.2656630603094707,1.1353732045011051,-0.9224442934087431,-0.2522980380335504,-0.37657679105136976,-0.40053633900406493,0
-0.4612312747890253,0.38116960403286954,0.7741472208760378,0.6566398595432504,1.7361977177356074,1.1794525845658788,-0.40053633900406493,0
0.33877432822469794,-0.41066730594225803,0.15776569439733457,1.2290578649883483,-0.8258121803594067,0.8258095446528678,-0.40053633900406493,0
-0.026851202601894334,0.4806823216239988,7.177347842406433,0.5745020144905059,-0.4403354617469459,1.1794525845658788,2.4966523698860974,1
0.18169625791580885,-0.7930804635424561,-0.8621516964153506,-0.4328008604974193,0.34237031446006305,-0.6594912229817786,-0.40053633900406493,0
0.07762977545114247,0.1835657791019132,-0.4772925180306494,-0.9128933811933077,-0.38627470242934475,1.2501811925484811,-0.40053633900406493,0
1.6719229977091012,0.04566958472563343,-0.6419144796751036,0.9049635771445722,0.6855386127370097,-0.6594912229817786,-0.40053633900406493,0
0.08009311245607827,-1.3077033745137236,-0.22370304760430634,-0.33410810093791976,-1.0749617667796558,-1.2960486948251986,-0.40053633900406493,0
0.14308376722990468,-1.5422690659785283,-0.4406141607957226,1.241792414608929,0.44814136529884807,-1.6496917347382096,-0.40053633900406493,0
1.2750006520521748,1.2113899907931476,-0.43755499049936736,-0.3926870291925904,-0.5907654007176624,1.3916384085136855,-0.40053633900406493,0
0.000999132794889869,1.3435997441642205,0.9342188347381857,-1.3025705995830739,0.09792166363264886,-0.022933751138358716,-0.40053633900406493,0
-0.2980035972054033,-0.54998511056984,0.5554309475599674,0.0511120250846434,-0.47794294648962504,-0.37657679105136976,2.4966523698860974,1
1.649157598274112,-0.0595295738707029,-0.4662253501600308,-1.194326927808139,0.6902395483298449,1.6038242324614922,-0.40053633900406493,0
0.31703694636053475,1.0678073554116625,0.1819375566196975,-0.017017815385463056,1.5481602940222117,1.3916384085136855,-0.40053633900406493,0
3.226044061170535,-2.862944989437944,0.28049161789336685,0.058116027375962664,-0.16298026176968752,1.3209098005310833,-0.40053633900406493,0
0.09887695633434854,-0.7276863919825708,0.6096068755138155,-1.5559881370326278,-0.46148967191470286,-0.447305399033972,-0.40053633900406493,0
-1.1284657194475822,-1.010586831991638,-0.765398954500113,-0.7180547719984246,-0.6800831769815252,-0.9424056549121874,-0.40053633900406493,0
3.065403041593348,-0.40640247518835315,-0.9951257443850178,-0.510481613182961,0.9252863279715893,-1.6496917347382096,-0.40053633900406493,0
0.5760446202247883,-0.7077838484643453,-1.216403808771608,-0.5913460032736477,-0.8540177939164161,0.40143789675725455,2.4966523698860974,1
-0.039751607033666446,0.32714841448340004,-0.10327966345876369,-1.0045821384614881,1.0569125245709659,-0.30584818306876754,-0.40053633900406493,0
-0.06527117550212601,-0.15051262995402076,-0.13506200395134407,0.35928812590269377,-0.6612794346101856,-1.154591478859994,-0.40053633900406493,0
-0.2999414497206197,-1.402951261350948,0.1280295221098805,0.041561112869207946,1.1438798330384117,0.11852346482684571,-0.40053633900406493,0
-1.071770259241925,-0.957987252693469,-1.015438596745155,1.1036225512256295,-0.7717514210418055,0.11852346482684571,-0.40053633900406493,0
1.1533698333907245,0.6143136852463721,-0.2613694419500145,1.6601223696450018,-0.5602093193642356,-0.16439096710356313,2.4966523698860974,1
0.6423032815383289,-0.8001885147989654,-0.9606558277281252,-0.6652063910730152,-0.6636299024066031,1.1794525845658788,-0.40053633900406493,0
-0.14450971478173785,0.976824299328343,-0.7570049599204713,0.857209016067395,0.21544505345352108,1.6745528404440944,-0.40053633900406493,0
-0.48852049962899047,-1.1541694673731249,0.0011642128173673884,-0.6582023887816959,-0.28050365159055973,-1.5789631267556072,-0.40053633900406493,0
-0.3233207136964025,1.610862471408967,-0.17566370388272665,0.5706816496043317,-0.7059383227421171,-1.508234518773005,-0.40053633900406493,0
0.7499094193043443,-2.2004746123312833,-0.8322369284985427,-0.6671165735161022,0.08146838905772669,0.33070928877465233,-0.40053633900406493,0
-0.28474213628591033,-1.6062415272871113,-0.08569375511672113,-0.2857168123797135,-0.8939757464555127,-0.447305399033972,-0.40053633900406493,0
-0.6628295968722794,1.85964426538679,0.4800443881414335,-1.3312233362293802,-0.9715411837372883,0.9672667606180723,-0.40053633900406493,0
0.31935983444709687,-0.04389186110638226,-0.3776092714875157,0.495547806842906,0.03915996872221275,-0.30584818306876754,-0.40053633900406493,0
-0.24528421162306513,0.11248526653682087,0.5040952662277826,0.14662114723899758,0.9534919415285985,0.8258095446528678,-0.40053633900406493,0
-0.5303948308045344,-1.292065661749403,-0.1453312526392034,0.366928855675042,-0.5037980922502169,-0.5180340070165742,-0.40053633900406493,0
-0.08777451780893082,-0.29125204483290323,-0.8022674296630619,-1.068254886564391,-0.06426061432015488,1.3916384085136855,-0.40053633900406493,0
-0.4979240685516006,1.4132586464780106,-0.5804823841350794,-1.0574305193868976,2.0182538533057004,0.33070928877465233,2.4966523698860974,0
-0.6859927065371021,-1.073137683048919,-0.696227715021412,-0.7333362315431214,1.4988004702974456,-0.5887626149991764,-0.40053633900406493,0
0.5193570388608932,-0.23296602452952722,1.5086976017275777,0.13452332509944628,-1.0561580244083162,-0.5180340070165742,-0.40053633900406493,0
-0.9759433324690562,1.087709898929888,-0.8517115336305824,0.3128070197875744,-0.13712511600909558,0.5428951127224589,-0.40053633900406493,0
-0.5720649972109305,-0.0808537276402306,0.021272544376147413,-0.23159497649224578,1.6962397651965109,1.6745528404440944,-0.40053633900406493,0
-0.995930583786951,-0.4689533262456341,6.7855772052040395,-0.43662122538359355,-0.4708915431003726,0.8258095446528678,-0.40053633900406493,0
-1.2044352245124674,0.5958327519794487,0.10401897206886969,1.33284444439608,-0.245246634644298,1.0379953686006744,2.4966523698860974,1
-0.2066460290618485,0.2901865479495517,-0.3576900976652022,0.17909424877147842,0.05091230770429993,-0.447305399033972,-0.40053633900406493,0
-0.5706755805940458,0.2645975634261191,-0.9937209841390768,0.4356954236261774,-0.8939757464555127,-0.5887626149991764,-0.40053633900406493,0
-0.7038663729126448,0.3356780759912114,-1.1532769751358314,-0.9765661292962107,-0.21939148888370624,-1.2253200868425962,-0.40053633900406493,0
-0.4219333248697908,1.7302777325183216,0.2909413825936915,-1.2357142140750257,-1.1642795430435187,0.4721665047398568,-0.40053633900406493,0
0.6908095421278005,0.5915679212255438,-0.628397863145978,-0.5066612482967867,-0.3369148787045784,0.9672667606180723,-0.40053633900406493,0
1.8501934395671968,-0.18036644523135986,-0.4724665952718668,-1.5216048530570603,-1.31941041760707,0.4721665047398568,-0.40053633900406493,0
1.0666172769781324,-1.0702944625463162,2.4407593855798364,1.242429142089958,0.5233563347842062,-0.37657679105136976,-0.40053633900406493,0
1.3171020994054787,-0.9722033552064875,0.07257749957855104,-0.7008631300106408,-0.4215317193756063,1.3916384085136855,-0.40053633900406493,0
2.430668819204749,-0.3580677266440907,-1.2435541851996503,-1.5483474072602794,-0.49674668886096457,1.1087239765832766,-0.40053633900406493,0
-0.8913502638160402,1.6776781532201543,0.45424884199843757,-0.3500262879636455,0.7960105991686297,-0.447305399033972,-0.40053633900406493,0
-0.32670758797922816,-0.525817736297708,0.9572739941813081,-1.1039116255020165,1.8466697041672275,-0.37657679105136976,-0.40053633900406493,0
1.4489630802579174,-0.9707817449551869,-0.12012142334516426,-0.8014660720132275,-1.1078683159295,0.18925207280944792,-0.40053633900406493,0
-0.9906171614140463,0.6072056339898628,-0.016076026564634985,-0.2271378841250427,0.041510436518630144,0.6843523286876634,-0.40053633900406493,0
4.433191895282048,-0.10075627115845613,-1.2605198097967318,-1.0580672468679266,0.22484692463919084,-0.8716770469295853,-0.40053633900406493,0
-0.7623249808813954,1.123250155212434,-0.8764374263805657,0.7680671687233307,-0.8258121803594067,0.11852346482684571,-0.40053633900406493,0
-0.8192592042482879,-0.49312070051776613,0.35432746794949815,-0.18193023297198163,-0.8916252786590951,0.4721665047398568,-0.40053633900406493,0
-0.4310244805886042,-1.7796779779459373,-0.6882302795542609,-0.6944958552003505,-0.16533072956610492,1.1794525845658788,-0.40053633900406493,0
-0.9555124681041037,-0.7035190177104388,0.23730796286879538,0.4891805320326157,-0.9174804244196871,0.0477948568442435,-0.40053633900406493,0
-0.41193130653157484,-0.23580924503213155,0.890188290761516,0.8629395633966563,-0.4873448176752948,0.40143789675725455,2.4966523698860974,1
0.31185883453094104,0.3186187529755886,2.7835794572743215,0.66364386183457,-1.0114991362763848,1.1087239765832766,2.4966523698860974,1
-0.6763887409870567,0.23758696865138274,-0.7716536422937282,1.587535436807692,0.7490012432402811,0.9672667606180723,2.4966523698860974,1
0.008357628442647135,-0.45615883398391777,-0.19054379242089933,-1.650223804224924,1.378926612680156,-1.0838628708773919,-0.40053633900406493,0
0.28580487505598734,-0.4334130699630879,-0.5172038402335075,-1.0408756048801426,-1.0303028786477244,-0.9424056549121874,-0.40053633900406493,0
-1.0637879648615869,0.7067183515809922,-0.25804717916740655,1.448092118462334,-0.5884149329212448,-1.508234518773005,-0.40053633900406493,0
-0.5492509544920167,0.09969077427510457,-0.3733882694088033,-0.43089067805433223,1.907781866874081,-1.3667773028078007,-0.40053633900406493,0
-0.5625685949788589,2.6173625293306753,-0.15645795238627364,-0.6340067445025928,-0.27345224820130737,1.53309562447889,-0.40053633900406493,0
-0.2502622693835609,0.5204874086604515,-0.573302071681801,1.8638751635742907,1.1908891889667603,1.0379953686006744,-0.40053633900406493,0
-0.22342042573236578,0.021502210453503007,-0.052885930042688274,-0.32519391620351323,-0.5555083837714007,-0.09366235912096092,-0.40053633900406493,0
-0.629777855678952,-0.06948084562981485,-0.45235346275530836,-1.3350437011155543,-0.45913920411828546,-1.154591478859994,-0.40053633900406493,0
-0.14797948818223736,-0.278457552571187,1.0924036721934478,-0.7581686033032535,-0.03605500076314553,0.7550809366702657,-0.40053633900406493,0
-0.6599014082033612,0.11248526653682087,-0.6815828734143776,-0.9224442934087431,-1.201887027786198,-0.447305399033972,-0.40053633900406493,0
-0.8197082982287455,-0.4604236647378227,0.4189406781134476,-0.034846184854275694,0.781907792390125,0.33070928877465233,-0.40053633900406493,0
1.0567070642743652,1.5127713640691398,-0.8049934134896006,-0.3003615444433812,-0.4920457532681297,-0.23511957508616535,2.4966523698860974,0
0.8077716332075144,-0.2287011937756223,-0.6040128383982569,-0.8224780788871855,-0.7623495498561358,-1.3667773028078007,-0.40053633900406493,0
-0.16569352237250692,0.2304789173948735,-0.2709924817209101,1.1615647519992713,-0.9973963294978802,-0.7302198309643808,2.4966523698860974,1
-1.0647556921650139,2.193722674442724,-1.0585262326141593,0.599971113731667,-0.8540177939164161,1.2501811925484811,-0.40053633900406493,0
-0.4914449201561962,-1.8095317932232764,-0.5582107410013815,1.261530966520829,0.9863984906784429,0.89653815263547,2.4966523698860974,1
-0.21085435823799012,-1.4242754151204757,-0.34924809350777725,-1.238897851480171,-0.4050784448006841,-1.0131342628947897,-0.40053633900406493,0
-0.49394491090324405,-1.3603029538118925,1.595054349669608,0.17909424877147842,-0.2428961668478806,-0.09366235912096092,-0.40053633900406493,0
-0.32921682780138833,-0.7532753765060034,0.28679335507320963,-0.012560723018259631,-0.13242418041626078,1.3916384085136855,-0.40053633900406493,0
0.4837641999200185,0.10822043578291597,-0.6390732728618846,1.243702597052016,-0.3181111363332389,1.3209098005310833,-0.40053633900406493,0
-0.6586250358378503,0.21910603538445936,0.4733000026544281,-0.26534153298678453,-0.7012373871492822,0.6136237207050612,-0.40053633900406493,0
-0.6660856138701813,-0.9650953039499782,-0.5714681058104768,2.5840139446181234,-1.129022526097257,0.6843523286876634,-0.40053633900406493,0
-0.6700884080438254,1.8838116396589222,-0.39656825375416227,-0.23223170397327508,-0.3627700244651702,-1.0131342628947897,-0.40053633900406493,0
0.7842365051881705,1.4544853437657637,-0.6231043270995855,-0.7619889681894276,0.09322072803981386,0.4721665047398568,-0.40053633900406493,0
0.004366823810815606,-0.3879215419214298,0.6922111948562989,-1.1421152743637584,-0.6988869193528647,1.6038242324614922,2.4966523698860974,1
-0.6696687740803925,1.4601717847709708,0.22198234544879303,0.665554044277657,-0.1112699702485036,-0.37657679105136976,-0.40053633900406493,0
2.4088430572895114,1.1829577857671107,-1.2529035703771807,0.32554156940815504,-0.7388448718919612,1.53309562447889,-0.40053633900406493,0
0.014383572157543866,-0.19173932724177398,-0.6627852033290832,0.5070089015014286,-0.5978168041069146,0.7550809366702657,-0.40053633900406493,0
-0.8847998632864364,-1.4939343174342659,2.616443714137131,-1.0192268705251557,0.8806274398396576,1.53309562447889,2.4966523698860974,1
-0.01355103259026414,0.31008909146777724,1.0049119778326188,-0.5601463567032253,-0.5249523024179739,1.53309562447889,2.4966523698860974,1
-0.37814237979595533,1.9875891880039562,-0.13567940712163803,-0.17747314060477856,-1.0632094277975688,-1.154591478859994,-0.40053633900406493,0
-0.0841732020068324,-0.6964109664539295,0.40581101878125575,-1.0892668934383491,0.36587499242423743,-0.5180340070165742,-0.40053633900406493,0
0.2247863286311272,1.3478645749181253,5.830403610606874,-0.5467750796016156,-0.25934944142280275,1.0379953686006744,-0.40053633900406493,0
-0.20744590277990224,-0.05384313286549584,-0.0631522981558807,-1.0205003254872136,1.1603331076133339,1.1794525845658788,-0.40053633900406493,0
2.026082758421356,-0.2585550090529614,0.8386068003910803,0.6610969519104538,0.36117405683140263,0.89653815263547,-0.40053633900406493,0
-0.12639557245327265,0.6455891107750134,-0.05391525539036332,0.8693068382069467,0.42933762292750854,-0.30584818306876754,-0.40053633900406493,0
-0.4343507220456932,-0.7020974074591366,-0.7005889050672519,0.22875899229174257,-1.1196206549115875,0.18925207280944792,-0.40053633900406493,0
0.2583546477973991,1.0095213351082863,-0.5990630509287931,1.1252712855806164,4.100768320931556,-0.022933751138358716,-0.40053633900406493,0
-0.9500226281873885,0.7735340333921795,0.3084533561859478,0.05684257241390439,-0.45678873632186806,1.1087239765832766,-0.40053633900406493,0
-1.1339017777053104,0.5517628341890911,0.2764722560413444,-0.3710382948376035,1.8020108160352957,-1.7204203427208118,-0.40053633900406493,0
2.5120719846189994,-2.0867457922271364,-1.0944681229258897,-1.0536101545007233,1.543459358429377,-1.5789631267556072,-0.40053633900406493,0
-0.801671916642892,1.2966866058712585,-1.0575890856558283,-0.5429547147154414,0.4222862195382561,-0.16439096710356313,-0.40053633900406493,0
-0.40072896377877176,-1.8223262854849926,-0.18685953742180467,-0.7931886147598501,0.4457908975024305,0.9672667606180723,-0.40053633900406493,0
3.217739419394613,-1.3233410872780442,-1.1521660335059245,-0.6085376452614316,0.9605433449178506,0.9672667606180723,-0.40053633900406493,0
-0.3689189965588683,0.11248526653682087,-0.9650765496504166,-0.9288115682190334,0.16373476193233735,1.6745528404440944,-0.40053633900406493,0
1.78589626729416,-1.586338983768886,1.0780766539913393,-0.5779747261720382,-0.007849387206136173,0.18925207280944792,-0.40053633900406493,0
-0.42177883105958014,0.9910404018413614,-0.8555897473239217,-0.4595434147006386,0.3329684432743933,-0.022933751138358716,-0.40053633900406493,0
-0.6608907166820506,-0.7788643610294376,-1.3428831210587429,1.1672952993285322,1.712693039771433,1.2501811925484811,-0.40053633900406493,0
0.3802108698449214,-0.36659738815190207,-0.5660122973911765,0.07212403195860119,-1.2747515294751386,0.8258095446528678,2.4966523698860974,1
-0.9846528781998988,-1.0290677652585614,-0.21751173245336505,-0.5448648971585285,0.15903382633950236,-0.16439096710356313,-0.40053633900406493,0
-0.32860159302724506,-0.6125359616271209,2.5267118928769303,-0.93772575295344,-0.769400953245388,-0.37657679105136976,-0.40053633900406493,0
-0.9338586704742896,-0.09649144040455124,-0.2875500249068333,0.5967874763265218,-0.346316749890248,0.2599806807920501,-0.40053633900406493,0
-0.5252287085167532,-0.9110741144005087,-1.2098658644690707,-0.1590080436549366,-0.562559787160653,1.4623670164962876,-0.40053633900406493,0
-0.4083090946708894,0.753631489873954,3.3983142552350554,-0.982933404106501,0.048561839907882536,-0.30584818306876754,-0.40053633900406493,0
-0.08021185739202556,-1.3901567690892316,-1.1968869552111188,2.511427011780814,-0.3181111363332389,-1.2253200868425962,2.4966523698860974,1
-0.9926605218972117,0.0030212771865780292,0.8390292846755739,-0.8594082727868693,-0.5954663363104973,-1.2253200868425962,-0.40053633900406493,0
-0.5688874260723151,-1.0333325960124677,0.3397968891375884,-0.22268079175783964,-0.2758027159977247,1.4623670164962876,-0.40053633900406493,0
0.13707323864019494,0.540389952178677,0.2890085169921339,2.3719836934354563,-0.03370453296672814,1.0379953686006744,-0.40053633900406493,0
0.059272074144717385,0.39396409629458584,-0.2373790559316726,1.438541206246899,-0.5296532380108088,-1.2253200868425962,-0.40053633900406493,0
-0.6768440010175892,-0.9409279296778478,2.902639369410817,-0.7358831414672374,-0.28520458718339453,-0.23511957508616535,-0.40053633900406493,0
1.4062350937053332,-0.46326688524042703,0.23033121102531837,1.1271814680237036,-0.249947570237133,1.0379953686006744,-0.40053633900406493,0
-0.5454238927455083,0.6683348747958432,0.08432736364524902,-0.8033762544563146,0.41053388055616896,-1.2253200868425962,-0.40053633900406493,0
-0.4061752987866251,0.2944513787034566,-0.2797964780948216,-0.06286219401955309,-1.1102187837259174,0.89653815263547,-0.40053633900406493,0
-0.3675275245919586,-0.37370543940841133,-1.1881492120545485,1.0405865306037554,0.2013422466750163,0.8258095446528678,-0.40053633900406493,0
0.9051102699237542,-0.5514067208211422,2.538579860504976,-0.726332229251802,-0.7505972108740486,-1.0131342628947897,-0.40053633900406493,0
-1.2176679105316104,-0.5954766386114981,-0.1572933190397039,1.9288213666392517,0.27890768395679194,-1.0131342628947897,2.4966523698860974,1
-0.8825742617677232,0.4948984241370173,-0.8242174086256112,0.8775842954603238,-0.5954663363104973,-0.16439096710356313,-0.40053633900406493,0
1.1596982561176308,1.9293031677005803,-0.727950523637541,-0.5098448857019319,-0.49909715665738197,-0.447305399033972,-0.40053633900406493,0
-1.2762721057937974,0.14376069206546213,-0.5423867841639879,-0.17046913831345895,-0.13242418041626078,0.0477948568442435,2.4966523698860974,1
3.011873162984494,0.3882776552893788,-0.6160594016556561,-1.4630259248023894,-0.7976065668023974,-1.437505910790403,-0.40053633900406493,0
0.9295048768118757,1.1573688012436782,-0.4027461262233243,1.0202112512108266,-0.4426859295433633,-1.508234518773005,-0.40053633900406493,0
-1.1323791058951398,0.31293231197038157,-0.33689522914412023,-1.3999899041805155,1.7620528634961992,-0.5180340070165742,-0.40053633900406493,0
-0.9383777000625404,0.3882776552893788,-0.6588560994832936,-1.2981135072158707,0.3823282669991596,0.5428951127224589,-0.40053633900406493,0
0.6172266410002524,-0.29125204483290323,-0.6673931626047297,-1.4681197446506218,-0.8704710684913382,0.2599806807920501,-0.40053633900406493,0
-0.9935069835491649,-0.20595542975479245,0.8543865884169131,-1.3356804285965835,1.1932396567631778,1.3916384085136855,-0.40053633900406493,0
0.596418962464054,0.9853539608361543,-0.26472243086240393,1.7626354940906748,-0.8751720040841731,1.4623670164962876,-0.40053633900406493,0
0.9488642186971398,-1.0589215805359005,-0.6880257587529038,0.7546958916217211,-0.879872939677008,0.33070928877465233,-0.40053633900406493,0
-0.46447187666173995,-0.8840635196257739,-0.849771946688135,-0.2659782604678135,-0.04310640415239792,-0.09366235912096092,-0.40053633900406493,0
0.10454184356152442,0.36695350151985107,-0.7040043064307597,-0.81292716667175,0.3212161042923061,0.9672667606180723,-0.40053633900406493,0
-0.7479998763239765,0.8730467509833089,1.0632954651834001,0.44206269843646734,0.7160946940904367,-0.9424056549121874,-0.40053633900406493,0
0.7724775051369365,0.7522098796226518,-0.520960109599277,-0.40478485133214204,-0.4426859295433633,0.89653815263547,-0.40053633900406493,0
-0.6611856594106349,0.8204471716851398,-0.06017762471642396,-0.4557230498144643,1.0263564432175394,-0.16439096710356313,-0.40053633900406493,0
-0.0973462828752515,1.272519231599128,-0.7368236538034606,0.9909217870834913,0.40113200937049914,0.4721665047398568,-0.40053633900406493,0
1.5812899404493508,-0.30404653709461954,-0.3549813972866653,2.210891640735112,-1.2700505938823037,-1.7204203427208118,2.4966523698860974,1
0.6108365577725972,-1.6318305118105456,-0.6889456222632329,1.8033860528765333,1.8466697041672275,1.6745528404440944,-0.40053633900406493,0
-0.1715070799181563,-0.34243001387977007,-0.7885568544396915,-0.6085376452614316,-0.3392653465009958,0.2599806807920501,-0.40053633900406493,0
-0.678473551029059,0.7550531001252562,1.1131812572665276,-0.35384665284981964,-0.2946064583690643,1.6745528404440944,-0.40053633900406493,0
3.023740754028714,-1.2167203184304058,-0.03311846648616999,-0.8301188086595339,-0.03605500076314553,-1.6496917347382096,-0.40053633900406493,0
0.032191124773950024,-0.28983043458160107,1.8502732651659184,1.7524478543942108,-0.9292327634017743,0.7550809366702657,-0.40053633900406493,0
-0.9420129291400507,-1.0660296317924096,-0.4185729636353848,-1.2885625950004354,0.9440900703429289,-0.16439096710356313,-0.40053633900406493,0
0.7918964521729246,1.7132184095027005,-0.10033283557442137,-0.2245909742009265,-1.0091486684799673,-1.0838628708773919,-0.40053633900406493,0
-0.8185956687485576,0.29160815820085384,-0.6385125209933751,-1.3980797217374283,0.03210856533296036,0.8258095446528678,2.4966523698860974,1
1.1537350005784957,-0.7433241047468915,-0.37760062976351466,-0.9128933811933077,-0.17708306854819209,-1.3667773028078007,2.4966523698860974,1
-0.31119894436575946,-1.8592881520188411,-0.3997167218651946,-0.06349892150058205,-0.4356345261541111,1.0379953686006744,-0.40053633900406493,0
-0.07223675673677502,1.3620806774311438,0.16276061086991442,-0.4493557750041742,-0.6236719498675066,-0.5180340070165742,-0.40053633900406493,0
-1.2539880008229902,-0.5272393465490102,-0.39302130614752806,-0.45763323225755154,-0.4403354617469459,-0.23511957508616535,-0.40053633900406493,0
0.2080684540862966,0.021502210453503007,-0.3053356530924546,0.19883280068337827,-0.19823727871594907,1.0379953686006744,-0.40053633900406493,0
-0.04473959898594963,0.8886844637476294,-0.4706739176374364,-0.8466737231662886,-0.1112699702485036,1.6745528404440944,-0.40053633900406493,0
1.9054285735801078,0.37690477327896466,5.025967607759218,-1.435009915637112,-0.5320037058072262,-1.5789631267556072,-0.40053633900406493,0
1.5094821766267084,-1.159855908378332,-0.9383409759744222,0.6330809427451765,-0.689485048167195,0.6843523286876634,2.4966523698860974,1
1.167964873918091,-1.569279660753263,0.559236186695076,-0.4442619551559418,0.08381885685414407,-1.5789631267556072,-0.40053633900406493,0
3.102289723374946,-0.14624779920011588,-0.4067520453935673,0.5980609312885797,0.8994311822109972,-0.9424056549121874,-0.40053633900406493,0
-0.11066152545373135,-0.7845508020346447,-1.1078704766598908,-0.8543144529386371,-0.2475971024407154,1.1794525845658788,-0.40053633900406493,0
0.5810976982611961,0.5631357161995069,-0.8006082186548691,-0.405421578813171,-0.6401252244424287,0.7550809366702657,-0.40053633900406493,0
-0.7454615190431292,1.5753222151264208,0.1678966755011778,0.4229608740055968,-0.832863583748659,1.1087239765832766,2.4966523698860974,1
-0.6462778631211347,-0.4675317159943319,0.7494750988531724,-0.28189644749353926,1.103921880499315,1.1087239765832766,-0.40053633900406493,0
-1.2761391931588488,0.5787734289638259,-1.1107577726677818,-0.769629697961776,-0.964489780348036,0.5428951127224589,-0.40053633900406493,0
-0.39137403814008626,1.4061505952215012,-0.36916054598920106,-0.6766674857315377,-0.13947558380551295,-1.2960486948251986,-0.40053633900406493,0
0.2727417554139048,-0.03536219959857086,-0.5131633541672602,-0.385046299420242,-0.8352140515450766,1.3916384085136855,2.4966523698860974,0
-0.23034935322490271,-0.34243001387977007,1.3309651845820454,2.1949734537093866,-0.8164103091737369,1.1087239765832766,-0.40053633900406493,0
-0.6753196164157309,0.6256865672567878,-0.2944096333805188,0.5725918320474186,-1.133723461690092,-1.7204203427208118,2.4966523698860974,1
-1.000093695262543,0.7806420846486888,-0.5392930469716286,-0.6473780216042023,0.07911792126130929,1.53309562447889,-0.40053633900406493,0
-0.2913603633663382,-0.45758044423522,0.33118781164947736,-1.2306203942267937,4.589665622586385,0.0477948568442435,-0.40053633900406493,0
-1.0852639747142405,0.5389683419273749,-0.09395908402790336,0.9119675794358915,0.5327582059698761,-1.0131342628947897,-0.40053633900406493,0
-1.0548841885533837,0.0030212771865780292,-0.3152390687976048,-1.6393994370474305,-0.39332610581859695,0.7550809366702657,-0.40053633900406493,0
-1.1551338860216667,-0.6551842691661763,-1.1391880844395283,-0.4582699597385805,-0.8986766820483475,0.89653815263547,-0.40053633900406493,0
-0.2742451211500122,0.2901865479495517,-0.20656746910187151,-0.6728471208453636,-0.541405576992896,1.4623670164962876,-0.40053633900406493,0
-0.06994161587555,0.22052764563576152,0.16996492811208477,0.8712170206500335,-1.1008169125402478,1.6745528404440944,2.4966523698860974,1
0.6044653152535039,-0.2173283117652082,0.0014983594787396654,-0.03420945737324673,2.17573519566567,-0.6594912229817786,-0.40053633900406493,0
0.11005086674513939,-2.1819936790643593,-1.1625697090115774,-0.6091743727424606,0.6338283212158262,0.0477948568442435,-0.40053633900406493,0
-0.7701394216763604,0.4906335933831124,-0.3805464974563013,0.10778077089622681,0.1848889721000943,0.4721665047398568,-0.40053633900406493,0
-0.5919553045193139,0.46362299860837763,-0.6705377899495393,-1.197510565213284,-0.46148967191470286,-0.022933751138358716,-0.40053633900406493,0
-0.458127011134634,0.10822043578291597,0.20974758464648324,1.0870676367188745,1.83491736518514,0.89653815263547,-0.40053633900406493,0
-0.935793782522806,1.7871421425703955,-0.6949285758465944,-0.3449324681154131,-0.9245318278089394,0.40143789675725455,-0.40053633900406493,0
-0.7563744000007478,-0.7177351202234572,0.3415646017915715,-0.7791806101772115,-1.070260831186821,-0.16439096710356313,-0.40053633900406493,0
-0.9258616460854392,-0.8755338581179626,0.19937079450438913,-1.1306541797052359,0.6902395483298449,0.11852346482684571,2.4966523698860974,1
-0.707350191204982,-0.8058749558041723,1.2377901164032232,0.5910569289972605,2.6082212702064793,-1.508234518773005,-0.40053633900406493,0
-0.04181723380876879,-0.050999912362891496,-0.8386077994703939,-0.3786790246099517,1.6938892974000934,-0.5887626149991764,-0.40053633900406493,0
2.6569196946042593,-0.22301475277041527,0.3935004028460482,-0.1500938589205301,1.5646135685971339,1.6038242324614922,2.4966523698860974,0
0.3211281205852527,0.3200403632268908,-0.4665998248667409,-0.8727795498884788,2.9913475210225227,0.18925207280944792,-0.40053633900406493,0
1.3905781223317282,1.3635022876824459,-0.49498404744381536,-0.003646538283853136,-1.3006066752357306,-0.800948438946983,-0.40053633900406493,0
-0.7057699695941115,-1.1911313339069731,-0.4426900949390749,0.5961507488454929,1.1908891889667603,1.1087239765832766,-0.40053633900406493,0
0.8116949538468591,-1.459815671403022,0.7961288861599243,-0.3710382948376035,-0.7717514210418055,-0.30584818306876754,2.4966523698860974,1
-1.373618963910137,0.884419632993723,3.8255284433317884,1.0998021863394551,1.7902584770532086,-0.9424056549121874,-0.40053633900406493,0
-1.2455134501116698,-0.21164187075999952,0.2881040165466954,0.44715651828469977,1.8889781245027413,-1.2253200868425962,-0.40053633900406493,0
0.2876389323949424,0.2475382404104963,0.5861820423217614,-1.2573629484300128,-0.5531579159749832,1.6038242324614922,-0.40053633900406493,0
-0.027580166744086355,0.5588708854456004,-0.7531334675680216,0.6553664045811926,-0.3651204922615876,-0.30584818306876754,-0.40053633900406493,0
0.46519137197764604,0.40249375780239727,-0.8375871158467199,0.3331822991805036,0.7701554534080379,0.33070928877465233,-0.40053633900406493,0
0.31845239741106934,0.6910806388166731,-0.9408086682724865,-1.1593069163515421,3.5836654057197186,-0.6594912229817786,-0.40053633900406493,0
0.40242988873160473,-0.4874342595125591,-1.3578813131582628,-0.6779409406935958,-0.047807339745232706,0.2599806807920501,-0.40053633900406493,0
-0.6501535681515674,0.24185179940528923,-1.0197863441092154,1.0558679901484522,-0.8305131159522416,-1.0131342628947897,-0.40053633900406493,0
0.8233792761805192,1.2455086368243933,-0.003689555496529638,-0.8434900857611435,0.1966413110821815,0.89653815263547,-0.40053633900406493,0
-0.8424610230052477,0.4096018090589065,-0.616486686897928,-0.9084362888261046,0.16138429413591976,1.53309562447889,-0.40053633900406493,0
-0.27137448228179334,-0.7575402072599099,-0.9078827396371066,0.903690122182514,-0.5226018346215564,-0.6594912229817786,-0.40053633900406493,0
0.13153235753119277,1.310902708384277,0.4674063468857435,0.3643819457509258,0.14493101956099777,0.4721665047398568,-0.40053633900406493,0
-0.5804552785712267,2.2520086947461,0.44076295159909334,-0.5060245208157578,0.35882358903498524,-1.437505910790403,-0.40053633900406493,0
-0.4190880353185468,0.010129328443087263,0.417399570666602,-0.43534777042153544,-0.1747326007517747,-1.0838628708773919,-0.40053633900406493,0
1.0281716122025888,0.31719714272428645,-0.10682853144850914,-0.6855816704659442,0.3188656364958885,-0.800948438946983,2.4966523698860974,1
-0.9898580521381546,0.13523103055765073,1.1131130836660754,-1.1631272812377165,-0.029003597373893138,-1.2253200868425962,-0.40053633900406493,0
1.8409642328383724,0.29302976845215606,-0.4443838728432716,-1.0325981476267654,0.5774170941018075,-1.2253200868425962,-0.40053633900406493,0
-0.9606388536247354,-0.2642414500581685,-0.29722491502173465,-1.2331673041509097,0.760753582222368,1.6038242324614922,-0.40053633900406493,0
-0.43888996257585605,0.18498738935321538,2.4992753793652995,-0.5251263452466287,-0.7035878549456996,-0.8716770469295853,-0.40053633900406493,0
-0.8016164221922176,0.4223963013206228,0.09531483561674746,0.31153356482551653,-0.5672607227534878,0.40143789675725455,-0.40053633900406493,0
1.0154030927307527,1.3165891493894857,-0.05512509675050388,-0.9109831987502206,-0.32986347531532606,0.5428951127224589,-0.40053633900406493,0
-1.2367764997138275,1.8084662963399232,0.2386829571765106,0.00908801133672747,-0.6377747566460111,0.0477948568442435,-0.40053633900406493,0
0.20227716283258476,0.2091547636253458,-1.1102709555490584,-0.4684575994350449,-0.20998961769803645,-1.437505910790403,-0.40053633900406493,0
0.48557667608371136,0.0598856872386519,-0.2459919741860062,0.6534562221381053,0.7631040500187853,-1.3667773028078007,-0.40053633900406493,0
-0.25095663513366573,0.8389281049520648,-0.7252206990447796,-0.42133976583889676,-0.959788844755201,1.6745528404440944,-0.40053633900406493,0
1.1910471398152642,-1.806688572720672,-0.7033638586631298,-1.0013985010563429,1.400080822847913,-0.447305399033972,-0.40053633900406493,0
0.48206168498266216,-0.7589618175112105,-0.7793524581870669,-1.1714047384910937,-0.6142700786818368,0.89653815263547,-0.40053633900406493,0
-0.79817508113373,-0.18889610673917126,-0.5548347074916561,-1.538796495044844,-1.2159898345647024,-0.5180340070165742,-0.40053633900406493,0
-1.0302401991955648,2.1155341106211223,0.304322612113468,-0.8632286376730434,0.13317868057891039,-1.437505910790403,-0.40053633900406493,0
-1.1029769812294974,-1.1811800621478596,1.0139291367318886,-1.5426168599310182,-0.8916252786590951,-0.800948438946983,-0.40053633900406493,0
0.09764066329432462,-0.33674357287456297,0.9217161804918448,-0.07050292379190132,0.6620339347728353,-0.022933751138358716,-0.40053633900406493,0
0.5260112345667582,-0.1192372044253795,-0.2809093401078396,-0.6289129246543604,-0.04310640415239792,0.6843523286876634,-0.40053633900406493,0
-1.355320182637761,-0.4035592546857488,0.8826699908806428,-0.9682886720428333,1.823165026203053,-0.09366235912096092,-0.40053633900406493,0
-0.7184566176232858,-0.1277668659331909,-1.168128257927334,-0.40414812385111293,0.09087026024339646,1.3916384085136855,-0.40053633900406493,0
-0.11857393793322028,0.9583433660614196,-1.2772088992257815,-1.5330659477155828,0.389379670388412,-0.5887626149991764,-0.40053633900406493,0
2.2877425189345058,-1.8735042545318594,-0.3987622914588616,-0.6703002109212474,1.6186743279147353,-0.5887626149991764,-0.40053633900406493,0
-1.3101209802384788,-1.344665241047572,1.9589381435207618,-1.4069939064718349,-0.28285411938697713,-0.7302198309643808,2.4966523698860974,1
-0.31531204232407717,0.735150556607029,-0.48379877601184956,-1.350325160660251,-0.3134102007404039,1.3209098005310833,-0.40053633900406493,0
0.12377957723697725,-0.7774427507781354,-0.585322709767197,-1.0370552399939685,-0.5108494956394692,1.53309562447889,-0.40053633900406493,1
-0.2956135676846917,0.7195128438427101,-0.08737505053069404,1.4442717535761604,-1.1196206549115875,-0.8716770469295853,-0.40053633900406493,0
-0.05580800142879159,-2.560142005910651,0.3748400401532141,-1.2796484102660288,0.2718562805675398,-0.7302198309643808,-0.40053633900406493,0
0.08808294311984116,1.0507480323960396,-0.30202587280007004,0.40513250453678384,-0.7388448718919612,0.40143789675725455,2.4966523698860974,1
-0.562155127065501,-1.4626588919056245,-0.4636155495117276,-1.5566248645136567,-0.18648493973386188,0.5428951127224589,-0.40053633900406493,0
-1.143640368681992,0.4223963013206228,0.024630334246315305,1.092161456567107,0.7725059212044554,0.9672667606180723,-0.40053633900406493,0
-0.6696105391630179,-0.2756143320685826,0.09917672605364057,-0.4296172230922741,1.0005012974569476,0.0477948568442435,-0.40053633900406493,0
0.6862065857468634,0.9881971813387587,1.37213147714816,-0.7409769613154696,-0.3557186210759178,-1.0131342628947897,-0.40053633900406493,0
1.0530488837882428,-0.9821546269656011,-0.26776719828542433,-0.13417567189480434,1.9124828024669158,1.3209098005310833,-0.40053633900406493,0
-1.1857534630187707,0.4678878293622825,0.7012706021840177,0.26377900374833924,0.5045525924128667,-0.5887626149991764,2.4966523698860974,1
-1.359048245024733,-0.5187096850411987,-0.14463607395290046,-1.044059242285288,1.4776462601296887,-0.8716770469295853,-0.40053633900406493,0
-0.4974732617794556,0.10822043578291597,-1.1205680497920323,0.09249931135153037,-1.0350038142405593,-0.9424056549121874,-0.40053633900406493,0
0.29763889538313343,0.4394556243362456,6.980962744100512,-0.2939942696330909,-0.6659803702030205,1.3916384085136855,-0.40053633900406493,0
3.934241289268559,0.8460361562085741,-1.0950058301970633,0.2115673503039589,-0.5696111905499054,1.4623670164962876,-0.40053633900406493,0
-0.5377070810767297,-1.5038855891933793,-0.3890643567466241,0.04347129531229482,-0.4920457532681297,-0.37657679105136976,-0.40053633900406493,0
-0.0525077944053524,1.3222755903946928,0.30533081324691846,0.990285059602462,-1.1313729938936745,-1.6496917347382096,-0.40053633900406493,0
-0.4547326005683836,0.31008909146777724,-0.19744276874836736,0.16763315411295573,2.0558613380483797,1.0379953686006744,-0.40053633900406493,0
-0.48646138146230034,-0.525817736297708,-0.9157495890526871,0.9934686970076072,1.8184640906102179,-0.5887626149991764,-0.40053633900406493,0
1.6764437400890395,-0.948035980934357,-0.8896006924172055,-0.510481613182961,-1.070260831186821,-0.5180340070165742,-0.40053633900406493,0
-0.24535854678230176,0.4877903728805081,0.00493392486491637,-1.6056528805528922,0.28360861954962696,0.2599806807920501,-0.40053633900406493,0
-0.43540237614180666,0.04140475397172853,-0.15652612598672594,0.7005740557342536,-0.07601295330224206,-1.437505910790403,-0.40053633900406493,0
0.9441341731729912,-2.3795975039953166,-0.6675007040589642,0.1256091403650398,-1.039704749833394,-0.37657679105136976,2.4966523698860974,1
-0.7742237447343284,1.9776379162448443,-0.2232652002549222,0.30007247016699384,-0.28520458718339453,-1.508234518773005,-0.40053633900406493,0
-0.3781358711875428,-0.4845910390099547,0.4477262607607911,-0.38313611697715494,1.7738052024782867,1.1087239765832766,-0.40053633900406493,0
-1.0802691315952073,-0.2756143320685826,-1.0681252675961632,0.5885100190731444,0.003902951775951005,0.18925207280944792,-0.40053633900406493,0
-0.32679082965523976,-0.23723085528343374,-0.7005418556810242,0.05684257241390439,-0.7059383227421171,-1.3667773028078007,-0.40053633900406493,0
0.2812200742669374,-0.9167605554057158,0.35337687830938797,-1.4044469965477187,-0.09951763126641643,-0.5180340070165742,-0.40053633900406493,0
-0.45966235760329227,0.38116960403286954,1.1417748016027378,0.14407423731488175,-1.0444056854262291,1.1794525845658788,2.4966523698860974,1
-0.6104513993940874,-0.5656228233341606,-0.6879489434284505,1.6091841711626793,0.3917301381848294,-0.800948438946983,-0.40053633900406493,0
0.2972408425949629,-0.46611010574303136,-0.5932759764227875,0.6432685824416409,-0.7247420651134566,-0.30584818306876754,-0.40053633900406493,0
-0.5849979446847647,0.8147607306799328,-0.35540196118804757,1.027215253502146,0.2507020703997826,1.2501811925484811,-0.40053633900406493,0
-0.4782156597204277,0.7251992848479171,-0.46767427921753224,1.2258742275832033,-0.8281626481558242,-0.09366235912096092,-0.40053633900406493,0
-0.20372571923469282,-0.6196440128836301,0.1860058882410588,-1.2000574751374,-1.0326533464441416,1.4623670164962876,-0.40053633900406493,0
0.36921269186126626,-2.2018962225825858,-1.0196394348011983,1.9033522673980905,0.3118142331066363,-0.800948438946983,2.4966523698860974,1
0.7366380241930639,0.7451018283661426,-0.7338576220880049,0.8387439191175531,0.35882358903498524,1.2501811925484811,-0.40053633900406493,0
-1.147312594059952,0.19351705086102677,0.2206371170793036,1.4067048321954476,0.586818965287477,0.6136237207050612,-0.40053633900406493,0
-0.792347821254581,0.22763569689227076,0.3326674668367603,-1.0364185125129395,-0.5719616583463227,-0.6594912229817786,-0.40053633900406493,0
-0.6327598260068569,1.1971738882801293,-0.8572172720107775,-0.5448648971585285,-0.28755505497981193,-1.2960486948251986,-0.40053633900406493,0
-0.5354338639491044,0.09116111276729316,0.903550316450179,0.07085057699654326,-0.4168307837827715,0.6136237207050612,-0.40053633900406493,0
-0.42499613896534505,0.9796675198309474,-0.5973299051708141,0.32172120452198094,0.45519276868810027,-1.2960486948251986,-0.40053633900406493,0
1.9167812994430717,1.3805616106980687,-0.20071510157008077,-1.0217737804492717,-1.0326533464441416,-0.022933751138358716,-0.40053633900406493,0
1.763671082357402,1.0606993041551531,0.647393293803982,-1.4190917286113864,0.840669487300561,1.53309562447889,-0.40053633900406493,0
1.178273481968366,1.524144246079554,0.959682154602921,-0.5041143383726707,-0.2405456990514632,-0.8716770469295853,-0.40053633900406493,0
1.81823069132877,0.11675009729072576,-0.8562340358577745,-1.0771690712987974,0.8124638737435519,0.7550809366702657,-0.40053633900406493,0
-0.7081990507652977,-0.3083113678485261,-0.11967397408022341,-0.022111635233695085,-0.2758027159977247,-1.437505910790403,-0.40053633900406493,0
1.61302797041838,0.42381791157192494,-0.7105182459444052,0.9896483321214331,0.7748563890008727,0.33070928877465233,-0.40053633900406493,0
-0.323225139920241,-1.4441779586387011,0.6100303199898647,-0.2475131635179717,0.3705759280170724,0.0477948568442435,-0.40053633900406493,0
-1.1250637725979067,-0.636703335899253,-0.47115209303215855,-1.1803189232255002,1.8114126872209657,-1.437505910790403,-0.40053633900406493,0
-0.3503632965333704,-0.21590670151390604,0.11795615249937717,0.2873379205464132,0.586818965287477,0.6843523286876634,-0.40053633900406493,0
-0.7453268936164932,0.042826364223030704,0.732756243485897,-0.4499925024852031,0.4410899619095957,0.5428951127224589,-0.40053633900406493,0
-0.6840110065546863,0.9711378583231359,-0.8948548606098157,-0.18575059785815573,0.21074411786068606,-0.9424056549121874,-0.40053633900406493,0
-0.8375901860043882,-1.7725699266894281,0.32635132678358236,0.8839515702706141,-1.2677001260858862,-0.5180340070165742,-0.40053633900406493,0
-0.49539324755417824,-0.6836164741922133,-0.4355001805702397,-0.9326319331052078,-1.2418449803252944,-1.0838628708773919,-0.40053633900406493,0
1.6144817880027142,1.0777586271707744,0.12210225963674766,0.31026010986345826,-0.5014476244537995,0.2599806807920501,-0.40053633900406493,0
0.5845804888785207,-0.21590670151390604,-0.04505364752311192,-0.7212384094035698,-0.985643990515793,0.89653815263547,-0.40053633900406493,0
1.8832191463268748,0.6555403825341269,-0.5574973186755208,-1.025594145335446,2.182786599054922,-0.30584818306876754,-0.40053633900406493,0
-1.0525904179255088,-0.9650953039499782,-0.319449508769205,-1.0587039743489555,0.7913096635757949,0.18925207280944792,2.4966523698860974,0
-0.708169590748273,0.3498941785042299,-0.07949955939111276,1.0348559832744941,1.0475106533852963,1.3916384085136855,-0.40053633900406493,0
0.02600383608209233,-1.2949088822520074,0.023064261819022172,1.3799622779922285,-0.7200411295206217,0.6843523286876634,-0.40053633900406493,0
-0.4798719292822224,0.6342162287645993,-0.13660887254752363,0.44651979080367077,1.9900482397486914,-1.0131342628947897,-0.40053633900406493,0
-0.38631308126191644,-1.0262245447559586,-0.0497297803992105,-1.4783073843470862,-0.4849943498788773,-0.16439096710356313,-0.40053633900406493,0
-0.38843317481268086,0.7522098796226518,-0.9251930730026728,1.1112632809979779,0.4928002534307796,0.18925207280944792,-0.40053633900406493,0
1.0579159526473894,-0.42346179820397595,-0.12491277920794297,0.018638923552162925,-0.10656903465566882,0.9672667606180723,-0.40053633900406493,0
0.0736571264111982,2.244900643489591,-0.2872062763299043,-1.5687226866532082,0.010954355165203397,-1.0131342628947897,-0.40053633900406493,0
0.8472734053375591,0.7650043718843681,0.5158806573820405,-0.8587715453058402,0.41288434835258636,0.4721665047398568,-0.40053633900406493,0
-0.6574870570406877,1.4644366155248774,0.29341675642420145,0.26759936863451333,0.44814136529884807,1.1087239765832766,-0.40053633900406493,0
-0.8467861645744755,0.9000573457580436,1.1620569278330934,-0.46782087195401595,1.8208145584066353,-0.5180340070165742,-0.40053633900406493,0
-0.8284959472605372,-1.2124554876765008,1.8280505918015593,0.25995863886216514,0.0720665178720569,-0.447305399033972,2.4966523698860974,1
0.5337544232275242,1.8610658756380922,-1.2571255326474489,1.1068061886307747,0.10967400261473603,-0.5887626149991764,-0.40053633900406493,0
-0.7525332933624023,-0.089383389148042,0.8773140423831319,-0.13608585433789158,-0.4873448176752948,0.9672667606180723,-0.40053633900406493,0
0.12430060846830904,-0.6168007923810258,4.03568364873753,-0.7880947949116179,-0.19118587532669687,1.1087239765832766,-0.40053633900406493,0
-0.3953970432556425,0.10822043578291597,1.8067516227137521,-0.9663784895997463,-0.6189710142746717,1.3916384085136855,-0.40053633900406493,0
-0.3243497589422413,2.129750213134141,-0.674250850695304,-1.1936902003271097,-0.673031773592273,1.6038242324614922,-0.40053633900406493,0
0.23042792189135308,1.3265404211485976,-0.40977856917703,0.174637156404275,-1.2912048040500608,1.1794525845658788,-0.40053633900406493,0
-0.4064983312988841,-0.700675797207836,-1.0863525838973915,-0.0023730833217952166,0.06501511448280471,-1.437505910790403,-0.40053633900406493,0
-0.5219610445353763,-0.7618050380138148,-0.7665127767046866,-0.25069680092311686,0.36117405683140263,0.7550809366702657,-0.40053633900406493,0
-0.773069323136966,0.7436802181148404,0.41720273139768993,0.25932191138113614,1.7573519279033645,1.3209098005310833,-0.40053633900406493,0
-0.9929965716262954,-0.25713339880165925,-0.31508639834025376,-1.1351112720724392,-0.5108494956394692,0.2599806807920501,-0.40053633900406493,0
-0.8290820645759934,1.9790595264961448,1.2198700613998084,-0.5658769040324865,-0.9574383769587836,-1.508234518773005,-0.40053633900406493,0
1.6960394472271763,0.10679882553161381,-1.1436750595791605,-0.03166254744913054,0.9346881991572589,0.8258095446528678,-0.40053633900406493,0
-0.5878401512109713,-1.1356885341061997,0.4500729689228413,0.8540253786622498,-0.17003166515893972,-0.5887626149991764,-0.40053633900406493,0
-0.47758603749610967,1.9449408804649009,-0.49908886634429217,1.0609618099966842,-0.6283728854603414,-0.447305399033972,-0.40053633900406493,0
0.15779253712531938,-0.3196842498589402,-0.42939816323397545,-0.598350005564967,-0.249947570237133,1.1794525845658788,-0.40053633900406493,0
1.2170079234224191,-0.5187096850411987,1.3336469995970237,-1.8024016721908622,0.2648048771782874,0.18925207280944792,-0.40053633900406493,0
0.33177038045624924,0.07410178975167037,0.9506323491907587,0.8387439191175531,-1.2677001260858862,1.1087239765832766,-0.40053633900406493,0
-0.6414323754372498,-1.0930402265671444,1.4838468840753583,-0.6976794926054957,-0.7552981464668833,0.4721665047398568,-0.40053633900406493,0
-0.39993902425250544,-0.6622923204226856,1.1625581478251519,-0.8893344643952337,0.6502815957907484,-1.3667773028078007,-0.40053633900406493,0
0.6337163716923101,0.8389281049520648,-0.9138820164769146,0.24085681443129422,0.5445105449519632,1.3916384085136855,-0.40053633900406493,0
-0.34192985282254995,1.0706505759142653,2.908846047626649,-0.24942334596105875,-0.2946064583690643,0.9672667606180723,-0.40053633900406493,0
-0.7003147280694835,-1.5152584712037935,0.7939799774583416,0.019912378514220844,-0.245246634644298,-0.6594912229817786,-0.40053633900406493,0
0.9298546288744596,-1.4555508406491153,-0.5620543877987167,0.7999035427747823,-0.562559787160653,-1.5789631267556072,-0.40053633900406493,0
0.4402140733574431,-0.2287011937756223,0.2970885289330722,0.6197096656435669,0.14023008396816278,-0.8716770469295853,-0.40053633900406493,0
-1.2110298150676078,-1.801002131715465,-0.7721126138573372,-0.6779409406935958,4.859969419174391,-0.30584818306876754,-0.40053633900406493,0
0.11963119576989749,0.23616535840008218,-0.5691377209048728,0.1529884220492879,1.6045715211362304,0.6136237207050612,-0.40053633900406493,0
0.08272224769636212,-0.31257619860243097,0.6761539114708783,-0.2831699024555973,0.4434404297060131,0.11852346482684571,-0.40053633900406493,0
2.586611993741513,0.18640899960451754,-0.5647794114336999,0.26632591367245545,-0.9715411837372883,-1.2253200868425962,-0.40053633900406493,0
1.4202299720254055,1.588116707388137,-1.034441747823362,0.5331147282236188,-0.39567657361501457,1.0379953686006744,-0.40053633900406493,0
-0.7126101744772371,-0.37228382915710917,2.381959175093896,3.2551247096227214,0.4410899619095957,-1.0131342628947897,-0.40053633900406493,0
0.9900147241055541,-0.2884088243303005,-0.9231881930344401,0.6324442152641475,2.4037305719181616,-0.7302198309643808,-0.40053633900406493,0
-1.0052334405583372,0.5972543622307509,-1.0017395438204526,-0.19339132763050432,-0.689485048167195,-0.6594912229817786,-0.40053633900406493,0
-1.316838206678443,-0.42630501870657866,-0.8184322545027171,-1.5559881370326278,-0.2569989736263852,-0.800948438946983,-0.40053633900406493,0
0.9823164105870007,0.8389281049520648,0.011009056837622036,0.7432347969631985,0.15198242295024997,-1.5789631267556072,-0.40053633900406493,0
0.8278301366596085,-2.0654216384576087,-1.163147744328089,-1.4139979087631542,-0.03605500076314553,-0.09366235912096092,-0.40053633900406493,0
0.20137931743000706,-0.5073368030307845,-0.30844379315814885,-0.12908185204657197,2.1169735007552335,0.8258095446528678,-0.40053633900406493,0
1.0104750484875313,0.48636876262920586,1.3689090742873413,0.4809030747792385,0.001552483979533611,-0.5887626149991764,-0.40053633900406493,0
-0.9501856859560368,0.3854344347867761,-0.7168180627411369,-0.0883312932607143,-0.6448261600352635,-1.5789631267556072,-0.40053633900406493,0
2.5701962556503544,0.8787331919885158,0.1987514709509838,-0.8937915567624367,0.47164604326302245,1.6745528404440944,-0.40053633900406493,0
0.020508172673639684,0.1622416253323855,-0.8138425388666285,0.647088947327815,2.4624922668285976,1.3209098005310833,-0.40053633900406493,0
0.25481910319609985,1.5568412818594974,-0.042529303923263075,-0.6632962086299281,-0.4708915431003726,-0.8716770469295853,-0.40053633900406493,0
-0.6949540326460044,-0.6281736743914416,0.4491367821560659,-0.4391681353077096,0.8571227618754832,1.53309562447889,-0.40053633900406493,0
1.4484468448433108,0.48352554212660315,-0.057987427777947395,-1.0981810781727555,0.3188656364958885,-0.7302198309643808,-0.40053633900406493,0
-0.5135193794244558,-0.5457202798159335,0.6244418350488719,-0.22395424671989755,1.3483705313267291,0.0477948568442435,-0.40053633900406493,0
-0.39696424764968796,-0.8058749558041723,-1.1059385712498888,0.17591061136633326,0.34942171784931547,-0.23511957508616535,-0.40053633900406493,0
1.294637466190811,0.3285700247347022,-0.9943652726729294,0.23194262969688773,-0.7929056312095625,0.11852346482684571,-0.40053633900406493,0
-0.12066080332524749,0.7266208950992192,0.4108126565947256,-0.7435238712395859,0.24835160260336522,1.4623670164962876,-0.40053633900406493,0
1.4283643623075921,-0.15904229146183216,-1.0344542303135857,-0.7747235178100083,3.0313054735616194,-0.30584818306876754,-0.40053633900406493,0
-0.6651161737750669,-0.3154194191050353,-1.006773828146815,-1.1230134499328874,-0.9174804244196871,-1.6496917347382096,-0.40053633900406493,0
-0.1414743053531834,-1.1186292110905787,1.243544544396336,-1.5133273958036828,0.6784872093477575,0.89653815263547,-0.40053633900406493,0
-1.2290514666449492,1.58243026638293,0.425555437740438,0.3803001327766516,0.3940806059812468,0.0477948568442435,-0.40053633900406493,0
3.3558130382558846,0.2603327326722126,-0.20747581031353268,-1.4916786614486957,0.23659926362127803,1.6038242324614922,-0.40053633900406493,0
0.5014638466601132,-0.12634525568188873,-1.0174060292427165,1.9778493826784873,-0.1253727770270084,-1.2960486948251986,-0.40053633900406493,0
0.7581119786956929,-1.5948686452766974,3.0429348779924448,-1.5305190377914666,0.6244264500301562,1.6745528404440944,-0.40053633900406493,0
0.6183372151304152,0.6640700440419367,-0.5659258801511663,0.7031209656583698,0.32826750768155827,-1.7204203427208118,-0.40053633900406493,0
-0.5382171504412616,-0.5286609568003123,-0.25871835306481783,-0.7594420582653116,-0.38627470242934475,1.1794525845658788,-0.40053633900406493,0
-0.8162121478362585,0.9540785353075147,0.4400044002701162,-0.3678546574324583,-0.7458962752812137,1.1087239765832766,-0.40053633900406493,0
-0.08690818777340273,1.5639493331160066,-0.6179769041923232,-0.8383962659129113,-0.980943054922958,0.18925207280944792,-0.40053633900406493,0
-0.5357517580863012,1.4004641542162943,-0.6022047976989359,-0.04312364210765322,1.0522115889781312,1.53309562447889,-0.40053633900406493,0
-0.3264993125100304,-0.3083113678485261,1.1240803916149045,0.6942067809239633,-0.7647000176525531,-0.6594912229817786,-0.40053633900406493,0
1.1355520040241938,1.1303582064689435,-1.1920648732185588,0.13961714494767832,-1.2677001260858862,0.0477948568442435,-0.40053633900406493,0
0.21648408476356762,0.908587007265855,-0.9003721212886788,-0.9275381132569755,0.2953609585317141,1.3916384085136855,-0.40053633900406493,0
-0.18861444329271976,-0.048156691860287155,-0.6457686885795512,1.8320387895228392,0.4387394941131783,1.3209098005310833,-0.40053633900406493,0
0.37832166061362965,1.5511548408542903,0.47744899036646554,-0.6626594811488989,-0.5179008990287216,-0.16439096710356313,-0.40053633900406493,0
0.8711534896027615,-0.10786432241496537,0.03693326864907754,-0.277439355126336,-0.5907654007176624,-1.0838628708773919,-0.40053633900406493,0
-0.21189539302564125,-0.6168007923810258,-0.8779391659736289,-0.38822993682538715,-0.39097563802217955,0.4721665047398568,-0.40053633900406493,0
0.03873193367010386,-1.2622118464720655,0.7556088025107734,-0.6792143956556539,-0.20058774651236666,-1.508234518773005,-0.40053633900406493,0
1.248568165614288,-0.24149568603733862,-0.38776713795491785,0.044108022793323785,0.14023008396816278,-0.447305399033972,-0.40053633900406493,0
-0.8171134188222113,-0.20737704000609464,-0.8637091271186427,0.40449577705575485,-0.21704102108728862,-0.23511957508616535,-0.40053633900406493,0
2.497514968067096,0.6100488544924672,0.283790836078639,-1.0230472354113298,-0.03370453296672814,-1.5789631267556072,-0.40053633900406493,0
-0.7274152032654884,0.30440265046257015,2.2084564017510764,-0.5607830841842543,-1.0608589600011513,1.3916384085136855,2.4966523698860974,1
2.225986444409016,-0.9096525041492065,0.2955474214862266,-0.6231823773250992,-0.47559247869320753,1.0379953686006744,2.4966523698860974,1
-0.9030565098833001,-1.1001482778236538,-0.48516512859556393,1.2067724031523324,-0.9456860379766965,-1.3667773028078007,-0.40053633900406493,0
1.4030547821000174,-0.5272393465490102,1.1730597628694825,0.5846896541869703,-0.7106392583349519,1.53309562447889,-0.40053633900406493,0
-1.119598939439829,-1.957379259358668,0.35745001088852757,1.0781534519844684,-0.3392653465009958,-0.37657679105136976,2.4966523698860974,1
0.6245960985148097,-1.2337796414460285,0.45225836490353943,1.0826105443516714,-0.19588681091953167,-0.16439096710356313,-0.40053633900406493,0
-0.38093902606327484,-0.4675317159943319,-1.2644095457887394,-0.0692294688298434,0.32826750768155827,0.6136237207050612,-0.40053633900406493,0
0.9344870452724215,0.3498941785042299,-0.6388658714858606,-0.04121345966456599,0.2906600229388793,-0.447305399033972,-0.40053633900406493,0
-0.6185775682761737,0.5759302084612232,-0.6007664307485464,-1.4210019110544734,0.5680152229161375,-0.9424056549121874,2.4966523698860974,0
0.41661625716233736,-0.8044533455528702,1.8018488846305163,-1.2503589461386935,0.9370386669536763,-1.6496917347382096,-0.40053633900406493,0
1.9225068194959845,-1.1641207391322368,-0.6840707297351111,-0.3608506551411389,0.32826750768155827,-1.3667773028078007,-0.40053633900406493,0
0.22188725742089613,0.8659386997267996,-0.10753427224192448,-0.1258982146414268,2.8056605651055446,-1.6496917347382096,-0.40053633900406493,0
-1.0961590426383092,1.3507077954207296,1.6045304801324864,0.8304664618641758,0.6784872093477575,-1.437505910790403,-0.40053633900406493,0
-0.048441626939271794,0.7863285256538959,-0.4009697718453402,-0.558236174260138,0.47869744665227487,-0.5887626149991764,-0.40053633900406493,0
1.0962410368881346,1.2611463495887123,-0.8501262573721762,0.9571752305889526,-0.9785925871265406,1.3916384085136855,-0.40053633900406493,0
0.027532673942338336,1.2568815188348075,-0.7920701953418774,0.6349911251882637,2.490697880385607,-0.5180340070165742,-0.40053633900406493,0
-0.5821269632582083,2.685599821393163,-0.4683752190531693,0.9730934176146784,-0.10186809906283402,-0.800948438946983,-0.40053633900406493,0
-1.0926694008542348,0.4934768138857151,-0.00563778416297823,-0.36849138491348726,-1.2253917057503723,-1.5789631267556072,-0.40053633900406493,0
-0.610484284994487,0.13523103055765073,0.23228232026643386,-0.5569627192980802,-1.3711207091282538,0.8258095446528678,-0.40053633900406493,0
-0.02776788871303442,0.3243051939807957,-0.9163737135638708,-0.4168826734716935,-0.6753822413886903,0.2599806807920501,-0.40053633900406493,0
0.04476678390177556,1.519879415325649,3.361937398148609,-0.034846184854275694,-0.4309335905612761,-1.3667773028078007,-0.40053633900406493,0
1.4596399385210015,0.1878306098558181,-1.136717511566797,-0.11443711998290448,0.6126741110480692,0.0477948568442435,-0.40053633900406493,0
0.9653481258974601,-0.04389186110638226,-1.1072127454442589,0.6910231435188181,0.43168809072392594,-0.16439096710356313,-0.40053633900406493,0
-0.25029926568401034,-0.3282139113667516,0.2343304088546719,-0.3449324681154131,-1.0067982006835499,1.6745528404440944,-0.40053633900406493,0
-0.4604848401716209,-1.2138770979278013,0.57304566164868,0.34145975643388077,-1.3217608854034875,-1.5789631267556072,-0.40053633900406493,0
-0.9843538247712645,-1.1925529441582736,0.6803134612900281,0.34910048620622935,3.1934877515144224,0.6843523286876634,-0.40053633900406493,0
-0.601205064748388,0.671178095298446,0.6785543903600461,-1.2917462324055806,1.966543561784517,1.4623670164962876,-0.40053633900406493,0
-0.6062588279014707,-0.6864596946948176,0.9185389066341424,-0.13162876197068815,-1.3523169667569142,1.1087239765832766,-0.40053633900406493,0
0.6533244109305968,-0.1405613581949072,-0.5186566100572317,0.431238331258974,1.045160185588879,-0.23511957508616535,-0.40053633900406493,0
-0.8120993924362785,0.6072056339898628,0.792755733224866,-0.5257630727276577,1.712693039771433,-1.437505910790403,-0.40053633900406493,0
-1.2516359952777407,1.0379535401343234,-0.5265887524985975,-1.245265126290461,-0.5014476244537995,0.40143789675725455,-0.40053633900406493,0
5.535122593473246,-0.10644271216366319,0.9835112284399111,0.19119207091102972,2.0511604024555448,-0.022933751138358716,-0.40053633900406493,0
1.7005941028825264,-0.09080499939934256,-0.6579919270831932,-1.2465385812525194,0.42933762292750854,0.6843523286876634,-0.40053633900406493,0
-0.5348045842831239,-1.4925127071829636,1.4950705631695507,-0.11125348257775933,-1.2629991904930513,-0.447305399033972,2.4966523698860974,1
-0.4195713851327541,-0.06521601487590996,0.6857798318164409,2.653417240050288,-0.6119196108854194,-0.447305399033972,-0.40053633900406493,0
1.1703117410882777,-0.1448261889488137,-1.0958075901460451,0.01736546859010465,-1.0044477328871326,1.4623670164962876,-0.40053633900406493,0
0.638361805307097,0.6569619927854274,0.9355592621498969,0.27014627855862955,0.9652442805106859,-0.6594912229817786,-0.40053633900406493,0
-0.052450587162990586,0.1366526408089529,-0.30092645346883135,-0.5505954444877899,-1.0984664447438302,-1.6496917347382096,2.4966523698860974,1
-0.3334950388783792,1.0379535401343234,2.0382192398890813,1.164111661923387,0.16138429413591976,0.89653815263547,-0.40053633900406493,0
0.9834636384592753,-1.0276461550072609,0.4891566060047143,-1.627938342388908,-0.626022417663924,0.9672667606180723,-0.40053633900406493,0
-0.48489451962659247,-0.3680189984032026,-0.6413950160434877,1.5805314345163726,0.8688751008575706,0.8258095446528678,2.4966523698860974,1
0.1662400257279773,-0.19458254774437833,-0.4458817716701122,0.2243018999245395,-1.0843636379653256,1.1087239765832766,2.4966523698860974,1
1.3210737207704104,0.9043221765119501,0.30997525980168,-1.7508267462275109,-1.0984664447438302,-1.2960486948251986,-0.40053633900406493,0
0.3137713377291828,0.8389281049520648,0.7310365404096972,-0.7543482384170794,-0.5249523024179739,-0.23511957508616535,2.4966523698860974,1
0.5409820615903577,0.8417713254546676,-0.4203118705426979,0.5452125503631705,-0.14417651939834797,-1.3667773028078007,-0.40053633900406493,0
-0.23954087853660258,-0.08654016864543766,-0.5411030080540611,1.1036225512256295,2.3919782329360744,-0.9424056549121874,-0.40053633900406493,0
-0.027638744219798186,0.5972543622307509,1.5112632335643204,0.2026531655695524,-1.023251475258472,-0.800948438946983,-0.40053633900406493,0
1.412727944434237,1.0194726068673983,0.1478296321792913,-0.8651388201161305,-0.3792232990400924,-1.154591478859994,-0.40053633900406493,0
-0.06200967757082381,-0.1320316966870974,0.204781473920573,0.856572288586366,0.04386090431504754,-1.0131342628947897,-0.40053633900406493,0
-0.8190290050454904,1.0678073554116625,0.021370483914825496,-0.9033424689778722,2.7939082261234574,0.33070928877465233,-0.40053633900406493,0
-0.8721690522662741,-1.0759809035515233,-0.7978697523381068,1.2774491535465546,0.2742067483639572,-0.09366235912096092,2.4966523698860974,1
-0.9581796273198497,-0.5229745157951052,-1.3087243064658864,1.011933793957449,0.34472078225648045,1.1087239765832766,-0.40053633900406493,0
-0.726671509114784,-1.5493771172350375,-0.6669409123820104,-1.0421490598422007,0.13317868057891039,-1.508234518773005,2.4966523698860974,1
0.1232681376390953,0.3015594299599658,-0.7011688607668748,-1.0287777827405913,-0.3604195566687528,-0.447305399033972,-0.40053633900406493,0
-0.3579567872006501,-0.048156691860287155,-0.24681293796610168,-0.5378608948672092,0.7842582601865423,-0.5887626149991764,-0.40053633900406493,0
0.5409238266729834,0.37406155277636033,-0.8741483297118553,-0.3863197543823001,0.8853283754324928,1.3209098005310833,-0.40053633900406493,0
2.44944033098287,1.0407967606369262,0.6423666910100649,-1.4592055599162153,-0.6847841125743601,1.0379953686006744,-0.40053633900406493,0
1.4223593146512823,-0.7234215612286643,-0.7491755579755619,3.0972162943275214,-0.4943962210645471,-0.022933751138358716,2.4966523698860974,1
-0.9758316584510324,0.7493666591200475,-0.8764364661890097,-0.32901428108968755,-0.5837139973284099,-1.154591478859994,-0.40053633900406493,0
-0.9763866029577764,1.8340552808633575,-0.9789301934155811,0.08676876402226902,1.0945200093136451,-0.022933751138358716,-0.40053633900406493,0
-1.182930439759464,-0.13061008643579522,0.29328040922329657,-0.7931886147598501,-0.6283728854603414,-1.437505910790403,-0.40053633900406493,0
0.7861911430619246,-0.1362965274410023,0.23368131936304076,0.37902667781459365,-0.19353634312311427,0.2599806807920501,-0.40053633900406493,0
-0.6425621328343126,0.05419924623344483,1.6852691472823085,2.180328721645719,0.40583294496333394,-0.7302198309643808,-0.40053633900406493,0
-0.4315962104538856,-0.49312070051776613,2.7685697428761338,-1.2853789575952903,-0.964489780348036,0.0477948568442435,-0.40053633900406493,0
-0.05663733516387002,-0.45331561348131344,-0.6070393621817195,-1.2694607705695644,-0.40977938039351913,0.40143789675725455,-0.40053633900406493,0
-0.975723067458046,-0.47037493649693624,-0.6796576893452653,-1.2013309300994581,-0.4027279770042667,-0.16439096710356313,-0.40053633900406493,0
-0.3833910586430732,0.4991632548909238,-0.45480675218003785,-0.43598449790256444,0.9746461516963555,1.2501811925484811,-0.40053633900406493,0
0.33692965157728055,0.5901463109742416,-0.12090205907992152,2.138304707897803,-1.3311627565891573,-1.3667773028078007,-0.40053633900406493,0
-0.09303998201458594,1.7800340913138863,1.4934151929275805,-0.39077684674950336,0.4833983822451096,0.11852346482684571,-0.40053633900406493,0
0.312573068664621,0.6356378390158998,-0.3513432314822428,-0.4926532437141482,0.03445903312937775,-0.9424056549121874,-0.40053633900406493,0
-0.17200104904082586,0.3015594299599658,0.6004437674980845,0.17654733884736223,-0.26875131260847257,-0.8716770469295853,-0.40053633900406493,0
2.0660380777902456,0.3484725682529277,-0.750279778264579,-1.0657079766402748,0.09322072803981386,1.6038242324614922,-0.40053633900406493,0
0.6189000384789218,0.36695350151985107,1.3323958699999892,0.7578795290268663,0.7490012432402811,0.6136237207050612,-0.40053633900406493,0
-0.34253412572989334,0.7379937771096334,0.30459818708994435,-0.31245936658293266,0.5680152229161375,0.40143789675725455,-0.40053633900406493,0
-0.2909486082446678,0.8886844637476294,-0.34024821805650973,0.3561044884975486,1.0945200093136451,0.9672667606180723,-0.40053633900406493,0
0.5691509762410137,1.37487516969286,-0.5706634652868278,0.7037576931393987,-0.43328405835769346,-0.16439096710356313,-0.40053633900406493,0
-0.4978874148094885,0.62710817750809,-1.0560921470205433,-0.9663784895997463,0.34001984666364565,-1.0131342628947897,-0.40053633900406493,0
-0.4299803627759157,-0.49596392102036885,-0.3045617386985868,0.7992668152937533,-0.06191014652373728,-0.022933751138358716,-0.40053633900406493,0
-0.1601338005549426,-0.19316093749307617,-0.4429176603377679,1.7091503856842365,-0.4215317193756063,1.3916384085136855,-0.40053633900406493,0
-0.39129593483913716,-1.282114389990291,0.8928393796467128,1.310558982560064,-0.689485048167195,0.33070928877465233,2.4966523698860974,1
-1.4280956737638308,-0.9011228426413952,0.2711019046704984,-0.2939942696330909,1.5575621652078817,-0.9424056549121874,-0.40053633900406493,0
-0.16559657836299566,-0.8414152120867185,-0.5574080208608437,0.11096440830137197,0.10732353481831865,0.2599806807920501,-0.40053633900406493,0
-0.6343277155175774,2.0188646135325974,-0.8381641909716756,-1.1631272812377165,1.0522115889781312,-1.0838628708773919,-0.40053633900406493,0
-1.063676975960238,-0.12065881467668166,-0.8672483931928316,-0.35894047269805185,-1.086714105761743,0.18925207280944792,-0.40053633900406493,0
1.0711500088998827,-1.010586831991638,0.7296250588228665,1.2182334978108547,-0.8775224718805905,-1.5789631267556072,2.4966523698860974,1
0.1826304145021613,-1.3603029538118925,0.17901089275802426,-0.6683900284781603,1.066314395756636,-0.800948438946983,-0.40053633900406493,0
1.4948432886321426,0.840349715203367,0.8086603461529356,-1.4585688324351862,-0.13242418041626078,1.3209098005310833,2.4966523698860974,0
2.4091859581853456,0.021502210453503007,0.1547506929125398,-0.017654542866492016,1.3037116431947977,0.4721665047398568,-0.40053633900406493,0
-0.24071311316751484,0.1665064560862904,0.06229000725113399,-1.3165786041657126,1.2096929313381,0.33070928877465233,-0.40053633900406493,0
-1.0298418038490564,-0.7475889355007963,-1.2581538978035682,-0.8657755475971595,-1.070260831186821,-1.0838628708773919,-0.40053633900406493,0
-0.7604114500081413,0.16366323558368767,-0.37014186175909297,-0.853040997976579,0.14023008396816278,-0.022933751138358716,-0.40053633900406493,0
0.48839969934301825,-0.11781559417407894,-0.7071854210546848,1.264714603925974,0.6925900161262623,-0.30584818306876754,-0.40053633900406493,0
1.2995422164670825,1.178692955013206,0.3567845981404502,-0.5913460032736477,1.7173939753642677,0.0477948568442435,2.4966523698860974,1
0.5773196223569494,-1.6616843270878832,0.06610196772713203,2.2191690979884897,-0.0031484516133011772,-1.6496917347382096,2.4966523698860974,1
1.6685820262435,-0.4476291724761064,-0.8964737435726704,0.2052000754936686,-0.6119196108854194,1.1794525845658788,2.4966523698860974,1
0.24782337682775127,0.7266208950992192,-0.7238226601397282,0.4095895969039869,-0.7106392583349519,-1.154591478859994,-0.40053633900406493,0
0.1549102512736258,0.020080600202200836,-1.1536543304172084,1.814210420054027,2.1921884702405916,1.0379953686006744,-0.40053633900406493,0
-0.3451269497864024,-0.318262639607638,-0.9582735924785152,0.4286914213348578,1.0005012974569476,-1.5789631267556072,-0.40053633900406493,0
-0.026545298006510155,0.1110636562855187,-0.5552735150325958,0.9157879443220657,0.6925900161262623,1.3209098005310833,-0.40053633900406493,0
2.1186999135718847,-0.7703346995216263,-0.3121405306474671,-0.7167813170363665,1.4353378397941747,1.0379953686006744,-0.40053633900406493,0
0.15673403186245585,-0.578417315595877,-0.08120293921086615,1.3793255505111994,-1.1313729938936745,0.18925207280944792,-0.40053633900406493,0
-0.8446081786646743,1.0663857451603602,-0.1310349605668763,-0.21631351694754933,-0.32751300751890866,-0.447305399033972,-0.40053633900406493,0
2.126287580747427,0.5531844444403933,1.2138871078164468,0.5057354465393704,-0.22174195668012364,1.3916384085136855,-0.40053633900406493,0
-1.2579719542880716,-0.8471016530919256,1.4983880249943804,0.7381409771149664,0.17783756871084191,-0.7302198309643808,-0.40053633900406493,0
0.4686950586535578,-1.0802457343054281,0.007151007166951675,-0.10743311769158521,-0.668330837999438,-0.022933751138358716,-0.40053633900406493,0
-0.45836645941254406,1.7800340913138863,-1.0046470038510127,0.9667261428043881,0.9793470872891902,-1.0131342628947897,-0.40053633900406493,0
1.4386325484740428,0.7195128438427101,0.4881119175921484,-0.6677533009971314,0.4810479144486922,0.2599806807920501,-0.40053633900406493,0
-1.0019907833355974,0.38116960403286954,1.1335814870582304,-0.02975236500604366,1.2402490126915269,-0.447305399033972,-0.40053633900406493,0
-0.8405307067734562,0.6470107210263155,-0.6884597653360653,-0.7689929704807471,0.4598937042809353,1.3916384085136855,-0.40053633900406493,0
0.08384138578496238,-1.0774025138028254,-0.7986321444333062,0.10205022356696582,-0.9950458617014628,0.4721665047398568,2.4966523698860974,1
0.9702066307981698,-0.1448261889488137,-1.0067987931272626,-0.9116199262312498,0.12377680939324082,0.4721665047398568,2.4966523698860974,1
-0.4934362117720619,-1.1570126878757276,-0.2840184403650897,0.6286238503779734,2.3167632634507163,-1.2960486948251986,-0.40053633900406493,0
0.07616807902504595,-0.6637139306739878,-0.9562763940427276,-0.17492623068066235,0.6361787890122436,-0.5887626149991764,-0.40053633900406493,0
-0.9963169895916467,0.38259121428417175,-0.3295219181881527,-0.9631948521946011,-0.879872939677008,-0.09366235912096092,-0.40053633900406493,0
0.4471114854829302,-0.1277668659331909,0.8184475786798502,-1.4197284560924155,-0.7035878549456996,0.9672667606180723,-0.40053633900406493,0
-0.4994145398780469,1.035110319631719,-0.12145897018220854,-1.369426985091122,-0.13477464821267818,-0.37657679105136976,-0.40053633900406493,0
1.4465072795364067,-0.048156691860287155,-0.4315413107862244,3.4015720302593975,1.3648238059016513,-1.437505910790403,2.4966523698860974,1
-0.3034362298797565,1.0948179501863973,-0.5015988070708061,-0.06986619631087236,-0.1206718414341734,0.8258095446528678,2.4966523698860974,1
0.6838446460098268,-0.7845508020346447,-0.44403436311700883,0.7476918893304019,-0.32516253972249104,1.3209098005310833,2.4966523698860974,1
-0.6250073882709789,-0.6566058794174785,-0.6465109166520818,0.4866336221084995,-0.118321373637756,0.6136237207050612,2.4966523698860974,1
0.18206211022025487,0.22337086613836427,-0.5636291019500108,0.3707492205612161,-1.1196206549115875,-1.154591478859994,2.4966523698860974,1
0.1296945320505255,-0.5428770593133307,1.2265577955850298,0.8591191985104819,0.40348247716691654,0.18925207280944792,-0.40053633900406493,0
-0.6312953891140602,-1.3418220205449676,0.17682741716043715,1.7225216627858462,0.4199357517418387,-1.6496917347382096,-0.40053633900406493,0
0.2274171766630984,-0.9309766579187343,-0.9906493313524977,0.07085057699654326,-1.1172701871151698,-1.437505910790403,2.4966523698860974,1
-0.23244135699199242,-0.32110586011024234,-0.32081106039514096,0.664917316796628,1.3530714669195643,-0.6594912229817786,-0.40053633900406493,0
0.9734533987209594,-0.25713339880165925,0.5554731959884169,-0.29017390474691657,-0.668330837999438,-1.7204203427208118,-0.40053633900406493,0
-0.3464033221519136,1.2128116010444498,-0.7095407709407361,-0.40987867118037424,1.2331976093022743,0.0477948568442435,-0.40053633900406493,0
-0.7220894487924339,0.7166696233401056,1.303891623478456,-0.44107831775079664,1.3507209991231464,1.2501811925484811,-0.40053633900406493,0
1.6905396731186737,1.19006583702362,0.21482027663507225,-1.5871877836030504,-0.0007979838168837832,1.6038242324614922,-0.40053633900406493,0
-0.1340856645717263,1.3137459288868814,-0.6582703826343367,0.8597559259915112,-0.047807339745232706,0.4721665047398568,-0.40053633900406493,0
0.01708156162366455,-2.2900360581633,-0.8959811653046134,-0.9077995613450754,-0.7106392583349519,0.33070928877465233,2.4966523698860974,1
-0.12467181889899143,0.2048899328714409,-0.16965290474425068,-1.7903038500513107,-0.5649102549570705,0.6136237207050612,2.4966523698860974,1
-0.4779655921340556,-0.3552245061414864,-0.7038497155902972,-0.2615211681006102,0.8336180839113089,1.2501811925484811,-0.40053633900406493,0
-0.702758539249182,0.6342162287645993,-0.37546420355215543,-1.3936226293702252,-1.0585084922047336,-0.23511957508616535,-0.40053633900406493,0
-0.8993716098468528,0.19778188161493165,0.8765007601354817,0.28924810298950043,0.13317868057891039,-1.7204203427208118,-0.40053633900406493,0
-0.9934778660904777,0.4721526601161874,-0.905562916838615,0.4866336221084995,-0.07131201770940707,1.0379953686006744,-0.40053633900406493,0
-0.24986250380370256,-1.2110338774251987,3.0817112537765046,0.24467717931746832,-1.2042374955826152,1.53309562447889,-0.40053633900406493,0
0.6797473057350338,-1.4441779586387011,-0.07982698471159523,0.16890660907501365,-1.1149197193187523,-1.0838628708773919,-0.40053633900406493,0
-1.176213555877837,-1.9659089208664795,-0.7721558224773422,-1.1764985583393262,-0.8822234074734253,-1.2253200868425962,2.4966523698860974,1
-0.6833012256793939,1.6549323891993244,1.1420311727481007,-0.574791088766893,-0.18413447193744448,-1.0131342628947897,-0.40053633900406493,0
-0.7992469461717558,-0.049578302111589326,0.4188273755098788,-0.6645696635919862,-0.5813635295319926,-1.6496917347382096,-0.40053633900406493,0
-0.6313803435817594,-0.7333728329877779,1.7813526356832468,1.5155852314514118,-0.9292327634017743,1.3209098005310833,2.4966523698860974,1
-0.5056888383876285,-0.37228382915710917,0.06160731105505464,0.1835513411386815,-0.7505972108740486,-0.16439096710356313,-0.40053633900406493,0
-0.5424891954681778,0.5844598699690347,-0.14263407455933458,-0.5416812597533834,0.23659926362127803,1.6745528404440944,-0.40053633900406493,0
-0.44887725090555985,0.33994290674511635,0.05406212581062255,0.5248372709702414,-0.8704710684913382,1.1087239765832766,2.4966523698860974,1
0.5358738316616135,1.0024132838517772,-0.6887074947574274,1.2048622207092452,-0.4896952854717122,-1.0838628708773919,-0.40053633900406493,0
1.1125872356367814,-1.8493368802597274,-0.3700957725644208,1.1316385603909067,-0.5061485600466343,-0.09366235912096092,-0.40053633900406493,0
1.188542695809829,2.1624472489140842,-0.9322668041932722,-0.3926870291925904,-0.08776529228432925,-1.154591478859994,-0.40053633900406493,0
-0.014879131264737312,-0.24860373729384785,-0.7146153833124367,-0.5334038025000061,1.590468714357726,-1.437505910790403,-0.40053633900406493,0
-0.4214229129469215,1.3336484724051068,-0.5986184822385192,-0.6983162200865247,0.24365066701053043,-1.7204203427208118,-0.40053633900406493,0
-1.1709809772725817,2.2903921715312507,1.7284835284366615,0.72922679238056,-0.3204616041296563,1.3916384085136855,-0.40053633900406493,0
-0.38959992851019304,-1.4114809228587595,-0.4788653117988322,-0.06477237646263997,-0.09481669567358164,-0.6594912229817786,2.4966523698860974,1
1.603468194893872,-0.0382054201011752,-0.6173201331682469,0.6400849450364957,-0.8681206006949208,-0.6594912229817786,-0.40053633900406493,0
-0.8239721218555616,0.4209746910693222,-0.37580507155441734,0.3083499274203714,-1.0114991362763848,-1.154591478859994,-0.40053633900406493,0
-1.1853235523052128,-1.2209851491843107,-0.7824692399767623,1.330934261952993,0.638529256808661,-1.0838628708773919,2.4966523698860974,1
-1.4085951978435185,-0.16046390171313432,-0.5096932218850795,-0.3054553642916134,0.3118142331066363,-0.6594912229817786,-0.40053633900406493,0
-0.9320157066185596,0.9370192122918919,1.858808407904243,-0.32774082612762945,0.10027213142906626,0.9672667606180723,-0.40053633900406493,0
1.5929191108906746,-0.089383389148042,2.1428042643238956,1.742260214697746,-0.8281626481558242,1.4623670164962876,-0.40053633900406493,0
-0.4112033700643953,1.8354768911146597,-0.44086285040864037,0.8342868267503499,0.03680950092579536,0.40143789675725455,-0.40053633900406493,0
0.2557138655736402,1.030845488877814,-0.38991124569872243,-0.5887990933495315,0.9958003618641124,0.2599806807920501,-0.40053633900406493,0
-0.7449678924787972,-0.29978170634071466,-0.4525378195339964,-0.07368656119704647,-1.0326533464441416,-0.9424056549121874,-0.40053633900406493,0
-0.5758708203405141,0.7593179308791611,-0.9899829584128649,0.646452219846786,0.5586133517304679,1.4623670164962876,-0.40053633900406493,0
-0.945066151602155,0.8147607306799328,-1.250321615283992,0.059389482338020584,-0.3604195566687528,1.1794525845658788,-0.40053633900406493,0
0.39146630914003655,-0.26992789106337556,1.3081174265149471,0.8228257320918273,-0.3627700244651702,0.9672667606180723,-0.40053633900406493,0
1.975820886352216,1.3507077954207296,-0.34428198278186695,0.8858617527137014,2.9490391006870085,1.2501811925484811,-0.40053633900406493,0
-0.7356040603233365,1.2710976213478258,-0.15986759260044747,-0.6773042132125668,-0.731793468502709,-1.3667773028078007,-0.40053633900406493,0
0.5425122696839539,1.133201426971546,1.5941642520975048,0.2453139067984973,-0.45208780072903304,-0.447305399033972,-0.40053633900406493,0
0.483145197004163,2.118377331123727,2.269896178823546,-0.2889004497848587,-0.9574383769587836,0.89653815263547,-0.40053633900406493,0
-0.14220395461205032,-0.7035190177104388,-0.31925170930873764,0.5636776473130121,-0.8728215362877556,1.3916384085136855,-0.40053633900406493,0
-1.0272222602422227,2.685599821393163,0.4494190784734319,-1.6578645339972726,-0.6565784990173508,-1.508234518773005,-0.40053633900406493,0
2.6818846611243123,0.9355976020405897,-1.0624265307132792,-0.03166254744913054,-0.04075593635598032,-0.7302198309643808,-0.40053633900406493,0
2.238699811988515,-0.14340457869751153,0.021229335756142498,1.33284444439608,-0.4379849939505285,-1.508234518773005,-0.40053633900406493,0
0.2902673825185514,-0.20737704000609464,-0.44851269653264003,0.6209831206056248,-0.346316749890248,1.6038242324614922,-0.40053633900406493,0
0.04419539659483177,0.32714841448340004,-0.5508902405809757,-0.2513335284041458,0.9793470872891902,1.1794525845658788,-0.40053633900406493,0
-1.2466284775002203,1.3265404211485976,-0.4824909951130311,-0.48755942386591583,-0.1089195024520862,0.8258095446528678,-0.40053633900406493,0
0.1839115826843974,0.7607395411304633,0.12768289295828464,1.2519800543053934,0.38702920259199436,-0.23511957508616535,-0.40053633900406493,0
0.16586972016514392,1.1715849037566965,-0.7996144203947536,-0.9370890254724108,-0.8234617125629893,-0.022933751138358716,-0.40053633900406493,0
1.8662864877044343,0.4380340140849434,-0.9682979923196795,-0.37358520476171947,0.04386090431504754,-0.5180340070165742,-0.40053633900406493,0
1.3647416874010847,-0.10644271216366319,-0.15419766146423325,0.6719213190879473,-0.6800831769815252,1.6038242324614922,-0.40053633900406493,0
-0.6232743856415851,-1.8152182342284835,-0.9121085426735978,-0.5646034490704284,-0.8728215362877556,0.40143789675725455,-0.40053633900406493,0
3.934587958306105,0.6740213158010503,0.14422891384553974,0.19819607320234933,1.4423892431834269,-0.9424056549121874,-0.40053633900406493,0
-0.8884871612312463,0.05277763598214266,1.4769363854492221,0.1962858907592621,0.03210856533296036,-0.5180340070165742,2.4966523698860974,1
-0.8135264904702879,-0.06521601487590996,-0.6457091567030999,1.7842842284456624,1.8936790600955762,0.40143789675725455,2.4966523698860974,1
-0.25949969751248514,0.9256463302814778,0.6681459138966147,-0.5034776108916416,-1.0420552176298117,0.2599806807920501,-0.40053633900406493,0
-0.8121141224447908,-1.1328453136035972,1.4987817035322037,-0.46909432691607406,2.1357772431265727,-1.7204203427208118,2.4966523698860974,1
1.2213625250086717,0.6512755517802205,-0.9027485953889549,0.8552988336243077,-0.21939148888370624,1.6038242324614922,-0.40053633900406493,0
0.1385023920242294,1.6506675584454196,-1.0939985892551685,-0.2621578955816394,-0.7082887905385346,1.3209098005310833,-0.40053633900406493,0
0.6870962097493413,0.08831789226468882,-0.9706302976083949,-0.9663784895997463,-0.25934944142280275,1.3209098005310833,-0.40053633900406493,0
-0.6164430872752346,0.16366323558368767,-0.5586802746721026,0.6719213190879473,1.479996727926106,-0.09366235912096092,-0.40053633900406493,0
-0.6977469107716114,1.1929090575262242,0.16084598890791438,0.9514446832596912,0.9816975550856081,-0.5180340070165742,-0.40053633900406493,0
-0.9443769242271125,-0.21448509126260387,2.1196329217025376,0.7604264389509825,1.1344779618527416,-0.30584818306876754,-0.40053633900406493,0
-1.2292960532979216,-0.7518537662547012,-0.591973956673303,1.7448071246218626,0.0697160500756395,0.11852346482684571,2.4966523698860974,1
-0.3514358466880714,-1.0418622575202792,0.5521374905240293,1.3634073634854733,-0.7647000176525531,-0.022933751138358716,2.4966523698860974,1
-1.2332416402292035,-0.7916588532911539,0.21188209047473114,-0.572880906323806,0.6737862737549227,0.8258095446528678,-0.40053633900406493,1
-0.2430630633627392,0.6143136852463721,-0.4271657178670495,1.5130383215272958,-1.0162000718692197,0.8258095446528678,-0.40053633900406493,0
-0.3882396293519954,-0.31399780885373313,-0.4673612567703849,0.06575675714831089,-0.118321373637756,-1.0838628708773919,-0.40053633900406493,0
-0.33484917198650194,-0.5087584132820867,-0.2969483798537026,0.641358399998554,-1.150176736265014,-0.8716770469295853,-0.40053633900406493,0
-0.7763585682936052,-1.0219597140020522,0.5345563831397652,-1.5126906683226538,0.13317868057891039,1.2501811925484811,-0.40053633900406493,0
-1.1103491792107545,0.5915679212255438,-0.24866994843476184,1.7734598612681687,-0.8187607769701544,-1.0838628708773919,-0.40053633900406493,0
0.4714882793375022,-0.41919696745006946,-0.9511729759243571,0.09950331364284963,-0.626022417663924,0.7550809366702657,-0.40053633900406493,0
1.773680636979043,0.9256463302814778,-0.7664033148673407,-0.8059231643804308,-0.3369148787045784,-0.9424056549121874,-0.40053633900406493,0
1.4328666065373052,-0.24291729628864078,-0.33702677538724657,-0.22841133908710062,0.506903060209284,-0.447305399033972,-0.40053633900406493,0
0.7673583133413922,1.0550128631499445,1.761521799484054,-1.3929859018891961,-1.2724010616787211,0.2599806807920501,-0.40053633900406493,0
-0.2928580284178719,1.1985954985314313,-0.4205893659022857,0.029463290729656297,-0.6777327091851078,-0.23511957508616535,-0.40053633900406493,0
0.5969026548365987,-0.30688975759722387,0.06231305184846981,2.036428310933158,-0.8845738752698429,-0.8716770469295853,-0.40053633900406493,0
-0.5671362678510343,-0.7490105457520985,-0.44808637148192376,2.8737249484863323,-0.3040083295547341,-1.2960486948251986,2.4966523698860974,1
-0.8421773847018007,0.4650446088596782,1.346598063299861,-0.3557568352929067,-0.8187607769701544,1.1087239765832766,-0.40053633900406493,0
-0.4337639196135619,0.8872628534963273,-0.39745547075159865,-0.7588053307842825,-0.39567657361501457,-0.800948438946983,-0.40053633900406493,0
1.258301960774244,0.4778391011213961,0.3268266216036373,-1.5515310446654247,0.8782769720432402,1.2501811925484811,-0.40053633900406493,0
-1.108119124433654,0.33994290674511635,-1.050299311365204,-1.1707680110100647,-0.8446159227307464,-0.16439096710356313,-0.40053633900406493,0
0.2613383309169915,0.5005848651422243,0.5385104519660022,-0.04567055203176906,-1.053807556611899,-1.0838628708773919,-0.40053633900406493,0
-0.8801688171218245,-0.3239490806128467,1.0721186653884247,-0.2857168123797135,-0.3063587973511515,-0.022933751138358716,-0.40053633900406493,0
0.7099164185183301,-0.45900205448652215,-0.7705791879429368,0.6445420374036991,-0.6518775634245159,1.3916384085136855,-0.40053633900406493,0
-0.4626213765225852,-0.5812605360984796,4.34604444489269,1.0342192557934653,0.11202447041115343,-0.37657679105136976,-0.40053633900406493,0
0.4326332573486506,0.8417713254546676,-0.12805644636119698,-0.900158831572727,0.7795573245937075,-0.30584818306876754,-0.40053633900406493,0
-0.2876319584210287,-0.6224872333862345,-0.3363623228307249,-0.9039791964589013,-0.4638401397111203,-1.437505910790403,-0.40053633900406493,0
0.13563689153107306,1.8354768911146597,5.563213026794507,-1.5878245110840792,-0.8869243430662602,0.7550809366702657,-0.40053633900406493,0
-0.21504521693891934,-0.4518940032300129,0.4475092574692101,-1.456658649992099,0.4246366873346735,-1.3667773028078007,-0.40053633900406493,0
-0.4359532099485007,0.28307849669304247,-0.7495375501920485,0.058116027375962664,-0.7012373871492822,-1.2253200868425962,-0.40053633900406493,0
-1.1119876357389993,-0.13487491718970013,0.49359653175811863,-0.30227172688646825,-0.9715411837372883,0.2599806807920501,-0.40053633900406493,0
0.12343633378280609,-0.7248431714799665,-0.6954461190950991,-0.07623347112116266,-0.5954663363104973,1.1794525845658788,-0.40053633900406493,0
-0.403142972383108,-0.6893029151974203,0.31144819364807336,1.5531521528321246,-0.4285831227648587,1.3209098005310833,-0.40053633900406493,0
-0.8916935072702113,0.1494471330706692,0.5474527159239295,0.8597559259915112,0.34237031446006305,0.33070928877465233,-0.40053633900406493,0
-1.035488535484345,2.1439663156471593,0.4313060249673281,1.4926630421343663,-0.642475692238846,-0.022933751138358716,-0.40053633900406493,0
-0.784773513854201,0.03571831296652147,-0.7527013813679714,-1.4057204515097768,-0.13712511600909558,1.2501811925484811,-0.40053633900406493,0
-1.174252409395671,0.5560276649429977,0.7888688778075255,1.62191872078326,-1.2300926413432072,-1.154591478859994,-0.40053633900406493,0
-0.20694405481547015,1.7587099375443587,-0.3828740017872383,-0.23159497649224578,-0.0525082753380675,1.1087239765832766,-0.40053633900406493,0
1.2137197059407923,-0.4447859519735037,-0.17324786192866812,0.15553533197340408,-0.7035878549456996,-0.6594912229817786,-0.40053633900406493,0
-0.0016282896537066608,0.521909018911752,0.8996250533706123,-0.3150062765070488,-0.3087092651475691,1.53309562447889,-0.40053633900406493,0
0.5151113708259645,0.7650043718843681,-0.41036908698376523,-0.44680886508005796,0.2036927144714339,0.4721665047398568,-0.40053633900406493,0
-0.561372381264322,-1.3873135485866273,-0.2113290590264246,-0.3143695490260197,0.06501511448280471,1.1087239765832766,-0.40053633900406493,0
-0.01837904979893663,-0.5741524848419705,-0.6218051879247679,-1.5814572362737889,-1.096115976947413,-1.0838628708773919,-0.40053633900406493,0
-0.674610863215451,-1.437069907382192,-0.11282780828831702,1.0978920038963682,0.8970807144145798,-1.0838628708773919,-0.40053633900406493,0
-0.9122082984278505,0.5588708854456004,-0.9930517306247768,0.23894663198820698,0.23894973141769543,0.89653815263547,-0.40053633900406493,0
0.18655236490815602,-0.8883283503796788,1.0569265145946605,0.41086305186604516,-0.6307233532567589,-0.30584818306876754,2.4966523698860974,1
0.774811697648636,-0.2215931425191131,-0.4765262851692271,1.714880933013498,0.0720665178720569,0.89653815263547,-0.40053633900406493,0
-0.28199927167757777,0.855987427967686,0.0048407862840167265,0.7871689931542016,-1.0185505396656371,-1.5789631267556072,-0.40053633900406493,0
0.06937891533420733,-0.031097368844665966,-0.653715233894252,-0.7670827880376601,-1.0820131701689082,1.1087239765832766,-0.40053633900406493,0
0.3418981177043265,0.8204471716851398,-1.0733064612305427,-0.5499587170067607,-0.769400953245388,-1.7204203427208118,-0.40053633900406493,0
0.4070999865466914,-0.6395465564018556,-0.03590206180604884,0.029463290729656297,-0.03840546855956292,0.18925207280944792,-0.40053633900406493,0
1.9659497252989238,1.1118772732020183,4.037901691231122,2.4885048224637694,-0.7059383227421171,0.4721665047398568,-0.40053633900406493,0
-0.4030182811482594,0.5460763931838841,0.9019141500393226,-0.2634313505436975,0.10027213142906626,-1.2253200868425962,2.4966523698860974,1
-0.4631403524038921,-0.8200910583171909,0.02672067126300241,-1.1911432904029937,2.9913475210225227,1.2501811925484811,-0.40053633900406493,0
-0.5440995622127476,-2.243122919870339,0.091240742846052,0.687202778632644,0.003902951775951005,0.11852346482684571,2.4966523698860974,1
-0.6003592882131099,0.9256463302814778,-0.40845926597954346,-1.2057880224666615,-0.9997467972942976,-1.437505910790403,-0.40053633900406493,0
0.23388125249165315,-0.8925931811335853,-0.824198204794498,0.11478477318754643,-0.14417651939834797,-0.16439096710356313,-0.40053633900406493,0
-0.4632629882887156,1.2312925343113748,-0.09002998018211365,-0.6257292872492153,-0.731793468502709,-0.23511957508616535,-0.40053633900406493,0
-0.992167237891217,-1.5550635582402446,-0.79544238808538,-1.3312233362293802,-0.5813635295319926,0.33070928877465233,-0.40053633900406493,0
-0.49998489950997826,0.10537721528031163,0.022054140302460536,1.54933178794595,-0.4238821871720237,0.4721665047398568,-0.40053633900406493,0
2.0770773627744004,-0.29978170634071466,0.45674726042628305,-1.1242869048949455,0.21544505345352108,-0.800948438946983,2.4966523698860974,1
0.2683378254270526,1.2270277035574684,-0.39308563898175775,1.1106265535169488,-0.9668402481444535,1.3916384085136855,-0.40053633900406493,0
-0.6375121378229427,-0.012616435577740991,-0.6134265564100169,-0.37358520476171947,0.2013422466750163,1.3916384085136855,-0.40053633900406493,0
-0.5764213115888706,0.24469501990789197,0.25929442911046013,0.691659870999847,-0.45443826852545066,-0.7302198309643808,-0.40053633900406493,0
0.11783481984806697,2.132593433636745,1.4532964693486985,-1.071438523969536,1.8255154939994704,1.1794525845658788,-0.40053633900406493,0
0.9132566497477529,-0.7120486792182502,0.03869329977061547,-0.40987867118037424,0.03915996872221275,-0.022933751138358716,-0.40053633900406493,0
-0.8888749372692921,-0.5542499413237448,-0.6126065528214774,-0.7199649544415117,-0.5179008990287216,-0.7302198309643808,-0.40053633900406493,0
-1.0587407103169169,1.761553158046963,-0.738558719944551,-0.40987867118037424,1.3013611753983803,-0.37657679105136976,-0.40053633900406493,0
-0.7332383524445873,-0.39645120342923956,1.4726203244064986,-0.7568951483411954,0.08851979244697908,-0.5887626149991764,-0.40053633900406493,0
-0.635956580412372,1.3819832209493692,0.6942823280418727,1.566523429933734,0.135529148375328,-1.0838628708773919,-0.40053633900406493,0
-0.10214449750856172,1.8340552808633575,-0.42426305879426796,-1.4776706568660571,0.6197255144373214,-0.09366235912096092,-0.40053633900406493,0
0.47555718727028284,0.41955308081802006,-0.8196564987361926,0.08931567394638522,-0.2358447634586282,-1.7204203427208118,-0.40053633900406493,0
-0.49761576604785396,-0.6793516434383083,-1.133755320617564,0.9259755840185301,2.0746650804197193,0.11852346482684571,-0.40053633900406493,0
0.07680866311616388,0.21341959437925231,-0.3237770921105965,-1.128743997262149,0.3141647009030537,0.7550809366702657,-0.40053633900406493,0
-0.3901394578917497,-2.1208644382583803,0.9379645419968429,-0.1863873253391847,0.6338283212158262,1.1087239765832766,2.4966523698860974,1
-1.1066300233405577,0.5304386804195634,-0.2736656550118873,-0.6626594811488989,-0.7811532922274753,-0.5887626149991764,-0.40053633900406493,0
-0.9364932866479735,0.19067383035842242,-0.39509820048243605,0.3185375671168358,-0.4379849939505285,-0.37657679105136976,-0.40053633900406493,0
-1.3353582806368411,1.0280022683752097,3.156095373210922,1.557609245199328,0.5515619483412157,0.40143789675725455,-0.40053633900406493,0
-0.2588012210623303,1.7715044298060765,-0.009368128356744701,0.840017374079611,3.6447775684265724,-0.30584818306876754,-0.40053633900406493,0
0.2339113976253527,0.10537721528031163,-0.837479574392485,-1.0510632445766073,1.031057378810374,0.7550809366702657,-0.40053633900406493,0
0.45845975808750655,0.012972548945691602,0.0674395145641763,2.1147457910997285,0.003902951775951005,1.6038242324614922,-0.40053633900406493,0
0.14518193704706933,-0.3239490806128467,-0.7871252088301919,-0.8231148063682144,-0.4708915431003726,1.53309562447889,-0.40053633900406493,0
-0.9576414681716431,-0.821512668568493,0.2838417262310892,0.797993360331695,0.16843569752517215,0.4721665047398568,-0.40053633900406493,0
1.1767508101581952,-0.6679787614278926,-0.1693302803815465,-1.687153998124608,-0.9550879091623663,-0.6594912229817786,-0.40053633900406493,0
-0.9001625770481317,0.21199798412795012,-0.37080247354939183,-0.616815102514809,1.0216555076247045,-0.800948438946983,-0.40053633900406493,0
0.6525492014128426,0.06272890774125624,-0.23316573538540536,1.9421926437408612,-0.26640084481205495,-0.09366235912096092,2.4966523698860974,1
-0.37430093059927216,-1.1683855698861432,-0.29570493178911367,-0.7823642475823567,1.162683575409751,0.4721665047398568,-0.40053633900406493,0
-0.8137734750316227,-0.27703594231988476,-0.9239342618731935,-0.3016349994054391,-0.09716716346999903,1.2501811925484811,-0.40053633900406493,0
-0.21392779164200668,-1.0333325960124677,-0.42321548980703516,-1.5330659477155828,1.1861882533739254,-1.3667773028078007,-0.40053633900406493,0
-1.0205149679940457,0.31719714272428645,0.6850318425945761,-0.9670152170807752,3.590716809108971,-1.3667773028078007,-0.40053633900406493,0
-0.10800704089647284,0.8460361562085741,-0.2706122458648658,-0.833939173545708,-0.02195219398464075,-1.437505910790403,-0.40053633900406493,0
-0.13253798600291816,1.242665416321789,-0.9718507010756477,1.1303651054288486,-0.5437560447893134,1.6745528404440944,-0.40053633900406493,0
2.2680861789706324,-0.31257619860243097,-0.03686705431949436,1.5143117764893537,-1.053807556611899,0.2599806807920501,2.4966523698860974,1
-1.2173089093939145,1.6151273021628734,-0.8956787049645782,0.13388659761841698,-0.19823727871594907,-1.0838628708773919,-0.40053633900406493,0
0.33972629784460007,1.888076470412827,-0.45717842532253544,1.0246683435780297,-1.0585084922047336,-0.5887626149991764,-0.40053633900406493,0
-1.0499808085104623,-0.1903177169904718,0.10443281462936198,-1.0071290483856041,-0.6589289668137682,1.1794525845658788,-0.40053633900406493,0
1.8380836597783663,0.8872628534963273,-1.0735013801163433,0.2243018999245395,-0.9879944583122104,-0.7302198309643808,-0.40053633900406493,0
-0.41982967411922634,0.9213814995275713,-0.846042562685924,-0.19593823755462014,-0.985643990515793,0.40143789675725455,-0.40053633900406493,0
2.1536237360796293,-0.9665169142012804,0.9453839421474824,0.8444744664468143,1.7361977177356074,0.89653815263547,-0.40053633900406493,0
-0.6673678097274298,0.8531442074650832,-0.25069211185099666,-0.8008293445321986,0.6455806601979132,0.8258095446528678,-0.40053633900406493,0
-0.22449503123709144,-0.5599363823289519,-0.5542077024058054,-0.19275460014947499,0.029758097536542967,0.9672667606180723,-0.40053633900406493,0
-1.0867225881152995,0.35131578875553043,4.750977387940168,-0.3500262879636455,3.2334457040535196,-1.7204203427208118,-0.40053633900406493,0
-0.24565246183587364,-0.6665571511765904,-0.18836607797264637,-0.5404078047913253,0.12142634159682321,0.6136237207050612,-0.40053633900406493,0
1.161139399043478,1.2540382983322031,-0.22889384315424255,1.1883073062024905,0.7137442262940192,-1.508234518773005,-0.40053633900406493,0
-0.388127612775634,0.06699373849516113,-0.43055519405855425,1.8275816971556365,0.1895899076929291,-0.6594912229817786,-0.40053633900406493,0
-0.0031602105389900137,0.7593179308791611,0.7257862129833096,-0.939635935396527,-0.1206718414341734,-1.0131342628947897,-0.40053633900406493,0
0.820787137240685,2.0217078340352,0.3401915278669676,-0.723785319327686,1.407132226237165,1.3209098005310833,-0.40053633900406493,0
-1.1433543324701827,0.9569217558101174,-0.9445246095929182,-1.538796495044844,0.9229358601751719,0.8258095446528678,-0.40053633900406493,0
0.7057265874924133,0.3683751117711533,0.2903883122576274,-0.984843586549588,-0.9080785532340173,1.1794525845658788,-0.40053633900406493,0
-0.6772674031227347,-0.07090245588111703,0.3153340888738581,-0.6951325826813796,-0.7270925329098741,-0.6594912229817786,-0.40053633900406493,0
-0.19297041511232244,0.1665064560862904,-0.13463471870907215,0.31026010986345826,-0.9268822956053568,0.2599806807920501,-0.40053633900406493,0
-1.211633745416614,-0.9963707294786195,-0.7303106744813707,1.2736287886603805,-0.7976065668023974,0.6843523286876634,-0.40053633900406493,0
3.939241270762654,-0.9750465757090918,-0.7574552897600791,-0.6079009177804024,0.2977114263281315,1.3916384085136855,-0.40053633900406493,0
0.13762886826361392,2.055826480066446,-0.33183790022042176,-1.4369200980801993,-0.7505972108740486,1.0379953686006744,-0.40053633900406493,0
-0.7653877949769498,1.1303582064689435,-0.3699968728341872,0.3783899503335647,-0.6777327091851078,-0.6594912229817786,-0.40053633900406493,0
-0.13727042943542916,1.2241844830548656,-0.8263691979018611,-0.18829750778227192,1.585767778764891,-1.0131342628947897,-0.40053633900406493,0
0.3683624620676008,-1.0361758165150705,-0.7551700338575914,0.49873144424805116,0.6244264500301562,1.3209098005310833,-0.40053633900406493,0
-0.08384194809447355,1.3635022876824459,-0.7100179861439028,-0.9116199262312498,-1.0209010074620546,-0.16439096710356313,-0.40053633900406493,0
-1.0782038473784423,-0.3822351009162211,2.2105150524464268,-0.8912446468383207,-0.731793468502709,0.8258095446528678,-0.40053633900406493,0
-0.77706389591051,0.1622416253323855,1.2922099330122105,1.41179865204368,0.10262259922548364,-1.7204203427208118,2.4966523698860974,1
1.866793131485591,-1.8834555262909716,-1.0047084561105752,1.6155514459729696,-0.03370453296672814,0.11852346482684571,2.4966523698860974,1
1.6300250300082701,-0.11781559417407894,0.570677829272405,-0.4296172230922741,-0.19353634312311427,0.33070928877465233,2.4966523698860974,1
0.4379137941211554,-1.5664364402506603,0.23247435857756726,0.4337852411830902,-0.5884149329212448,0.33070928877465233,2.4966523698860974,1
1.4920630851650232,-1.6958029731191286,-0.21030741521119486,0.5713183770853607,-1.1407748650793443,1.3209098005310833,-0.40053633900406493,0
0.03392035926163105,1.2583031290861095,0.02111987391879633,-1.5712695965773245,0.7231460974796888,-0.9424056549121874,-0.40053633900406493,0
-0.7086282763621805,0.6868158080627665,0.17423970091791466,-0.9943944987650235,0.2530525381962002,-0.022933751138358716,-0.40053633900406493,0
2.3480817721761107,-1.476874994418643,0.782741895490814,-1.1688578285669777,-1.0890645735581603,1.2501811925484811,-0.40053633900406493,0
-0.4583955768712312,-1.246574133707745,-0.9801169901783856,-1.0994545331348136,0.803062002557882,0.7550809366702657,-0.40053633900406493,0
1.1794762042913154,0.9555001455588152,0.06861478902831296,-1.2688240430885354,0.6878890805334276,-0.6594912229817786,-0.40053633900406493,0
0.28508104928885786,0.17219289709149907,0.6529739271255194,-0.35129974292570343,0.09792166363264886,0.89653815263547,-0.40053633900406493,0
-0.1120636167291036,-1.5166800814550958,1.9322841861269997,-0.5225794353225125,-0.5837139973284099,-0.30584818306876754,-0.40053633900406493,0
-0.7005226609803437,0.7507882693713497,-0.6710591739642664,-0.7014998574916699,0.30476282971738394,-0.37657679105136976,-0.40053633900406493,0
1.2925814310491583,0.457936557603169,-1.1777580190391193,1.030398890907291,-1.1948356243969454,0.18925207280944792,-0.40053633900406493,0
-1.3879611963844305,0.5588708854456004,2.571602768487478,0.13261314265635907,0.03680950092579536,0.40143789675725455,-0.40053633900406493,0
0.48778309433552497,0.2759704454365332,-0.3988093408450893,-0.3194633688742521,-0.04075593635598032,0.0477948568442435,-0.40053633900406493,0
0.5793766851736146,1.5213010255769512,1.2452968939854283,-0.7670827880376601,-0.5296532380108088,-0.30584818306876754,-0.40053633900406493,0
-0.3108358325280135,-1.201082605666085,0.8796069798180646,-0.2710720803160457,0.47164604326302245,1.0379953686006744,-0.40053633900406493,0
-1.2379137933943152,0.9171166687736664,-0.09388995023589522,0.8552988336243077,0.8665246330611532,0.6843523286876634,-0.40053633900406493,0
-0.04651096814914281,0.08689628201338827,-0.6280109059490442,0.17718406632839118,-1.2700505938823037,1.53309562447889,-0.40053633900406493,0
1.954142081963765,-1.8578665417675388,-0.7711850688145627,-0.3602139276601099,2.6293754803742364,-0.800948438946983,2.4966523698860974,1
0.23735719194222757,-0.29125204483290323,2.5586238592295265,-0.39077684674950336,-0.17238213295535731,1.4623670164962876,-0.40053633900406493,0
2.01925899633843,-0.6722435921817991,1.0595430365838532,0.20137971060749413,-0.2946064583690643,1.1087239765832766,-0.40053633900406493,0
-0.8638472825734772,1.3023730468764672,1.4027106976214898,0.33572920910461945,-0.6800831769815252,1.2501811925484811,-0.40053633900406493,0
-0.10766208465061411,-0.4348346802143901,-0.9912024016885621,-0.46909432691607406,-0.4450363973397809,-0.7302198309643808,-0.40053633900406493,0
-0.6895121508965387,-0.6253304538888372,-0.6320465910575129,-1.281558592709116,-0.06896154991298967,0.89653815263547,-0.40053633900406493,0
-1.2105762678287628,0.005864497689182369,0.05335062386787326,-1.5235150355001472,-0.4920457532681297,-1.0131342628947897,-0.40053633900406493,0
-0.2211338488295782,-1.3361355795397605,-0.5613169606839643,-0.4168826734716935,-1.096115976947413,0.5428951127224589,2.4966523698860974,1
-0.13991532235923781,0.4849471523779053,0.3277484054970779,0.7839853557490565,-0.9315832311981916,-1.6496917347382096,-0.40053633900406493,0
-0.3604584907393856,1.5866950971368365,-1.065097783621145,-0.46527396202989973,-0.9292327634017743,-1.7204203427208118,-0.40053633900406493,0
-0.17394232713941715,1.9790595264961448,-0.7550970592993608,-0.18766078030124297,-0.6518775634245159,1.6038242324614922,-0.40053633900406493,0
-0.7436298596125366,-0.3978728136805417,1.4712194049267802,0.9463508634114592,0.8806274398396576,0.6136237207050612,-0.40053633900406493,0
-1.5013836321627951,0.09542594352119806,-1.0228243901913459,0.13770696250459144,0.2601039415854524,-0.37657679105136976,-0.40053633900406493,0
-0.5956395194390863,0.39396409629458584,0.8560208344446585,1.0284887084642038,-0.7811532922274753,-1.0131342628947897,-0.40053633900406493,0
-1.0582916163364593,0.9967268428465701,-0.6795578294234758,0.0511120250846434,-0.6518775634245159,-0.800948438946983,-0.40053633900406493,0
0.6829742052742486,0.5588708854456004,1.1958326259952385,0.3541943060544614,0.4645946398737701,0.33070928877465233,-0.40053633900406493,0
2.691695874468543,-1.2650550669746683,-1.1497866788309816,-0.832028991102621,0.3212161042923061,-1.7204203427208118,2.4966523698860974,1
-1.2484889118311624,-0.14198296844620936,-0.7822023067242868,-1.242718216366345,-0.6965364515564473,0.18925207280944792,-0.40053633900406493,0
0.44625783010588954,0.7763772538947838,0.8880864314461607,-0.5894358208305607,1.6891883618072587,-0.800948438946983,-0.40053633900406493,0
-0.5645256307609751,0.7081399618322943,-0.22071109071684775,-0.09851893295717871,-0.13242418041626078,-0.30584818306876754,-0.40053633900406493,0
-1.1603757137020347,0.29302976845215606,-0.8742856371043155,-0.89824864912964,0.8524218262826484,-1.3667773028078007,-0.40053633900406493,0
-0.5193017641613926,1.0734937964168696,-0.669246332307167,-0.19848514747873633,-0.6495270956280984,1.6745528404440944,-0.40053633900406493,0
0.036904042381223745,-1.0617648010385048,-0.3815393355248611,-0.9504603025740205,-0.09011576008074663,-0.23511957508616535,-0.40053633900406493,0
1.0897793589679423,-0.16472873246703923,0.8714175060397803,-0.3003615444433812,0.3964310737776642,-0.09366235912096092,2.4966523698860974,1
-0.6849133052156513,-0.11212915316887026,-0.15662022475918125,0.6980271458101374,-1.023251475258472,0.11852346482684571,-0.40053633900406493,0
-0.30981706403229964,-0.7532753765060034,0.6241893046697313,1.465283760450118,1.2684546262485359,-0.800948438946983,2.4966523698860974,1
1.1624130309422886,0.44229884483884996,-1.0181703417210277,-1.3668800751670058,0.015655290758038183,-0.022933751138358716,-0.40053633900406493,0
-0.6929695921968886,0.03571831296652147,-0.7640998153252953,-0.027842182562956428,-0.20998961769803645,-1.2253200868425962,-0.40053633900406493,0
-0.37905838079042026,-1.9431631568456498,1.2792022180075888,-0.9708355819669495,-0.9409851023838615,0.40143789675725455,2.4966523698860974,1
0.7338167137254447,-0.02683253809075946,-0.9964383262416147,-1.586551056122021,-0.18648493973386188,-0.9424056549121874,-0.40053633900406493,0
0.098334001369417,-0.4277266289578809,-0.46332077070413785,-0.7804540651392695,-0.6824336447779427,0.4721665047398568,-0.40053633900406493,0
-0.4717467880751483,0.024345430956105727,0.8509683064787384,-0.1978484199977074,-0.8610691973056684,0.40143789675725455,-0.40053633900406493,0
-0.1986260532643858,-0.3239490806128467,-0.17659124892550104,-1.1854127430737325,-0.5884149329212448,-1.2960486948251986,-0.40053633900406493,0
-0.3784599313748145,0.7621611513817654,-0.5035172697990288,0.03328365561583041,-0.13712511600909558,-1.3667773028078007,-0.40053633900406493,0
-0.8532135866609181,0.6455891107750134,-0.5619161202147007,-0.05713164669029175,-0.731793468502709,1.53309562447889,-0.40053633900406493,0
-0.03384076292016823,-0.5656228233341606,-0.9537933386797725,-1.2650036782023613,-0.15827932617685253,-0.447305399033972,-0.40053633900406493,0
-0.6836249433083278,0.17219289709149907,0.2843151006680331,-0.5416812597533834,-0.9292327634017743,0.7550809366702657,2.4966523698860974,1
-0.019162480716790685,1.1076124424481135,-0.6807782328907287,-1.1924167453650518,-0.9762421193301232,0.5428951127224589,-0.40053633900406493,0
1.7346272737127808,-2.088167402478437,-0.6270401522862649,-0.2182236993906362,-1.3452655633676618,0.89653815263547,-0.40053633900406493,0
-0.708866011848403,-0.9409279296778478,-1.0519124331787248,-0.8358493559887951,0.8007115347614645,0.5428951127224589,-0.40053633900406493,0
-0.5163451431504624,-0.4646884954917292,-0.7622226408339662,-0.38822993682538715,1.0287069110139568,0.11852346482684571,-0.40053633900406493,0
-0.4754686844120453,-0.16472873246703923,-0.70181699006695,0.8559355611053368,-0.14887745499118274,-0.5887626149991764,-0.40053633900406493,0
5.0630261632111,1.6378730661837018,0.4316200076060313,0.3446433938390259,0.3141647009030537,0.89653815263547,-0.40053633900406493,0
-0.22332793498124165,0.11675009729072576,1.0999863049085508,-0.46272705210578374,-0.879872939677008,1.1087239765832766,-0.40053633900406493,0
-0.44935546234470464,0.7777988641460845,2.4086553809161075,0.08040148921197872,0.638529256808661,-0.447305399033972,-0.40053633900406493,0
-0.6218692113411756,0.36979672202245545,-1.0086942112581492,2.687800524025856,-0.9198308922161045,0.11852346482684571,-0.40053633900406493,0
-0.02171248498111274,-1.1797584518965574,-0.8746553108532474,1.395880465017954,4.018501948056946,-0.5180340070165742,-0.40053633900406493,0
-0.2653307255333467,2.040188767302125,-0.1734206964086883,0.15617205945443305,-1.0491066210190638,1.1794525845658788,-0.40053633900406493,0
-1.1063323401452734,0.29160815820085384,0.7552880985311806,1.8581446162450295,-0.9268822956053568,0.8258095446528678,-0.40053633900406493,0
-0.4908057062984283,0.2987162094573631,0.979043457131392,-0.48692269638488683,-0.6636299024066031,1.1794525845658788,-0.40053633900406493,0
6.670429093045042,1.2710976213478258,0.5127936415305706,2.308310945332554,-0.731793468502709,-0.23511957508616535,-0.40053633900406493,0
-0.645421467277394,0.0598856872386519,1.2809574481713482,0.1638127892267816,-0.626022417663924,-1.2960486948251986,-0.40053633900406493,0
1.222359369770786,-0.21448509126260387,-0.2738279273847949,-0.597713278083938,-0.769400953245388,0.89653815263547,-0.40053633900406493,0
-0.6547411094073174,-0.02683253809075946,-0.6197292537814156,-1.0548836094627814,1.7267958465499378,1.1087239765832766,-0.40053633900406493,0
0.6220087553917004,0.1793009483480083,-1.1940639920374576,0.22493862740556847,-0.38627470242934475,-1.6496917347382096,-0.40053633900406493,0
1.970690732689872,-0.33674357287456297,-1.0233054461607354,0.38284704270076775,-1.150176736265014,0.8258095446528678,2.4966523698860974,0
-0.6599952691878354,1.1673200730027917,0.586229091707989,-0.9256279308138883,0.7066928229047671,-0.7302198309643808,-0.40053633900406493,0
0.020558186190914107,-0.30688975759722387,-0.8243892829140756,-1.3000236896589576,-0.7576486142633009,-1.0838628708773919,-0.40053633900406493,0
-1.1360530440647871,0.8986357355067414,-0.7937562917136289,-0.23668879634047815,-0.3157606685368213,-0.9424056549121874,-0.40053633900406493,0
0.6571000889264806,0.6498539415289183,-0.44148025357893433,2.184149086531893,-0.2475971024407154,0.5428951127224589,-0.40053633900406493,0
1.0508397250697292,-0.04247025085508009,-0.399790656614981,0.3013459251290521,0.819515277132804,-1.3667773028078007,-0.40053633900406493,0
-0.40690700339551716,0.14802552281936704,-0.17735652159536763,-0.6652063910730152,-0.8657701328985032,0.2599806807920501,-0.40053633900406493,0
-0.9449883908595433,0.39965053729979455,-0.8999400350886286,0.21602444267116197,2.3802258939539866,-0.5180340070165742,-0.40053633900406493,0
-0.4300920367939396,0.9782459095796452,-0.40894128214048836,0.9106941244738336,-0.5226018346215564,0.0477948568442435,-0.40053633900406493,0
-0.39995443937769265,0.08405306151078393,-0.278552069838677,2.3038538529653505,-0.9127794888268522,0.2599806807920501,-0.40053633900406493,0
-0.9485664126946919,0.45651494735186837,-0.632009143586842,-0.7549849658981084,-1.0373542820369768,1.6745528404440944,-0.40053633900406493,0
-0.6089061187336418,-1.0077436114890337,-1.0639340314556764,2.009685756729939,-0.3204616041296563,0.18925207280944792,2.4966523698860974,1
-0.8651174888889134,0.19351705086102677,-0.18555943805543154,1.1507403848217774,-0.6871345803707776,-0.5180340070165742,-0.40053633900406493,0
0.3627732802330116,-1.80526696246937,-0.6586362156170458,-1.5540779545895407,0.4410899619095957,1.0379953686006744,-0.40053633900406493,0
0.27713335330060684,1.330805251902504,-0.06661762948028323,-0.9090730163071336,-0.8916252786590951,0.6136237207050612,-0.40053633900406493,0
-0.9887858445417913,-2.763432271846815,0.6981048506249835,-0.32710409864660034,0.4880993178379444,-1.437505910790403,-0.40053633900406493,0
0.2469364932919732,-0.9039660631439995,0.8526601639998237,-0.04185018714559496,-0.8986766820483475,-0.37657679105136976,-0.40053633900406493,0
0.7065350251689048,0.0769450102542747,2.164788810182449,-0.14691022151538496,-0.7905551634131451,-1.437505910790403,-0.40053633900406493,0
-0.6068415196335516,-0.4248834084552765,1.1833751007520141,0.3822103152197388,-0.5696111905499054,1.0379953686006744,-0.40053633900406493,0
-0.4159029278965064,-0.9167605554057158,-0.9198563283362753,1.730799120039224,0.1989917788785989,0.40143789675725455,-0.40053633900406493,0
-0.5873773548970137,-1.0276461550072609,-0.3596335253738724,-0.8587715453058402,-0.12302230923059099,0.2599806807920501,-0.40053633900406493,0
0.34886712452235064,1.2042819395366384,0.9585136014796742,0.8686701107259173,2.0817164838089717,0.11852346482684571,-0.40053633900406493,0
-0.4119960500573616,-0.4447859519735037,-0.8796041381311557,0.3885775900300291,-1.0726112989832384,-1.5789631267556072,2.4966523698860974,0
0.5498087622726244,0.2560679019183077,-0.9090368898870186,-0.5467750796016156,2.737496999009439,-1.2253200868425962,-0.40053633900406493,0
-0.2838295608748201,0.17361450734279962,-0.6871481436710242,-1.3197622415708576,-0.07601295330224206,-0.16439096710356313,-0.40053633900406493,0
1.380203743080654,0.4678878293622825,0.021965802679339157,-0.9574643048653397,0.04621137211146514,-1.0838628708773919,-0.40053633900406493,0
-0.11972596162222014,0.2560679019183077,-1.0014706901848658,0.05429566248978855,-0.4356345261541111,-0.6594912229817786,-0.40053633900406493,0
-0.4524079996901339,0.48352554212660315,-0.12156459125333195,-0.2245909742009265,-1.3570179023497493,1.3916384085136855,-0.40053633900406493,0
0.029501014149591866,2.2520086947461,-0.5901707169317602,-1.5432535874120472,-0.5602093193642356,1.6745528404440944,-0.40053633900406493,0
-0.887320407533734,0.21341959437925231,0.09876000291848104,0.32936193429432914,-0.6753822413886903,1.2501811925484811,-0.40053633900406493,0
1.3860991720689646,-1.0489703087767885,-1.1286086938791884,0.11796841059269159,0.13082821278249301,-1.154591478859994,-0.40053633900406493,0
0.44757839249693776,0.44940689609535917,-0.8133345975336805,-0.618088557476867,-0.33221394311174346,0.4721665047398568,-0.40053633900406493,0
-0.47506343789878713,-1.3233410872780442,-0.24690415616388994,1.1214509206944423,0.2695058127711222,0.0477948568442435,2.4966523698860974,1
-0.48692657568462033,0.39680731679719017,-0.6192366755133585,-1.2700974980505935,1.2002910601524304,1.6745528404440944,-0.40053633900406493,0
-0.3331233630821958,1.1346230372228483,-0.7209881746673992,0.66364386183457,0.15668335854308496,0.0477948568442435,-0.40053633900406493,0
0.23819406196073095,-0.8513664838458305,0.3029284139746394,1.6397470902520723,2.352020280396978,0.0477948568442435,-0.40053633900406493,0
-1.2452620122919476,-0.5400338388107264,-1.079241405236121,1.0424967130468428,-0.02195219398464075,1.1087239765832766,2.4966523698860974,1
-0.608880084299992,-0.48885586976385964,-0.6736632134632357,1.814210420054027,0.08851979244697908,0.9672667606180723,-0.40053633900406493,0
0.12369633556096564,-0.03394058934726869,-1.0846415225451929,0.10905422585828509,-1.0608589600011513,1.2501811925484811,-0.40053633900406493,0
-0.2601485030037032,0.5929895314768444,3.3366373108483365,-0.44553541011799985,-1.1407748650793443,-0.37657679105136976,-0.40053633900406493,0
-1.2372574516196722,-1.2280932004408198,0.40551816035677735,2.364979691144137,-1.112569251522335,0.8258095446528678,2.4966523698860974,1
-0.2379240031836203,-1.6033983067845086,-0.030858175564129772,0.2128408052660168,-0.1253727770270084,-1.6496917347382096,-0.40053633900406493,0
2.225891213191192,-1.0205381037507515,-0.33100829471632526,0.903053394701485,-1.0044477328871326,1.53309562447889,-0.40053633900406493,0
-0.44316269271944714,-1.0475486985254863,-0.10953627163549037,0.7865322656731727,-1.065559895593986,-1.3667773028078007,2.4966523698860974,1
-0.04004689232058807,0.9583433660614196,-0.7225360034551344,-0.5798849086151252,0.506903060209284,-1.7204203427208118,-0.40053633900406493,0
1.090279494140687,1.8383201116172623,-0.7368447780176852,0.5554001900596349,1.0169545720318693,-1.2960486948251986,-0.40053633900406493,0
1.5290042337222833,0.884419632993723,0.7385759645047951,0.30198265261008106,-0.9315832311981916,-1.2960486948251986,-0.40053633900406493,0
-1.1776238685533094,0.938440822543194,-0.10265745933069129,-0.6142681925906928,-1.1478262684685965,-1.0838628708773919,2.4966523698860974,1
0.04698553425373878,0.7223560643453127,-0.4039319627945732,-0.6811245780987409,-0.045456871948815314,-0.37657679105136976,-0.40053633900406493,0
-0.8157356491888013,1.727434512015719,0.669129150049618,0.4497034282088159,-0.7176906617242044,1.1087239765832766,-0.40053633900406493,0
-0.7470667474126368,0.31008909146777724,-0.66047018148837,1.1010756413015135,0.6220759822337388,0.2599806807920501,-0.40053633900406493,0
2.061184368706261,1.053591252898644,-0.7237698496041666,-0.5079347032588448,-1.133723461690092,-0.9424056549121874,-0.40053633900406493,0
-0.04402536485226971,-1.0148516627455428,0.5184933386050105,1.4194393818160282,-1.277101997271556,0.8258095446528678,2.4966523698860974,1
1.1182552058889947,-0.38649993167012764,0.06492477287988434,1.3621339085234154,0.9699452161035207,-0.447305399033972,-0.40053633900406493,0
0.5527016674327804,-1.1570126878757276,-0.8379481478716505,-0.039940004702508074,-1.1525272040614316,1.2501811925484811,2.4966523698860974,1
1.3030832420017817,0.7522098796226518,-0.14580366688459162,0.43633215110720636,-0.33221394311174346,0.6136237207050612,-0.40053633900406493,0
-1.2840725016969248,-0.1704151734722463,0.09328691105117869,0.6795620488602955,-1.0679103633904035,-1.5789631267556072,-0.40053633900406493,0
-0.20138570323125563,1.5227226358282533,2.5511295641375447,0.5235638160081834,0.8077629381507171,1.3209098005310833,-0.40053633900406493,0
0.7542266820318103,-0.32252747036154455,-0.17671799421084905,0.2555015464949617,0.8453704228933963,-1.508234518773005,-0.40053633900406493,0
0.6310310568846769,-0.31684102935633746,-0.4309344697230428,0.7566060740648084,0.029758097536542967,0.18925207280944792,-0.40053633900406493,0
-1.0612067877885525,2.3771103968606617,1.1224461455871595,-0.7562584208601665,-0.118321373637756,-0.800948438946983,-0.40053633900406493,0
0.41623807275774166,0.021502210453503007,0.17542745787227473,0.7591529839889243,-0.5907654007176624,0.11852346482684571,-0.40053633900406493,0
-0.6399162122354916,-0.14198296844620936,1.8595794417234437,-1.4636626522834184,-0.6213214820710891,0.2599806807920501,-0.40053633900406493,0
-0.9124676150893352,-0.02683253809075946,-0.03943652692245949,-1.2707342255316223,-0.4943962210645471,0.8258095446528678,-0.40053633900406493,0
-0.28828384693728426,-0.5172880747898966,0.36464184564047414,0.8941392099670785,0.2930104907352967,-0.16439096710356313,-0.40053633900406493,0
1.5928790315651875,-0.8627393658562462,0.8730795976226399,-0.554415809373964,-1.0114991362763848,0.5428951127224589,-0.40053633900406493,0
3.0661292652688394,0.3655318912685489,-0.34580292620604364,0.4095895969039869,-1.2841534006608084,0.40143789675725455,-0.40053633900406493,0
-0.3426026373973926,0.40391536805369943,-0.3900975228605219,-0.6511983864903764,3.20524009049651,-1.508234518773005,-0.40053633900406493,0
-1.1858490367949321,-1.3432436307962698,-0.5779791647494553,0.2669626411534844,-0.5320037058072262,0.89653815263547,2.4966523698860974,1
-0.3603317441545118,0.17361450734279962,1.5268317794479063,2.0848195994913645,-1.2865038684572256,-0.022933751138358716,-0.40053633900406493,0
0.8914552094744777,-1.067451242043712,-0.20123648558480803,0.9508079557786623,1.653931344860997,-1.0838628708773919,-0.40053633900406493,0
-0.5523596714047952,0.568822157204714,1.39755830973378,-0.9810232216634139,0.23189832802844323,1.0379953686006744,-0.40053633900406493,0
-0.5663333111079429,0.3385212964938142,-0.26446413933392965,-0.9549173949412237,-0.39567657361501457,-0.5180340070165742,-0.40053633900406493,0
-0.6035673470437625,1.2639895700913166,0.5146045628045588,0.16317606174575267,-0.7552981464668833,1.0379953686006744,-0.40053633900406493,0
0.6760915231572736,-0.589790197606291,-0.43868897672661017,-0.8638653651540724,1.336618192344642,0.89653815263547,-0.40053633900406493,0
-0.048883527194641785,1.0948179501863973,-0.8836734299440726,-0.3723117497996616,-0.2922559905726469,-0.23511957508616535,-0.40053633900406493,0
-1.1732219939164823,0.7806420846486888,-0.24862385924008967,-1.4713033820557668,-0.3439662820938306,0.8258095446528678,-0.40053633900406493,0
-0.7899786877924568,-0.09506983015324906,1.4538908279216562,-1.2949298698107257,1.764403331292617,1.0379953686006744,-0.40053633900406493,0
-0.46358841870933704,-0.45331561348131344,-0.543611988589019,-1.1402050919206714,-0.47324201089679013,-1.437505910790403,-0.40053633900406493,0
-0.11034294619985999,0.5517628341890911,-0.5246942945592662,1.1532872947458936,-0.8516673261199986,-0.447305399033972,-0.40053633900406493,0
-1.0108243351846138,-1.8550233212649345,0.45112053791007406,-0.446172137599029,-0.7364944040955439,0.18925207280944792,-0.40053633900406493,0
-0.13938812507783108,0.9810891300822495,-0.9749972488035688,0.4885438045515867,-0.16298026176968752,-0.800948438946983,-0.40053633900406493,0
-1.3198763565736975,-0.8627393658562462,0.6678732194948053,-1.3299498812673223,0.8430199550969785,-1.0838628708773919,-0.40053633900406493,0
-0.2221026038080176,1.272519231599128,-0.869690160318893,1.1838502138352873,-0.014900790595388565,1.3209098005310833,-0.40053633900406493,0
-0.8692388082473309,-0.7945020737937566,0.5665883734368189,2.013506121616113,0.11202447041115343,1.3916384085136855,-0.40053633900406493,0
1.3558310599261318,0.5005848651422243,-0.4635550574437205,1.223327317659087,-0.3580690888723354,0.4721665047398568,-0.40053633900406493,0
0.2943845911769189,-0.0467350816089866,0.041572914246060855,1.0450436229709585,2.0276557244913707,-1.3667773028078007,-0.40053633900406493,0
-1.100624975684248,0.6299513980106927,-0.9893309883465669,-0.9733824918910655,-0.3016578617583167,0.11852346482684571,-0.40053633900406493,0
-0.5971830873078444,0.7422586078635383,-0.8902737866977282,0.6432685824416409,0.06031417888996972,1.1794525845658788,-0.40053633900406493,0
-0.6773054270981967,0.7706908128895752,-0.440039006053878,-0.6238191048061282,-0.33456441090816086,1.1087239765832766,-0.40053633900406493,0
0.05530182301313583,-0.18036644523135986,0.6268595973860416,-0.08705783829865603,0.5586133517304679,0.33070928877465233,-0.40053633900406493,0
0.8087862910031782,0.2603327326722126,-0.4019750924041236,-0.8135638941527792,-0.9574383769587836,0.6843523286876634,-0.40053633900406493,0
-1.3956824613115966,0.4948984241370173,-0.36796030654461725,-0.9682886720428333,-0.7599990820597182,0.7550809366702657,-0.40053633900406493,0
-0.751051728552731,1.6535107789480223,-0.5388369559826868,-0.3194633688742521,-0.8164103091737369,1.3209098005310833,-0.40053633900406493,0
0.11954384339383609,0.29302976845215606,-0.6553005101526583,-1.1000912606158424,1.538758422836542,1.1087239765832766,-0.40053633900406493,0
0.12754806150777376,0.44087723458754774,-0.6181593405879,-0.26979862535398774,0.2554030059926176,-0.800948438946983,-0.40053633900406493,0
-0.41172542897073955,0.9299111610353827,0.3444115697541245,1.0246683435780297,0.006253419572368608,-1.3667773028078007,-0.40053633900406493,0
-0.31679703271712367,1.6435595071889104,0.6391442881492462,1.4818386749568733,-0.5437560447893134,0.5428951127224589,-0.40053633900406493,0
0.3618816008805088,0.6967670798218801,-0.5914132048047934,1.4926630421343663,1.3507209991231464,0.2599806807920501,2.4966523698860974,0
-0.20825502557306852,-0.4547372237326156,-0.26112363291176377,-0.11443711998290448,-0.1089195024520862,-1.2253200868425962,-0.40053633900406493,0
-0.39365342131778647,-0.9551440321908663,-1.0858100756684397,-1.128743997262149,-1.0350038142405593,-0.7302198309643808,-0.40053633900406493,0
-0.8884885314645963,-0.5044935825281802,-0.8735405284571178,0.3083499274203714,-0.3157606685368213,0.40143789675725455,-0.40053633900406493,0
0.5109335293418602,-0.36659738815190207,-0.6816385645246064,0.10014004112387859,-0.8023075023952323,0.6136237207050612,-0.40053633900406493,0
1.2842555506563114,1.5909599278907414,0.86331348930995,-0.769629697961776,0.7725059212044554,1.53309562447889,-0.40053633900406493,0
-0.5007594239110573,0.2731272249339289,0.20257687410876146,1.0017461542609847,-0.2969569261654817,1.6745528404440944,-0.40053633900406493,0
-0.804334280041913,-0.7134702894695524,-0.5457666584399361,-0.6320965620595056,0.16373476193233735,1.6745528404440944,2.4966523698860974,0
0.6145810629597688,0.29302976845215606,0.16199245762538075,0.2886113755084715,4.053758965003207,-1.7204203427208118,2.4966523698860974,1
0.20840279102369302,0.9995700633491729,1.0586164517326344,0.9310694038667624,-0.5131999634358867,0.5428951127224589,-0.40053633900406493,0
-0.9114361719351338,-2.0597351974524,-0.11823848770450106,-1.7349085592017852,-0.5014476244537995,-0.09366235912096092,-0.40053633900406493,0
0.7956430127101216,1.6037544201524576,-0.330282389900241,-0.6333700170215636,0.23894973141769543,-0.5887626149991764,-0.40053633900406493,0
0.9398443151125256,-0.14624779920011588,-0.7354909079241946,0.43633215110720636,-0.41212984818993653,-0.8716770469295853,-0.40053633900406493,0
0.6806989327965984,0.9569217558101174,0.1548659158992199,-1.2516324011007514,0.6056227076588167,-0.30584818306876754,-0.40053633900406493,0
0.11752960036935792,-2.8359343946632087,-0.7394939465197707,-0.22140733679578137,0.4175852839454213,-0.022933751138358716,2.4966523698860974,1
0.07431278306916604,0.9341759917892876,-0.5669984141188464,-0.9154402911174239,-0.05955967872731989,1.2501811925484811,-0.40053633900406493,0
-0.3943419635761539,1.5952247586446462,-0.8398560484927611,1.1590178420751551,-0.28755505497981193,1.3209098005310833,-0.40053633900406493,0
0.9647030885479551,-1.3816271075814204,-0.8430227602433512,1.440451388689986,-0.959788844755201,1.6745528404440944,-0.40053633900406493,0
0.5418572981426607,-2.6738708260147988,-0.5744370181005994,-0.9135301086743368,1.9853473041558567,-1.6496917347382096,-0.40053633900406493,0
-0.7871806712917874,1.7686612093034721,-1.272725764852372,-0.6435576567180282,1.479996727926106,0.11852346482684571,-0.40053633900406493,0
-0.651840325405399,-0.48316942875865254,0.7636408048739287,1.0195745237297973,1.2943097720091281,-0.6594912229817786,-0.40053633900406493,0
-0.7040688248901052,-0.2542901782990549,-0.633727886471486,-0.9740192193720945,-0.07836342109865946,-1.508234518773005,-0.40053633900406493,0
-0.6445791163254906,0.5332819009221678,-0.3553011410747024,-1.7508267462275109,0.041510436518630144,1.6038242324614922,-0.40053633900406493,0
0.13523678339287742,1.1033476116942087,-0.7739062516833232,-0.9345421155482948,0.8688751008575706,-1.508234518773005,-0.40053633900406493,0
0.019398968776826855,0.7522098796226518,0.7907182067437404,-0.233505158935333,0.40818341275975156,0.9672667606180723,-0.40053633900406493,0
0.10391256389554368,-0.0595295738707029,0.14729480548278476,-0.29017390474691657,-1.3170599498106528,1.3209098005310833,2.4966523698860974,0
0.7012997060969491,1.5056633128126307,-0.18248874546040825,-0.45062922996623206,-1.1948356243969454,0.0477948568442435,-0.40053633900406493,0
-1.3402592627714003,-0.6438113871557621,0.45607896710353885,0.8833148427895852,-0.08541482448791185,0.89653815263547,2.4966523698860974,1
-0.3892936813564713,-1.0276461550072609,-0.724910557172299,-0.16601204594625585,-0.0548587431344851,-0.6594912229817786,-0.40053633900406493,0
-0.033118992503063605,-0.7646482585164192,-0.27397867745903476,-0.8390329933939402,-0.07601295330224206,0.6843523286876634,-0.40053633900406493,0
-0.7055291510828517,0.6128920749950715,-0.028462497632740336,-0.8880610094331756,-0.7623495498561358,-0.7302198309643808,-0.40053633900406493,0
0.28135709760193595,0.5460763931838841,-0.9187617099628148,0.0702138495155143,-0.6142700786818368,0.33070928877465233,-0.40053633900406493,0
-0.3503495941998705,-1.2607902362207632,0.720308320158229,-0.8651388201161305,-1.1854337532112758,-1.0838628708773919,-0.40053633900406493,0
-0.9020928932799231,-0.8598961453536419,-0.5433076078658726,1.7753700437112554,0.4434404297060131,-0.16439096710356313,-0.40053633900406493,0
0.22512306347688585,1.4445340720066517,0.43478191839884306,-0.4799186940935676,-1.129022526097257,-1.2960486948251986,-0.40053633900406493,0
-0.21865715204948008,1.369188728687653,0.18478932554002878,-1.17395164841521,-0.49909715665738197,0.11852346482684571,-0.40053633900406493,0
0.22070680138988402,2.3827968378658704,0.20506665081260622,2.362432781220021,-0.9503869735695313,-0.09366235912096092,-0.40053633900406493,0
2.0153349905824105,0.5432331726812798,0.3261688903880055,-1.2637302232403032,0.40113200937049914,-1.2960486948251986,-0.40053633900406493,0
0.37831446688854203,0.06557212824386058,-0.2190489991339879,1.4334473863986668,-0.5249523024179739,-1.508234518773005,-0.40053633900406493,0
-0.6171658853673516,-2.109491556247965,-0.1277155783589352,0.6362645801503216,0.7325479686653589,-1.437505910790403,-0.40053633900406493,0
-1.1697741442495824,1.1246717654637364,0.5211933972595463,-1.5757266889445276,0.0697160500756395,-0.5887626149991764,-0.40053633900406493,0
-1.0746241127516063,-1.8450720495058226,-0.11196459607977234,0.6821089587844117,1.0945200093136451,1.6038242324614922,-0.40053633900406493,0
-1.4669633704111702,-0.22017153226781092,0.346544155199261,-1.2217062094923872,1.0686648635530533,0.7550809366702657,-0.40053633900406493,0
-1.0011926224092311,0.1494471330706692,-1.1321114726742618,0.9151512168410366,-1.0185505396656371,-0.5887626149991764,-0.40053633900406493,0
-0.5649990463833948,-0.24576051679124514,-0.05431853584374356,0.7406878870390826,0.16138429413591976,-0.9424056549121874,2.4966523698860974,1
-0.8779761012035108,0.821868781936442,-0.483310038510015,-0.0049199932459114085,-0.4379849939505285,-0.37657679105136976,-0.40053633900406493,0
-0.18749770311248198,0.28450010694434463,0.48932175895228874,-0.27170880779707485,1.082767670331558,-0.23511957508616535,-0.40053633900406493,0
-0.617727338482508,-0.20595542975479245,-1.2664365101627526,1.62191872078326,-0.08306435669149445,1.0379953686006744,-0.40053633900406493,0
-0.16070313251186127,-0.9650953039499782,-0.6740741754490612,0.619072938162538,3.1300251210111516,1.3209098005310833,-0.40053633900406493,0
0.022647106932966465,-0.08796177889673984,-0.2963338572580757,0.9960156069317234,-0.9292327634017743,1.4623670164962876,-0.40053633900406493,0
2.1469181566231397,1.2355573650652798,-0.6006924959987602,-0.3245571887224843,3.875123412475482,-0.37657679105136976,-0.40053633900406493,0
-0.5620396849057646,-2.4890614933455586,-0.9735041509345065,0.14853132968208482,0.22484692463919084,-1.437505910790403,-0.40053633900406493,0
0.2812495342839621,-1.1626991288809363,-0.48029023606744214,-0.8333024460646791,0.9182349245823367,1.1794525845658788,-0.40053633900406493,0
-1.1241224222864672,-1.195396164660878,3.959734417067376,-0.4856492414228287,-0.8070084379880672,1.3209098005310833,-0.40053633900406493,0
2.054728514277807,-1.0845105650593347,-0.09552227588052926,-1.3898022644840509,-0.9386346345874441,-0.5180340070165742,-0.40053633900406493,0
0.5328836399336088,-0.37654865991101405,1.4091833488982417,-1.0542468819817523,0.003902951775951005,-0.447305399033972,-0.40053633900406493,0
-0.7353598162287017,-0.40213764443444827,1.05213995968966,1.885523897929278,-0.9409851023838615,-1.0838628708773919,2.4966523698860974,1
-1.2530312353863629,1.9563137624753166,-0.047229441588253505,-0.5996234605270251,0.3752768636099072,-0.16439096710356313,-0.40053633900406493,0
-0.432443357222514,1.60517603040376,-0.937759099891688,-0.38568302690127115,0.4975011890236144,-0.447305399033972,-0.40053633900406493,0
-0.5395880689079218,0.735150556607029,-0.1693072357842105,0.9285224939426462,4.547357202250871,-1.0838628708773919,-0.40053633900406493,0
-1.0112809654484962,-1.5820741530149809,-0.48134260601245316,0.43633215110720636,1.0686648635530533,-0.9424056549121874,-0.40053633900406493,0
-0.21698032898743594,-1.067451242043712,-0.3984002992423751,0.600607841212696,1.6022210533398131,-0.447305399033972,2.4966523698860974,1
-0.020553952683700367,-0.6694003716791948,-0.06185027840639602,-0.3506630154446745,-1.1971860921933628,-1.437505910790403,2.4966523698860974,1
-0.3722349612658323,-0.23154441427822667,-1.1519365477241201,0.3841204976628257,4.636674978514733,0.0477948568442435,-0.40053633900406493,0
0.42090817057282837,-0.27987916282248915,0.08968715290898265,0.38539395262488396,-0.3134102007404039,0.6843523286876634,-0.40053633900406493,0
0.8791251646746369,0.05846407698735134,-0.11231506599759096,-0.8033762544563146,-0.8986766820483475,0.7550809366702657,-0.40053633900406493,0
-0.6699541251755267,0.028610261710012238,0.9391273339707558,-0.5575994467791091,-0.22174195668012364,1.0379953686006744,-0.40053633900406493,0
0.5484577121895391,0.961186586564024,-0.6818344436019625,0.7833486282680275,2.1569314532943302,-1.437505910790403,-0.40053633900406493,0
-0.9158548319304982,-1.863552982772746,0.5047193907389661,-0.574791088766893,-0.37217189565083997,-1.7204203427208118,2.4966523698860974,1
-0.37327120023675847,-1.6048199170358093,4.310919677594832,-0.05776837417132071,0.7960105991686297,-0.447305399033972,-0.40053633900406493,0
-0.40699230042155365,-0.739059273992985,-0.897669182059476,0.8075442725471305,-0.09011576008074663,0.9672667606180723,-0.40053633900406493,0
-1.0309910870713566,0.5588708854456004,-0.37638598744559587,1.5365972383253694,-0.964489780348036,-1.2253200868425962,-0.40053633900406493,0
-1.1542069231604017,-0.4135105264448624,-0.7630234405913925,-0.169195683351401,-0.7576486142633009,1.6038242324614922,-0.40053633900406493,0
-0.4922739113329371,1.2796272828556372,-0.2861327821706687,-0.20357896732696873,-1.2042374955826152,-0.9424056549121874,-0.40053633900406493,0
-0.4111968614559828,-0.9451927604317527,0.2815343859228214,-0.7734500628479503,-0.18648493973386188,-0.5887626149991764,-0.40053633900406493,0
-0.2053268369041503,-0.7305296124851736,2.1338783236224144,0.6388114900744378,-0.5884149329212448,-0.16439096710356313,-0.40053633900406493,0
1.0503361643136098,0.37263994252505817,0.1475559775859263,0.7712508061284759,-0.47559247869320753,-1.508234518773005,-0.40053633900406493,0
0.27409999922207756,0.6768645363036546,-0.4255266708815258,-0.3455691955964423,2.0464594668627103,0.89653815263547,-0.40053633900406493,0
-0.6090729446440023,0.8957925150041387,-0.5961383074502312,0.8903188450809044,-0.7976065668023974,1.6745528404440944,-0.40053633900406493,0
-0.05544454703270803,0.8687819202294039,-0.8448548057315638,1.4512757558674796,1.4564920499619316,-0.8716770469295853,-0.40053633900406493,0
-0.3051538173839628,-3.350557305634478,-0.6170973687273321,-0.9173504735605109,-0.118321373637756,-0.16439096710356313,-0.40053633900406493,1
-0.22781373641075545,-1.673057209098299,-0.0757932199862378,0.9928319695265783,-0.4215317193756063,-0.30584818306876754,-0.40053633900406493,0
-0.6906189568849891,0.25322468141570337,0.7044037072301594,-0.4168826734716935,0.32356657208872347,0.40143789675725455,-0.40053633900406493,0
-0.6955226794862481,0.4678878293622825,1.8702222049264572,-0.16601204594625585,1.914833270263333,1.0379953686006744,-0.40053633900406493,0
0.681952696311835,-0.01830287658294967,-1.010855602449956,0.42105069156250957,-0.18648493973386188,-1.3667773028078007,-0.40053633900406493,0
-1.1210260374738383,-1.2110338774251987,0.31136753755739727,0.04347129531229482,-0.13947558380551295,0.33070928877465233,2.4966523698860974,1
-0.772742865041332,1.185801006269715,0.13297930957934423,-0.22904806656812993,-0.7576486142633009,-0.800948438946983,-0.40053633900406493,0
0.34204096453106236,-1.2266715901895193,-0.8546535605571463,1.3614971810423864,0.02505716194370797,-0.9424056549121874,-0.40053633900406493,0
0.6217747880471904,1.8553794346328851,-0.026860898117887614,0.7158555152789504,0.5891694330838949,0.89653815263547,-0.40053633900406493,0
-0.598089154110522,-1.2849576104928937,-0.26616463857901596,-0.7524380559739922,0.739599372054611,-1.3667773028078007,-0.40053633900406493,0
-0.8889352275366915,0.23758696865138274,-0.6649312314559991,1.474197945184525,-0.7976065668023974,-0.09366235912096092,-0.40053633900406493,0
-0.8331365850585992,1.367767118436351,-1.0096630445378172,0.18864516098691386,-0.39332610581859695,0.6136237207050612,-0.40053633900406493,0
1.4271208755424805,0.7152480130888035,0.45140955556832973,-0.9695621270048914,-1.0726112989832384,0.6136237207050612,-0.40053633900406493,0
-0.7940674641088122,1.1957522780288286,0.2108172380394963,-1.6922478179728402,0.2742067483639572,0.6136237207050612,-0.40053633900406493,0
-0.9333242794677954,2.418337094148417,0.43700860261643487,1.1265447405426745,-0.32751300751890866,1.6745528404440944,-0.40053633900406493,0
-0.5888517259815977,-1.3929999895918344,0.04932550086651702,-1.5712695965773245,0.10262259922548364,0.4721665047398568,-0.40053633900406493,0
-0.7751883890127179,-1.4413347381360968,-1.2045464032506752,0.9705465076905622,-1.171330946432771,0.40143789675725455,-0.40053633900406493,0
0.3451253598018788,0.9654514173179288,0.6889599862488102,-0.618725284957896,-0.5226018346215564,-1.0131342628947897,-0.40053633900406493,0
1.4558752223919171,2.2520086947461,0.3188915985876046,1.7123340230893822,1.9735949651737692,0.89653815263547,-0.40053633900406493,0
0.1298808837861233,-0.4504723929787107,-0.6814100389343577,-1.2121552972769518,0.1966413110821815,-1.7204203427208118,-0.40053633900406493,0
0.7620174863014877,-0.8001885147989654,-1.0566394562072738,-1.2745545904177966,-0.9738916515337056,-0.30584818306876754,-0.40053633900406493,0
1.7068666886004207,0.4693094396135847,-0.5891346702431954,-0.6690267559591893,1.9641930939880996,1.0379953686006744,2.4966523698860974,0
0.06337455279457277,1.5739006048751185,-0.46219926696711866,-0.6244558322871573,-0.6753822413886903,-1.6496917347382096,-0.40053633900406493,0
-1.2189432552221091,1.1047692219455092,-0.14736013739632806,0.6267136679348861,-0.014900790595388565,-1.3667773028078007,-0.40053633900406493,0
-0.5807193910494363,0.8133391204286307,-0.9002136896819938,-0.19148114518741707,0.008603887368786003,0.11852346482684571,-0.40053633900406493,0
-0.4750456248652372,-0.04389186110638226,1.7995213802995786,0.27141973352068743,-1.3288122887927398,1.6038242324614922,-0.40053633900406493,0
-0.7493735352573367,-0.1107075429175697,-0.5115137450746243,-0.4436252276749128,1.3530714669195643,-1.2253200868425962,-0.40053633900406493,0
-0.8832124479504788,1.7530234965391516,-0.6528174547897032,-0.769629697961776,1.9500902872095949,-1.3667773028078007,-0.40053633900406493,0
0.384688107315998,-0.4419427314708993,0.3444931860363561,-0.5932561857167348,-0.7929056312095625,1.6745528404440944,-0.40053633900406493,0
-0.49013086637356046,0.3712183322737576,0.21226040594766382,-1.4662095622075346,-0.20528868210520146,1.1087239765832766,-0.40053633900406493,0
-0.2620243524598328,-0.0168812663316475,-0.7692531634045605,1.3907866451697222,-0.44973733293261564,1.2501811925484811,-0.40053633900406493,0
1.0297398442716466,0.7337289463557285,0.3170029017976076,1.6435674551382466,-0.13477464821267818,1.6038242324614922,-0.40053633900406493,0
0.32312043987613087,0.0342967027152193,-0.43240068222854644,0.9355264962339654,-0.08541482448791185,-1.2960486948251986,-0.40053633900406493,0
0.4606675465726704,0.055620856484747,0.8180250943953565,1.9320050040443972,-0.07366248550582467,-1.2253200868425962,-0.40053633900406493,0
2.811237087271266,0.05277763598214266,0.07488003892904066,-0.6518351139714056,1.6351276024896573,-0.37657679105136976,-0.40053633900406493,0
-0.3953569639301553,-1.587760594020188,-0.16919489337219745,0.7540591641406922,0.15903382633950236,-1.437505910790403,-0.40053633900406493,0
3.1141144946269796,-0.6395465564018556,-0.5463946237173423,-0.5531423544119058,-0.8281626481558242,0.4721665047398568,-0.40053633900406493,0
0.6977446356704129,-0.1277668659331909,-0.9020927845564343,0.6381747625934089,1.115674219481402,1.6038242324614922,-0.40053633900406493,0
0.006937724133724952,-0.05384313286549584,2.2815385014360094,1.6416572726951597,-1.0608589600011513,-0.6594912229817786,2.4966523698860974,0
0.08795927956000499,-0.6310168948940443,1.6430773701347416,-0.2831699024555973,-0.7247420651134566,0.8258095446528678,-0.40053633900406493,0
0.06893564484548732,-1.3077033745137236,0.2693159483769577,-0.5665136315135156,-0.7411953396883788,0.18925207280944792,2.4966523698860974,1
-0.8998642087361723,0.9896187915900609,-0.4955399983545467,-1.261183313316187,-0.04310640415239792,-0.5180340070165742,-0.40053633900406493,0
0.2820651656855407,-1.3176546462728371,0.3626734529513566,0.11351131822548816,-0.6025177396997495,1.3916384085136855,2.4966523698860974,1
0.14957661795880872,-0.062372794373305625,-0.3249629286818454,-0.37422193224274863,-1.1807328176184408,-0.37657679105136976,-0.40053633900406493,0
-0.8273589961383871,-0.84994487359453,-0.5427017269942468,1.5321401459581667,-0.9879944583122104,1.1794525845658788,-0.40053633900406493,0
-0.7367375858621118,-0.4845910390099547,-0.737791526891573,-0.7798173376582405,-1.0679103633904035,-0.7302198309643808,2.4966523698860974,1
-1.0534478414442618,-0.8641609761075484,-1.2769266029084154,0.8591191985104819,-0.980943054922958,-0.5180340070165742,-0.40053633900406493,0
-0.020697484627111386,1.3137459288868814,-0.5602434665247287,-0.6378271093887669,-0.5766625939391576,-0.800948438946983,-0.40053633900406493,0
-0.40950119768537624,0.9938836223439658,0.8873547654807425,1.7486274895080363,0.12142634159682321,-1.6496917347382096,-0.40053633900406493,0
-1.1519994772335758,-0.6438113871557621,2.093988125633781,0.2707830060396585,0.8735760364504054,0.6136237207050612,-0.40053633900406493,0
-0.4299200725085163,0.671178095298446,1.2531589424432306,0.11987859303577846,-0.959788844755201,0.0477948568442435,-0.40053633900406493,0
-1.2500913997339702,1.7999366348321135,0.2828594502696419,-0.8422166307990854,0.08616932465056168,-0.6594912229817786,-0.40053633900406493,0
-0.5678929792185634,1.1260933757150369,-0.6567763245737186,-1.4407404629663734,0.7537021788331159,-1.508234518773005,-0.40053633900406493,0
-1.0294879410864228,1.28247050335824,0.4123047942722323,-0.05967855661440794,0.6690853381620879,1.2501811925484811,-0.40053633900406493,0
-0.8755870993578119,0.3783263835302668,-1.045756645115343,0.20328989305058134,0.03445903312937775,-0.16439096710356313,-0.40053633900406493,0
-1.2650749014160567,1.082023457924681,-0.7784268335274038,-0.5136652505881062,1.1109732838885673,0.89653815263547,-0.40053633900406493,0
0.30991995434071223,1.4175234772319154,-0.5114830189448428,0.7203126076461535,-0.5531579159749832,-0.23511957508616535,-0.40053633900406493,0
0.2995931906985497,1.0948179501863973,-0.1291942733546625,-0.19975860244079424,-0.668330837999438,-0.5887626149991764,-0.40053633900406493,0
-0.829033421292069,0.7052967413296916,-0.8422661292974855,0.43824233355029324,-1.0444056854262291,-0.6594912229817786,-0.40053633900406493,0
-0.9069096060634582,1.1189853244585277,-0.15296093474053413,0.8610293809535691,2.4225343142895017,-1.2253200868425962,-0.40053633900406493,0
0.08592996396867716,-0.2656630603094707,-0.6843472649031432,-1.287289140038377,0.9746461516963555,0.2599806807920501,-0.40053633900406493,0
-0.9309551460056712,-2.348322078466676,-1.0485133550716632,0.40067541216958075,0.5210058669877887,-0.8716770469295853,2.4966523698860974,1
3.231704837697661,0.38969926554068096,0.016395731464914395,1.30673861767389,-0.38627470242934475,-1.437505910790403,-0.40053633900406493,0
-0.8004558345447802,1.1985954985314313,0.24718065244416426,-0.6569289338196378,0.42933762292750854,0.18925207280944792,-0.40053633900406493,0
-1.1924922706339975,-0.5642012130828584,0.3405784850639013,2.0478894055916808,-1.2724010616787211,-0.16439096710356313,2.4966523698860974,1
-0.3830741921808891,-0.3083113678485261,1.7879261070733437,1.2163233153677677,-0.6918355159636125,-1.3667773028078007,-0.40053633900406493,0
4.148040511658418,1.265411180342619,0.2290896833438408,0.17145351899912983,2.8855764701837376,-1.508234518773005,-0.40053633900406493,0
-0.4582205295607706,0.8858412432450251,-0.4932268968969447,-1.5719063240583535,1.9806463685630218,-0.23511957508616535,-0.40053633900406493,0
-0.48374420872928,-0.21022026050869896,1.991196739024953,2.0472526781106515,1.2590527550628663,0.11852346482684571,-0.40053633900406493,0
2.9557840310362042,0.8929492945015344,-0.7207164404571453,1.1462832924545745,0.6455806601979132,0.6843523286876634,-0.40053633900406493,0
0.2407450939000657,-1.1115211598340695,1.0296100250274876,0.5585838274647801,-0.8281626481558242,-1.0838628708773919,-0.40053633900406493,0
-1.2098544974116583,2.2903921715312507,-0.9182422463311988,-0.43534777042153544,0.9158844567859193,-0.022933751138358716,-0.40053633900406493,0
-0.9892113019969616,-1.2849576104928937,-0.9392329939296369,-0.25069680092311686,-0.14182605160193057,-0.5180340070165742,-0.40053633900406493,0
-0.08063457438049608,0.10822043578291597,-0.22550052619651506,-1.3108480568364513,-0.47559247869320753,-1.437505910790403,-0.40053633900406493,0
-0.7180664436768776,-1.2352012516973292,-0.5832486960069563,-0.32519391620351323,0.6573329991800005,0.40143789675725455,-0.40053633900406493,0
-0.3707205108557613,-0.45615883398391777,0.07116985875794311,-1.0873567109952618,2.008851982120031,0.4721665047398568,-0.40053633900406493,0
-0.2615468261373629,-0.08654016864543766,0.8512602047116613,0.003357464007466127,1.5270060838544548,1.3209098005310833,-0.40053633900406493,0
-0.09201401979378446,0.3484725682529277,-0.10616215850887614,0.6808355038223537,0.24835160260336522,0.40143789675725455,-0.40053633900406493,0
2.92059335558355,1.6094408611576647,-0.34940844549757366,-1.7718387531014688,-1.1384243972829267,-0.5887626149991764,-0.40053633900406493,0
-0.988988639077589,-0.525817736297708,1.8953648208116003,-1.389165537003022,-0.7976065668023974,-1.154591478859994,-0.40053633900406493,0
0.6729307373771954,-0.36944060865450484,0.8102849902651241,-1.0727119789315942,-1.0773122345760733,-0.800948438946983,-0.40053633900406493,0
1.4830538008888714,-0.07374567638372137,-0.6376464282101634,-1.2579996759110417,5.527502273356944,1.0379953686006744,-0.40053633900406493,0
-0.21327110730902615,-0.3680189984032026,-0.48924690289870454,0.7311369748236471,0.14258055176458018,-0.23511957508616535,-0.40053633900406493,0
-0.8032692661706371,1.2270277035574684,0.5048317331509794,2.7718485515216877,0.3729263958134898,1.53309562447889,-0.40053633900406493,0
-0.10068006061576518,-1.0887753958132396,-0.2364428691648972,0.9259755840185301,1.9618426261916821,1.2501811925484811,-0.40053633900406493,0
-0.5396627466254961,0.2958729889547588,0.9612299833906566,2.426742256803953,-0.20528868210520146,-0.23511957508616535,2.4966523698860974,1
3.3763946282893356,1.9051357934284499,-1.0718421691081506,-0.7250587742897439,-0.9080785532340173,-0.37657679105136976,-0.40053633900406493,0
-0.7127376061787857,-1.0574999702845982,-0.28741271751437286,-0.01319745049928859,-0.39567657361501457,0.18925207280944792,-0.40053633900406493,0
0.7558620555350172,0.39396409629458584,0.36128981691964035,2.378987695726776,-0.245246634644298,-0.6594912229817786,-0.40053633900406493,0
-0.6765363836305175,0.7379937771096334,-0.683205597143455,0.2281222648107136,-1.0561580244083162,0.40143789675725455,2.4966523698860974,1
0.9271878122170509,-1.004900390986431,-0.3213353249845351,-0.7556216933791373,-0.8728215362877556,-1.6496917347382096,2.4966523698860974,1
1.3511839135196573,-0.1277668659331909,-0.6039187396258014,-0.5034776108916416,0.11437493820757104,0.89653815263547,-0.40053633900406493,0
-0.9027166920125038,-0.284143993576394,-0.19696171277897814,-1.0370552399939685,0.21544505345352108,0.6843523286876634,-0.40053633900406493,0
0.14111611213932604,2.6301570215923915,-0.6109358195146165,1.151377112302807,0.28830955514246176,-0.23511957508616535,-0.40053633900406493,0
-0.4765289024665961,-0.225857973273018,-0.8929181542420354,-1.3821615347117027,1.4988004702974456,-1.7204203427208118,-0.40053633900406493,0
0.04710303176350001,0.9981484530978707,2.5307994283294057,-0.36594447498937127,0.8265666805220567,-1.437505910790403,-0.40053633900406493,0
-0.09006212238673086,1.8468497731250737,-0.3612207220153901,0.6184362106815087,1.289608836416293,0.0477948568442435,-0.40053633900406493,0
0.5979286170573999,-0.6054279103706117,0.653932198298075,-0.7021365849726989,-1.1149197193187523,-0.800948438946983,2.4966523698860974,1
-0.8215824348931876,0.23758696865138274,-0.2736099639016586,-0.5779747261720382,-1.027952410851307,-1.5789631267556072,-0.40053633900406493,0
1.7563663683686315,0.3655318912685489,-0.11333863019593206,1.4264433841073474,-0.13712511600909558,0.0477948568442435,-0.40053633900406493,0
-0.610293822558839,-0.052421522614193666,2.9140982954361476,-0.21058296961828799,-0.1747326007517747,0.8258095446528678,-0.40053633900406493,0
1.939410703218075,2.2377925922330815,1.4693239867958936,2.464309178184666,-0.8375645193414939,-1.0131342628947897,-0.40053633900406493,0
3.6295966234497024,-1.3986864305970415,0.9241032166992331,-1.537523040082786,-0.28755505497981193,1.3209098005310833,2.4966523698860974,1
-0.04489272256281025,-0.5997414693654046,1.5064555544450953,0.8521151962191625,-1.1360739294865094,-1.508234518773005,2.4966523698860974,1
-1.0019308356265355,0.9597649763127218,-1.083282851493924,0.37711649537150643,-0.45443826852545066,0.5428951127224589,-0.40053633900406493,0
0.4737179915562658,-0.5414554490620286,0.4672037464674977,1.669036554379408,0.9769966194927728,1.3916384085136855,-0.40053633900406493,0
0.35438950748112796,-0.10359949166106047,-0.8147422383542884,-0.9708355819669495,0.40113200937049914,0.40143789675725455,-0.40053633900406493,0
1.4188292509833833,-1.1669639596348411,-0.11071250629118255,0.5114659938686318,-0.3110597329439865,-0.8716770469295853,-0.40053633900406493,0
-0.4276533639893036,-0.948035980934357,-0.09927854524629896,2.4038200674869077,-0.050157807541650105,1.6038242324614922,-0.40053633900406493,0
-0.7320123361546882,-0.049578302111589326,2.1962178001825436,-0.20357896732696873,0.7490012432402811,0.6843523286876634,-0.40053633900406493,0
-0.40175526855791055,0.12101492804463226,-1.0253026445965228,-0.38950339178744525,-1.20893843117545,1.2501811925484811,-0.40053633900406493,0
0.16080499514526164,-1.3645677845657975,-0.26178232431895143,-0.9714723094479785,-1.159578607450684,0.9672667606180723,-0.40053633900406493,0
-1.2393463723617244,0.18072255859930886,-0.6066879320723453,0.03328365561583041,-0.45208780072903304,1.6745528404440944,-0.40053633900406493,0
2.1910523451511463,-0.2557117885503571,0.5060895840889031,0.22239171748145226,2.1968894058334265,-1.0131342628947897,-0.40053633900406493,0
-1.2436410262389153,0.2518030711644012,-0.5898500129521675,0.6273503954159151,-0.47794294648962504,-0.022933751138358716,-0.40053633900406493,0
2.9626033398607428,0.8048094589208208,0.030452935839880433,0.11160113578240127,0.15198242295024997,1.0379953686006744,-0.40053633900406493,0
-0.7862708363473973,0.6825509773088617,1.2860723885883867,-0.8574980903437822,0.08146838905772669,1.0379953686006744,-0.40053633900406493,0
-0.5061324514346862,-1.7555106036738053,0.9658475445818595,0.3758430404094485,-0.4285831227648587,0.2599806807920501,2.4966523698860974,1
-0.9849577551202705,0.27454883518523104,-1.016110730834122,-0.8995221040916981,0.8524218262826484,-1.2960486948251986,-0.40053633900406493,0
-0.7118216051843207,0.30013781970866527,-0.7801926257982756,-0.05522146424720452,0.4175852839454213,-1.7204203427208118,-0.40053633900406493,0
0.3742459015140992,0.8147607306799328,-0.7173048798598601,-0.3169164589501359,2.855020388830311,1.1794525845658788,-0.40053633900406493,0
-0.2525371993028735,-0.07801050713762626,-0.7913087634382334,-1.2268000293406194,-0.49674668886096457,0.8258095446528678,-0.40053633900406493,0
-0.8518978200865949,-0.45758044423522,-0.06278070402383748,0.8298297343831466,-0.2546485058299678,0.18925207280944792,2.4966523698860974,1
-0.46932558574572464,0.17787933809670614,-0.9703518420572513,0.128156050289156,-1.0114991362763848,-0.23511957508616535,-0.40053633900406493,0
0.3355974422027576,-0.6665571511765904,-1.307566315449752,0.04665493271743997,0.09087026024339646,-1.3667773028078007,-0.40053633900406493,0
-0.5650449492006195,0.608627244241165,-0.9782340545377224,-0.5913460032736477,0.5797675618982249,1.3209098005310833,-0.40053633900406493,0
-0.6729491127202565,1.2284493138087704,-0.9096034029048623,0.8731272030931208,-1.1055178481330825,1.6745528404440944,-0.40053633900406493,1
1.882019507028963,-0.23438763478082938,-0.6726233260084482,0.13579678006150422,-0.6495270956280984,-0.800948438946983,-0.40053633900406493,0
-1.0302898701545018,0.07978823075687905,-0.7121899394428216,-1.175225103377268,0.18253850430367694,1.3209098005310833,-0.40053633900406493,0
1.9417966220387368,-0.27419272181728205,-0.2046413248412034,-0.03293600241118881,-1.361718837942584,-1.0838628708773919,2.4966523698860974,1
-0.08123610682113945,0.5702437674560161,0.6760838174873147,0.6610969519104538,0.17313663311800714,-0.16439096710356313,-0.40053633900406493,0
0.8440321183481696,-1.6815868706061103,-0.5562567511855989,-0.1157105749449624,-0.3792232990400924,1.3916384085136855,2.4966523698860974,1
-0.4200660393720988,0.6384810595185041,-0.6270420726693761,-1.3089378743933642,-0.2546485058299678,1.0379953686006744,-0.40053633900406493,0
0.006455059436192829,-0.09649144040455124,-0.14806971895596596,-1.3407742484448157,0.6526320635871657,-0.37657679105136976,-0.40053633900406493,0
-0.6352790000208044,-0.837150381332812,-0.772683927832959,0.2529546365708459,0.7983610669650472,-0.447305399033972,-0.40053633900406493,0
-1.254589875821971,-0.24007407578603646,0.8208451769943507,-0.35384665284981964,-1.0749617667796558,1.3916384085136855,-0.40053633900406493,0
-0.898337083667614,0.9213814995275713,-0.5467950235960555,-1.1714047384910937,1.2284966737094394,0.4721665047398568,-0.40053633900406493,0
-0.6113759643469898,-0.2983600960894125,0.33434876225073323,-0.35894047269805185,0.7325479686653589,0.8258095446528678,-0.40053633900406493,0
0.5603852509428218,0.38969926554068096,-0.8530529212338495,-0.9695621270048914,0.871225568653988,-1.508234518773005,-0.40053633900406493,0
-0.20154465029985388,0.33994290674511635,-0.08369559648937781,1.8447733391434198,0.8265666805220567,-0.8716770469295853,-0.40053633900406493,0
-0.4859324713892063,-0.8357287710815114,0.6367457296431898,1.3232935321806447,-0.7012373871492822,0.6843523286876634,2.4966523698860974,1
-0.14431651187938999,0.5389683419273749,-0.5365027303108602,0.5433023679200832,-0.858718729509251,0.11852346482684571,2.4966523698860974,1
-0.8678353467386088,-0.33674357287456297,1.0376564302639775,-0.6887653078710894,0.23894973141769543,-0.447305399033972,-0.40053633900406493,0
-1.1356549912766165,-0.5642012130828584,-0.92074834629149,-0.5760645437289509,0.8242162127256393,0.6843523286876634,-0.40053633900406493,0
-0.4783126037299392,-1.3148114257702328,0.19496543564698846,0.5624041923509542,1.1344779618527416,1.2501811925484811,-0.40053633900406493,0
0.2340994621526381,0.13807425106025345,1.149444811749406,-1.3726106224962673,0.08381885685414407,-1.6496917347382096,-0.40053633900406493,0
-0.373571281340405,-0.8428368223380207,-0.31692324478624495,0.6158893007573928,-0.13242418041626078,-1.2253200868425962,-0.40053633900406493,0
1.2763667747021101,0.521909018911752,-0.41459969097803434,0.3694757655991582,-0.37217189565083997,-1.3667773028078007,-0.40053633900406493,0
-0.9117136441885058,-0.9380847091752434,-0.7075118861836116,-0.0755967436401337,-1.1031673803366653,0.40143789675725455,2.4966523698860974,1
-1.2197427863818255,0.908587007265855,-0.9046430533282861,1.1704789367336774,2.678735304099003,1.6038242324614922,-0.40053633900406493,0
0.9407397626067409,2.654324395864522,-0.48880809535776476,0.0912258563894721,0.35177218564573287,-0.16439096710356313,-0.40053633900406493,0
1.0154853067317515,-1.107256329080163,0.4865679295706359,-0.22841133908710062,-0.6354242888495938,-1.154591478859994,2.4966523698860974,1
-0.6839010453283497,0.8758899714859132,-1.144798483699291,-0.4296172230922741,0.3776273314063246,-0.16439096710356313,-0.40053633900406493,0
-0.6520670990248216,0.482103931875301,0.6630789830573596,0.10268695104799479,4.495646910729686,-0.447305399033972,-0.40053633900406493,0
-0.8044565733683992,-0.6295952846427437,0.5072206897414788,-1.154849823984339,-0.5719616583463227,0.33070928877465233,-0.40053633900406493,0
1.0215773642057855,-2.140766981776606,0.17791051323522986,-0.47928196661253847,1.040459249996044,-0.9424056549121874,-0.40053633900406493,0
-0.13536306461224992,1.3819832209493692,-0.4416655705491781,-0.15964477113596556,-0.346316749890248,-1.0131342628947897,-0.40053633900406493,0
0.5336698113181626,-0.10359949166106047,2.157344445051362,0.3796634052956226,0.257753473789035,1.1794525845658788,-0.40053633900406493,0
0.22388677043686192,1.5369387383412718,-0.2643191504090239,-1.009039230828691,1.1908891889667603,0.11852346482684571,-0.40053633900406493,0
0.028521639862689904,-0.28272238332509186,-0.9946350865000719,-0.4181561284337516,0.5092535280057013,0.40143789675725455,-0.40053633900406493,0
-0.7737708826121583,-0.18889610673917126,0.5574982399793188,0.1536251495303172,-0.6283728854603414,1.2501811925484811,2.4966523698860974,1
-0.5994744600273569,0.6185785160002786,1.120119601447778,0.18864516098691386,-0.9057280854375999,0.11852346482684571,-0.40053633900406493,0
0.07727008919677139,0.661226823539334,-0.6050268006810413,0.6483624022898733,-0.045456871948815314,0.6843523286876634,2.4966523698860974,1
-0.31633594919485347,0.3115107017190794,-0.986489781533348,-1.3649698927239189,0.7725059212044554,-1.154591478859994,-0.40053633900406493,0
0.05674193826397018,0.22052764563576152,-0.7506254472246192,1.0297621634262621,-0.007849387206136173,-0.7302198309643808,-0.40053633900406493,0
-0.3446127697218207,-0.6210656231349323,-0.381957979043132,0.1383436899856204,-1.324111353199905,0.2599806807920501,-0.40053633900406493,0
0.8390718736212235,-0.1874744964878691,0.6387362067380876,-0.277439355126336,-0.3627700244651702,1.3209098005310833,-0.40053633900406493,0
-0.6525045460218042,-0.27703594231988476,-0.5296517635611755,0.7763446259767083,0.05326277550071733,-0.5180340070165742,-0.40053633900406493,0
-0.6002794721204732,0.7124047925862008,-0.19595927279486164,0.12624586784606875,-0.07131201770940707,0.5428951127224589,-0.40053633900406493,0
0.5889597546650728,0.9810891300822495,0.10134291820322529,0.706304603063515,-0.673031773592273,-1.6496917347382096,-0.40053633900406493,0
-0.5045049567732415,0.29729459920606094,0.23988031604642757,-0.5938929131977639,-0.9151299566232696,-0.022933751138358716,-0.40053633900406493,0
0.674102286891433,-1.1499046366192183,-0.6919222160858008,1.5085812291600924,-0.3792232990400924,0.18925207280944792,-0.40053633900406493,0
-0.6627302549544054,-0.0808537276402306,-1.0404938351987316,1.0819738168706425,-0.7294430007062915,-0.9424056549121874,-0.40053633900406493,0
-0.6940705746936016,-0.5656228233341606,1.1225479258920599,-0.7715398804048631,1.4306369042013396,0.0477948568442435,2.4966523698860974,1
1.1186378435519782,0.821868781936442,0.11022276971003442,-1.454111740067983,-1.2300926413432072,0.89653815263547,-0.40053633900406493,0
0.44457895169382056,-0.43909951096829497,0.02768950454267051,-0.01319745049928859,3.0595110871186284,-0.09366235912096092,-0.40053633900406493,0
-0.9576051569878684,0.7905933564078024,0.40070279970510714,1.8842504429672196,3.0125017311902798,1.2501811925484811,-0.40053633900406493,0
-0.23090601052333415,0.7095615720835965,2.0199074267309545,-0.705956949858873,-0.943335570180279,-1.0838628708773919,-0.40053633900406493,0
-0.29417653545889494,-0.3381651831258652,0.6057084977978072,-1.5451637698551344,2.0629127414376325,-1.0131342628947897,-0.40053633900406493,0
-0.7606961159866009,-1.0489703087767885,1.0559115921203204,0.3459168488010842,0.8571227618754832,1.4623670164962876,-0.40053633900406493,0
-0.7659208157500939,0.200625102117536,-1.1130055810995982,0.1873717060248556,-0.4403354617469459,1.6745528404440944,-0.40053633900406493,0
2.6378474166058177,-0.7276863919825708,-0.0052066581544835564,0.059389482338020584,0.10027213142906626,0.18925207280944792,-0.40053633900406493,0
-0.295131930662172,0.0342967027152193,-0.39098762043262514,-0.21567678946652002,-0.4638401397111203,1.4623670164962876,-0.40053633900406493,0
0.14765418056877982,0.580195039215128,1.5182755124953569,0.07276075943963015,0.4363890263167607,-0.9424056549121874,2.4966523698860974,1
0.4396043195166997,1.9321463882031846,2.22065275489116,-0.9765661292962107,2.0629127414376325,-0.09366235912096092,-0.40053633900406493,0
-0.822549134521602,-0.24007407578603646,-0.9415547371112399,-0.6728471208453636,0.30241236192096654,-0.8716770469295853,-0.40053633900406493,0
-1.165527448539641,-0.2855656038276962,-0.6311872196151909,0.13961714494767832,-0.26875131260847257,-0.23511957508616535,2.4966523698860974,1
-0.07705997812872258,1.3578158466772388,-0.7941691740825657,0.8960493924101658,1.5951696499505608,0.40143789675725455,-0.40053633900406493,0
-0.7520523414565574,0.8915276842502322,-0.6023161799193932,2.715179805710104,0.38702920259199436,-1.154591478859994,2.4966523698860974,1
0.9358380953555069,-0.1661503427183414,-1.0726045612033503,-0.6034438254131994,0.2083936500642687,-0.5180340070165742,-0.40053633900406493,0
-1.1611468125197388,-0.12208042492798384,0.961574692159141,0.8903188450809044,0.7866087279829601,-0.800948438946983,-0.40053633900406493,0
-0.4356493607031414,0.7166696233401056,0.6231110095527173,0.3147172022306617,-1.129022526097257,-0.09366235912096092,-0.40053633900406493,0
-0.2966943392394925,0.3200403632268908,-0.602821240677674,-0.3455691955964423,0.3776273314063246,-0.7302198309643808,-0.40053633900406493,0
2.6822039254948593,1.391934492708483,0.577473104911861,-0.6632962086299281,0.8359685517077262,-0.30584818306876754,-0.40053633900406493,0
-0.6080079307727265,-0.8300423300763028,2.778924448612447,0.17909424877147842,1.153281704224081,-1.2960486948251986,-0.40053633900406493,0
0.05769288020885964,-0.33390035237195864,-0.40580049556190123,-1.1815923781875584,-1.1243215905044222,1.2501811925484811,-0.40053633900406493,0
0.6934715629684843,-0.07516728663502353,-0.2989426977148232,-0.2914473597089747,2.899679276962242,1.1087239765832766,-0.40053633900406493,0
-0.5575853988433007,0.10111238452640674,3.4510969452416314,0.6967536908480795,-1.0561580244083162,0.89653815263547,2.4966523698860974,1
0.1529730838750843,0.787750135905198,1.086184511487392,-1.1701312835290358,-0.4215317193756063,-0.5887626149991764,-0.40053633900406493,0
-1.2453349772178341,-0.7148918997208545,0.23160922598591138,1.0444068954899297,-1.1783823498220234,-1.7204203427208118,-0.40053633900406493,0
-1.1644364002347154,-0.13061008643579522,-0.3713459419698994,1.0412232580847844,-1.0796627023724907,0.18925207280944792,-0.40053633900406493,0
1.1393396715618902,-0.20737704000609464,-0.3125313286106236,0.7215860626082118,1.2966602398055456,0.40143789675725455,-0.40053633900406493,0
-0.07613746852584512,-1.0617648010385048,0.44239335686061604,-0.3926870291925904,0.6549825313835832,1.1794525845658788,2.4966523698860974,1
-0.7491354572127766,-0.25713339880165925,-0.6558324562744978,-0.20103205740285252,-0.673031773592273,1.2501811925484811,-0.40053633900406493,0
0.5541551424587767,-0.9082308938979043,-0.9865800395395807,-0.297814634519265,1.002851765253365,0.7550809366702657,-0.40053633900406493,0
-0.9220702104060305,1.2042819395366384,0.5177895181947068,-0.27043535283501674,-0.5061485600466343,-1.2960486948251986,-0.40053633900406493,0
0.5574474706404534,0.9711378583231359,1.8454262181929106,-0.43216413301639034,-0.04310640415239792,-1.154591478859994,-0.40053633900406493,0
1.155189503279505,0.18214416885061102,-0.27489566039469676,-0.3118226391019037,0.43168809072392594,-0.022933751138358716,-0.40053633900406493,0
0.8607171072926001,-1.4200105843665691,-0.23044071175042227,0.4452463358416125,0.02740762974012557,-1.2253200868425962,2.4966523698860974,1
1.7776447220605498,0.21910603538445936,-0.3563429489126012,0.8075442725471305,0.08851979244697908,0.9672667606180723,-0.40053633900406493,0
-1.3190449674885938,-0.0808537276402306,-0.23560078117057714,-0.619362012438925,-1.2441954481217117,-1.437505910790403,-0.40053633900406493,0
0.9101797907603613,1.1758497345106016,-0.6250227898278083,1.7976555055472718,-1.1431253328757618,-0.022933751138358716,-0.40053633900406493,0
-0.7214632521514907,-0.44905078272740856,-0.21770857172227673,-0.16219168106008175,-0.9480365057731138,1.3209098005310833,-0.40053633900406493,0
-0.8787889921383895,-0.6196440128836301,-0.7166250642384479,-1.1007279880968714,0.1872394398965117,0.9672667606180723,-0.40053633900406493,0
1.7848041913142219,1.0251590478726071,0.39184599279563387,-0.746707508644731,-0.5131999634358867,-0.23511957508616535,-0.40053633900406493,0
-0.592499972275933,0.8275552229416491,0.21352977918425584,-0.3296510085707165,-0.6941859837600298,0.6136237207050612,-0.40053633900406493,0
0.6929656043040022,0.0769450102542747,-0.06970656571486424,1.2602575115587706,-0.774101888838223,1.6745528404440944,-0.40053633900406493,0
-1.2941378933275778,-0.5940550283601975,-0.5190512487866109,-0.831392263621592,-0.45208780072903304,-1.0131342628947897,-0.40053633900406493,0
5.179884459114552,0.18214416885061102,-0.8049799708078214,0.4178670541573644,1.0146041042354519,1.2501811925484811,-0.40053633900406493,0
-0.9105277072240937,0.7678475923869725,-0.1978614122666381,-0.051401099361030406,-0.8657701328985032,0.6136237207050612,-0.40053633900406493,0
-0.9503251071993978,1.2682544008452215,-0.5778188127596589,-0.4595434147006386,-1.1478262684685965,0.4721665047398568,-0.40053633900406493,0
-0.38852532300546716,0.05704246673604917,-0.8067265592475796,-0.5009307009675256,1.2402490126915269,0.6136237207050612,-0.40053633900406493,0
-0.4874643922744896,1.2227628728035633,-0.3989639316855517,-0.5900725483115896,-1.3029571430321478,0.40143789675725455,-0.40053633900406493,0
-0.7413789087768486,0.62710817750809,-0.9977019383288724,-1.3713371675342092,-0.6377747566460111,0.40143789675725455,-0.40053633900406493,0
0.055241190187398856,0.840349715203367,-0.12892157895285303,-1.0351450575508816,-0.10421856685925142,-0.23511957508616535,-0.40053633900406493,0
-1.2384204371754721,-0.08796177889673984,-0.4025636898277476,-0.10042911540026596,1.0428097177924616,-1.508234518773005,-0.40053633900406493,0
0.25379964958371115,0.5091145266500358,1.9960879548095214,-1.0580672468679266,-0.673031773592273,-1.2960486948251986,-0.40053633900406493,0
0.4642866754083183,-0.08227533789153277,-0.6553101120682151,-0.49838379104340935,-0.8211112447665718,0.7550809366702657,-0.40053633900406493,0
0.08775682758254483,-2.7605890513442115,-0.21168625028513285,0.6961169633670505,-0.4826438820824599,-0.5180340070165742,2.4966523698860974,1
0.6263215648607783,-1.189709723655671,1.0986487580715065,0.7597897114699532,1.670384619435919,-1.154591478859994,-0.40053633900406493,0
0.8158433353139386,0.40391536805369943,0.2765260267684619,-0.7588053307842825,3.0501092159329586,-1.2960486948251986,-0.40053633900406493,0
-0.4793776176012152,-0.09506983015324906,-0.4287135466547849,-1.4630259248023894,-0.02430266178105835,-1.5789631267556072,-0.40053633900406493,0
-1.5487652737302666,0.33425646573990925,-0.8352279251944458,-1.1847760155927034,-0.6377747566460111,-0.09366235912096092,-0.40053633900406493,0
-0.4277619549822898,-0.6537626589148742,0.20431290044140737,-0.3602139276601099,2.2274454871868534,-0.7302198309643808,-0.40053633900406493,0
-0.2646120381412794,-0.19742576824698105,-1.1799789421073772,2.289209120901683,-0.79525609900598,-0.16439096710356313,-0.40053633900406493,0
0.020915817095260292,-0.0040867740699312045,-0.8192560988574795,-1.0822628911470296,-0.4849943498788773,-0.022933751138358716,-0.40053633900406493,0
0.037345942636593736,1.2682544008452215,-0.8152367370054571,2.2599196567743474,-0.6918355159636125,0.18925207280944792,-0.40053633900406493,0
4.464890873600604,-0.5769957053445748,2.8572482339997665,-0.8071966193424889,2.084066951605389,-1.0838628708773919,-0.40053633900406493,0
0.15627911439026085,-0.278457552571187,0.3594875373696532,0.04665493271743997,-0.3651204922615876,-0.6594912229817786,-0.40053633900406493,0
1.0004144526736032,-0.23438763478082938,-0.6588416966099585,1.2946407955343382,-0.6025177396997495,0.33070928877465233,-0.40053633900406493,0
0.743244604290017,0.689659028565371,-0.06868588209119002,0.454160520576019,-0.39097563802217955,-0.16439096710356313,-0.40053633900406493,0
1.5611958109301574,1.3535510159233324,-0.24410519777912046,-0.8180209865199822,-0.07131201770940707,-1.7204203427208118,-0.40053633900406493,0
0.9242476340063204,-0.8670041966101512,0.6658952248901312,0.710124967949689,-0.7012373871492822,-0.37657679105136976,2.4966523698860974,1
-0.9571317413654487,-0.06095118412200507,-0.8821505661367848,0.471352162563803,0.6996414195155145,0.18925207280944792,-0.40053633900406493,0
1.680805877958717,-0.17752322472875554,0.13205752568590398,1.1036225512256295,-0.45913920411828546,0.18925207280944792,-0.40053633900406493,0
0.2460228902058707,-1.0020571704838266,0.36693190250074,-1.0459694247283748,1.585767778764891,-0.23511957508616535,-0.40053633900406493,0
-0.6606444172373906,0.9512353148049104,1.0953034506915624,-0.6263660147302443,0.16843569752517215,0.6136237207050612,-0.40053633900406493,0
-0.13177202556027648,-0.052421522614193666,1.1229022365761014,0.027553108286569067,-0.07131201770940707,0.7550809366702657,-0.40053633900406493,0
-0.486046200757255,-0.5428770593133307,0.09364986345922073,3.349997104296046,-0.45678873632186806,0.11852346482684571,-0.40053633900406493,0
-0.5156764692756698,0.5631357161995069,0.10038272664755821,-0.919260656003598,-1.112569251522335,0.18925207280944792,-0.40053633900406493,0
0.3054098312692365,-0.23438763478082938,3.9318696581219172,1.6633060070501466,0.022706694147290575,1.1087239765832766,-0.40053633900406493,0
0.13543683746197538,1.58243026638293,-0.5657924135249287,0.8470213763709306,0.6197255144373214,1.6038242324614922,-0.40053633900406493,0
-0.8612438392085056,-1.0532351395306934,-0.3083036051910215,1.5276830535909633,-0.33456441090816086,-0.022933751138358716,-0.40053633900406493,0
-0.9352946750250739,0.6853941978114644,1.2542410783264675,-0.765809333075602,0.9746461516963555,0.7550809366702657,-0.40053633900406493,0
-0.9857261134712746,0.3058242607138723,0.7250391839530007,0.110327680820343,-0.985643990515793,1.1794525845658788,2.4966523698860974,1
-0.06610119435387933,-1.097305057321051,-0.14053029486086802,1.0284887084642038,-0.8070084379880672,0.6136237207050612,-0.40053633900406493,0
-0.3743129201410845,2.1624472489140842,-0.9668721078595138,0.04092438538817898,0.14493101956099777,0.18925207280944792,-0.40053633900406493,0
-0.279710639424765,-0.123502035179286,-0.7901670956785453,-0.9587377598273978,-0.3651204922615876,-0.16439096710356313,-0.40053633900406493,0
-0.47577698691579196,0.6782861465549552,-1.200650906109334,-0.7670827880376601,0.03445903312937775,1.53309562447889,-0.40053633900406493,0
-0.9172117055053208,-0.73479444323908,-1.119034623877632,2.180328721645719,1.653931344860997,-1.437505910790403,-0.40053633900406493,0
-0.7591765272014674,0.9555001455588152,-0.13891045170645774,-0.4767350566884224,-0.9715411837372883,-1.2960486948251986,-0.40053633900406493,0
0.34419702670726393,-0.8229342788197935,1.4415033966619955,-0.8504940880524628,-0.6213214820710891,-1.5789631267556072,-0.40053633900406493,0
-0.627457365500752,0.14660391256806488,-0.034368635891648576,-0.5493219895257317,-0.8493168583235812,-0.30584818306876754,-0.40053633900406493,0
1.1053143795733982,-1.3716758358223067,0.32763606308506465,-0.15200404136361734,-0.8493168583235812,1.0379953686006744,-0.40053633900406493,0
2.024496370760411,0.6498539415289183,-0.6378279044141846,2.1586799872907316,-0.8187607769701544,0.33070928877465233,2.4966523698860974,1
0.6350831794589205,0.2717056146826283,1.0553258752713632,-0.919260656003598,-0.5320037058072262,1.4623670164962876,-0.40053633900406493,0
-0.33187850608373426,0.12670136904983934,1.0442318220371858,1.438541206246899,-0.07836342109865946,1.4623670164962876,-0.40053633900406493,0
-0.5037876396145241,-1.2906440514981024,0.34593923451919084,1.7390765772926011,-0.6166205464782542,-0.09366235912096092,2.4966523698860974,1
-1.4180539186584653,-0.17752322472875554,-0.21326096443642684,-1.2637302232403032,-0.8375645193414939,-0.23511957508616535,-0.40053633900406493,0
0.2767825735630107,1.0322670991291163,-0.3191230436402782,-0.4391681353077096,-0.5555083837714007,-1.7204203427208118,-0.40053633900406493,0
-0.5894625074973536,-0.8712690273640576,0.68408029276291,0.37647976789047743,-0.46148967191470286,0.9672667606180723,2.4966523698860974,1
-0.2805444264182311,1.2981082161225606,0.05605740386329898,-1.7202638271381174,-0.0572092109309025,0.5428951127224589,-0.40053633900406493,0
-0.5953517704355894,0.8574090382189882,2.1442483924236186,-0.05776837417132071,1.5293565516508725,-0.6594912229817786,-0.40053633900406493,0
-0.03209816865732462,-3.272368741812876,0.29613601890985064,0.9934686970076072,-0.21469055329087125,1.6038242324614922,-0.40053633900406493,0
-0.4373196751567733,0.23616535840008218,0.5491340113379027,0.5910569289972605,-0.9621393125516184,1.1794525845658788,-0.40053633900406493,0
-1.223174535806863,1.1104556629507178,-1.1716944093650818,-1.4878582965625216,-0.9527374413659486,-1.5789631267556072,-0.40053633900406493,0
-0.42077342233902837,-1.073137683048919,-0.9047851616785249,-1.0332348751077942,-0.13477464821267818,1.0379953686006744,-0.40053633900406493,0
0.16716322044752965,-1.1882881134043688,0.10818620342046462,-1.4878582965625216,-0.28520458718339453,1.3916384085136855,-0.40053633900406493,0
-1.1669740723988877,-0.16757195296964356,-0.6250247102109197,2.3955426102335307,0.5186553991913714,-0.022933751138358716,-0.40053633900406493,0
1.0703491075068168,0.14376069206546213,1.7429766597779,-0.7346096865051793,-0.34866721768666564,-0.022933751138358716,-0.40053633900406493,0
-0.8088142579796892,0.25322468141570337,-0.05460467292733231,0.29179501291361665,-0.26405037701563755,-1.508234518773005,2.4966523698860974,1
0.13517991870885315,-0.46611010574303136,0.03260088434990777,0.46816852515865787,1.705641636382181,0.40143789675725455,2.4966523698860974,0
3.8926776585051237,0.20773315337404524,-0.2629950462537589,-0.3875932093443582,-0.03135406517031053,-0.800948438946983,-0.40053633900406493,0
-0.5379790723967018,-1.9104661210657063,-0.5906488923264824,0.39876522972649353,0.1966413110821815,1.6038242324614922,2.4966523698860974,1
-0.6831302890689831,1.0734937964168696,1.530302871921643,0.5859631091490282,-0.9997467972942976,-1.437505910790403,2.4966523698860974,1
2.006507947341807,-0.6196440128836301,-1.1316313768964283,0.6840191412274989,1.5129032770759503,-0.23511957508616535,-0.40053633900406493,0
0.05952659498947713,0.9810891300822495,0.46447680244940304,-1.3267662438621772,0.5915199008803123,-0.5887626149991764,-0.40053633900406493,0
0.4179717605038103,1.099082780940302,-0.7751871472185831,0.17400042892324605,-0.28050365159055973,1.4623670164962876,-0.40053633900406493,0
-0.8714239878822196,-1.4640805021569268,-0.09913835727917147,-1.1930534728460809,-1.2512468515109643,-1.2253200868425962,-0.40053633900406493,0
-0.4400132113645064,1.117563714207227,-0.9160818153309478,-1.0198635980061848,-1.255947787103799,1.4623670164962876,-0.40053633900406493,0
0.24718347785330824,1.2540382983322031,-0.78484091311926,-0.12908185204657197,-0.4896952854717122,0.7550809366702657,-0.40053633900406493,0
1.543917510945183,1.9207735061927704,2.7759104073192082,-1.1268338148190615,-0.41448031598635393,0.5428951127224589,-0.40053633900406493,0
-0.00745246650781811,0.089739502515991,-0.6546379779792482,-1.217249117125184,0.9558424093250159,0.5428951127224589,-0.40053633900406493,0
-0.3327153761022376,-1.3062817642624214,-1.0351638118732238,0.6349911251882637,1.3977303550514955,1.0379953686006744,-0.40053633900406493,0
0.9016613925818415,-0.12634525568188873,-0.6003161009089387,0.2179346251142492,-1.1196206549115875,-1.0131342628947897,-0.40053633900406493,0
-1.0084620528892394,1.7032671377435868,-0.07579514036934917,-0.6219089223630412,-1.0585084922047336,0.6136237207050612,-0.40053633900406493,0
-0.5676007769566792,-0.5215529055438031,-0.9177871155338128,-1.5247884904622053,0.09792166363264886,1.0379953686006744,-0.40053633900406493,0
-0.010436492185748126,-2.845885666422322,-0.4537428599363587,-1.0160432331200107,-0.2287933600693758,-0.022933751138358716,-0.40053633900406493,0
-0.5148968064995283,0.010129328443087263,0.003995817715029765,-0.9173504735605109,-0.5837139973284099,0.0477948568442435,-0.40053633900406493,0
-0.22101840666984188,-0.029675758593363796,-0.27693222668426654,-0.010650540575172751,3.3063102057424603,0.33070928877465233,-0.40053633900406493,0
-1.0378062851958447,-0.7589618175112105,-0.8027302419928933,1.241792414608929,1.6821369584180061,-1.2960486948251986,-0.40053633900406493,0
-1.0373390356235,-0.8200910583171909,-0.6682515738554959,-1.1300174522242068,2.2650529719295323,-0.30584818306876754,-0.40053633900406493,0
-0.1309433769418729,-0.2727711115659799,-0.6729949201404914,1.474834672665554,-0.5719616583463227,1.6038242324614922,2.4966523698860974,1
2.5649273658613243,0.7337289463557285,0.41863341681563404,-0.7931886147598501,-1.070260831186821,1.4623670164962876,2.4966523698860974,1
-0.8906411680574229,-1.3347139692884584,0.21001259751584722,1.742260214697746,-0.6448261600352635,1.6038242324614922,-0.40053633900406493,0
0.8634514079424955,0.15086874332197137,0.9932427698565968,0.24085681443129422,-0.06896154991298967,1.6745528404440944,-0.40053633900406493,0
-0.2662511797861992,0.32714841448340004,2.268427085743376,-0.4168826734716935,-0.7059383227421171,0.0477948568442435,-0.40053633900406493,0
0.09122420307468185,-0.08796177889673984,-0.7732763660228057,0.9189715817272108,1.2167443347273526,-1.154591478859994,-0.40053633900406493,0
-0.2923962597789268,-0.29978170634071466,-0.9647059157099289,1.013207248919507,-0.5320037058072262,1.4623670164962876,2.4966523698860974,1
-0.6500597071670935,-1.6602627168365824,-0.4137720058570494,-0.18193023297198163,3.8210626531578806,0.6136237207050612,-0.40053633900406493,0
-0.5890867210011201,0.07978823075687905,0.2956770473462415,0.29179501291361665,-0.28755505497981193,1.3916384085136855,-0.40053633900406493,0
-0.016016424945224823,-1.8578665417675388,-0.7314533024326146,-0.8778733697367112,-0.8916252786590951,0.0477948568442435,-0.40053633900406493,0
1.114585378419397,-0.25002534754515005,-1.3270236371337898,-1.3968062667753702,-0.17238213295535731,-0.447305399033972,2.4966523698860974,0
0.682836496822575,-0.1960041579956805,-0.10148986639900014,0.008451283855698157,-0.1206718414341734,-0.022933751138358716,-0.40053633900406493,0
-0.5481472315286036,0.7138264028375013,-0.7375937274311055,0.215387715190133,-0.7623495498561358,0.40143789675725455,-0.40053633900406493,0
-0.8878458920234532,0.36979672202245545,-0.006734322919549869,-0.35384665284981964,0.9041321178038324,-1.437505910790403,-0.40053633900406493,0
0.9088253150939012,1.3279620313998997,-0.9032805415107943,0.025006198362453227,2.5447586397032085,1.3916384085136855,2.4966523698860974,0
-1.0562157128112317,0.3328348554886071,-0.4762977595789784,-1.6998885477451886,-0.6001672719033321,0.89653815263547,-0.40053633900406493,0
0.4615965647839601,-0.6637139306739878,-0.293313094623947,-0.47928196661253847,-0.17238213295535731,-0.30584818306876754,-0.40053633900406493,0
-0.9060251204360428,-0.36944060865450484,-0.803164248576055,2.301306943041234,-0.10186809906283402,-0.7302198309643808,2.4966523698860974,1
-1.3255141816922111,-0.20311220925218973,0.7554215651574187,1.0424967130468428,0.10967400261473603,-0.800948438946983,-0.40053633900406493,0
0.6619168017100158,-0.5329257875542172,-1.2323977195143545,0.3370026640666777,0.30711329751380134,-1.5789631267556072,-0.40053633900406493,0
-0.7758587756791981,-2.308516991430224,0.25438592987789016,1.650571457429566,0.5351086737662936,0.2599806807920501,2.4966523698860974,1
-1.25901744233411,-0.8172478378145865,0.6599593206929973,-0.14818367647744288,-0.6001672719033321,-0.447305399033972,-0.40053633900406493,0
-0.7272124087296906,-1.6460466143235641,-0.5637856131735846,0.34336993887696804,-0.8422654549343288,-1.508234518773005,-0.40053633900406493,0
0.9811863106316003,2.685599821393163,0.17486478562065377,1.3589502711182706,1.1509312364276638,-0.37657679105136976,-0.40053633900406493,0
0.3911819857199145,0.24327340965659142,-0.24456608972584057,-0.5168488879932513,-0.0572092109309025,1.1087239765832766,-0.40053633900406493,0
-0.3650614471203228,0.6654916542932389,-0.23815297032554023,-0.3926870291925904,-0.6706813057958554,-1.2253200868425962,-0.40053633900406493,0
-0.42129719403706023,0.2603327326722126,2.43172590342412,0.11223786326343024,-0.7435458074847962,0.0477948568442435,-0.40053633900406493,0
-0.77844029531057,0.31435392222168373,0.034332109724775406,-0.9479133926499044,1.002851765253365,1.1794525845658788,-0.40053633900406493,0
0.5578917688041861,-0.8826419093744717,-0.20952966005110452,-0.8250249888113017,-0.3416158142974132,1.3209098005310833,-0.40053633900406493,0
-0.5193891165374543,-1.2124554876765008,-0.2872485247583537,-0.3321979184948327,-1.1149197193187523,-0.9424056549121874,-0.40053633900406493,0
1.7010442245379966,-0.6665571511765904,5.889489958176403,0.16699642663192676,-0.6965364515564473,0.89653815263547,-0.40053633900406493,0
2.4156236570219125,-0.4135105264448624,2.504435448785454,-0.30609209177264235,-0.16298026176968752,0.33070928877465233,-0.40053633900406493,0
-0.13581010324268242,0.07978823075687905,-0.6264237093075266,1.4016110123472152,0.7419498398510284,1.6038242324614922,2.4966523698860974,1
-0.6525501062806913,0.4252395218232271,0.47977361412273545,1.4710143077793796,-0.5484569803821483,1.6038242324614922,2.4966523698860974,1
-0.44116043923678155,1.7459154452826424,-0.6509114745517041,-0.532767075018977,0.05091230770429993,-0.5180340070165742,-0.40053633900406493,0
-0.06580967720866993,-1.3460868512988742,0.41778076671420156,0.9813708748680559,0.9182349245823367,-1.2960486948251986,-0.40053633900406493,0
1.5269629285891426,-0.9352414886726408,-0.48067623307282037,-0.9733824918910655,-0.7223915973170392,0.6136237207050612,-0.40053633900406493,0
1.6641959092901981,0.695345469570578,-0.7971419271389109,0.326178296889184,1.5669640363935513,0.8258095446528678,-0.40053633900406493,0
-1.4110516836817042,0.5489196136864885,3.4411925693449246,1.2519800543053934,-0.7788028244310579,1.4623670164962876,-0.40053633900406493,0
1.177285543723027,2.0160213930299933,-0.10223209447153092,-0.09533529555203357,0.4998516568200318,-0.5180340070165742,-0.40053633900406493,0
0.6423097901467415,0.568822157204714,-0.1598867964315607,0.2236651724435102,-0.5179008990287216,0.89653815263547,-0.40053633900406493,0
-0.32328782809600287,-0.5954766386114981,-0.19036423659998952,-1.284105502633232,-0.4920457532681297,-0.16439096710356313,-0.40053633900406493,0
0.4919280502192298,-0.8044533455528702,-0.3270417433998646,0.14152732739076557,-0.0525082753380675,-0.022933751138358716,-0.40053633900406493,0
-0.4598812523809526,0.4394556243362456,0.402130604548384,0.8317399168262337,1.6492304092681622,-1.2253200868425962,-0.40053633900406493,0
-0.6710462011554649,-0.7618050380138148,0.2539307990805038,-0.7352464139862085,-0.6824336447779427,1.1087239765832766,-0.40053633900406493,0
0.27870432583636473,0.5873030904716373,-0.26819928448547453,-0.4257968582061,0.3212161042923061,0.5428951127224589,-0.40053633900406493,0
-1.1150727161264908,-1.225249979938217,0.6056153592169075,0.4439728808795546,-0.8822234074734253,0.6843523286876634,2.4966523698860974,1
-1.1696840514068207,-0.6964109664539295,0.982325391868662,-0.9867537689926751,-0.4191812515791889,0.89653815263547,-0.40053633900406493,0
-1.055270936916417,-0.1107075429175697,-0.9515292069915097,2.0045919368817064,-0.7059383227421171,1.53309562447889,2.4966523698860974,1
1.2768926017501665,0.42666113207452927,-0.7595485073514334,1.138005835201197,-1.0796627023724907,-1.3667773028078007,-0.40053633900406493,0
3.433688537910599,-1.5664364402506603,-0.7726099930831727,-0.8562246353817241,-0.9127794888268522,-1.0131342628947897,-0.40053633900406493,0
0.14242639778024926,-0.831463940327605,0.37781087282644793,0.774434443533621,-0.8093589057844847,0.5428951127224589,-0.40053633900406493,0
-0.01874079140333261,-1.7242351781451657,1.8398090975922583,2.674429246924246,-0.2522980380335504,-1.154591478859994,-0.40053633900406493,0
-0.9741500395722632,1.2739408418504303,-0.1290550455790907,-1.5031397561072182,0.7983610669650472,-1.2960486948251986,-0.40053633900406493,0
-0.35852611915756905,2.1340150438880476,-0.21408480879118919,0.5012783541721674,-1.053807556611899,-0.30584818306876754,-0.40053633900406493,0
-0.2595983543136842,-0.952300811688262,-0.8615650193748381,-0.4016012139269969,-0.1089195024520862,-0.7302198309643808,2.4966523698860974,1
-0.9208373429493814,-0.20169059900088757,0.0495847525865472,0.1848247961007394,-0.4426859295433633,-1.6496917347382096,2.4966523698860974,1
-0.7666895166594355,0.16934967658889474,-0.6451618475163696,0.366928855675042,0.1989917788785989,1.4623670164962876,-0.40053633900406493,0
-0.1128028576214206,-0.6836164741922133,-0.988647331958932,1.4901161322102505,0.40113200937049914,-1.3667773028078007,-0.40053633900406493,0
-0.2749864173923541,1.3165891493894857,-0.3432977864373082,-0.2933575421520617,0.12377680939324082,1.53309562447889,-0.40053633900406493,0
-1.0649862339261489,-0.6295952846427437,0.24546671051729868,0.3911244999541453,-0.9362841667910267,-0.5180340070165742,2.4966523698860974,1
-0.9634317317503425,0.2660191736774197,-0.778054279203805,1.395880465017954,-0.21234008549445385,-1.5789631267556072,-0.40053633900406493,0
0.7336495452567469,-1.7398728909094847,-0.514615163799429,0.7171289702410083,-0.9174804244196871,0.8258095446528678,2.4966523698860974,1
0.08348169953059129,-0.9707817449551869,-1.2165199919498437,1.814210420054027,-0.8093589057844847,-1.0838628708773919,2.4966523698860974,1
-0.9023566631997952,-1.1115211598340695,-0.46985007328267403,0.6509093122139894,-0.6941859837600298,0.40143789675725455,2.4966523698860974,1
0.617295495226089,0.3783263835302668,-0.38740994669620976,-1.2879258675194063,0.5022021246164492,-0.9424056549121874,2.4966523698860974,1
-0.475539593987907,-1.1157859905879743,-0.04222972415789487,0.2911582854325873,-0.6495270956280984,1.3209098005310833,2.4966523698860974,1
0.4772576468576143,-1.1058347188288624,-0.634503721248465,1.4334473863986668,-1.039704749833394,1.2501811925484811,-0.40053633900406493,0
1.8380624211614418,0.9967268428465701,2.845684647094868,-0.6320965620595056,-0.050157807541650105,0.6136237207050612,-0.40053633900406493,0
-0.9465501143201889,-0.4376779007169944,-0.9252410825804562,-1.5196946706139731,-1.0608589600011513,-1.2253200868425962,-0.40053633900406493,0
2.6166824497236107,0.19351705086102677,-0.41640389091113283,-1.1414785468827295,0.9276367957680067,0.6843523286876634,-0.40053633900406493,0
2.129716247147427,1.035110319631719,-0.9388354746255908,-0.11316366502084656,0.04621137211146514,1.3916384085136855,-0.40053633900406493,0
0.5250979740389936,-1.4057944818535506,-0.5637846529820288,-1.5216048530570603,-0.36747096005800517,-0.16439096710356313,2.4966523698860974,1
-1.1674738650132948,1.093396339935095,-0.39861922291706725,-1.2739178629367676,2.6364268837634888,1.3916384085136855,-0.40053633900406493,0
-0.728590520921438,-0.41919696745006946,-0.5899921213024062,-1.1376581819965552,-0.8469663905271637,-0.23511957508616535,2.4966523698860974,0
-0.11804365762677595,-2.133658930520097,0.42647914201698967,0.17591061136633326,1.2802069652306234,-0.5887626149991764,-0.40053633900406493,0
0.7352691610764291,0.26317595317481696,-0.5416695210719046,-1.2057880224666615,-0.2334942956622108,1.6038242324614922,-0.40053633900406493,0
-0.5379002839790775,-0.7248431714799665,-0.6850203591836659,-1.2764647728608838,0.4199357517418387,-1.5789631267556072,-0.40053633900406493,0
-0.06698533742295712,-0.3538028958901842,-0.005798136152774465,-0.7957355246839662,-0.4426859295433633,0.40143789675725455,-0.40053633900406493,0
-0.35250599893440965,-0.17325839397485063,-0.46027696347267316,-1.0383286949560266,0.28595908734604436,-0.7302198309643808,-0.40053633900406493,0
-0.5685023905009694,-0.0851185583941355,-0.20642151998541025,1.4729244902224665,-0.959788844755201,-0.16439096710356313,-0.40053633900406493,0
0.45440009922983843,-2.499012765104671,-0.9351118517727139,2.7896769209905,-0.7788028244310579,0.33070928877465233,2.4966523698860974,1
0.11182634660838262,0.6825509773088617,-0.09865634111822673,1.430263748993522,-1.2371440447324595,0.6843523286876634,-0.40053633900406493,0
0.8291637162674812,-0.07090245588111703,0.9565509699398905,-0.4385314078266806,0.5844684974910597,0.6843523286876634,-0.40053633900406493,0
-0.08886214053048147,-1.2110338774251987,0.3544071638486187,1.3672277283716479,0.36352452462782003,-0.23511957508616535,2.4966523698860974,1
0.8977654766094967,1.8610658756380922,-0.46668720229830657,0.3223579320030099,-1.171330946432771,0.2599806807920501,-0.40053633900406493,0
-1.1866742598299607,-1.766883485684221,1.0664237692717635,0.752785709178634,4.545006734454453,-1.0131342628947897,2.4966523698860974,1
-1.2493449651165656,0.16792806633759255,-0.7814168700317512,0.5993343862506377,-0.879872939677008,-0.8716770469295853,-0.40053633900406493,0
-0.5635579034575481,-0.34385162413107223,-0.18602705134304132,-0.26979862535398774,0.6526320635871657,0.4721665047398568,-0.40053633900406493,0
3.9431224567264866,-1.0304893755098634,-0.1895173476478912,-0.960011214789456,3.5037495006415256,-0.37657679105136976,-0.40053633900406493,0
-0.5850582349521639,0.12243653829593444,1.1669683076403303,-0.6747573032884506,-1.1642795430435187,-1.6496917347382096,-0.40053633900406493,0
0.6498964296472713,0.0598856872386519,-0.25413919953584146,-0.8027395269752856,0.4363890263167607,-0.6594912229817786,-0.40053633900406493,0
-0.4578855075066993,-0.029675758593363796,-1.1017742204729606,-1.4069939064718349,-1.2065879633790326,-0.5180340070165742,-0.40053633900406493,0
0.07025997537824777,-0.6025846898680074,-1.177196306979054,-1.3732473499772961,1.1814873177810907,-0.800948438946983,2.4966523698860974,1
-0.08551089231475542,-0.831463940327605,0.5267020162144085,3.330258552384147,0.15198242295024997,-1.0838628708773919,-0.40053633900406493,0
-0.7539031841540498,1.2710976213478258,-0.5635762914144491,-1.110915627793336,-1.0749617667796558,-0.5887626149991764,-0.40053633900406493,0
-0.6920936705279106,0.2816568864417403,0.037006243207308435,-0.9657417621187171,0.11672540600398842,0.89653815263547,-0.40053633900406493,0
-0.06846587455761603,0.7365721668583313,0.6600399767836734,1.353219723789009,0.02740762974012557,-0.800948438946983,-0.40053633900406493,0
1.8388540734793957,0.5204874086604515,0.13014674449012634,-0.44680886508005796,1.9853473041558567,1.6038242324614922,-0.40053633900406493,0
-0.42226457878214985,0.47641749087009394,-0.641316280335923,-0.6371903819077379,3.1934877515144224,0.6843523286876634,-0.40053633900406493,0
-1.073680364531804,0.5091145266500358,0.3854136695642199,-0.6231823773250992,0.10497306702190125,-0.5887626149991764,-0.40053633900406493,0
1.183962690837504,-0.4803262082560498,-0.9421462151095308,1.4086150146385343,0.26245440938187,1.53309562447889,-0.40053633900406493,0
1.4371105617805466,-1.6588411065852804,0.3348442210934574,1.6403838177331012,-1.2959057396428955,0.9672667606180723,-0.40053633900406493,0
1.5239467024274884,0.9739810788257403,-0.2231259724793504,-0.12271457723628167,0.30476282971738394,-1.154591478859994,-0.40053633900406493,0
0.6005944060397961,-1.6986461936217314,0.7927221265204175,-1.1656741911618325,-0.10186809906283402,1.1794525845658788,-0.40053633900406493,0
-0.8210089922362189,1.1886442267723194,-1.0877803887406685,0.10969095333931404,-1.0726112989832384,-0.5180340070165742,-0.40053633900406493,0
0.029579460008878542,-0.2386524655347359,-0.36212042150305007,0.4930008969187898,-0.7176906617242044,0.0477948568442435,-0.40053633900406493,0
0.5642010082641926,-0.19316093749307617,1.3873735579028192,0.5955140213644636,-0.118321373637756,1.3916384085136855,-0.40053633900406493,0
-0.35967197679649393,-0.5514067208211422,-0.3970752348955546,0.6776518664172085,-1.0420552176298117,-0.16439096710356313,-0.40053633900406493,0
-0.6108025216900211,0.6171569057489764,-0.02452667244606099,-0.5907092757926188,1.1485807686312464,-1.508234518773005,-0.40053633900406493,0
-1.0180043579385356,-2.7094110822973447,1.1238509058331,-0.9651050346376882,-0.6025177396997495,0.8258095446528678,2.4966523698860974,1
-1.1531035427553264,-1.5266313532142077,5.82949142862899,-0.3156430039880778,0.4998516568200318,-0.5180340070165742,2.4966523698860974,1
-0.869282313156193,1.3862480517032758,1.1244356624905014,1.6932321986585113,-0.21234008549445385,-0.7302198309643808,-0.40053633900406493,0
0.5944225324731258,0.5347035111734699,-0.3350718253799083,-0.19848514747873633,-0.6753822413886903,-1.2253200868425962,-0.40053633900406493,0
0.3019273832102493,1.335070082656409,0.4734344294722213,0.7992668152937533,0.4975011890236144,1.6038242324614922,-0.40053633900406493,0
-0.887274162158172,-0.26992789106337556,0.6905289392507702,-1.2115185697959228,3.5766140023304667,1.53309562447889,-0.40053633900406493,0
-1.0785649038661633,0.12101492804463226,-0.43381888515626676,0.24786081672261348,-0.06896154991298967,-0.37657679105136976,-0.40053633900406493,0
-0.8913992496583022,-1.2750063387337818,-0.2745365487528773,0.10268695104799479,0.8571227618754832,1.2501811925484811,2.4966523698860974,1
-0.9481317061644091,1.1531039704897732,-0.043336825021579074,-0.5283099826517739,0.8688751008575706,0.33070928877465233,-0.40053633900406493,0
-0.12683713015030532,-1.1456398058653134,-0.8628151887803165,0.42105069156250957,-0.6589289668137682,1.4623670164962876,-0.40053633900406493,0
-0.9603843327799757,-1.673057209098299,0.38620294702297836,0.46498488775351277,4.690735737832335,-1.0838628708773919,-0.40053633900406493,0
1.0628535885240604,0.6441675005237112,-0.49983205460837865,-0.7365198689482664,-1.2159898345647024,0.2599806807920501,-0.40053633900406493,0
-0.5020405920932932,0.0982691640238024,-1.0664987031008633,1.177482939024997,0.15433289074666756,-1.6496917347382096,-0.40053633900406493,0
-0.2619102805334465,-0.0808537276402306,0.2996522403867034,-0.35257319788776154,-0.4826438820824599,-1.5789631267556072,-0.40053633900406493,0
0.05695535210823021,0.21341959437925231,-1.124734320952072,-0.7721766078858923,0.5539124161376331,-0.23511957508616535,2.4966523698860974,0
-0.393511602166063,0.028610261710012238,1.043778611622911,1.3016447978256576,-0.6589289668137682,-1.508234518773005,2.4966523698860974,1
-0.7638366908247667,0.2176844251331572,0.8799680118429957,0.08358512661712388,0.9699452161035207,0.6136237207050612,-0.40053633900406493,0
0.18007116116272673,-0.6281736743914416,-0.23801950369930255,0.20010625564543622,-0.9503869735695313,-1.3667773028078007,-0.40053633900406493,0
-0.7328704447901164,1.7501802760365488,1.2583967873793944,-1.0650712491592458,-0.6213214820710891,-0.23511957508616535,-0.40053633900406493,0
-0.23827889362126645,-0.29693848583811033,-1.1074143856709489,-0.6244558322871573,-0.8234617125629893,-0.6594912229817786,-0.40053633900406493,0
-0.7974498851332504,-0.22301475277041527,0.8858386230143441,0.23130590221585876,-0.44738686513619824,0.6136237207050612,-0.40053633900406493,0
3.2383073070945647,-0.6665571511765904,-0.6866152373576289,-0.034846184854275694,0.1989917788785989,0.89653815263547,-0.40053633900406493,0
-0.9646217794148044,0.8943709047528365,0.848953824594949,0.48408671218438365,2.7704035481592824,-0.022933751138358716,-0.40053633900406493,0
3.490315486448757,0.027188651458710068,-1.03939729644216,0.10205022356696582,1.4118331618300004,-0.30584818306876754,-0.40053633900406493,0
-0.786204380029923,-1.0802457343054281,-0.6494942318155396,0.6719213190879473,-0.2569989736263852,0.2599806807920501,-0.40053633900406493,0
-0.19124426364967875,-1.2508389644616498,2.7483221835417817,-1.2573629484300128,0.26245440938187,-1.7204203427208118,-0.40053633900406493,0
1.9556376916652731,0.6583836030367296,-0.45370925323191036,0.8502050137760757,-1.2982562074393131,1.1794525845658788,-0.40053633900406493,0
