date,store_id,store_type,day_of_week,month,promo,temperature,sales_last_week,high_demand
2023-01-08,4,1,6,1,0,17.1,788.3126245529638,0
2023-01-08,2,1,6,1,0,12.4,652.2422757379311,0
2023-01-08,9,1,6,1,1,10.7,677.6979665786799,0
2023-01-08,7,1,6,1,0,19.7,739.7091325172485,0
2023-01-08,6,0,6,1,0,14.2,1281.2408229672249,1
2023-01-08,0,2,6,1,0,12.2,314.64487912157205,0
2023-01-08,1,0,6,1,0,16.0,1325.691743722513,1
2023-01-08,5,2,6,1,0,25.096873120865904,435.3335354261886,0
2023-01-08,11,0,6,1,0,13.0,1091.051250125162,1
2023-01-09,0,2,0,1,0,15.3,274.9402509065877,0
2023-01-09,11,0,0,1,0,17.4,848.7634417485441,1
2023-01-09,3,2,0,1,0,14.9,297.90463698353943,0
2023-01-09,9,1,0,1,0,14.0,575.8962101367786,0
2023-01-09,8,2,0,1,0,14.8,344.90412216932543,0
2023-01-09,4,1,0,1,1,14.5,835.7174699093769,0
2023-01-09,5,2,0,1,0,14.5,399.08746960692787,0
2023-01-09,2,1,0,1,0,18.5,572.3151173689155,0
2023-01-09,10,2,0,1,0,16.4,287.81009240743276,0
2023-01-09,6,0,0,1,0,11.9,1007.1019368275693,1
2023-01-10,3,2,1,1,0,10.8,366.0044158389271,0
2023-01-10,11,0,1,1,0,15.6,861.9246592935982,1
2023-01-10,0,2,1,1,0,12.1,377.43873407996716,0
2023-01-10,10,2,1,1,0,16.6,284.3772422703319,0
2023-01-10,4,1,1,1,0,12.7,635.3210778530582,0
2023-01-10,2,1,1,1,0,9.7,587.4141691068869,0
2023-01-10,7,1,1,1,0,14.9,656.5591298004955,0
2023-01-10,1,0,1,1,0,17.2,931.9523322613194,1
2023-01-10,5,2,1,1,0,19.4,391.94072217228006,0
2023-01-11,8,2,2,1,1,12.2,486.137720785614,0
2023-01-11,1,0,2,1,1,16.5,1243.1516172407594,1
2023-01-11,4,1,2,1,1,14.8,698.0947836989305,1
2023-01-11,10,2,2,1,0,15.0,311.02783467394585,0
2023-01-11,11,0,2,1,0,17.8,788.735453123578,1
2023-01-11,6,0,2,1,0,17.4,1127.7779041755537,1
2023-01-11,9,1,2,1,0,11.9,500.0619392525481,0
2023-01-11,5,2,2,1,1,22.5,356.37750385328616,0
2023-01-11,2,1,2,1,0,18.7,548.2810085935911,0
2023-01-11,0,2,2,1,0,13.7,342.6759571170664,0
2023-01-12,5,2,3,1,0,13.7,443.11326062320614,0
2023-01-12,3,2,3,1,0,15.4,359.0321414619955,0
2023-01-12,7,1,3,1,1,25.096873120865904,697.6313528694809,1
2023-01-12,2,1,3,1,0,11.9,560.3098448933473,0
2023-01-12,6,0,3,1,0,18.7,1129.5118227683936,1
2023-01-12,0,2,3,1,0,19.2,331.745385900314,0
2023-01-12,11,0,3,1,0,15.9,867.2567716043247,1
2023-01-12,4,1,3,1,0,18.4,751.7225409133896,0
2023-01-12,10,2,3,1,0,16.2,325.3833233227188,0
2023-01-12,1,0,3,1,0,22.0,952.6734860545841,0
2023-01-12,9,1,3,1,0,13.2,608.7842795813208,0
2023-01-13,5,2,4,1,1,17.1,455.2625667071129,0
2023-01-13,3,2,4,1,1,15.9,385.14508648451516,0
2023-01-13,10,2,4,1,0,17.3,405.0142929609008,0
2023-01-13,0,2,4,1,0,14.4,374.383641518587,0
2023-01-13,7,1,4,1,0,17.4,668.2725366216798,0
2023-01-13,9,1,4,1,1,15.8,528.8000010590466,0
2023-01-13,11,0,4,1,0,15.6,904.7845737254106,0
2023-01-13,6,0,4,1,0,15.7,1157.1227017701178,0
2023-01-13,8,2,4,1,0,15.8,474.6213183473578,0
2023-01-13,4,1,4,1,1,11.3,604.5102447270821,0
2023-01-13,2,1,4,1,0,19.5,549.4824427244862,0
2023-01-13,1,0,4,1,0,6.5,1007.7344814750115,1
2023-01-14,10,2,5,1,0,19.0,423.250941726887,0
2023-01-14,11,0,5,1,0,18.3,1216.3943910053001,1
2023-01-14,7,1,5,1,0,12.7,754.1376059143383,1
2023-01-14,6,0,5,1,0,15.3,1697.0004791217032,0
2023-01-14,9,1,5,1,0,21.0,591.350484679675,1
2023-01-14,1,0,5,1,0,8.4,1278.517489661963,1
2023-01-14,0,2,5,1,0,14.4,450.2098042970516,0
2023-01-14,4,1,5,1,0,13.2,677.5424636349187,0
2023-01-15,7,1,6,1,0,14.1,738.706015419584,1
2023-01-15,0,2,6,1,0,17.1,469.0173423045327,0
2023-01-15,3,2,6,1,0,14.7,406.86295213588403,0
2023-01-15,11,0,6,1,1,18.5,1212.7110871190819,1
2023-01-15,6,0,6,1,0,18.2,1231.4525084393053,1
2023-01-15,4,1,6,1,0,10.2,782.2968963934992,0
2023-01-15,9,1,6,1,0,16.3,758.8688819317603,0
2023-01-15,1,0,6,1,0,14.4,1173.8988179656465,1
2023-01-15,8,2,6,1,0,15.5,341.1985457180407,0
2023-01-15,5,2,6,1,0,15.9,411.022055576154,0
2023-01-16,11,0,0,1,0,25.096873120865904,1120.7331699394156,1
2023-01-16,6,0,0,1,0,20.3,947.9359550145182,0
2023-01-16,1,0,0,1,0,17.9,1037.1400536271183,1
2023-01-16,4,1,0,1,0,14.8,810.0950829940516,0
2023-01-16,9,1,0,1,0,15.6,568.0407883904898,0
2023-01-16,8,2,0,1,0,22.0,294.3785058524964,0
2023-01-16,0,2,0,1,0,12.2,400.1681760068224,0
2023-01-16,3,2,0,1,0,12.6,334.35265893148454,0
2023-01-17,0,2,1,1,0,17.2,301.8731427333388,0
2023-01-17,9,1,1,1,0,16.2,512.0178903406227,0
2023-01-17,4,1,1,1,0,17.3,747.7206122289685,0
2023-01-17,11,0,1,1,0,13.5,955.5484411927152,1
2023-01-17,7,1,1,1,0,25.096873120865904,651.9985655710037,0
2023-01-17,2,1,1,1,0,13.8,671.0464472853996,0
2023-01-17,5,2,1,1,0,17.1,440.4174608438184,0
2023-01-17,3,2,1,1,0,13.0,361.88779636157034,0
2023-01-17,8,2,1,1,0,11.0,294.61845265815765,0
2023-01-17,6,0,1,1,0,14.8,867.5804902026405,1
2023-01-18,1,0,2,1,0,25.096873120865904,1212.867506855722,0
2023-01-18,9,1,2,1,0,11.5,500.08964074448147,0
2023-01-18,6,0,2,1,0,9.2,1032.0166834152333,1
2023-01-18,3,2,2,1,0,15.9,373.97201020459306,0
2023-01-18,0,2,2,1,0,16.1,317.9504603867014,0
2023-01-18,11,0,2,1,0,18.1,955.8837821552554,1
2023-01-18,10,2,2,1,0,14.9,366.41320215995427,0
2023-01-18,2,1,2,1,0,19.5,706.3074767702668,0
2023-01-18,8,2,2,1,0,16.1,392.6261514646081,0
2023-01-18,5,2,2,1,1,10.7,480.60418873066686,0
2023-01-18,4,1,2,1,0,14.9,945.7861071261262,0
2023-01-19,2,1,3,1,1,15.7,654.3069460849905,0
2023-01-19,8,2,3,1,0,14.6,314.3629534817689,0
2023-01-19,0,2,3,1,1,16.2,323.44269141514945,0
2023-01-19,4,1,3,1,0,18.0,737.0899159530113,0
2023-01-19,7,1,3,1,0,25.096873120865904,884.9287922325599,0
2023-01-19,9,1,3,1,1,15.3,496.58928871564865,0
2023-01-19,10,2,3,1,0,16.0,352.141644953876,0
2023-01-19,11,0,3,1,0,11.8,993.3259718215961,1
2023-01-19,3,2,3,1,0,16.0,354.9785840982991,0
2023-01-19,5,2,3,1,0,15.1,376.7663791343436,0
2023-01-20,5,2,4,1,0,12.4,524.4449881584146,0
2023-01-20,7,1,4,1,1,15.5,721.5030076202291,0
2023-01-20,4,1,4,1,0,14.7,782.9812068914437,0
2023-01-20,1,0,4,1,0,20.0,857.3492908567745,1
2023-01-20,0,2,4,1,1,14.1,332.0384125283262,0
2023-01-20,6,0,4,1,0,14.2,750.5998214639815,0
2023-01-20,3,2,4,1,0,18.1,384.20994057718525,0
2023-01-20,9,1,4,1,0,20.5,702.8899390404692,0
2023-01-20,2,1,4,1,0,13.2,607.1604715735895,0
2023-01-20,10,2,4,1,0,15.6,325.7861005085759,0
2023-01-20,11,0,4,1,0,25.096873120865904,779.7435190502463,1
2023-01-21,5,2,5,1,0,17.5,450.92057901512237,0
2023-01-21,11,0,5,1,0,20.2,1116.9251311626315,1
2023-01-21,0,2,5,1,0,17.5,416.62826452926885,0
2023-01-21,4,1,5,1,0,9.3,757.4638409965156,1
2023-01-21,10,2,5,1,0,19.1,389.67179356962544,0
2023-01-21,6,0,5,1,0,15.4,812.4402881705191,1
2023-01-21,3,2,5,1,0,10.7,335.1018040732919,0
2023-01-21,8,2,5,1,0,15.3,433.90141867657644,0
2023-01-21,9,1,5,1,0,13.5,876.3219156732496,0
2023-01-21,2,1,5,1,0,15.6,739.6165502012576,0
2023-01-22,4,1,6,1,0,16.6,697.7737358984785,1
2023-01-22,8,2,6,1,0,15.6,404.29101774093044,0
2023-01-22,7,1,6,1,0,21.4,918.5623255567112,0
2023-01-22,5,2,6,1,1,13.1,414.39756159154825,0
2023-01-22,3,2,6,1,0,13.5,360.0432002071259,0
2023-01-22,11,0,6,1,1,14.9,1367.7625749093615,1
2023-01-22,1,0,6,1,0,19.9,1227.0139109608567,1
2023-01-22,6,0,6,1,1,21.1,858.3394305375051,1
2023-01-22,10,2,6,1,1,15.8,406.0549438611703,0
2023-01-22,2,1,6,1,0,16.0,786.9264012231653,0
2023-01-22,9,1,6,1,0,19.3,717.6691851799685,0
2023-01-23,1,0,0,1,0,16.1,933.9424644635825,1
2023-01-23,8,2,0,1,0,16.3,302.0053723060937,0
2023-01-23,10,2,0,1,0,18.5,437.6632542088251,0
2023-01-23,3,2,0,1,0,16.8,303.7433304403352,0
2023-01-23,7,1,0,1,0,18.2,705.6836969915879,0
2023-01-23,6,0,0,1,0,14.7,820.8874682769484,1
2023-01-23,11,0,0,1,0,15.1,999.589657110084,1
2023-01-23,2,1,0,1,0,8.6,648.9086286295417,0
2023-01-24,10,2,1,1,0,15.8,346.3601860775712,0
2023-01-24,5,2,1,1,0,18.1,372.7805830318634,0
2023-01-24,2,1,1,1,0,13.5,595.326255568608,0
2023-01-24,7,1,1,1,0,13.0,712.6403394735771,0
2023-01-24,11,0,1,1,0,17.4,1007.1729262431479,1
2023-01-24,0,2,1,1,0,11.6,267.4738032365876,0
2023-01-24,3,2,1,1,0,25.096873120865904,315.63677096195397,0
2023-01-24,1,0,1,1,0,16.4,1231.1618473915053,1
2023-01-24,4,1,1,1,0,25.096873120865904,613.5817662960584,0
2023-01-25,10,2,2,1,0,16.0,359.5017241332336,0
2023-01-25,11,0,2,1,0,15.9,877.5705782012797,1
2023-01-25,6,0,2,1,0,16.4,969.355740606132,1
2023-01-25,9,1,2,1,0,16.3,723.3012708511716,0
2023-01-25,4,1,2,1,1,17.8,712.5295165975377,0
2023-01-25,5,2,2,1,0,14.7,538.3787876218621,0
2023-01-25,1,0,2,1,0,18.1,815.5143698036007,1
2023-01-25,0,2,2,1,0,17.7,241.80930377222916,0
2023-01-25,7,1,2,1,0,15.5,665.974487868076,0
2023-01-25,2,1,2,1,0,13.7,558.5519883521353,0
2023-01-26,7,1,3,1,0,12.6,649.3194566237473,0
2023-01-26,10,2,3,1,0,15.4,286.926621782441,0
2023-01-26,1,0,3,1,0,17.0,946.9046190435558,1
2023-01-26,11,0,3,1,0,19.6,909.8679790848117,1
2023-01-26,2,1,3,1,0,12.8,718.6981051996111,0
2023-01-26,8,2,3,1,0,25.096873120865904,370.93240252301234,0
2023-01-26,6,0,3,1,0,17.2,1002.8759707606519,1
2023-01-26,3,2,3,1,1,13.4,284.00508591827236,0
2023-01-26,0,2,3,1,1,14.7,380.45416426219646,0
2023-01-26,9,1,3,1,0,19.5,753.5169330768642,0
2023-01-26,4,1,3,1,0,14.5,682.109308932791,0
2023-01-27,4,1,4,1,0,19.5,694.9722396905969,0
2023-01-27,3,2,4,1,0,8.4,295.4744353292125,0
2023-01-27,6,0,4,1,0,16.1,774.1110778297088,1
2023-01-27,9,1,4,1,0,19.2,572.0249108662907,0
2023-01-27,8,2,4,1,1,15.8,379.1418101896307,0
2023-01-27,7,1,4,1,1,18.8,782.7247566276706,0
2023-01-27,10,2,4,1,0,8.7,265.7840647484766,0
2023-01-27,0,2,4,1,0,15.2,440.7280118962021,0
2023-01-27,11,0,4,1,0,17.7,871.0237127519742,1
2023-01-27,1,0,4,1,0,14.1,879.0476354245945,1
2023-01-28,6,0,5,1,0,15.5,1029.5225228955153,1
2023-01-28,1,0,5,1,0,13.2,1240.6812811372947,1
2023-01-28,10,2,5,1,0,25.096873120865904,356.20896397689785,0
2023-01-28,8,2,5,1,0,10.2,413.8156760214337,0
2023-01-28,9,1,5,1,0,19.6,724.485122123448,0
2023-01-28,7,1,5,1,0,15.6,740.7716789813455,0
2023-01-28,3,2,5,1,0,16.5,336.25623490526056,0
2023-01-29,1,0,6,1,0,21.4,1314.4332931766094,1
2023-01-29,5,2,6,1,0,11.3,521.6082804630851,0
2023-01-29,7,1,6,1,0,15.8,763.5137324590421,1
2023-01-29,10,2,6,1,0,13.2,496.593554078868,0
2023-01-29,11,0,6,1,0,25.096873120865904,1420.035541265351,1
2023-01-29,0,2,6,1,0,13.8,467.22953260461645,0
2023-01-29,8,2,6,1,0,25.096873120865904,443.3174160214715,0
2023-01-29,2,1,6,1,0,10.0,766.3171891268107,1
2023-01-29,9,1,6,1,0,12.4,775.0897409081656,0
2023-01-29,4,1,6,1,0,14.9,869.3625176577805,0
2023-01-30,10,2,0,1,0,13.9,347.2293188166647,0
2023-01-30,8,2,0,1,0,17.8,382.9819963395237,0
2023-01-30,7,1,0,1,0,10.3,662.0311591698237,0
2023-01-30,5,2,0,1,0,18.6,385.6806625029526,0
2023-01-30,2,1,0,1,0,17.4,596.6516997854793,1
2023-01-30,6,0,0,1,0,12.9,864.2503987097745,1
2023-01-30,4,1,0,1,0,14.4,790.349872917724,0
2023-01-30,11,0,0,1,0,16.1,871.4278647205467,1
2023-01-30,9,1,0,1,0,19.3,579.5889882549151,0
2023-01-30,1,0,0,1,0,25.096873120865904,1018.9648924957959,1
2023-01-31,4,1,1,1,1,12.2,660.3595322654843,0
2023-01-31,3,2,1,1,0,12.2,381.081928184306,0
2023-01-31,9,1,1,1,1,15.3,607.6199609024545,0
2023-01-31,11,0,1,1,0,15.2,928.1751175188402,1
2023-01-31,10,2,1,1,0,19.4,352.36537992923195,0
2023-01-31,8,2,1,1,0,12.5,343.0542506602611,0
2023-01-31,2,1,1,1,0,15.9,616.4908387615186,0
2023-01-31,5,2,1,1,0,7.3,362.4110631926063,0
2023-01-31,1,0,1,1,0,17.3,876.4765956350709,1
2023-02-01,4,1,2,2,1,15.9,839.7443482044872,0
2023-02-01,2,1,2,2,0,10.6,655.6272064858044,0
2023-02-01,0,2,2,2,0,18.1,385.48617569096564,0
2023-02-01,3,2,2,2,0,14.2,368.09399565439014,0
2023-02-01,5,2,2,2,0,15.2,343.1887209845809,0
2023-02-01,9,1,2,2,0,18.6,571.699899380284,0
2023-02-01,6,0,2,2,0,18.2,846.5201123480906,1
2023-02-01,1,0,2,2,0,15.7,878.5188802605577,0
2023-02-01,8,2,2,2,0,18.0,385.49815797109864,0
2023-02-01,10,2,2,2,0,12.8,371.1985741303837,0
2023-02-02,6,0,3,2,0,25.096873120865904,918.7289208905196,1
2023-02-02,1,0,3,2,0,17.2,868.4528159325789,0
2023-02-02,5,2,3,2,0,12.2,368.3121372865345,0
2023-02-02,3,2,3,2,0,19.5,404.0102226478294,0
2023-02-02,2,1,3,2,0,11.7,746.7811735682756,0
2023-02-02,7,1,3,2,0,18.8,627.8385383206703,0
2023-02-02,10,2,3,2,0,14.4,349.7625888730777,0
2023-02-02,0,2,3,2,0,20.0,455.1155432959014,0
2023-02-02,8,2,3,2,1,12.2,363.95374019903267,0
2023-02-03,3,2,4,2,1,12.4,348.12250839562324,0
2023-02-03,9,1,4,2,0,14.2,503.91861857039646,0
2023-02-03,1,0,4,2,0,20.0,912.222180424657,0
2023-02-03,5,2,4,2,0,25.096873120865904,451.9221579393188,0
2023-02-03,0,2,4,2,0,20.4,336.9700696462447,0
2023-02-03,10,2,4,2,0,11.8,329.6798520997379,0
2023-02-03,6,0,4,2,0,18.2,1024.6241728562377,1
2023-02-03,2,1,4,2,0,15.2,871.6634200807922,0
2023-02-03,4,1,4,2,0,13.9,682.4788357913676,0
2023-02-03,7,1,4,2,0,21.4,818.3423956754151,0
2023-02-04,8,2,5,2,0,18.6,441.17454874404046,0
2023-02-04,9,1,5,2,0,20.1,557.5287999078273,0
2023-02-04,1,0,5,2,0,16.8,1178.7912130279599,1
2023-02-04,2,1,5,2,0,12.6,1084.526595219449,1
2023-02-04,6,0,5,2,1,14.5,1239.2145569863974,1
2023-02-04,0,2,5,2,0,17.5,411.3683592968048,0
2023-02-04,3,2,5,2,0,9.5,469.59130928765995,0
2023-02-04,4,1,5,2,0,17.1,890.1483342114507,0
2023-02-04,11,0,5,2,0,10.2,1469.2455626575136,1
2023-02-04,10,2,5,2,0,19.3,401.50771211271046,0
2023-02-05,7,1,6,2,0,13.0,872.7986200795511,1
2023-02-05,0,2,6,2,0,23.5,350.1611251917095,0
2023-02-05,2,1,6,2,0,18.0,926.9072673833396,0
2023-02-05,4,1,6,2,0,13.4,721.7514596686184,0
2023-02-05,1,0,6,2,0,15.7,1116.7124985288465,1
2023-02-05,9,1,6,2,0,12.6,655.520053155771,0
2023-02-05,5,2,6,2,0,23.0,466.77152272534966,0
2023-02-05,3,2,6,2,0,12.0,585.8278739747883,0
2023-02-05,8,2,6,2,0,25.096873120865904,476.1547482163404,0
2023-02-05,6,0,6,2,0,16.5,1267.1145420252064,1
2023-02-06,7,1,0,2,0,17.3,653.6978843317964,0
2023-02-06,9,1,0,2,1,20.1,611.1298658792299,0
2023-02-06,8,2,0,2,0,9.8,384.35931324411257,0
2023-02-06,6,0,0,2,0,14.2,1026.979695192421,1
2023-02-06,5,2,0,2,0,14.3,381.75693823208195,0
2023-02-06,3,2,0,2,0,19.1,385.5232136848071,0
2023-02-06,4,1,0,2,0,13.0,567.60104788455,0
2023-02-06,11,0,0,2,0,11.6,1227.3399179949572,1
2023-02-06,2,1,0,2,0,15.9,863.2388998733545,0
2023-02-06,1,0,0,2,0,16.2,955.4652005981603,0
2023-02-07,4,1,1,2,0,18.1,752.4413711493285,0
2023-02-07,0,2,1,2,1,17.2,262.27211377707164,0
2023-02-07,11,0,1,2,0,20.4,1065.6946511278397,1
2023-02-07,1,0,1,2,0,15.8,958.3989929321972,1
2023-02-07,6,0,1,2,0,13.7,1094.046878569857,1
2023-02-07,8,2,1,2,0,20.6,410.546869128777,0
2023-02-07,3,2,1,2,0,12.2,361.0691954268431,0
2023-02-07,9,1,1,2,0,10.5,772.5357297837188,0
2023-02-07,5,2,1,2,0,24.9,407.8166169840223,0
2023-02-08,8,2,2,2,0,14.3,419.53933361257293,0
2023-02-08,1,0,2,2,0,19.1,843.3078840559623,1
2023-02-08,4,1,2,2,0,20.2,772.9868692952855,0
2023-02-08,7,1,2,2,0,16.4,664.0017582633922,0
2023-02-08,0,2,2,2,0,15.5,337.4236513863179,0
2023-02-08,9,1,2,2,0,16.7,593.7494508880658,0
2023-02-08,10,2,2,2,0,14.3,332.94151657667027,0
2023-02-08,5,2,2,2,1,15.1,449.10686173041796,0
2023-02-08,3,2,2,2,0,25.096873120865904,352.8732935772859,0
2023-02-08,6,0,2,2,0,15.9,1152.6091305901284,1
2023-02-09,8,2,3,2,0,13.4,496.8045724078674,0
2023-02-09,4,1,3,2,0,12.7,659.8293409046015,0
2023-02-09,5,2,3,2,0,17.1,433.23785452579995,0
2023-02-09,9,1,3,2,0,12.4,570.7024812739944,0
2023-02-09,7,1,3,2,0,17.4,697.0831505992627,0
2023-02-09,1,0,3,2,0,11.5,729.9288279262877,1
2023-02-09,10,2,3,2,0,17.8,352.4954666852382,0
2023-02-09,11,0,3,2,0,11.6,1320.5695684108616,1
2023-02-09,3,2,3,2,1,13.3,351.591972209354,0
2023-02-10,8,2,4,2,0,13.9,382.6926577197057,0
2023-02-10,9,1,4,2,0,14.1,524.5595010409836,0
2023-02-10,3,2,4,2,0,16.5,494.58597597470236,0
2023-02-10,1,0,4,2,0,25.096873120865904,775.7350227435934,1
2023-02-10,5,2,4,2,0,17.9,458.2831474987206,0
2023-02-10,6,0,4,2,0,17.7,1064.7895754385772,1
2023-02-10,11,0,4,2,0,15.6,995.0455409578499,1
2023-02-10,2,1,4,2,0,21.4,600.6452572281826,0
2023-02-11,1,0,5,2,0,25.096873120865904,1036.0265950821126,1
2023-02-11,2,1,5,2,0,15.4,849.0288530087715,0
2023-02-11,0,2,5,2,0,21.7,426.2987589527307,0
2023-02-11,8,2,5,2,0,13.8,443.2742162509607,0
2023-02-11,3,2,5,2,0,15.8,461.584131036269,0
2023-02-11,6,0,5,2,0,11.0,1508.5274852483672,1
2023-02-11,7,1,5,2,0,17.0,1153.8325129936425,0
2023-02-11,11,0,5,2,0,15.0,1206.071305649327,1
2023-02-12,9,1,6,2,1,9.4,786.413558438841,1
2023-02-12,0,2,6,2,0,17.1,393.9636859877936,0
2023-02-12,3,2,6,2,0,16.5,487.69619163510714,0
2023-02-12,1,0,6,2,0,16.9,935.964748864555,1
2023-02-12,2,1,6,2,0,11.0,675.2251024757815,0
2023-02-12,10,2,6,2,0,19.1,401.3697581770987,0
2023-02-12,8,2,6,2,0,18.0,387.7724001786357,0
2023-02-12,11,0,6,2,1,15.3,1023.266698463945,1
2023-02-12,7,1,6,2,0,15.4,881.8606283123963,1
2023-02-13,7,1,0,2,0,19.8,713.0330501196811,0
2023-02-13,2,1,0,2,0,25.096873120865904,535.4404914603274,0
2023-02-13,6,0,0,2,0,15.3,1077.5077342092202,1
2023-02-13,5,2,0,2,0,16.1,405.84016720759644,0
2023-02-13,9,1,0,2,0,12.9,812.2376070683873,0
2023-02-13,3,2,0,2,0,14.4,433.9698667003957,0
2023-02-13,11,0,0,2,0,16.9,913.6050470283398,1
2023-02-13,0,2,0,2,0,17.3,324.7365327655814,0
2023-02-13,8,2,0,2,0,18.5,311.3996403169014,0
2023-02-13,1,0,0,2,0,18.7,811.194965235786,1
2023-02-14,10,2,1,2,0,12.6,326.1286032151391,0
2023-02-14,3,2,1,2,0,18.3,437.4639817604769,0
2023-02-14,6,0,1,2,0,18.6,1067.5454951447862,1
2023-02-14,7,1,1,2,0,13.7,791.9442613029267,0
2023-02-14,5,2,1,2,0,15.3,378.1898347899777,0
2023-02-14,8,2,1,2,0,13.1,342.88123225496156,0
2023-02-14,9,1,1,2,0,15.6,725.5793241953406,0
2023-02-14,1,0,1,2,0,21.4,849.2278661458129,1
2023-02-14,0,2,1,2,0,19.3,446.8763497776248,0
2023-02-14,2,1,1,2,0,15.1,696.2904399503495,0
2023-02-14,11,0,1,2,0,19.4,942.9113786489972,1
2023-02-15,1,0,2,2,0,14.3,902.8095362288612,1
2023-02-15,3,2,2,2,0,15.1,481.6092632023184,0
2023-02-15,11,0,2,2,0,18.2,989.7075128127283,1
2023-02-15,8,2,2,2,0,17.6,332.60815111574226,0
2023-02-15,7,1,2,2,0,16.0,732.5220255854396,0
2023-02-15,4,1,2,2,0,14.2,672.2865827595132,0
2023-02-15,10,2,2,2,0,20.5,344.7431689061608,0
2023-02-15,2,1,2,2,0,20.8,787.5327278366674,0
2023-02-16,4,1,3,2,0,13.9,570.5466670026788,0
2023-02-16,8,2,3,2,0,20.1,361.94227936650225,0
2023-02-16,9,1,3,2,0,16.0,700.4895637736229,0
2023-02-16,5,2,3,2,1,15.6,406.0277416554468,0
2023-02-16,3,2,3,2,0,18.6,517.7931820065548,0
2023-02-16,7,1,3,2,0,25.096873120865904,620.4932060208569,0
2023-02-16,10,2,3,2,0,15.1,337.8172933777348,0
2023-02-16,6,0,3,2,0,17.7,1090.7134407152842,1
2023-02-16,2,1,3,2,0,13.4,666.1611007990953,0
2023-02-16,1,0,3,2,1,19.6,863.0247708826016,1
2023-02-17,0,2,4,2,0,22.0,352.67013014855644,0
2023-02-17,1,0,4,2,0,19.5,956.1746313649038,1
2023-02-17,2,1,4,2,0,13.3,607.8788384030837,0
2023-02-17,4,1,4,2,1,18.0,791.0264215279843,1
2023-02-17,8,2,4,2,0,16.5,416.41593598093954,0
2023-02-17,6,0,4,2,0,25.096873120865904,1151.8070793947056,1
2023-02-17,5,2,4,2,0,20.3,418.520145393181,0
2023-02-17,11,0,4,2,0,20.0,1028.7918071822578,1
2023-02-18,3,2,5,2,0,16.1,383.9210381017417,0
2023-02-18,4,1,5,2,0,17.1,776.3432274280008,0
2023-02-18,11,0,5,2,0,20.2,1193.5861663269504,1
2023-02-18,5,2,5,2,0,17.1,517.3142030234097,0
2023-02-18,6,0,5,2,0,22.5,1239.1867205819838,1
2023-02-18,0,2,5,2,0,14.4,447.4668313199192,0
2023-02-18,1,0,5,2,0,21.1,1057.7912883785393,1
2023-02-18,9,1,5,2,0,16.5,841.9075529979685,0
2023-02-18,8,2,5,2,0,17.6,556.5861093442908,0
2023-02-18,2,1,5,2,0,21.9,690.4637979681034,0
2023-02-18,7,1,5,2,0,14.3,782.3950890861836,0
2023-02-19,8,2,6,2,0,12.6,547.4897046689698,0
2023-02-19,10,2,6,2,0,17.2,336.42569555155717,0
2023-02-19,4,1,6,2,0,24.6,803.0208994959813,0
2023-02-19,1,0,6,2,0,22.3,1106.811414949426,1
2023-02-19,11,0,6,2,1,13.3,1653.4119354097297,1
2023-02-19,7,1,6,2,0,25.096873120865904,881.7832901417671,1
2023-02-19,9,1,6,2,0,16.6,995.5895481022391,0
2023-02-19,6,0,6,2,1,17.1,1196.0090960237403,1
2023-02-19,5,2,6,2,0,19.2,492.8289488755198,0
2023-02-20,9,1,0,2,1,19.1,598.1451642125239,0
2023-02-20,3,2,0,2,0,15.2,319.5651577148929,0
2023-02-20,10,2,0,2,0,20.7,281.96699632252,0
2023-02-20,1,0,0,2,0,18.8,942.5671035038107,1
2023-02-20,11,0,0,2,0,18.1,1166.3840765788873,1
2023-02-20,4,1,0,2,0,19.5,611.1854595730849,0
2023-02-20,8,2,0,2,0,15.7,377.91695455457284,0
2023-02-20,2,1,0,2,1,13.0,591.8258034777276,1
2023-02-20,0,2,0,2,0,18.3,422.59970597049625,0
2023-02-20,5,2,0,2,0,16.4,381.4508331287893,0
2023-02-21,3,2,1,2,0,13.2,413.9005496841686,0
2023-02-21,7,1,1,2,0,17.4,734.8276648496651,0
2023-02-21,6,0,1,2,0,21.2,1154.0190923951752,1
2023-02-21,9,1,1,2,0,17.9,603.3147933663307,0
2023-02-21,5,2,1,2,0,15.3,415.5194276348384,0
2023-02-21,2,1,1,2,0,25.096873120865904,549.6345763369546,0
2023-02-21,8,2,1,2,0,25.096873120865904,404.5431595180089,0
2023-02-22,6,0,2,2,1,16.0,1299.7744616350913,1
2023-02-22,9,1,2,2,0,16.5,740.3894364392398,0
2023-02-22,5,2,2,2,0,14.4,522.705949771673,0
2023-02-22,1,0,2,2,0,21.5,973.7058926239188,1
2023-02-22,4,1,2,2,0,20.2,620.4954617588364,0
2023-02-22,7,1,2,2,0,25.096873120865904,720.43538989287,0
2023-02-22,0,2,2,2,0,21.1,457.00098132822404,0
2023-02-22,8,2,2,2,0,13.0,397.2479661113721,0
2023-02-22,2,1,2,2,0,17.4,524.0191507456985,0
2023-02-22,10,2,2,2,0,21.8,327.6684459562847,0
2023-02-23,6,0,3,2,0,13.0,1131.1506591620525,1
2023-02-23,8,2,3,2,0,17.7,405.4674405957874,0
2023-02-23,5,2,3,2,0,16.5,546.8527633880643,0
2023-02-23,11,0,3,2,0,20.4,1192.3322404395312,1
2023-02-23,0,2,3,2,0,16.2,413.65434681019985,0
2023-02-23,10,2,3,2,0,16.2,292.98325656212774,0
2023-02-23,2,1,3,2,0,14.6,773.7718809108544,0
2023-02-23,1,0,3,2,0,12.8,1084.656388410957,1
2023-02-23,7,1,3,2,0,15.9,685.9525704184888,1
2023-02-23,4,1,3,2,0,18.2,677.1142947965628,0
2023-02-23,9,1,3,2,0,19.5,551.9930090147468,0
2023-02-23,3,2,3,2,0,19.7,378.045739503592,0
2023-02-24,0,2,4,2,0,17.4,410.2849357127766,0
2023-02-24,3,2,4,2,0,25.096873120865904,326.581213223849,0
2023-02-24,4,1,4,2,0,18.3,894.9197199905659,0
2023-02-24,2,1,4,2,0,13.4,721.8285827351373,0
2023-02-24,10,2,4,2,0,21.9,298.5090456245295,0
2023-02-24,7,1,4,2,1,20.6,612.9518785491468,1
2023-02-24,9,1,4,2,0,16.6,677.0452539406243,0
2023-02-24,8,2,4,2,0,16.7,389.26498245296733,0
2023-02-24,5,2,4,2,1,19.8,417.4756777039041,0
2023-02-25,7,1,5,2,0,19.6,786.0629814302404,1
2023-02-25,10,2,5,2,0,19.8,492.2487430377728,0
2023-02-25,1,0,5,2,1,21.3,1210.732460442604,1
2023-02-25,2,1,5,2,0,19.7,756.7422784153865,0
2023-02-25,0,2,5,2,0,17.7,507.94653879939483,0
2023-02-25,5,2,5,2,1,14.7,540.6724687820098,0
2023-02-25,8,2,5,2,0,18.6,411.1043369589491,0
2023-02-25,9,1,5,2,0,12.4,690.3998822646396,0
2023-02-25,4,1,5,2,0,17.3,798.3780790462599,0
2023-02-25,11,0,5,2,0,14.1,1151.9858716162335,1
2023-02-25,3,2,5,2,0,13.5,357.1737545957429,0
2023-02-26,4,1,6,2,0,22.1,716.5894502863961,0
2023-02-26,3,2,6,2,0,17.7,449.4880238207834,0
2023-02-26,10,2,6,2,0,25.096873120865904,405.6778268174443,0
2023-02-26,6,0,6,2,0,22.1,1576.8063725470477,1
2023-02-26,5,2,6,2,0,18.3,554.2874244273572,0
2023-02-26,2,1,6,2,0,20.9,850.5390821279557,0
2023-02-27,10,2,0,2,0,20.8,359.05150181069627,0
2023-02-27,11,0,0,2,0,18.5,1205.6738426361171,1
2023-02-27,3,2,0,2,0,19.2,322.1823526365787,0
2023-02-27,4,1,0,2,0,22.7,586.006707922921,0
2023-02-27,1,0,0,2,1,16.5,997.2333764534026,1
2023-02-27,2,1,0,2,1,11.6,859.3311634168377,0
2023-02-27,9,1,0,2,0,12.6,735.561314475495,0
2023-02-27,5,2,0,2,0,19.6,421.88698896293386,0
2023-02-28,10,2,1,2,1,15.0,321.14777902825415,0
2023-02-28,1,0,1,2,0,16.5,1003.7578246860445,1
2023-02-28,4,1,1,2,0,19.6,817.9062065227821,0
2023-02-28,11,0,1,2,0,25.096873120865904,1166.494587542268,1
2023-02-28,5,2,1,2,0,20.0,441.13285263384313,0
2023-02-28,8,2,1,2,1,16.7,394.5398264303606,0
2023-02-28,9,1,1,2,0,18.9,623.6173997560858,0
2023-03-01,0,2,2,3,0,20.9,391.8469845024011,0
2023-03-01,9,1,2,3,0,14.3,591.7370244126258,0
2023-03-01,10,2,2,3,0,16.6,340.92939555839695,0
2023-03-01,7,1,2,3,0,18.0,773.5882834346688,0
2023-03-01,11,0,2,3,0,17.5,1135.301879637723,1
2023-03-01,8,2,2,3,0,21.6,467.2271161699625,0
2023-03-01,2,1,2,3,0,12.4,529.8102458253428,0
2023-03-01,6,0,2,3,0,17.2,1239.588215499997,1
2023-03-01,4,1,2,3,0,15.9,673.709002707861,0
2023-03-01,3,2,2,3,0,20.1,386.50754856697785,0
2023-03-02,8,2,3,3,0,17.8,420.77980946635995,0
2023-03-02,9,1,3,3,0,19.1,582.4594875449604,0
2023-03-02,1,0,3,3,0,21.0,1135.682219411711,1
2023-03-02,10,2,3,3,0,19.8,329.3598027899401,0
2023-03-02,11,0,3,3,0,18.9,1383.2139481117738,1
2023-03-02,2,1,3,3,0,20.1,574.5659707441539,0
2023-03-02,4,1,3,3,0,21.2,733.1576561572177,0
2023-03-02,5,2,3,3,0,23.4,453.22264405838274,0
2023-03-02,0,2,3,3,0,17.1,359.9037129530363,0
2023-03-02,3,2,3,3,1,21.1,378.38113378770043,0
2023-03-03,5,2,4,3,0,15.7,563.9937722174885,0
2023-03-03,3,2,4,3,0,25.1,355.1376257410482,0
2023-03-03,9,1,4,3,0,19.8,588.0940492304948,0
2023-03-03,1,0,4,3,1,19.4,1320.441115484556,1
2023-03-03,2,1,4,3,0,15.0,514.5930493485882,0
2023-03-03,6,0,4,3,0,25.096873120865904,872.4981602281831,1
2023-03-03,8,2,4,3,0,20.9,447.98003504767297,0
2023-03-03,11,0,4,3,0,16.8,1235.0717094025986,1
2023-03-03,4,1,4,3,0,14.7,748.9044222271981,0
2023-03-03,0,2,4,3,0,16.6,363.58149172885027,0
2023-03-03,7,1,4,3,0,17.3,1108.684405030962,0
2023-03-04,7,1,5,3,0,22.9,869.7506019616723,1
2023-03-04,6,0,5,3,0,23.6,1238.8791275630504,1
2023-03-04,0,2,5,3,0,19.4,423.6821811182585,0
2023-03-04,8,2,5,3,0,19.4,559.3415378146908,0
2023-03-04,4,1,5,3,1,18.3,768.8346867750366,1
2023-03-04,3,2,5,3,0,16.5,438.3649822314315,0
2023-03-04,11,0,5,3,0,25.096873120865904,1274.5381142695796,1
2023-03-04,5,2,5,3,0,17.5,677.5770450513579,0
2023-03-04,10,2,5,3,0,18.2,441.1950085156859,0
2023-03-04,2,1,5,3,0,16.7,714.2498861100918,0
2023-03-05,0,2,6,3,0,17.6,467.02507847897965,0
2023-03-05,11,0,6,3,1,15.1,1796.7592221252057,1
2023-03-05,10,2,6,3,1,25.096873120865904,494.1689359907449,0
2023-03-05,5,2,6,3,0,20.2,561.0523402833248,0
2023-03-05,4,1,6,3,0,21.9,735.500420669728,1
2023-03-05,2,1,6,3,1,18.1,724.21399313337,1
2023-03-05,1,0,6,3,0,19.5,1890.4768738838402,1
2023-03-05,9,1,6,3,0,15.7,645.4904291376413,0
2023-03-05,6,0,6,3,0,19.4,1068.721412646944,1
2023-03-05,8,2,6,3,0,17.4,474.43297659794723,0
2023-03-06,0,2,0,3,0,15.8,384.425636038984,0
2023-03-06,10,2,0,3,0,19.2,431.0937484302039,0
2023-03-06,2,1,0,3,0,20.9,833.8288273015514,0
2023-03-06,4,1,0,3,0,21.2,621.8357374105706,0
2023-03-06,11,0,0,3,0,16.4,1273.1185706434023,1
2023-03-06,5,2,0,3,1,23.5,474.92618366786184,0
2023-03-06,6,0,0,3,0,20.8,1043.0084586424946,1
2023-03-06,1,0,0,3,0,22.3,1445.0562436731739,1
2023-03-06,7,1,0,3,0,25.096873120865904,651.8891786466986,0
2023-03-06,9,1,0,3,0,24.0,565.3770672684476,0
2023-03-06,8,2,0,3,0,15.2,516.4551693232773,0
2023-03-07,10,2,1,3,0,17.3,534.222742043202,0
2023-03-07,9,1,1,3,1,18.1,547.5721400747079,0
2023-03-07,4,1,1,3,0,20.0,678.4340489723538,0
2023-03-07,1,0,1,3,1,19.9,1058.3513216286638,1
2023-03-07,8,2,1,3,0,15.7,544.4295029740365,0
2023-03-07,0,2,1,3,0,16.7,330.04315285684,0
2023-03-07,3,2,1,3,0,19.0,423.0508476477966,0
2023-03-07,11,0,1,3,0,20.5,1238.5935932649822,1
2023-03-07,7,1,1,3,1,15.8,768.1498442495845,1
2023-03-07,5,2,1,3,0,17.1,444.9756420169769,0
2023-03-07,2,1,1,3,1,18.0,733.833780899298,1
2023-03-07,6,0,1,3,1,22.0,1010.8223200427291,1
2023-03-08,8,2,2,3,0,18.9,490.2261464241559,0
2023-03-08,5,2,2,3,1,21.8,482.49301883687286,0
2023-03-08,11,0,2,3,0,12.5,1311.679870966373,1
2023-03-08,10,2,2,3,0,17.8,382.4739177593163,0
2023-03-08,7,1,2,3,0,21.0,736.7451348483102,0
2023-03-08,6,0,2,3,0,18.5,955.2589477078934,1
2023-03-08,0,2,2,3,0,21.9,309.7596722770879,0
2023-03-08,9,1,2,3,1,20.3,581.9918319440909,0
2023-03-08,4,1,2,3,0,16.1,728.5677310408649,0
2023-03-08,2,1,2,3,0,19.5,706.1171759223668,0
2023-03-08,3,2,2,3,0,18.6,447.05758324057444,0
2023-03-08,1,0,2,3,0,14.6,1052.8010922061587,1
2023-03-09,10,2,3,3,0,20.2,381.84325184913826,0
2023-03-09,2,1,3,3,0,23.1,748.5085835643066,0
2023-03-09,11,0,3,3,0,20.6,1068.6067431108718,1
2023-03-09,7,1,3,3,0,16.4,773.7976529354662,0
2023-03-09,9,1,3,3,0,18.5,519.0470082583637,0
2023-03-09,5,2,3,3,0,22.6,453.6189810164075,0
2023-03-09,0,2,3,3,0,22.3,310.32199052392457,0
2023-03-09,1,0,3,3,0,20.1,1159.8849813535226,1
2023-03-09,4,1,3,3,0,21.6,749.7770669208414,0
2023-03-10,10,2,4,3,0,19.8,455.48129946084555,0
2023-03-10,6,0,4,3,0,19.6,1144.0820124058607,1
2023-03-10,0,2,4,3,0,23.8,333.1755699259364,0
2023-03-10,5,2,4,3,0,21.7,478.9123989070035,0
2023-03-10,8,2,4,3,0,19.4,395.75455241468995,0
2023-03-10,11,0,4,3,0,19.5,1221.7802108918247,1
2023-03-10,3,2,4,3,0,18.2,416.877914626504,0
2023-03-10,1,0,4,3,1,20.1,1323.2475742381944,1
2023-03-10,9,1,4,3,0,18.7,563.4261332292684,0
2023-03-10,4,1,4,3,0,21.0,798.1348706944694,0
2023-03-11,0,2,5,3,0,25.8,487.0752919408186,0
2023-03-11,6,0,5,3,0,17.6,1413.7140331651844,1
2023-03-11,1,0,5,3,0,23.6,1355.2328703369596,1
2023-03-11,8,2,5,3,0,19.4,519.8578993917331,0
2023-03-11,3,2,5,3,0,20.9,490.89096030657157,0
2023-03-11,9,1,5,3,0,22.4,678.0668625413957,0
2023-03-11,7,1,5,3,0,19.9,883.2625603480398,1
2023-03-11,2,1,5,3,0,15.6,722.3727499688902,0
2023-03-11,11,0,5,3,0,23.4,1471.5131074059739,1
2023-03-11,10,2,5,3,1,24.0,488.8210600691614,0
2023-03-11,4,1,5,3,0,18.9,1155.0855588676527,0
2023-03-12,0,2,6,3,0,23.9,470.48912206162555,0
2023-03-12,7,1,6,3,0,19.2,962.5295438219557,1
2023-03-12,4,1,6,3,0,17.7,884.109128254602,0
2023-03-12,2,1,6,3,0,22.3,907.7501613257318,1
2023-03-12,3,2,6,3,1,19.4,414.47520061632815,0
2023-03-12,6,0,6,3,0,21.5,1362.6249460206143,1
2023-03-12,11,0,6,3,1,21.4,1755.0730919268765,1
2023-03-12,10,2,6,3,0,15.8,662.1394536172934,0
2023-03-12,5,2,6,3,0,21.9,521.8410361735191,0
2023-03-12,8,2,6,3,0,17.8,528.4656573829631,0
2023-03-13,0,2,0,3,0,17.9,396.865271002526,0
2023-03-13,7,1,0,3,0,18.1,805.1787673580349,0
2023-03-13,3,2,0,3,1,20.6,329.0173326317659,0
2023-03-13,8,2,0,3,0,15.2,407.00356971194634,0
2023-03-13,5,2,0,3,0,23.1,575.1935050519687,0
2023-03-13,4,1,0,3,0,22.2,793.4142119990544,0
2023-03-13,2,1,0,3,0,19.0,674.6695737535181,0
2023-03-13,1,0,0,3,0,19.9,1188.116512774723,1
2023-03-13,6,0,0,3,0,24.3,1119.5728644976743,1
2023-03-13,10,2,0,3,0,16.9,398.0309177835782,0
2023-03-13,9,1,0,3,0,20.3,638.3350946032589,0
2023-03-13,11,0,0,3,0,16.1,1077.405395101525,1
2023-03-14,5,2,1,3,0,22.8,411.0629917029159,0
2023-03-14,7,1,1,3,0,18.6,1064.9415826327247,0
2023-03-14,11,0,1,3,0,17.4,1234.870560553271,1
2023-03-14,8,2,1,3,0,19.9,387.342421814707,0
2023-03-14,4,1,1,3,0,23.0,787.2899132651405,0
2023-03-14,9,1,1,3,0,22.9,769.2987883753055,0
2023-03-14,6,0,1,3,0,22.1,1800.6427469872103,1
2023-03-14,3,2,1,3,0,19.8,372.59070373148546,0
2023-03-14,1,0,1,3,0,22.1,1418.3447218050126,1
2023-03-15,1,0,2,3,0,28.2,1162.294091425322,1
2023-03-15,9,1,2,3,0,23.5,797.2600614774609,0
2023-03-15,11,0,2,3,0,21.3,1205.891407125713,1
2023-03-15,10,2,2,3,0,18.1,384.8602280039286,0
2023-03-15,3,2,2,3,0,19.8,351.7482671050172,0
2023-03-15,5,2,2,3,1,19.9,472.2844243406426,0
2023-03-15,0,2,2,3,0,18.0,400.17712223994494,0
2023-03-16,10,2,3,3,1,21.7,382.3632426834694,0
2023-03-16,1,0,3,3,0,21.5,1065.920325779103,1
2023-03-16,9,1,3,3,1,23.5,612.1939903210807,0
2023-03-16,0,2,3,3,0,21.0,415.46760111782,0
2023-03-16,6,0,3,3,0,16.3,1267.7819386402766,1
2023-03-16,4,1,3,3,0,25.0,696.6932292060259,0
2023-03-16,7,1,3,3,0,19.8,761.67844869258,0
2023-03-16,3,2,3,3,0,17.0,383.43157961110194,0
2023-03-16,11,0,3,3,0,22.1,1182.5982340662213,1
2023-03-16,5,2,3,3,0,22.3,416.1305757750652,0
2023-03-16,8,2,3,3,0,16.5,472.2857054136261,0
2023-03-17,0,2,4,3,0,17.5,399.7270014516847,0
2023-03-17,5,2,4,3,1,17.9,385.5899678342521,0
2023-03-17,3,2,4,3,1,18.4,378.72826878568367,0
2023-03-17,11,0,4,3,0,19.5,1034.4948544086672,1
2023-03-17,6,0,4,3,0,23.0,1239.4381364019175,1
2023-03-17,1,0,4,3,0,18.9,1346.969446409081,1
2023-03-17,8,2,4,3,0,21.6,416.907409917698,0
2023-03-17,9,1,4,3,0,17.9,638.3750150735863,0
2023-03-17,4,1,4,3,0,28.1,753.9999544311406,0
2023-03-18,11,0,5,3,0,16.3,1206.5744852726637,1
2023-03-18,0,2,5,3,0,16.1,448.2046093014137,0
2023-03-18,7,1,5,3,0,20.6,1002.8293578642855,0
2023-03-18,10,2,5,3,1,18.4,640.9613882017077,0
2023-03-18,4,1,5,3,0,20.3,792.8123946958023,0
2023-03-18,6,0,5,3,0,14.8,1373.713567586401,1
2023-03-18,2,1,5,3,0,23.5,801.7012006313727,1
2023-03-18,5,2,5,3,0,20.3,570.1830698170891,0
2023-03-18,1,0,5,3,0,19.2,1243.729960438411,1
2023-03-18,9,1,5,3,0,20.0,696.7127943026685,0
2023-03-19,6,0,6,3,1,19.4,1621.598846722583,1
2023-03-19,5,2,6,3,1,22.0,439.7143350210027,0
2023-03-19,10,2,6,3,0,23.7,533.6760845453973,0
2023-03-19,7,1,6,3,0,18.8,1072.8926178993365,0
2023-03-19,11,0,6,3,0,18.7,1582.5558023854671,1
2023-03-19,2,1,6,3,0,25.2,852.7878423516393,1
2023-03-19,4,1,6,3,0,23.6,745.2521913230496,0
2023-03-20,8,2,0,3,0,24.2,402.6701185319509,0
2023-03-20,1,0,0,3,0,20.6,1205.9251925215237,1
2023-03-20,0,2,0,3,0,17.6,387.94605689779615,0
2023-03-20,10,2,0,3,0,26.3,405.206001076398,0
2023-03-20,2,1,0,3,0,26.2,735.0911307573894,1
2023-03-20,9,1,0,3,0,15.9,566.4612916016215,0
2023-03-20,7,1,0,3,0,21.2,796.8367672854735,0
2023-03-20,11,0,0,3,0,22.6,1094.2709872036683,1
2023-03-20,5,2,0,3,0,20.0,336.9466816947869,0
2023-03-21,6,0,1,3,0,19.7,1093.7831393009187,1
2023-03-21,5,2,1,3,1,19.2,353.26439403117547,0
2023-03-21,1,0,1,3,0,22.1,1200.0072763651228,1
2023-03-21,7,1,1,3,0,18.3,667.2641501493458,0
2023-03-21,10,2,1,3,0,20.3,392.6091471470369,0
2023-03-21,8,2,1,3,1,24.5,375.78519218398543,0
2023-03-21,2,1,1,3,0,17.8,713.066439643036,0
2023-03-21,3,2,1,3,0,19.1,506.00552027134046,0
2023-03-21,4,1,1,3,0,18.4,709.6965602141352,0
2023-03-21,11,0,1,3,0,16.6,1111.182188821728,1
2023-03-22,9,1,2,3,0,23.2,545.7205008770002,0
2023-03-22,7,1,2,3,0,21.9,623.9308837477851,0
2023-03-22,5,2,2,3,0,21.2,424.2471555760303,0
2023-03-22,1,0,2,3,0,23.3,1108.0253102730246,1
2023-03-22,0,2,2,3,0,20.8,376.5046464726827,0
2023-03-22,4,1,2,3,0,23.3,746.4248557984218,0
2023-03-22,6,0,2,3,0,20.1,1207.1085415741225,1
2023-03-22,2,1,2,3,0,20.7,659.6886679925432,0
2023-03-22,8,2,2,3,0,22.1,371.98548758811233,0
2023-03-22,11,0,2,3,0,23.1,1053.3161844693268,1
2023-03-22,3,2,2,3,0,24.1,463.84686260074017,0
2023-03-23,8,2,3,3,0,21.5,380.7706004450222,0
2023-03-23,11,0,3,3,0,18.3,1048.493611007222,1
2023-03-23,0,2,3,3,0,18.6,374.33005374493115,0
2023-03-23,5,2,3,3,0,21.4,397.30390411920143,0
2023-03-23,2,1,3,3,0,24.1,677.2499473883573,0
2023-03-23,4,1,3,3,0,22.1,732.9717582472932,0
2023-03-23,7,1,3,3,0,17.7,570.3440777461052,0
2023-03-23,1,0,3,3,1,18.0,1127.1331842038344,1
2023-03-23,9,1,3,3,0,23.1,811.6069960240033,0
2023-03-23,6,0,3,3,0,20.2,964.7363078795061,1
2023-03-23,3,2,3,3,0,23.0,504.372654822918,0
2023-03-23,10,2,3,3,0,24.8,501.9510114213314,0
2023-03-24,2,1,4,3,1,25.096873120865904,915.0673968485552,0
2023-03-24,4,1,4,3,1,23.3,667.5074524224514,1
2023-03-24,1,0,4,3,0,18.3,1141.1779077986266,1
2023-03-24,10,2,4,3,0,17.1,341.0916355861905,0
2023-03-24,11,0,4,3,0,21.4,1122.3559642062455,1
2023-03-24,9,1,4,3,0,25.2,649.3575649057339,0
2023-03-24,6,0,4,3,0,19.0,917.0686233301318,1
2023-03-24,0,2,4,3,0,30.9,358.5441391729251,0
2023-03-24,5,2,4,3,0,21.3,562.8743560188552,0
2023-03-25,7,1,5,3,0,26.5,669.6074486517952,0
2023-03-25,2,1,5,3,0,27.3,1112.3063885317727,0
2023-03-25,4,1,5,3,0,24.0,717.2706560372142,0
2023-03-25,9,1,5,3,0,22.5,806.1206991110173,0
2023-03-25,3,2,5,3,1,16.6,595.9929606084031,0
2023-03-25,0,2,5,3,0,23.4,440.6121649078,0
2023-03-25,6,0,5,3,0,21.9,1006.729613370774,1
2023-03-25,1,0,5,3,0,21.1,1332.6313888899606,1
2023-03-25,8,2,5,3,0,25.0,569.0908099890731,0
2023-03-25,5,2,5,3,0,21.0,572.0724517292117,0
2023-03-25,10,2,5,3,0,24.5,458.74645800850146,0
2023-03-25,11,0,5,3,0,17.3,1292.2839733193173,1
2023-03-26,11,0,6,3,0,21.3,1259.9028715654122,1
2023-03-26,5,2,6,3,1,24.6,826.0794651261514,0
2023-03-26,3,2,6,3,0,21.6,582.064294791895,0
2023-03-26,0,2,6,3,0,13.3,473.19878273864185,0
2023-03-26,2,1,6,3,0,19.7,1073.359152954153,0
2023-03-26,4,1,6,3,0,17.6,705.4927405858328,0
2023-03-26,6,0,6,3,0,20.0,1303.2502311484575,1
2023-03-26,10,2,6,3,0,17.7,388.0032458775383,0
2023-03-26,1,0,6,3,1,23.8,1166.3105026191051,1
2023-03-26,7,1,6,3,0,20.1,766.3174993895863,0
2023-03-27,0,2,0,3,0,20.7,396.4832464235967,0
2023-03-27,9,1,0,3,0,25.5,559.3012294572927,0
2023-03-27,6,0,0,3,0,26.8,978.3401373381613,1
2023-03-27,4,1,0,3,0,21.4,630.7638227827779,0
2023-03-27,7,1,0,3,0,24.9,733.7306681160067,0
2023-03-27,11,0,0,3,1,21.7,1045.2051237464211,1
2023-03-27,10,2,0,3,0,25.7,354.23948993219057,0
2023-03-28,4,1,1,3,0,24.4,605.2188654347082,0
2023-03-28,1,0,1,3,0,22.3,917.4291085833105,1
2023-03-28,0,2,1,3,1,23.4,419.68309207123775,0
2023-03-28,6,0,1,3,1,26.8,945.0064936678974,1
2023-03-28,3,2,1,3,0,25.096873120865904,461.3895936421883,0
2023-03-28,7,1,1,3,0,22.6,788.3207509837439,0
2023-03-28,5,2,1,3,0,23.7,606.0673404876737,0
2023-03-28,10,2,1,3,1,26.2,379.737270203913,0
2023-03-28,2,1,1,3,0,23.5,829.3478341205662,0
2023-03-28,11,0,1,3,1,23.0,1259.619955074319,1
2023-03-28,9,1,1,3,0,25.2,713.5943537888314,0
2023-03-29,1,0,2,3,0,23.0,905.2068215286155,1
2023-03-29,7,1,2,3,0,21.6,763.1048900775979,0
2023-03-29,4,1,2,3,1,27.0,599.9367839172048,1
2023-03-29,9,1,2,3,0,23.4,730.9571202105072,0
2023-03-29,5,2,2,3,0,24.3,519.8418867327932,0
2023-03-29,8,2,2,3,0,27.2,450.50163624349335,0
2023-03-29,0,2,2,3,0,23.3,416.98606124491,0
2023-03-29,2,1,2,3,1,21.3,686.175065113255,0
2023-03-29,10,2,2,3,0,27.9,339.60052271372575,0
2023-03-29,11,0,2,3,0,18.3,1187.2477681676328,1
2023-03-30,4,1,3,3,0,25.6,701.468518651157,0
2023-03-30,1,0,3,3,0,20.3,1194.1926856368536,1
2023-03-30,3,2,3,3,0,23.1,449.6362747189761,0
2023-03-30,0,2,3,3,0,24.8,357.4211140307676,0
2023-03-30,11,0,3,3,1,25.4,1085.2921987350396,1
2023-03-30,10,2,3,3,0,21.8,368.0364870909811,0
2023-03-30,8,2,3,3,0,24.4,474.61282981313053,0
2023-03-30,7,1,3,3,0,19.2,707.0397457032619,0
2023-03-31,3,2,4,3,0,26.8,415.54232213462177,0
2023-03-31,8,2,4,3,0,22.1,542.0183531046727,0
2023-03-31,0,2,4,3,0,25.5,384.0039931322601,0
2023-03-31,2,1,4,3,0,18.3,789.6079163719694,0
2023-03-31,11,0,4,3,0,23.6,988.5301545596845,1
2023-03-31,1,0,4,3,0,19.1,1029.3324785831637,1
2023-03-31,5,2,4,3,1,16.9,521.0134965978791,0
2023-03-31,10,2,4,3,0,23.3,367.6659127490901,0
2023-03-31,9,1,4,3,0,16.6,634.9962768899949,0
2023-03-31,4,1,4,3,0,27.9,859.386788171723,0
2023-04-01,6,0,5,4,0,24.2,1181.9300879953635,1
2023-04-01,10,2,5,4,0,22.7,442.3934012610508,0
2023-04-01,1,0,5,4,0,21.0,1250.7357796711792,1
2023-04-01,8,2,5,4,0,26.6,570.8923389734028,0
2023-04-01,0,2,5,4,0,27.0,427.17191449360206,0
2023-04-01,5,2,5,4,0,18.0,542.3080841018613,0
2023-04-01,3,2,5,4,0,24.8,588.0959850908852,0
2023-04-01,11,0,5,4,0,25.0,1224.3367292952084,1
2023-04-01,9,1,5,4,0,22.3,771.5098579732232,0
2023-04-01,7,1,5,4,0,30.0,827.0429242888906,0
2023-04-01,2,1,5,4,0,19.6,748.6726353155398,1
2023-04-01,4,1,5,4,1,22.9,842.5267044138781,1
2023-04-02,1,0,6,4,0,27.0,1553.3561722394124,1
2023-04-02,0,2,6,4,1,21.0,472.6663657439793,0
2023-04-02,5,2,6,4,0,23.9,640.9839765306186,0
2023-04-02,3,2,6,4,0,23.1,495.02944546695994,0
2023-04-02,2,1,6,4,0,25.9,805.678337451242,1
2023-04-02,10,2,6,4,0,21.9,463.292140427911,0
2023-04-02,7,1,6,4,1,22.2,839.1415481931408,1
2023-04-02,8,2,6,4,0,22.0,504.3494218194394,0
2023-04-03,4,1,0,4,0,24.3,656.2039195046746,0
2023-04-03,8,2,0,4,0,26.5,470.6190701729106,0
2023-04-03,3,2,0,4,0,21.7,480.70934844593256,0
2023-04-03,5,2,0,4,0,23.7,504.73037746181774,0
2023-04-03,9,1,0,4,0,21.9,616.6198087458632,0
2023-04-03,1,0,0,4,0,20.3,1411.5039042079422,1
2023-04-03,10,2,0,4,0,29.9,340.66112809900113,0
2023-04-04,3,2,1,4,0,22.6,467.8449212414263,0
2023-04-04,10,2,1,4,0,20.6,429.1966096370926,0
2023-04-04,4,1,1,4,0,24.1,658.8663071681732,0
2023-04-04,9,1,1,4,0,26.8,604.4952715062815,0
2023-04-04,8,2,1,4,0,22.7,493.3142297875609,0
2023-04-04,7,1,1,4,0,27.1,661.8923191946828,0
2023-04-04,0,2,1,4,1,26.0,534.4716290676546,0
2023-04-04,2,1,1,4,0,25.5,574.7405376584982,0
2023-04-04,1,0,1,4,0,24.8,1075.5251481247396,1
2023-04-05,9,1,2,4,0,17.0,657.6092892315817,0
2023-04-05,3,2,2,4,0,21.4,472.66329746824056,0
2023-04-05,2,1,2,4,1,26.6,832.1325440334487,1
2023-04-05,0,2,2,4,0,29.4,416.66378913488984,0
2023-04-05,6,0,2,4,0,21.5,1113.4666729746662,1
2023-04-05,8,2,2,4,0,23.9,482.04011359406616,0
2023-04-05,1,0,2,4,0,22.1,1160.721454811246,1
2023-04-05,11,0,2,4,0,24.0,1072.6626461483118,1
2023-04-05,5,2,2,4,0,22.5,387.8362898659637,0
2023-04-05,4,1,2,4,0,27.0,895.8655674763281,0
2023-04-05,10,2,2,4,0,19.9,360.4408659072307,0
2023-04-06,9,1,3,4,0,24.4,678.1918713503889,0
2023-04-06,5,2,3,4,0,24.1,405.5063252830634,0
2023-04-06,10,2,3,4,1,29.6,333.06638171283345,0
2023-04-06,0,2,3,4,0,23.6,380.15552388336374,0
2023-04-06,7,1,3,4,1,22.1,654.4375293028241,0
2023-04-06,8,2,3,4,0,26.4,495.9128316871275,0
2023-04-06,1,0,3,4,0,21.9,1134.9864968097306,1
2023-04-06,6,0,3,4,0,20.5,1173.8983250954784,1
2023-04-07,10,2,4,4,0,28.7,381.42512782664585,0
2023-04-07,1,0,4,4,0,25.9,1289.1276627948328,1
2023-04-07,4,1,4,4,0,23.6,657.7815269333689,0
2023-04-07,3,2,4,4,0,26.7,488.09294458884756,0
2023-04-07,0,2,4,4,1,26.2,370.2234314443201,0
2023-04-07,7,1,4,4,1,28.4,686.9908270489645,0
2023-04-07,2,1,4,4,0,21.2,638.8681661363628,0
2023-04-07,5,2,4,4,1,26.6,453.50521994024217,0
2023-04-07,11,0,4,4,0,25.096873120865904,1032.9301647051159,1
2023-04-07,8,2,4,4,1,27.6,515.7860862714618,0
2023-04-08,1,0,5,4,0,28.8,1481.4600782532486,1
2023-04-08,2,1,5,4,0,27.7,920.6555555170802,0
2023-04-08,6,0,5,4,0,24.3,1379.1377540267645,1
2023-04-08,11,0,5,4,0,23.3,1352.6316652838016,1
2023-04-08,4,1,5,4,0,20.0,948.4854298102706,0
2023-04-08,8,2,5,4,0,25.5,569.7514930549207,0
2023-04-08,9,1,5,4,1,26.0,743.7430852582515,1
2023-04-09,2,1,6,4,1,20.3,928.8459352533323,1
2023-04-09,5,2,6,4,0,24.0,444.49151308124806,0
2023-04-09,1,0,6,4,0,26.1,1499.5457749045568,1
2023-04-09,3,2,6,4,0,26.3,582.1543043405984,0
2023-04-09,10,2,6,4,0,18.8,472.27063351966865,0
2023-04-09,6,0,6,4,0,23.2,1334.216398704785,1
2023-04-09,0,2,6,4,0,26.5,556.058634746684,0
2023-04-09,4,1,6,4,0,24.8,704.730783404405,0
2023-04-09,7,1,6,4,0,25.6,1073.8420697489785,0
2023-04-09,9,1,6,4,0,25.6,720.0169490879707,1
2023-04-09,8,2,6,4,0,25.096873120865904,523.456903969263,0
2023-04-10,7,1,0,4,0,23.8,839.0358230181749,0
2023-04-10,11,0,0,4,0,22.3,1230.4118406668506,1
2023-04-10,1,0,0,4,0,29.5,1265.5678946616522,1
2023-04-10,4,1,0,4,0,24.2,654.3432093588326,0
2023-04-10,6,0,0,4,0,24.3,1416.53015400114,1
2023-04-10,3,2,0,4,0,25.096873120865904,483.07921055258475,0
2023-04-10,8,2,0,4,0,26.9,460.63272381452333,0
2023-04-10,10,2,0,4,1,27.2,395.4788274247164,0
2023-04-10,0,2,0,4,0,29.1,449.27003695156674,0
2023-04-11,8,2,1,4,0,25.3,448.7597296873206,0
2023-04-11,5,2,1,4,0,26.2,378.9787110698908,0
2023-04-11,2,1,1,4,0,30.1,711.0751016201004,0
2023-04-11,11,0,1,4,1,25.6,1458.2401568223315,1
2023-04-11,6,0,1,4,0,21.8,1372.2192724503038,1
2023-04-11,1,0,1,4,0,21.8,1300.092634943156,1
2023-04-11,4,1,1,4,1,23.6,647.5547736410344,0
2023-04-11,0,2,1,4,0,24.7,463.7735069301382,0
2023-04-12,9,1,2,4,0,27.2,684.6322924830027,0
2023-04-12,0,2,2,4,0,29.6,397.2680983030394,0
2023-04-12,6,0,2,4,0,27.5,1148.5617151581323,1
2023-04-12,2,1,2,4,0,21.3,847.0530003472443,0
2023-04-12,1,0,2,4,0,22.1,1458.9817382116362,1
2023-04-12,11,0,2,4,0,28.0,1311.0137966263121,1
2023-04-12,7,1,2,4,0,27.9,904.004191483974,0
2023-04-12,8,2,2,4,0,20.2,469.8490737563647,0
2023-04-12,4,1,2,4,0,25.096873120865904,625.0338147011042,0
2023-04-12,3,2,2,4,0,20.9,351.7615893193481,0
2023-04-13,2,1,3,4,0,22.6,670.8482514488297,0
2023-04-13,5,2,3,4,1,23.4,403.565653232606,0
2023-04-13,11,0,3,4,0,27.9,1547.5501258171096,1
2023-04-13,0,2,3,4,0,29.0,388.70146084327416,0
2023-04-13,1,0,3,4,0,24.1,1300.611396787239,1
2023-04-13,6,0,3,4,0,26.8,1079.0754930818182,1
2023-04-13,9,1,3,4,0,25.6,696.0868619459503,0
2023-04-13,8,2,3,4,0,24.5,476.2827511518887,0
2023-04-13,4,1,3,4,0,30.2,651.5282758425602,0
2023-04-13,7,1,3,4,0,24.4,813.7902096635104,0
2023-04-13,10,2,3,4,0,26.9,520.5771986477846,0
2023-04-13,3,2,3,4,0,25.2,404.5591494007951,0
2023-04-14,6,0,4,4,0,26.1,1110.592888167984,1
2023-04-14,2,1,4,4,0,27.5,677.9639997889083,0
2023-04-14,8,2,4,4,0,31.5,610.1864238834482,0
2023-04-14,1,0,4,4,0,30.6,1098.7879548186688,1
2023-04-14,9,1,4,4,0,25.096873120865904,698.9396784725562,0
2023-04-14,11,0,4,4,0,22.9,1300.100090742195,1
2023-04-14,5,2,4,4,0,29.0,579.621091020086,0
2023-04-14,10,2,4,4,0,28.5,456.2195487583766,0
2023-04-14,4,1,4,4,0,23.1,743.5688884969147,0
2023-04-14,3,2,4,4,0,19.6,386.5568727451289,0
2023-04-14,0,2,4,4,1,28.0,472.7376520525715,0
2023-04-15,0,2,5,4,0,31.9,475.00506188978727,0
2023-04-15,5,2,5,4,0,15.0,526.8488659536738,0
2023-04-15,11,0,5,4,0,25.2,1299.1780514073248,1
2023-04-15,2,1,5,4,0,22.8,816.9022996106858,0
2023-04-15,3,2,5,4,0,31.3,424.95158923987776,0
2023-04-15,10,2,5,4,1,30.0,477.2714081954518,0
2023-04-15,4,1,5,4,0,30.6,753.5829887462976,0
2023-04-15,8,2,5,4,0,22.1,498.85900413543783,0
2023-04-15,9,1,5,4,0,25.096873120865904,1096.4441011551285,0
2023-04-16,5,2,6,4,1,25.6,505.2570553221424,0
2023-04-16,10,2,6,4,0,23.1,474.1876859232807,0
2023-04-16,7,1,6,4,0,25.5,838.4854455759114,0
2023-04-16,6,0,6,4,0,22.8,1118.326895677295,1
2023-04-16,8,2,6,4,0,28.3,505.5942592841129,0
2023-04-16,11,0,6,4,0,29.6,1339.064594202459,1
2023-04-16,1,0,6,4,1,20.9,1258.308272480368,1
2023-04-16,9,1,6,4,0,22.3,923.6490514668825,0
2023-04-16,2,1,6,4,0,26.5,945.7218570632859,0
2023-04-17,3,2,0,4,0,23.0,388.8125247206075,0
2023-04-17,1,0,0,4,0,23.1,1168.6915988112212,1
2023-04-17,0,2,0,4,0,24.6,397.86515205157013,0
2023-04-17,9,1,0,4,0,29.1,844.1921477967902,0
2023-04-17,4,1,0,4,1,26.9,673.3438513976661,1
2023-04-17,11,0,0,4,0,24.9,1204.847759047361,1
2023-04-17,10,2,0,4,0,26.7,544.7997730849082,0
2023-04-18,8,2,1,4,0,25.0,505.8380633410784,0
2023-04-18,4,1,1,4,0,25.7,724.8256173097952,0
2023-04-18,7,1,1,4,0,31.5,744.5479165855005,0
2023-04-18,10,2,1,4,1,27.7,372.2815098078747,0
2023-04-18,0,2,1,4,0,26.7,377.57033863359743,0
2023-04-18,1,0,1,4,0,26.0,1189.390577088479,1
2023-04-18,5,2,1,4,1,26.5,502.62600967088895,0
2023-04-18,11,0,1,4,1,26.0,1638.4123050916253,1
2023-04-18,6,0,1,4,0,25.0,1050.2224440994232,1
2023-04-18,2,1,1,4,0,27.5,595.5569209514657,0
2023-04-19,1,0,2,4,0,25.3,1292.1126735003256,1
2023-04-19,5,2,2,4,0,25.1,590.4511039804532,0
2023-04-19,3,2,2,4,0,25.4,493.8264378910784,0
2023-04-19,10,2,2,4,0,29.3,371.76886748698007,0
2023-04-19,2,1,2,4,1,26.3,577.282173381895,0
2023-04-19,0,2,2,4,0,23.4,392.84452851836613,0
2023-04-19,4,1,2,4,0,24.2,613.0662117715027,0
2023-04-19,9,1,2,4,0,25.5,691.9577807170958,0
2023-04-19,7,1,2,4,0,22.2,786.1610012836562,1
2023-04-19,8,2,2,4,1,26.6,455.51722580387263,0
2023-04-20,10,2,3,4,0,28.5,361.6845166575533,0
2023-04-20,11,0,3,4,0,28.8,1325.4622725556133,1
2023-04-20,9,1,3,4,0,30.5,599.4406727022448,0
2023-04-20,1,0,3,4,1,25.9,1085.400628533896,1
2023-04-20,0,2,3,4,0,25.0,420.9965283123768,0
2023-04-20,2,1,3,4,0,24.7,655.0039966448658,0
2023-04-20,6,0,3,4,0,24.6,993.9781534639627,1
2023-04-20,3,2,3,4,0,28.3,494.3818655226574,0
2023-04-20,5,2,3,4,0,24.2,594.556550057296,0
2023-04-20,4,1,3,4,0,25.4,627.3786764486717,0
2023-04-21,11,0,4,4,1,24.7,1442.6823186055299,1
2023-04-21,9,1,4,4,0,24.3,593.7408895084291,0
2023-04-21,1,0,4,4,1,24.4,1074.460449796992,1
2023-04-21,6,0,4,4,0,28.3,1000.3356149190396,1
2023-04-21,0,2,4,4,0,25.0,516.6661973775028,0
2023-04-21,5,2,4,4,0,28.8,459.5171022953807,0
2023-04-21,8,2,4,4,0,25.2,452.94140784228324,0
2023-04-21,7,1,4,4,0,25.7,758.0569743137397,0
2023-04-21,2,1,4,4,0,25.6,675.6586404713303,0
2023-04-21,3,2,4,4,0,25.9,543.7165211611857,0
2023-04-21,10,2,4,4,0,22.0,378.7036656356206,0
2023-04-22,8,2,5,4,0,27.3,539.8040804153428,0
2023-04-22,7,1,5,4,0,29.0,844.854763045913,1
2023-04-22,3,2,5,4,0,28.9,595.3051288354578,0
2023-04-22,11,0,5,4,0,25.0,1618.6516561479289,1
2023-04-22,2,1,5,4,0,21.4,794.0464673477693,0
2023-04-22,9,1,5,4,0,27.6,735.4964858470302,0
2023-04-22,0,2,5,4,1,28.7,534.0281205626603,0
2023-04-22,1,0,5,4,1,24.3,1171.1722782806294,1
2023-04-22,6,0,5,4,0,26.6,1161.484663488379,1
2023-04-23,8,2,6,4,0,30.2,518.6606145298797,0
2023-04-23,0,2,6,4,0,26.0,535.726820851966,0
2023-04-23,9,1,6,4,0,31.4,753.4343765912323,0
2023-04-23,7,1,6,4,0,25.5,818.1108240393953,0
2023-04-23,3,2,6,4,0,27.9,522.2645153348273,0
2023-04-23,6,0,6,4,0,30.2,1208.4801725701361,1
2023-04-23,10,2,6,4,1,26.3,413.47574787270656,0
2023-04-23,1,0,6,4,0,24.5,1298.7632509645925,1
2023-04-23,4,1,6,4,0,26.8,732.696290952786,0
2023-04-23,2,1,6,4,0,25.0,830.9946810756448,0
2023-04-24,10,2,0,4,0,25.096873120865904,405.4286380303412,0
2023-04-24,2,1,0,4,0,25.0,616.2612687561577,0
2023-04-24,4,1,0,4,0,29.6,918.7192141324714,0
2023-04-24,3,2,0,4,0,28.4,442.5833190442153,0
2023-04-24,1,0,0,4,0,29.5,1066.851862740193,1
2023-04-24,11,0,0,4,0,27.1,1398.1753106945494,1
2023-04-24,0,2,0,4,1,27.2,458.5898056336781,0
2023-04-24,8,2,0,4,0,36.4,619.5340927315374,0
2023-04-24,9,1,0,4,0,28.7,593.8861417486219,0
2023-04-24,6,0,0,4,0,25.9,1035.418630294319,1
2023-04-25,10,2,1,4,0,25.5,507.06230690765926,0
2023-04-25,5,2,1,4,0,24.7,579.5015962672642,0
2023-04-25,0,2,1,4,0,26.1,470.382505073077,0
2023-04-25,8,2,1,4,0,27.8,479.90166411280734,0
2023-04-25,9,1,1,4,0,22.8,651.3867363879083,0
2023-04-25,6,0,1,4,1,25.4,982.8502847609653,1
2023-04-25,3,2,1,4,0,29.9,431.64425923251673,0
2023-04-25,1,0,1,4,0,28.5,970.0881039458272,1
2023-04-25,4,1,1,4,0,23.9,741.0786588649257,0
2023-04-26,6,0,2,4,0,32.8,1142.8563582224572,1
2023-04-26,4,1,2,4,0,26.9,770.4931304268906,0
2023-04-26,2,1,2,4,0,30.7,700.9065128791807,0
2023-04-26,3,2,2,4,0,34.2,407.445400042532,0
2023-04-26,11,0,2,4,0,29.7,1282.138334447554,1
2023-04-26,10,2,2,4,1,26.3,345.21934365024106,0
2023-04-26,1,0,2,4,0,25.2,960.6635290298401,1
2023-04-26,0,2,2,4,0,25.096873120865904,448.41094112331695,0
2023-04-26,9,1,2,4,0,32.7,596.0420241464401,0
2023-04-26,8,2,2,4,0,30.7,670.3494969121115,0
2023-04-26,7,1,2,4,0,28.2,873.4594074866118,0
2023-04-27,4,1,3,4,0,25.096873120865904,708.5675261320263,0
2023-04-27,9,1,3,4,0,24.1,603.7248197166775,0
2023-04-27,5,2,3,4,1,31.8,528.0788781696741,0
2023-04-27,6,0,3,4,0,27.7,1128.7589041557428,1
2023-04-27,7,1,3,4,1,32.0,892.1061571819648,0
2023-04-27,2,1,3,4,1,25.4,663.3417979125294,1
2023-04-27,3,2,3,4,0,25.096873120865904,367.3680874211841,0
2023-04-27,0,2,3,4,0,26.7,430.9505633314527,0
2023-04-27,8,2,3,4,0,30.3,504.3634014257352,0
2023-04-27,10,2,3,4,0,31.1,371.6090259740737,0
2023-04-27,1,0,3,4,1,25.9,1203.3132103210205,1
2023-04-28,6,0,4,4,0,26.3,1132.5384893122332,1
2023-04-28,8,2,4,4,0,34.5,532.2397513309359,0
2023-04-28,9,1,4,4,0,30.8,587.9773453011823,0
2023-04-28,3,2,4,4,1,25.9,399.81176027216304,0
2023-04-28,4,1,4,4,0,28.2,703.7135394664425,0
2023-04-28,0,2,4,4,0,27.8,431.2546684986764,0
2023-04-28,7,1,4,4,0,29.7,751.6451090444154,0
2023-04-28,2,1,4,4,1,27.1,557.9991383492764,1
2023-04-28,10,2,4,4,0,27.4,374.5448822594302,0
2023-04-28,5,2,4,4,0,27.7,591.8502486805334,0
2023-04-29,9,1,5,4,0,31.3,696.8700952174671,0
2023-04-29,10,2,5,4,0,31.2,432.45519538484365,0
2023-04-29,3,2,5,4,0,28.8,521.9645584701356,0
2023-04-29,11,0,5,4,0,31.5,1492.6425718386654,1
2023-04-29,7,1,5,4,0,24.9,908.2344226900855,0
2023-04-29,6,0,5,4,0,29.8,1446.1725678545768,1
2023-04-29,1,0,5,4,0,29.4,1534.1475788037312,1
2023-04-29,0,2,5,4,0,27.9,650.1978291377703,0
2023-04-29,8,2,5,4,0,23.7,590.1135777255856,0
2023-04-30,8,2,6,4,0,30.6,525.5199002848176,0
2023-04-30,5,2,6,4,1,26.4,645.3873427000053,0
2023-04-30,9,1,6,4,0,23.3,729.0777737372283,0
2023-04-30,2,1,6,4,0,25.096873120865904,785.891748124851,1
2023-04-30,3,2,6,4,0,30.1,450.54729686055924,0
2023-04-30,0,2,6,4,0,28.4,448.5702359814661,0
2023-04-30,7,1,6,4,0,27.0,801.761382970111,1
2023-04-30,4,1,6,4,0,24.7,737.0411604727643,1
2023-04-30,11,0,6,4,0,32.4,1605.160221491993,1
2023-05-01,7,1,0,5,0,28.3,668.9160130944217,0
2023-05-01,8,2,0,5,0,30.5,488.99413023808717,0
2023-05-01,0,2,0,5,0,27.9,459.44282438747695,0
2023-05-01,11,0,0,5,0,28.0,1182.4106538171477,1
2023-05-01,9,1,0,5,0,24.5,597.0626600009091,0
2023-05-01,2,1,0,5,0,27.3,714.1358507532653,1
2023-05-01,6,0,0,5,0,31.9,1204.937489086163,1
2023-05-01,3,2,0,5,0,25.096873120865904,391.4388015963735,0
2023-05-02,3,2,1,5,0,25.2,435.6936429417104,0
2023-05-02,7,1,1,5,0,25.1,754.2892848381207,0
2023-05-02,8,2,1,5,0,31.5,414.07583144029985,0
2023-05-02,5,2,1,5,0,26.8,493.12787517224416,0
2023-05-02,10,2,1,5,0,31.7,365.7996624848715,0
2023-05-02,1,0,1,5,0,27.1,1326.683915943684,1
2023-05-02,6,0,1,5,0,24.7,1440.4076947921003,1
2023-05-02,11,0,1,5,0,28.3,1345.1878943582653,1
2023-05-02,0,2,1,5,0,31.9,403.58686106609366,0
2023-05-02,2,1,1,5,0,27.1,689.0583767516894,1
2023-05-02,9,1,1,5,1,29.4,576.4697863590949,0
2023-05-03,11,0,2,5,0,24.4,1133.7847169133424,1
2023-05-03,0,2,2,5,0,28.8,434.7559098358754,0
2023-05-03,3,2,2,5,0,29.8,390.23384547641075,0
2023-05-03,6,0,2,5,0,25.0,1107.8340864571742,1
2023-05-03,10,2,2,5,0,29.0,472.17441885094803,0
2023-05-03,7,1,2,5,0,28.3,689.1797302351782,0
2023-05-03,8,2,2,5,0,32.2,449.19232470106283,0
2023-05-03,4,1,2,5,0,27.1,682.4230639848313,0
2023-05-04,8,2,3,5,0,26.6,426.65622043616173,0
2023-05-04,11,0,3,5,1,30.4,1103.9935332021425,1
2023-05-04,0,2,3,5,0,28.6,411.8206031728181,0
2023-05-04,3,2,3,5,1,25.096873120865904,417.28799432882215,0
2023-05-04,1,0,3,5,0,28.9,1551.9495157980693,1
2023-05-04,5,2,3,5,0,25.0,565.9788765451925,0
2023-05-04,2,1,3,5,0,25.8,865.3220949956615,1
2023-05-04,6,0,3,5,0,28.0,987.7373728772627,1
2023-05-04,7,1,3,5,0,26.4,750.0313019627972,0
2023-05-04,9,1,3,5,0,33.7,636.4774733082455,0
2023-05-04,4,1,3,5,0,28.4,708.3256079579547,0
2023-05-05,7,1,4,5,0,27.5,663.4017277152326,0
2023-05-05,6,0,4,5,1,27.2,933.8352212350953,1
2023-05-05,8,2,4,5,0,30.6,403.2305723818185,0
2023-05-05,0,2,4,5,1,33.3,425.35016644316244,0
2023-05-05,5,2,4,5,1,30.9,488.50119072765705,0
2023-05-05,11,0,4,5,0,27.2,1160.4039488316282,1
2023-05-05,9,1,4,5,0,28.4,639.1446612913223,0
2023-05-05,3,2,4,5,0,29.6,561.019468562122,0
2023-05-05,2,1,4,5,0,27.5,1018.4211275129346,0
2023-05-05,10,2,4,5,0,27.3,359.1114312473653,0
2023-05-06,5,2,5,5,0,30.3,526.6906746817599,0
2023-05-06,10,2,5,5,0,28.2,415.3085482018617,0
2023-05-06,4,1,5,5,0,30.9,1020.0424124851424,0
2023-05-06,8,2,5,5,0,33.7,439.67782209378686,0
2023-05-06,11,0,5,5,0,29.8,1468.919972159269,1
2023-05-06,9,1,5,5,0,31.1,735.8795245835199,1
2023-05-06,7,1,5,5,0,30.1,818.1630663248036,1
2023-05-06,0,2,5,5,0,31.4,554.7756825357093,0
2023-05-06,6,0,5,5,0,29.3,1149.5320451310663,1
2023-05-06,2,1,5,5,0,35.6,1089.3041309723383,1
2023-05-07,10,2,6,5,1,29.2,399.5477068252131,0
2023-05-07,4,1,6,5,0,32.0,852.7570783282118,0
2023-05-07,2,1,6,5,1,31.1,1162.87817042344,1
2023-05-07,5,2,6,5,0,33.6,664.2999550806306,0
2023-05-07,3,2,6,5,0,33.6,551.3275881972469,0
2023-05-07,9,1,6,5,0,27.2,741.6991431995434,1
2023-05-07,8,2,6,5,1,30.6,491.5779421150388,0
2023-05-07,7,1,6,5,0,25.096873120865904,855.3998644196154,0
2023-05-08,4,1,0,5,0,27.7,930.7804035363038,0
2023-05-08,10,2,0,5,0,30.4,333.44384402691065,0
2023-05-08,8,2,0,5,0,27.5,473.00650274323624,0
2023-05-08,2,1,0,5,0,33.7,928.9191262569263,0
2023-05-08,11,0,0,5,0,28.8,1140.598180728432,1
2023-05-08,0,2,0,5,0,34.7,394.4155481338528,0
2023-05-08,3,2,0,5,0,32.2,432.6047061651901,0
2023-05-08,7,1,0,5,0,31.4,706.3759873322658,0
2023-05-08,6,0,0,5,0,32.3,1169.9916716430566,1
2023-05-08,5,2,0,5,0,33.9,413.1265963894164,0
2023-05-08,9,1,0,5,0,32.9,615.09173174357,0
2023-05-09,7,1,1,5,0,31.8,780.6228545420346,0
2023-05-09,6,0,1,5,1,25.096873120865904,1113.7507179234744,1
2023-05-09,2,1,1,5,0,27.1,896.6661806752827,0
2023-05-09,4,1,1,5,0,27.3,728.5326764746956,0
2023-05-09,10,2,1,5,0,27.2,351.1653574791443,0
2023-05-09,5,2,1,5,0,34.4,407.33951831583533,0
2023-05-09,8,2,1,5,0,30.5,453.1727750200054,0
2023-05-10,11,0,2,5,1,32.2,1298.9539102400456,1
2023-05-10,6,0,2,5,0,33.3,1124.4676782785627,1
2023-05-10,5,2,2,5,1,26.2,412.92544459522895,0
2023-05-10,8,2,2,5,1,27.1,439.61718050881353,0
2023-05-10,1,0,2,5,0,31.8,1444.9402012923174,0
2023-05-10,10,2,2,5,0,29.8,310.1215952218067,0
2023-05-11,11,0,3,5,0,26.2,1546.1828131963127,1
2023-05-11,3,2,3,5,0,27.9,551.594635282659,0
2023-05-11,1,0,3,5,0,29.0,1250.1929764804056,1
2023-05-11,0,2,3,5,0,32.1,328.74736231402164,0
2023-05-11,10,2,3,5,0,28.1,299.1089024708226,0
2023-05-11,4,1,3,5,0,33.0,699.5728695139647,0
2023-05-11,6,0,3,5,0,33.3,1206.0950253064784,1
2023-05-12,9,1,4,5,0,27.3,635.4747239430696,0
2023-05-12,8,2,4,5,1,27.0,451.885796066948,0
2023-05-12,11,0,4,5,1,28.7,1175.8150353873912,1
2023-05-12,0,2,4,5,1,25.096873120865904,441.09886066900344,0
2023-05-12,3,2,4,5,0,25.096873120865904,405.98871593059255,0
2023-05-12,1,0,4,5,0,29.3,1219.8764870845664,1
2023-05-12,7,1,4,5,0,29.4,729.9191295153386,0
2023-05-12,4,1,4,5,1,29.2,671.4539193028976,0
2023-05-12,5,2,4,5,1,31.7,501.38868113102126,0
2023-05-12,6,0,4,5,0,28.1,1308.4965284381556,1
2023-05-12,10,2,4,5,0,28.7,328.74035188577705,0
2023-05-12,2,1,4,5,0,25.1,780.5552905003266,0
2023-05-13,6,0,5,5,0,29.2,1351.831355643913,1
2023-05-13,4,1,5,5,1,31.5,716.987524161575,1
2023-05-13,1,0,5,5,0,26.1,1421.8746918547786,1
2023-05-13,10,2,5,5,0,31.1,411.7471247860596,0
2023-05-13,9,1,5,5,0,31.1,864.2433365275883,0
2023-05-13,7,1,5,5,1,32.2,900.6656941777827,1
2023-05-13,11,0,5,5,0,24.7,1474.152222940014,1
2023-05-13,5,2,5,5,0,29.8,534.8163521951494,0
2023-05-13,3,2,5,5,1,28.0,515.701921340603,0
2023-05-14,0,2,6,5,0,31.9,488.0232982652597,0
2023-05-14,11,0,6,5,0,29.9,1653.8529797620072,1
2023-05-14,2,1,6,5,0,34.0,936.2093354367115,0
2023-05-14,1,0,6,5,0,30.7,1645.7792949032805,1
2023-05-14,10,2,6,5,1,29.2,527.627730466826,0
2023-05-14,8,2,6,5,0,31.8,610.6506738439109,0
2023-05-14,3,2,6,5,1,31.8,476.8398549280336,0
2023-05-14,6,0,6,5,1,20.3,1481.2063713730713,1
2023-05-14,4,1,6,5,0,30.0,710.7854899585071,0
2023-05-14,5,2,6,5,0,28.7,478.0415093209084,0
2023-05-14,9,1,6,5,0,32.0,875.4766931029081,0
2023-05-15,6,0,0,5,0,33.7,1101.6092859326045,1
2023-05-15,11,0,0,5,0,29.7,1308.3786168450583,1
2023-05-15,2,1,0,5,0,30.7,614.4708053439732,0
2023-05-15,8,2,0,5,0,25.096873120865904,444.0629538711684,0
2023-05-15,0,2,0,5,0,25.096873120865904,419.1738945484764,0
2023-05-15,7,1,0,5,1,32.4,745.8069382831782,0
2023-05-15,1,0,0,5,0,29.9,962.1449626655711,1
2023-05-15,3,2,0,5,1,32.7,432.143828419225,0
2023-05-15,10,2,0,5,0,32.3,339.52141390166173,0
2023-05-15,5,2,0,5,0,38.8,429.0595497759858,0
2023-05-15,4,1,0,5,0,31.0,614.1713128837541,0
2023-05-16,8,2,1,5,0,32.8,367.8274718666564,0
2023-05-16,9,1,1,5,0,29.0,917.4285639324465,0
2023-05-16,5,2,1,5,0,29.6,421.16720584250737,0
2023-05-16,6,0,1,5,0,25.096873120865904,1241.307586749279,1
2023-05-16,0,2,1,5,0,35.9,495.6010766903642,0
2023-05-16,7,1,1,5,0,29.1,818.8607905083318,0
2023-05-16,4,1,1,5,0,32.0,565.6227637863001,0
2023-05-16,2,1,1,5,0,32.7,663.2621046704246,0
2023-05-16,3,2,1,5,0,29.0,380.08835716684285,0
2023-05-16,10,2,1,5,0,28.5,283.6634512325085,0
2023-05-17,3,2,2,5,0,36.3,403.7402729969619,0
2023-05-17,2,1,2,5,0,33.6,658.8568737594461,0
2023-05-17,1,0,2,5,0,33.4,833.7121414719243,1
2023-05-17,6,0,2,5,0,31.4,996.9151831975794,1
2023-05-17,7,1,2,5,0,28.2,844.9650580816184,0
2023-05-17,0,2,2,5,0,33.3,389.2740272364613,0
2023-05-17,5,2,2,5,0,32.5,507.8759008021815,0
2023-05-18,5,2,3,5,0,29.5,391.1344945436477,0
2023-05-18,7,1,3,5,1,32.5,683.628821713626,0
2023-05-18,10,2,3,5,0,30.8,420.7054854841496,0
2023-05-18,1,0,3,5,0,29.9,864.6343732732503,1
2023-05-18,4,1,3,5,0,31.9,547.6310622064775,0
2023-05-18,0,2,3,5,0,34.9,385.5378470250548,0
2023-05-18,3,2,3,5,0,28.0,391.14016857094725,0
2023-05-18,9,1,3,5,0,25.7,635.5487831991776,0
2023-05-18,11,0,3,5,0,32.8,1245.3749467753166,1
2023-05-18,8,2,3,5,0,25.096873120865904,433.9148662425612,0
2023-05-19,5,2,4,5,0,33.8,505.08168782803006,0
2023-05-19,6,0,4,5,0,31.2,1050.5916967732844,1
2023-05-19,1,0,4,5,0,33.9,1034.3913806484786,1
2023-05-19,2,1,4,5,0,32.6,663.5466340565004,0
2023-05-19,4,1,4,5,0,36.5,816.3481537838933,0
2023-05-19,7,1,4,5,0,34.6,588.6853739440703,0
2023-05-19,0,2,4,5,0,33.9,451.36992052713987,0
2023-05-19,11,0,4,5,0,28.2,1404.3102588226566,1
2023-05-19,9,1,4,5,0,30.1,677.8889877344421,0
2023-05-20,5,2,5,5,0,33.4,476.5973495351515,0
2023-05-20,8,2,5,5,0,30.6,486.28124377086226,0
2023-05-20,4,1,5,5,0,27.1,944.2786314922007,0
2023-05-20,1,0,5,5,0,30.7,1344.9962967429524,1
2023-05-20,6,0,5,5,0,31.5,1279.34343339255,1
2023-05-20,3,2,5,5,0,34.6,529.5178503635522,0
2023-05-20,10,2,5,5,0,34.9,508.9038625073907,0
2023-05-20,0,2,5,5,0,26.2,516.3199946751334,0
2023-05-20,11,0,5,5,0,25.3,1294.5179092370456,1
2023-05-21,7,1,6,5,0,30.9,765.2785589679456,0
2023-05-21,10,2,6,5,0,33.1,590.5767703634509,0
2023-05-21,0,2,6,5,0,35.0,431.6879122992689,0
2023-05-21,11,0,6,5,0,31.9,1362.3123823182468,1
2023-05-21,9,1,6,5,0,28.6,779.4309266875315,0
2023-05-21,4,1,6,5,0,32.1,707.6998199064269,0
2023-05-21,2,1,6,5,1,30.8,749.9595910901054,1
2023-05-21,8,2,6,5,0,26.6,487.08024917699623,0
2023-05-21,3,2,6,5,0,32.4,611.5904716738714,0
2023-05-21,1,0,6,5,1,25.096873120865904,1587.6708997611972,1
2023-05-21,6,0,6,5,0,34.5,1461.3381462624345,1
2023-05-22,6,0,0,5,0,34.4,940.0243258064014,1
2023-05-22,2,1,0,5,1,31.7,631.87831269072,1
2023-05-22,11,0,0,5,1,27.8,1456.3821024783235,1
2023-05-22,7,1,0,5,0,32.2,827.5351547065034,0
2023-05-22,9,1,0,5,0,35.1,621.1235771148704,0
2023-05-22,1,0,0,5,0,29.0,1256.2431926057636,1
2023-05-22,10,2,0,5,0,32.5,385.6769448779583,0
2023-05-22,5,2,0,5,0,34.9,412.7262646351639,0
2023-05-23,8,2,1,5,1,37.0,454.3209473356335,0
2023-05-23,9,1,1,5,0,31.2,647.6117914482222,0
2023-05-23,0,2,1,5,1,21.7,328.5412095515499,0
2023-05-23,1,0,1,5,0,36.8,1242.5705249678729,1
2023-05-23,4,1,1,5,0,29.9,589.1383602712698,0
2023-05-23,7,1,1,5,0,27.6,669.9616322376781,0
2023-05-23,2,1,1,5,0,31.6,679.6494954137785,0
2023-05-23,11,0,1,5,0,27.5,1384.1349134340348,1
2023-05-23,3,2,1,5,0,34.8,386.74356058417766,0
2023-05-23,5,2,1,5,0,33.5,378.8712664771183,0
2023-05-23,10,2,1,5,0,34.2,439.7917039130166,0
2023-05-24,4,1,2,5,0,34.3,631.9120524326565,0
2023-05-24,7,1,2,5,1,33.6,602.3699715637864,0
2023-05-24,9,1,2,5,0,33.8,785.6648448263882,0
2023-05-24,1,0,2,5,0,32.5,1085.2721885582796,1
2023-05-24,11,0,2,5,0,34.7,1369.2116189007434,1
2023-05-24,0,2,2,5,0,31.2,351.6020600923451,0
2023-05-24,5,2,2,5,0,32.8,411.5162784725212,0
2023-05-24,3,2,2,5,0,33.5,377.32272292523356,0
2023-05-24,2,1,2,5,0,32.1,596.6940141529582,0
2023-05-24,10,2,2,5,0,32.1,415.1995584287901,0
2023-05-24,6,0,2,5,1,29.2,1193.4136930297689,1
2023-05-25,3,2,3,5,0,32.9,411.5724448482361,0
2023-05-25,5,2,3,5,0,29.7,412.69732640587284,0
2023-05-25,0,2,3,5,0,34.4,406.1388490165968,0
2023-05-25,1,0,3,5,1,34.9,1210.4026855828959,1
2023-05-25,10,2,3,5,0,28.8,454.6575105631423,0
2023-05-25,6,0,3,5,0,29.6,1151.489896041171,1
2023-05-25,4,1,3,5,0,32.9,708.3901163838601,0
2023-05-25,9,1,3,5,1,32.6,610.9965690564002,0
2023-05-25,8,2,3,5,0,39.0,391.34982129522973,0
2023-05-26,6,0,4,5,0,34.8,1164.3825476940237,1
2023-05-26,9,1,4,5,1,30.9,658.292216713827,0
2023-05-26,0,2,4,5,1,33.7,382.6009482482639,0
2023-05-26,11,0,4,5,0,29.4,1058.1726459391746,1
2023-05-26,8,2,4,5,0,30.2,460.51299407736,0
2023-05-26,10,2,4,5,1,36.4,458.6036056234014,0
2023-05-26,5,2,4,5,0,33.1,386.00999365200175,0
2023-05-26,2,1,4,5,0,31.2,544.9982669842934,0
2023-05-26,1,0,4,5,0,25.1,1134.7907337992613,1
2023-05-27,9,1,5,5,0,25.096873120865904,730.6900051856513,0
2023-05-27,8,2,5,5,0,30.6,503.9780804912412,0
2023-05-27,6,0,5,5,0,35.9,1704.848367583499,1
2023-05-27,1,0,5,5,0,39.1,1278.4623259560553,1
2023-05-27,4,1,5,5,0,31.7,837.1127214989415,0
2023-05-27,11,0,5,5,0,25.096873120865904,1217.539882672461,1
2023-05-27,0,2,5,5,0,30.0,433.95157832316534,0
2023-05-27,2,1,5,5,0,33.2,793.3706795340784,0
2023-05-27,3,2,5,5,0,33.7,445.6166247655359,0
2023-05-27,5,2,5,5,0,34.7,484.5527160821659,0
2023-05-28,4,1,6,5,1,36.7,729.7873046293029,1
2023-05-28,10,2,6,5,1,30.9,512.0629466643923,0
2023-05-28,8,2,6,5,0,33.9,510.426728500151,0
2023-05-28,3,2,6,5,0,33.6,441.64497573945073,0
2023-05-28,7,1,6,5,0,36.1,706.377596454007,1
2023-05-28,9,1,6,5,0,36.7,786.9781031916067,0
2023-05-28,2,1,6,5,0,33.0,984.7992444743122,1
2023-05-28,11,0,6,5,0,26.1,1259.5465378317006,1
2023-05-28,6,0,6,5,0,34.9,2079.661248278436,1
2023-05-29,11,0,0,5,0,34.6,1414.1297198551913,1
2023-05-29,10,2,0,5,0,30.1,458.2062927270149,0
2023-05-29,8,2,0,5,0,33.0,429.0721966465531,0
2023-05-29,0,2,0,5,0,36.3,426.43571732368804,0
2023-05-29,7,1,0,5,0,25.096873120865904,613.1255418788269,0
2023-05-29,6,0,0,5,1,31.9,1518.1736827978161,1
2023-05-29,3,2,0,5,1,34.2,329.0397137562896,0
2023-05-30,6,0,1,5,0,28.9,1736.8528479246456,1
2023-05-30,10,2,1,5,0,29.6,460.69336022471487,0
2023-05-30,3,2,1,5,0,34.9,363.1414743509356,0
2023-05-30,4,1,1,5,0,32.0,661.1559864276527,0
2023-05-30,5,2,1,5,0,27.9,461.6327670055145,0
2023-05-30,8,2,1,5,0,37.6,527.7038956185229,0
2023-05-30,7,1,1,5,0,30.0,614.4622558472593,0
2023-05-30,11,0,1,5,0,33.9,1098.978343652726,1
2023-05-30,0,2,1,5,0,34.9,471.4374989753497,0
2023-05-30,1,0,1,5,1,28.1,1172.5453793815327,1
2023-05-31,11,0,2,5,0,29.8,1258.601011319012,1
2023-05-31,9,1,2,5,1,27.1,669.7362204951888,0
2023-05-31,0,2,2,5,0,29.7,407.04450610698365,0
2023-05-31,6,0,2,5,1,29.3,1651.1515267175723,1
2023-05-31,1,0,2,5,0,28.9,1121.5131799959909,1
2023-05-31,2,1,2,5,1,30.8,545.609726443828,1
2023-05-31,5,2,2,5,0,35.3,476.52554145679954,0
2023-05-31,10,2,2,5,0,37.4,449.4033659681989,0
2023-05-31,8,2,2,5,0,31.3,389.61428616676733,0
2023-06-01,9,1,3,6,0,32.2,754.6939240102781,0
2023-06-01,11,0,3,6,1,36.1,1747.7461048996033,1
2023-06-01,1,0,3,6,0,30.9,1514.2659137663313,1
2023-06-01,6,0,3,6,1,34.0,1035.2212142151918,1
2023-06-01,10,2,3,6,1,29.5,445.7745602661597,0
2023-06-01,2,1,3,6,0,34.3,600.7781619571547,0
2023-06-01,5,2,3,6,0,34.4,473.67257511748085,0
2023-06-01,3,2,3,6,0,31.6,391.29711428387685,0
2023-06-01,8,2,3,6,0,34.6,352.4858982469651,0
2023-06-01,4,1,3,6,0,35.9,713.7929731432155,0
2023-06-02,2,1,4,6,0,36.0,591.7041434394714,0
2023-06-02,5,2,4,6,0,37.5,481.0601833067743,0
2023-06-02,10,2,4,6,1,35.1,507.71517057920084,0
2023-06-02,1,0,4,6,0,33.6,1360.6855190335482,1
2023-06-02,4,1,4,6,1,35.0,669.2335724306174,0
2023-06-02,8,2,4,6,0,40.7,370.0289327363188,0
2023-06-02,6,0,4,6,0,34.5,1077.171408250014,1
2023-06-02,3,2,4,6,0,31.5,364.347511969281,0
2023-06-02,0,2,4,6,1,32.0,473.09176288734864,0
2023-06-02,11,0,4,6,0,37.3,1209.065359621445,1
2023-06-02,7,1,4,6,0,26.8,647.3742043752436,0
2023-06-02,9,1,4,6,0,34.1,793.5502534518671,0
2023-06-03,11,0,5,6,0,34.1,1364.31084189553,1
2023-06-03,2,1,5,6,0,30.9,774.5374056006042,0
2023-06-03,9,1,5,6,0,34.0,719.4244248355901,1
2023-06-03,8,2,5,6,1,33.2,514.2470257712395,0
2023-06-03,6,0,5,6,0,28.1,1306.4823732436626,1
2023-06-03,3,2,5,6,0,32.9,471.4464091297223,0
2023-06-03,1,0,5,6,1,33.9,1308.9472810831446,1
2023-06-03,7,1,5,6,1,34.7,836.5459853848236,1
2023-06-04,3,2,6,6,1,34.4,507.1099020868247,0
2023-06-04,9,1,6,6,0,27.8,641.3830655839339,1
2023-06-04,1,0,6,6,0,32.8,1487.4282676252765,1
2023-06-04,5,2,6,6,1,25.096873120865904,523.8384052338695,0
2023-06-04,11,0,6,6,0,29.9,1280.5440004895468,1
2023-06-04,8,2,6,6,0,34.8,496.17601856132995,0
2023-06-04,6,0,6,6,0,33.2,1479.9840287828167,1
2023-06-04,7,1,6,6,0,36.5,847.3761811908201,0
2023-06-05,1,0,0,6,0,37.8,1212.3284538995572,1
2023-06-05,4,1,0,6,0,28.2,742.378778830991,0
2023-06-05,10,2,0,6,0,32.7,389.7991368891015,0
2023-06-05,8,2,0,6,0,33.9,413.0029955777445,0
2023-06-05,2,1,0,6,0,35.7,704.243756383133,0
2023-06-05,11,0,0,6,0,40.5,982.579561033868,1
2023-06-05,3,2,0,6,0,33.1,489.4622285708602,0
2023-06-05,9,1,0,6,0,24.5,575.8414466943951,0
2023-06-05,6,0,0,6,0,32.2,1496.729387947506,1
2023-06-06,5,2,1,6,0,33.5,435.84107828530966,0
2023-06-06,4,1,1,6,0,31.2,691.9341638302704,0
2023-06-06,6,0,1,6,0,30.9,1086.5372498317317,1
2023-06-06,7,1,1,6,0,33.1,637.2041886379694,0
2023-06-06,3,2,1,6,0,31.4,378.8842383017593,0
2023-06-06,0,2,1,6,0,30.6,390.6518762252254,0
2023-06-06,11,0,1,6,0,30.7,1126.043049706317,1
2023-06-06,9,1,1,6,0,27.5,601.816584126265,0
2023-06-06,1,0,1,6,0,32.4,1237.3614537174124,1
2023-06-06,10,2,1,6,0,30.5,380.27245765067505,0
2023-06-06,8,2,1,6,0,33.3,381.84138044557614,0
2023-06-07,10,2,2,6,0,35.4,343.5199013124901,0
2023-06-07,7,1,2,6,0,38.2,814.0786964478336,0
2023-06-07,3,2,2,6,0,32.1,383.85416931206436,0
2023-06-07,5,2,2,6,0,35.1,392.013249319466,0
2023-06-07,11,0,2,6,0,32.9,1143.3939856692227,1
2023-06-07,8,2,2,6,0,35.0,430.05994988258203,0
2023-06-07,9,1,2,6,0,37.4,823.0976401870946,0
2023-06-07,0,2,2,6,1,26.3,406.34711859358686,0
2023-06-07,2,1,2,6,0,33.3,866.1234188413158,0
2023-06-08,10,2,3,6,1,34.7,397.5084361699579,0
2023-06-08,4,1,3,6,0,31.6,724.72810569924,1
2023-06-08,2,1,3,6,0,32.2,644.3887432477663,0
2023-06-08,1,0,3,6,0,30.1,993.2382357574181,1
2023-06-08,6,0,3,6,0,36.1,1143.9927059645977,1
2023-06-08,5,2,3,6,0,33.0,423.9471771155111,0
2023-06-08,0,2,3,6,0,33.1,392.77142377255507,0
2023-06-08,3,2,3,6,0,33.1,368.48377990618945,0
2023-06-08,9,1,3,6,0,33.0,757.8632997786792,0
2023-06-08,11,0,3,6,0,33.3,1237.1462082838827,1
2023-06-08,7,1,3,6,0,33.2,677.7777944938861,0
2023-06-09,2,1,4,6,0,30.1,643.5884415250412,0
2023-06-09,7,1,4,6,0,31.5,652.0757549607451,0
2023-06-09,3,2,4,6,1,31.9,366.63120846894384,0
2023-06-09,4,1,4,6,0,34.2,762.9556728714754,1
2023-06-09,1,0,4,6,0,33.3,1083.0084527282622,1
2023-06-09,6,0,4,6,0,34.9,948.6373459762309,1
2023-06-09,9,1,4,6,0,28.8,811.1473785250251,0
2023-06-09,8,2,4,6,1,34.2,412.1951097165927,0
2023-06-09,5,2,4,6,0,31.6,411.12484009395087,0
2023-06-09,11,0,4,6,0,34.4,956.9464462409343,1
2023-06-10,0,2,5,6,0,34.5,401.6612440596863,0
2023-06-10,11,0,5,6,0,33.4,1100.6048977690327,1
2023-06-10,5,2,5,6,0,33.8,465.29004659913653,0
2023-06-10,1,0,5,6,0,36.8,1716.1160909416585,1
2023-06-10,2,1,5,6,0,35.3,790.5014637683313,0
2023-06-10,9,1,5,6,0,31.1,955.192615591002,0
2023-06-10,4,1,5,6,0,32.8,928.2503795905455,1
2023-06-10,8,2,5,6,0,25.096873120865904,585.0130895316356,0
2023-06-10,6,0,5,6,0,38.6,1188.8800774910299,1
2023-06-10,3,2,5,6,0,30.5,414.23798971556806,0
2023-06-10,7,1,5,6,0,34.1,941.1521292491091,0
2023-06-10,10,2,5,6,0,33.8,364.8210421515092,0
2023-06-11,11,0,6,6,0,33.7,1253.123900338066,1
2023-06-11,10,2,6,6,1,30.4,339.93574717334985,0
2023-06-11,5,2,6,6,0,34.5,512.5910145034603,0
2023-06-11,3,2,6,6,0,33.7,565.8367604495853,0
2023-06-11,7,1,6,6,0,25.096873120865904,738.8461303063035,0
2023-06-11,9,1,6,6,0,35.5,902.030934571771,0
2023-06-11,2,1,6,6,0,35.0,837.3130035365747,0
2023-06-11,4,1,6,6,0,41.0,958.8455956638675,1
2023-06-12,11,0,0,6,0,33.2,1130.0575521897665,1
2023-06-12,10,2,0,6,0,27.1,319.61604131312004,0
2023-06-12,0,2,0,6,0,31.3,445.1775528857498,0
2023-06-12,2,1,0,6,0,30.1,740.1140691559489,0
2023-06-12,1,0,0,6,0,33.1,1125.6637197197756,1
2023-06-12,8,2,0,6,0,27.8,369.52862434441164,0
2023-06-12,4,1,0,6,0,35.0,768.9322129274263,1
2023-06-12,3,2,0,6,0,31.1,397.91958134156465,0
2023-06-13,2,1,1,6,0,28.1,942.9916544069594,0
2023-06-13,6,0,1,6,0,36.9,1189.8058806575298,1
2023-06-13,5,2,1,6,0,36.0,456.43689892725905,0
2023-06-13,9,1,1,6,0,32.5,583.4239778016433,0
2023-06-13,10,2,1,6,0,30.3,307.7071573409628,0
2023-06-13,11,0,1,6,0,34.8,1082.7919135363813,1
2023-06-13,4,1,1,6,0,34.7,721.9427103325784,1
2023-06-13,8,2,1,6,0,33.3,441.17650701152996,0
2023-06-14,1,0,2,6,1,37.5,1093.6647851380085,1
2023-06-14,0,2,2,6,0,33.5,504.3779921105408,0
2023-06-14,11,0,2,6,0,36.8,1061.1181588554446,1
2023-06-14,9,1,2,6,0,36.9,576.2422794538522,0
2023-06-14,3,2,2,6,0,37.1,391.1915028156711,0
2023-06-14,7,1,2,6,0,32.6,669.186180664881,0
2023-06-14,10,2,2,6,0,28.9,311.9619976724767,0
2023-06-14,5,2,2,6,0,34.3,414.0968080290806,0
2023-06-14,4,1,2,6,0,37.3,796.3735578411088,1
2023-06-14,8,2,2,6,1,35.2,408.72737318942325,0
2023-06-14,6,0,2,6,0,37.1,1131.9365169315902,1
2023-06-15,8,2,3,6,1,39.5,445.45164749119374,0
2023-06-15,3,2,3,6,1,30.6,381.34105305023127,0
2023-06-15,4,1,3,6,0,33.1,925.6749813420496,1
2023-06-15,5,2,3,6,0,31.6,446.96197080310833,0
2023-06-15,9,1,3,6,0,37.4,577.670526985734,0
2023-06-15,2,1,3,6,0,32.9,686.4611172124546,0
2023-06-15,6,0,3,6,0,37.2,1132.4829767368078,1
2023-06-15,7,1,3,6,1,33.5,749.2791534861663,0
2023-06-16,11,0,4,6,0,30.0,1239.45354804329,1
2023-06-16,6,0,4,6,0,34.4,1145.3859934824566,1
2023-06-16,1,0,4,6,0,35.2,1054.6827952815208,1
2023-06-16,0,2,4,6,0,37.8,356.8898882214303,0
2023-06-16,7,1,4,6,0,36.4,658.0735178481483,0
2023-06-16,3,2,4,6,0,33.8,508.4329176601855,0
2023-06-16,4,1,4,6,0,37.8,890.6127940530786,0
2023-06-16,10,2,4,6,0,32.0,357.1799489883345,0
2023-06-16,9,1,4,6,0,33.0,451.33121798084386,0
2023-06-16,8,2,4,6,0,33.2,497.56172232440446,0
2023-06-17,4,1,5,6,0,37.5,1034.0403286070853,0
2023-06-17,3,2,5,6,0,35.0,368.0705130619226,0
2023-06-17,0,2,5,6,0,33.2,413.318573594862,0
2023-06-17,11,0,5,6,0,25.096873120865904,1346.8114112431895,1
2023-06-17,8,2,5,6,0,36.0,513.5830878673968,0
2023-06-17,9,1,5,6,0,35.6,638.3545643180648,0
2023-06-17,5,2,5,6,1,30.6,493.7176483072653,0
2023-06-17,6,0,5,6,0,30.9,1220.3427025275853,1
2023-06-17,7,1,5,6,0,30.8,791.483772546884,0
2023-06-17,2,1,5,6,1,34.5,796.1219755335372,1
2023-06-17,10,2,5,6,0,39.7,416.01970823016234,0
2023-06-17,1,0,5,6,0,32.5,1328.8862432712315,1
2023-06-18,2,1,6,6,0,33.7,741.8525631161483,0
2023-06-18,11,0,6,6,0,30.7,1415.6820644000388,1
2023-06-18,3,2,6,6,0,25.096873120865904,407.8197994735927,0
2023-06-18,10,2,6,6,0,34.0,470.7313211500304,0
2023-06-18,6,0,6,6,0,36.6,1230.9151942956773,1
2023-06-18,0,2,6,6,0,39.1,470.0015507226235,0
2023-06-18,4,1,6,6,0,32.5,1095.9985302248551,1
2023-06-18,5,2,6,6,0,29.3,438.80645337342213,0
2023-06-18,1,0,6,6,0,32.9,1332.3685295993082,1
2023-06-18,9,1,6,6,1,29.5,600.5085104793086,1
2023-06-19,6,0,0,6,0,32.7,1056.9895451797645,1
2023-06-19,5,2,0,6,1,34.6,378.479967856188,0
2023-06-19,10,2,0,6,0,32.6,369.7824590470515,0
2023-06-19,2,1,0,6,0,38.7,668.4195373823056,0
2023-06-19,8,2,0,6,0,34.3,470.3540237937993,0
2023-06-19,4,1,0,6,0,32.0,854.6565079244225,0
2023-06-19,3,2,0,6,0,33.3,391.74544130625867,0
2023-06-19,1,0,0,6,0,32.4,1239.7097409298306,1
2023-06-19,9,1,0,6,0,34.0,554.8570648646139,0
2023-06-19,7,1,0,6,0,33.2,625.157757319329,0
2023-06-20,6,0,1,6,0,25.096873120865904,1084.0942557652068,1
2023-06-20,0,2,1,6,1,42.1,388.52141695542537,0
2023-06-20,7,1,1,6,0,31.0,670.9228491053352,0
2023-06-20,2,1,1,6,0,27.6,688.4756247053475,0
2023-06-20,4,1,1,6,0,37.1,961.4172866996931,0
2023-06-20,1,0,1,6,0,35.2,1189.0472794566458,1
2023-06-20,10,2,1,6,0,33.3,340.3797197285731,0
2023-06-20,3,2,1,6,0,38.5,360.2356630165857,0
2023-06-20,9,1,1,6,0,39.5,557.9894187540795,0
2023-06-20,8,2,1,6,0,25.096873120865904,437.5370499292615,0
2023-06-21,11,0,2,6,0,32.3,952.0232511052088,1
2023-06-21,3,2,2,6,0,25.096873120865904,318.70851187464905,0
2023-06-21,0,2,2,6,1,33.5,337.41234609825074,0
2023-06-21,9,1,2,6,0,38.9,546.208081290301,0
2023-06-21,8,2,2,6,1,30.3,558.150799446468,0
2023-06-21,6,0,2,6,0,40.9,1022.8345308467461,1
2023-06-21,7,1,2,6,0,30.2,671.4535976271897,0
2023-06-21,4,1,2,6,0,34.6,880.5905121424399,0
2023-06-21,2,1,2,6,0,37.1,699.7500121542088,0
2023-06-22,11,0,3,6,1,35.7,1166.1424330487996,1
2023-06-22,10,2,3,6,0,34.6,439.9749805564221,0
2023-06-22,0,2,3,6,0,34.7,323.0100429789032,0
2023-06-22,4,1,3,6,0,34.5,892.6221746602788,0
2023-06-22,7,1,3,6,1,33.6,798.1190192368648,0
2023-06-22,6,0,3,6,0,33.1,1091.139392289725,1
2023-06-22,5,2,3,6,0,33.4,394.7695583581203,0
2023-06-22,1,0,3,6,0,43.0,1329.198704864556,1
2023-06-22,8,2,3,6,1,32.4,675.9616490043695,0
2023-06-22,9,1,3,6,0,36.3,543.306251122269,0
2023-06-22,2,1,3,6,0,40.6,651.2175322971034,0
2023-06-23,0,2,4,6,0,34.3,378.3371801769067,0
2023-06-23,10,2,4,6,0,34.4,322.93031835812724,0
2023-06-23,2,1,4,6,0,38.3,710.0868677758219,0
2023-06-23,3,2,4,6,0,31.4,324.3244310248968,0
2023-06-23,9,1,4,6,0,36.9,499.8780341050949,0
2023-06-23,4,1,4,6,0,37.3,717.2549567065241,0
2023-06-23,5,2,4,6,0,33.4,388.07829803446106,0
2023-06-23,8,2,4,6,0,32.1,493.2658429986573,0
2023-06-23,1,0,4,6,0,32.5,1069.885451395043,1
2023-06-23,6,0,4,6,1,25.096873120865904,1027.935223937598,1
2023-06-24,11,0,5,6,0,35.2,1377.088410433194,1
2023-06-24,10,2,5,6,0,26.2,405.64839601502814,0
2023-06-24,3,2,5,6,0,36.6,383.4234005637423,0
2023-06-24,6,0,5,6,0,34.7,1349.4702317706676,1
2023-06-24,5,2,5,6,0,33.5,600.9292144967123,0
2023-06-24,4,1,5,6,0,31.0,838.9116673459168,1
2023-06-24,9,1,5,6,0,35.8,632.4675978925991,0
2023-06-24,7,1,5,6,1,35.6,624.7903581197886,1
2023-06-24,8,2,5,6,1,32.3,536.0849521251149,0
2023-06-25,4,1,6,6,0,31.6,889.4916421380176,0
2023-06-25,5,2,6,6,0,36.3,427.1522197534075,0
2023-06-25,3,2,6,6,0,37.0,462.4393309970823,0
2023-06-25,7,1,6,6,0,34.1,663.0637221184854,0
2023-06-25,8,2,6,6,0,30.0,526.4993475418761,0
2023-06-25,0,2,6,6,0,39.9,402.4242257458463,0
2023-06-25,1,0,6,6,0,34.7,1356.6553997314902,1
2023-06-25,2,1,6,6,1,33.2,749.7595871640747,1
2023-06-25,10,2,6,6,0,37.3,431.4417120848661,0
2023-06-25,11,0,6,6,0,36.2,1425.790062895443,1
2023-06-26,0,2,0,6,0,28.2,317.9428239171046,0
2023-06-26,7,1,0,6,0,37.0,583.4467399074423,0
2023-06-26,3,2,0,6,1,34.1,407.72057324433695,0
2023-06-26,11,0,0,6,0,36.3,1055.4864810750596,1
2023-06-26,10,2,0,6,0,32.1,375.2965747381123,0
2023-06-26,5,2,0,6,0,37.0,552.6614371211892,0
2023-06-26,2,1,0,6,0,35.8,580.8652250121651,0
2023-06-27,6,0,1,6,0,41.2,1088.4038522795763,1
2023-06-27,11,0,1,6,0,38.8,1058.7651139376178,1
2023-06-27,4,1,1,6,0,36.9,717.0155105034087,0
2023-06-27,7,1,1,6,0,37.5,619.6999721252639,0
2023-06-27,1,0,1,6,0,38.0,1025.0713088957987,1
2023-06-27,8,2,1,6,0,37.1,442.06400046298666,0
2023-06-27,2,1,1,6,0,39.9,643.100107049064,0
2023-06-27,3,2,1,6,0,27.9,389.61943966231115,0
2023-06-28,8,2,2,6,0,29.9,532.8491353755616,0
2023-06-28,9,1,2,6,0,34.9,610.6827306634875,0
2023-06-28,7,1,2,6,0,37.5,691.7136575796462,0
2023-06-28,6,0,2,6,0,35.6,1012.5224009698504,1
2023-06-28,3,2,2,6,0,36.2,335.3844775865862,0
2023-06-28,2,1,2,6,0,28.5,578.0872736450948,0
2023-06-28,0,2,2,6,0,35.4,498.0552574038219,0
2023-06-28,4,1,2,6,0,33.5,756.9008519187983,0
2023-06-28,5,2,2,6,1,36.3,438.19151422534134,0
2023-06-29,3,2,3,6,0,36.3,409.8364308699163,0
2023-06-29,1,0,3,6,0,31.6,960.5606426342155,1
2023-06-29,0,2,3,6,0,36.5,438.58324466305857,0
2023-06-29,6,0,3,6,0,35.7,992.3309524000587,1
2023-06-29,5,2,3,6,0,35.0,392.54924954023835,0
2023-06-29,4,1,3,6,0,37.6,712.8959251992235,0
2023-06-29,9,1,3,6,0,36.5,603.8918573991975,0
2023-06-29,2,1,3,6,1,32.0,579.2468985864995,1
2023-06-29,7,1,3,6,0,25.096873120865904,833.1625265018929,0
2023-06-29,10,2,3,6,0,37.4,356.4239345697414,0
2023-06-30,7,1,4,6,1,35.1,612.8268555202797,0
2023-06-30,10,2,4,6,0,35.7,320.703079250183,0
2023-06-30,11,0,4,6,0,33.7,1105.1177830153863,1
2023-06-30,0,2,4,6,0,40.2,401.8683091168867,0
2023-06-30,5,2,4,6,0,36.0,417.8213851956449,0
2023-06-30,6,0,4,6,0,33.5,1119.607968260704,1
2023-06-30,9,1,4,6,0,35.3,676.7665120669798,0
2023-06-30,1,0,4,6,0,25.096873120865904,948.8995633853588,1
2023-07-01,5,2,5,7,0,37.2,549.8696804517501,0
2023-07-01,4,1,5,7,0,37.5,873.1578552589648,0
2023-07-01,2,1,5,7,0,31.7,807.6118451364484,0
2023-07-01,1,0,5,7,0,37.7,1133.0530973972607,1
2023-07-01,3,2,5,7,0,34.7,416.2656759061459,0
2023-07-01,10,2,5,7,1,30.3,352.048196746341,0
2023-07-01,7,1,5,7,0,33.9,1046.643801449291,0
2023-07-01,0,2,5,7,1,34.4,410.2826373098603,0
2023-07-01,6,0,5,7,0,34.3,1169.0262619718685,1
2023-07-01,8,2,5,7,0,33.0,486.10904475728955,0
2023-07-01,11,0,5,7,0,32.2,1171.6850688268244,1
2023-07-02,2,1,6,7,1,33.5,1039.0523054732314,1
2023-07-02,8,2,6,7,0,38.3,368.2260706920542,0
2023-07-02,11,0,6,7,0,35.6,1185.0063912172584,1
2023-07-02,1,0,6,7,0,35.9,1047.2257529802612,1
2023-07-02,0,2,6,7,1,31.0,419.343874550088,0
2023-07-02,3,2,6,7,0,35.6,452.37618742978935,0
2023-07-02,5,2,6,7,0,38.3,576.0096347464437,0
2023-07-03,3,2,0,7,0,30.7,406.55652745402796,0
2023-07-03,1,0,0,7,0,34.4,858.6635495473811,1
2023-07-03,8,2,0,7,0,37.7,339.56185559933004,0
2023-07-03,11,0,0,7,0,34.7,974.1291456521172,1
2023-07-03,5,2,0,7,0,25.096873120865904,400.38004941106374,0
2023-07-03,4,1,0,7,0,32.9,853.3440585717212,0
2023-07-03,9,1,0,7,0,35.6,617.7621736770902,0
2023-07-04,5,2,1,7,0,31.8,420.1231929313275,0
2023-07-04,10,2,1,7,0,32.0,314.1834611467552,0
2023-07-04,6,0,1,7,0,36.5,1027.7502620858402,0
2023-07-04,8,2,1,7,0,33.3,356.7630144674974,0
2023-07-04,2,1,1,7,0,36.9,642.4997776478834,0
2023-07-04,7,1,1,7,0,32.6,696.5415134584207,0
2023-07-04,11,0,1,7,0,31.7,1059.1343550709944,1
2023-07-04,3,2,1,7,0,33.3,294.70514744601195,0
2023-07-04,0,2,1,7,0,33.7,425.03854956526726,0
2023-07-04,1,0,1,7,0,35.6,978.5287925485835,1
2023-07-04,4,1,1,7,0,30.2,664.1321106727571,0
2023-07-05,3,2,2,7,0,39.4,258.18778763910007,0
2023-07-05,2,1,2,7,0,30.5,685.580353118891,0
2023-07-05,8,2,2,7,0,37.3,359.320106615828,0
2023-07-05,9,1,2,7,1,38.2,608.3116231387789,0
2023-07-05,5,2,2,7,0,32.9,492.010606215997,0
2023-07-05,7,1,2,7,1,32.9,736.2531201997921,0
2023-07-05,4,1,2,7,0,39.2,766.9408359820665,0
2023-07-05,11,0,2,7,0,35.8,1031.5609562791797,1
2023-07-05,1,0,2,7,1,35.6,1297.9202987583928,1
2023-07-05,0,2,2,7,0,33.3,294.1389713857307,0
2023-07-05,6,0,2,7,0,34.7,1037.4661252810463,0
2023-07-06,8,2,3,7,0,38.9,485.1477491247206,0
2023-07-06,3,2,3,7,0,34.0,270.19384860615986,0
2023-07-06,7,1,3,7,1,30.9,715.2394602311805,0
2023-07-06,5,2,3,7,0,39.8,389.78526924400836,0
2023-07-06,1,0,3,7,0,35.8,1106.8735647636777,1
2023-07-06,11,0,3,7,0,34.6,1042.7085885307886,1
2023-07-06,0,2,3,7,0,34.3,277.5366381416534,0
2023-07-06,6,0,3,7,0,39.3,1017.8490554283406,0
2023-07-06,2,1,3,7,1,35.0,858.4092722749422,0
2023-07-06,4,1,3,7,0,34.0,770.6897385052173,0
2023-07-07,10,2,4,7,0,40.1,377.276243459183,0
2023-07-07,7,1,4,7,0,35.1,763.1539765712149,0
2023-07-07,6,0,4,7,0,35.7,1038.1025123989675,1
2023-07-07,8,2,4,7,0,34.8,409.56337817772163,0
2023-07-07,1,0,4,7,0,35.7,1017.5939420372556,1
2023-07-07,11,0,4,7,1,29.4,1000.6115595075938,1
2023-07-07,3,2,4,7,0,33.7,450.65510181179604,0
2023-07-07,9,1,4,7,0,38.2,447.80972976528665,0
2023-07-07,5,2,4,7,0,37.0,385.71725886951305,0
2023-07-07,4,1,4,7,0,36.2,847.0095311123488,0
2023-07-07,2,1,4,7,0,33.7,643.789456544535,0
2023-07-07,0,2,4,7,0,37.6,294.5358696755645,0
2023-07-08,7,1,5,7,0,30.4,737.5091074747673,1
2023-07-08,4,1,5,7,0,31.9,760.6155154338846,0
2023-07-08,3,2,5,7,0,32.2,447.09844402141147,0
2023-07-08,1,0,5,7,0,33.7,1308.1850822293673,1
2023-07-08,11,0,5,7,1,37.7,1145.4596530738088,1
2023-07-08,10,2,5,7,0,39.1,484.93243858288656,0
2023-07-08,5,2,5,7,0,37.2,511.9746318643348,0
2023-07-08,2,1,5,7,0,32.4,720.7932987177335,0
2023-07-08,0,2,5,7,0,25.096873120865904,447.71612650539925,0
2023-07-09,7,1,6,7,0,30.9,778.2568409639832,0
2023-07-09,3,2,6,7,0,35.8,453.23462050607054,0
2023-07-09,11,0,6,7,0,32.6,1137.04108760047,1
2023-07-09,1,0,6,7,1,38.6,1166.631218369926,1
2023-07-09,0,2,6,7,0,30.5,423.3328140271889,0
2023-07-09,6,0,6,7,0,36.9,1309.6041697507692,1
2023-07-09,8,2,6,7,0,30.6,509.85760211732486,0
2023-07-09,2,1,6,7,0,34.8,919.583941200092,0
2023-07-09,10,2,6,7,0,25.096873120865904,390.20936220007565,0
2023-07-09,4,1,6,7,0,32.5,839.6496533298894,0
2023-07-09,5,2,6,7,0,32.4,541.1948186907011,0
2023-07-10,6,0,0,7,0,25.096873120865904,935.377456040956,1
2023-07-10,1,0,0,7,0,33.6,1021.7029949107126,0
2023-07-10,0,2,0,7,0,39.8,301.0920738831291,0
2023-07-10,2,1,0,7,0,25.096873120865904,595.4165926990092,0
2023-07-10,3,2,0,7,0,35.7,414.483293759926,0
2023-07-10,4,1,0,7,0,30.3,636.4824854246323,0
2023-07-10,10,2,0,7,1,34.2,356.8684821154425,0
2023-07-10,7,1,0,7,0,38.1,634.434185269066,0
2023-07-10,11,0,0,7,0,34.9,1022.9747735893635,1
2023-07-10,9,1,0,7,1,32.8,616.9616482837463,1
2023-07-10,8,2,0,7,0,41.5,455.5699965221715,0
2023-07-11,6,0,1,7,0,34.3,844.3476439066237,1
2023-07-11,9,1,1,7,0,39.3,622.06686398674,0
2023-07-11,10,2,1,7,0,39.1,246.2294273640298,0
2023-07-11,5,2,1,7,0,38.2,422.28774854023897,0
2023-07-11,7,1,1,7,1,33.3,607.7864181086551,0
2023-07-11,8,2,1,7,0,34.1,398.805004975577,0
2023-07-11,0,2,1,7,0,34.3,294.9234621133706,0
2023-07-11,11,0,1,7,0,36.3,1075.0580684018312,1
2023-07-11,4,1,1,7,0,31.4,676.4984573636818,0
2023-07-11,3,2,1,7,0,35.6,399.1637380869996,0
2023-07-11,1,0,1,7,0,33.7,1083.3729007165516,1
2023-07-11,2,1,1,7,0,32.9,513.2709766142242,0
2023-07-12,7,1,2,7,1,34.9,697.8337972000645,0
2023-07-12,5,2,2,7,0,32.0,371.82151310067997,0
2023-07-12,9,1,2,7,0,37.9,761.4825852704059,0
2023-07-12,1,0,2,7,0,33.8,1420.8606322997744,1
2023-07-12,3,2,2,7,0,35.9,384.74950283979587,0
2023-07-12,10,2,2,7,0,32.7,284.72487288518374,0
2023-07-12,6,0,2,7,0,25.096873120865904,788.0832384728528,1
2023-07-13,11,0,3,7,1,37.1,986.7260679780455,1
2023-07-13,5,2,3,7,0,36.7,360.6146193228009,0
2023-07-13,2,1,3,7,0,34.7,795.4470732292546,0
2023-07-13,0,2,3,7,0,33.7,322.3640775437503,0
2023-07-13,7,1,3,7,0,35.3,818.4743724322861,0
2023-07-13,4,1,3,7,0,33.0,598.5770350921422,0
2023-07-13,1,0,3,7,0,32.5,1067.1614235512438,1
2023-07-13,10,2,3,7,0,40.6,319.3133149195739,0
2023-07-13,6,0,3,7,0,39.8,806.7926865039611,1
2023-07-13,8,2,3,7,1,34.4,408.0457891009308,0
2023-07-13,3,2,3,7,0,32.0,353.5871949347765,0
2023-07-14,2,1,4,7,1,37.7,677.6132162748675,0
2023-07-14,11,0,4,7,1,40.3,1379.9569419080733,1
2023-07-14,5,2,4,7,0,33.5,350.966246033356,0
2023-07-14,10,2,4,7,0,32.2,308.4021517776344,0
2023-07-14,3,2,4,7,1,39.5,402.5776517532138,0
2023-07-14,7,1,4,7,1,39.5,622.6435443549067,0
2023-07-14,9,1,4,7,0,38.5,575.889544821708,0
2023-07-14,6,0,4,7,0,30.4,869.2937922898954,1
2023-07-14,8,2,4,7,0,37.0,346.4407286293737,0
2023-07-14,1,0,4,7,0,29.8,958.3993860247473,1
2023-07-14,4,1,4,7,0,39.9,557.2782833200055,0
2023-07-15,11,0,5,7,0,33.5,1564.2119712269005,1
2023-07-15,3,2,5,7,0,32.8,488.56602977284575,0
2023-07-15,1,0,5,7,0,32.5,1018.9775870214253,1
2023-07-15,7,1,5,7,0,36.5,875.618701568404,0
2023-07-15,10,2,5,7,0,33.6,456.2704060099865,0
2023-07-15,9,1,5,7,0,31.3,750.1727962749836,0
2023-07-15,2,1,5,7,0,30.8,802.7919100403731,0
2023-07-15,4,1,5,7,0,34.7,674.6925549275654,1
2023-07-15,5,2,5,7,0,35.2,441.2403309005084,0
2023-07-16,1,0,6,7,0,34.0,1271.096793626946,1
2023-07-16,3,2,6,7,0,30.6,508.83246835919135,0
2023-07-16,5,2,6,7,1,35.8,487.1097829820407,0
2023-07-16,2,1,6,7,0,40.5,768.9237483683866,0
2023-07-16,0,2,6,7,0,37.1,348.7868875444518,0
2023-07-16,4,1,6,7,0,31.5,642.4956532007766,1
2023-07-16,6,0,6,7,1,39.9,1091.0135168261424,1
2023-07-16,10,2,6,7,0,34.0,368.7492474886973,0
2023-07-17,5,2,0,7,0,34.2,562.3202620988529,0
2023-07-17,11,0,0,7,0,34.5,1023.7943557450913,1
2023-07-17,2,1,0,7,0,34.8,669.1709151940806,0
2023-07-17,8,2,0,7,0,28.1,364.3517440888621,0
2023-07-17,0,2,0,7,0,29.8,289.2287727070383,0
2023-07-17,10,2,0,7,0,35.8,372.60568687099345,0
2023-07-17,7,1,0,7,0,33.0,607.0707888838087,0
2023-07-17,3,2,0,7,0,33.5,372.72950339724116,0
2023-07-17,4,1,0,7,0,33.7,597.4173420670246,0
2023-07-18,2,1,1,7,0,40.4,629.173504167843,0
2023-07-18,0,2,1,7,0,35.5,317.6966391128125,0
2023-07-18,5,2,1,7,1,36.3,417.2459763820394,0
2023-07-18,11,0,1,7,0,34.5,1092.622699544501,1
2023-07-18,6,0,1,7,0,32.3,922.5256538208596,1
2023-07-18,10,2,1,7,0,38.3,336.4334577635631,0
2023-07-18,4,1,1,7,0,35.8,622.538501329185,0
2023-07-18,1,0,1,7,0,36.1,953.7715048640695,0
2023-07-18,8,2,1,7,0,38.4,347.3069863632255,0
2023-07-18,9,1,1,7,0,25.096873120865904,675.5770157447666,0
2023-07-18,7,1,1,7,0,35.1,787.3413481012954,0
2023-07-18,3,2,1,7,0,34.9,357.68195849749003,0
2023-07-19,9,1,2,7,0,35.2,735.2127243015505,0
2023-07-19,7,1,2,7,0,32.5,745.0137920956265,0
2023-07-19,0,2,2,7,0,33.4,278.49582936109414,0
2023-07-19,5,2,2,7,0,31.5,388.9745241763193,0
2023-07-19,10,2,2,7,0,38.6,297.9749367323467,0
2023-07-19,11,0,2,7,0,38.2,1046.3753939011679,1
2023-07-19,2,1,2,7,0,31.2,633.1779785852005,0
2023-07-20,4,1,3,7,0,35.6,582.5036502434455,0
2023-07-20,6,0,3,7,1,29.9,901.3420524141602,1
2023-07-20,5,2,3,7,1,31.0,467.5578173302304,0
2023-07-20,8,2,3,7,0,34.8,485.60083189848064,0
2023-07-20,9,1,3,7,0,31.9,707.9861587423743,0
2023-07-20,11,0,3,7,0,38.0,1397.6007264016944,1
2023-07-20,7,1,3,7,0,34.3,591.6067274200827,0
2023-07-20,0,2,3,7,0,29.3,280.8669525854692,0
2023-07-20,2,1,3,7,0,36.8,566.5867029134189,0
2023-07-20,3,2,3,7,0,32.3,404.6797683510102,0
2023-07-21,4,1,4,7,0,36.1,642.7595633986122,0
2023-07-21,6,0,4,7,0,31.9,984.404936252781,1
2023-07-21,2,1,4,7,0,34.0,799.014413749509,0
2023-07-21,7,1,4,7,0,34.2,713.948639728088,0
2023-07-21,5,2,4,7,1,36.0,466.37546912295466,0
2023-07-21,8,2,4,7,0,27.8,319.66056175148594,0
2023-07-21,9,1,4,7,0,39.6,710.6298648605905,0
2023-07-21,1,0,4,7,0,34.9,855.834359695363,1
2023-07-21,11,0,4,7,0,34.6,1184.677404289385,1
2023-07-21,10,2,4,7,0,38.1,319.0785706833527,0
2023-07-21,0,2,4,7,0,35.6,267.42381406913665,0
2023-07-21,3,2,4,7,0,40.5,495.2884938564602,0
2023-07-22,3,2,5,7,0,34.7,459.4846155907217,0
2023-07-22,8,2,5,7,0,32.5,490.36695058629374,0
2023-07-22,5,2,5,7,0,31.6,547.2623972005312,0
2023-07-22,9,1,5,7,0,33.2,811.9066823046772,1
2023-07-22,1,0,5,7,0,33.0,868.2475294430376,1
2023-07-22,4,1,5,7,0,33.5,903.5730358659019,0
2023-07-22,10,2,5,7,0,31.0,426.8946749933277,0
2023-07-22,7,1,5,7,0,36.0,648.9246502533193,0
2023-07-22,0,2,5,7,1,35.0,422.3150883618516,0
2023-07-23,9,1,6,7,1,30.8,800.5635452716492,1
2023-07-23,10,2,6,7,0,33.1,389.4256965785499,0
2023-07-23,5,2,6,7,0,33.2,659.1194978942168,0
2023-07-23,7,1,6,7,0,37.0,651.7149067667126,0
2023-07-23,11,0,6,7,0,37.0,1424.5660893652855,1
2023-07-23,1,0,6,7,0,33.4,1012.1201528619214,1
2023-07-23,4,1,6,7,0,35.0,873.3327087779523,0
2023-07-23,8,2,6,7,0,34.3,555.3604323697027,0
2023-07-23,3,2,6,7,0,37.8,455.8092049534791,0
2023-07-24,5,2,0,7,0,36.8,410.00024853802796,0
2023-07-24,9,1,0,7,0,37.1,618.7184931103668,0
2023-07-24,8,2,0,7,0,36.1,380.2929679330833,0
2023-07-24,3,2,0,7,0,35.8,318.29587207423367,0
2023-07-24,0,2,0,7,0,37.5,289.1354644504364,0
2023-07-24,1,0,0,7,1,36.9,822.7077593839878,1
2023-07-24,6,0,0,7,0,31.4,966.1428000435664,0
2023-07-24,7,1,0,7,1,34.3,513.2560161837933,0
2023-07-25,5,2,1,7,0,35.0,468.0333016692763,0
2023-07-25,3,2,1,7,0,36.2,319.2807126919854,0
2023-07-25,1,0,1,7,0,30.4,805.5530458574835,0
2023-07-25,11,0,1,7,0,35.1,1028.699395577284,1
2023-07-25,0,2,1,7,0,36.0,327.33546704223596,0
2023-07-25,7,1,1,7,1,41.3,564.7520726523925,0
2023-07-25,10,2,1,7,0,36.0,364.0248743780883,0
2023-07-25,8,2,1,7,1,38.5,380.90558772160676,0
2023-07-25,4,1,1,7,0,34.7,708.6862755247673,0
2023-07-25,6,0,1,7,0,33.5,943.4896835654866,1
2023-07-25,2,1,1,7,0,32.1,623.3410951700087,0
2023-07-25,9,1,1,7,0,36.9,610.4382839132543,0
2023-07-26,8,2,2,7,1,33.4,508.2546530993669,0
2023-07-26,1,0,2,7,0,33.2,848.4793511855079,1
2023-07-26,7,1,2,7,0,35.6,657.3628409559656,0
2023-07-26,6,0,2,7,0,30.8,951.5384068837269,1
2023-07-26,5,2,2,7,0,37.9,335.9355161876755,0
2023-07-26,2,1,2,7,1,39.7,531.3883557823822,0
2023-07-26,10,2,2,7,1,25.096873120865904,382.7205696642635,0
2023-07-26,3,2,2,7,0,30.5,342.4000828431348,0
2023-07-26,9,1,2,7,0,37.7,656.5898136654063,0
2023-07-26,4,1,2,7,0,33.5,699.0651576142267,0
2023-07-26,11,0,2,7,0,35.8,1219.5616441781697,1
2023-07-26,0,2,2,7,1,37.8,341.4558099586452,0
2023-07-27,8,2,3,7,0,35.5,398.54401772932874,0
2023-07-27,1,0,3,7,0,33.5,885.8287271127957,1
2023-07-27,5,2,3,7,0,34.4,436.04029187889824,0
2023-07-27,10,2,3,7,0,39.4,388.66265211855165,0
2023-07-27,4,1,3,7,0,31.1,679.6796615760842,0
2023-07-27,11,0,3,7,0,30.2,1175.8355715617367,1
2023-07-27,6,0,3,7,0,37.0,1134.7284706442824,1
2023-07-27,2,1,3,7,0,30.3,510.8011476058539,0
2023-07-28,0,2,4,7,0,39.0,315.1782725537091,0
2023-07-28,3,2,4,7,0,37.1,294.94568178430035,0
2023-07-28,9,1,4,7,0,25.096873120865904,682.9468029865824,0
2023-07-28,8,2,4,7,1,34.6,360.7935699159915,0
2023-07-28,6,0,4,7,0,32.3,888.3627102461191,1
2023-07-28,10,2,4,7,0,25.096873120865904,343.7031154666118,0
2023-07-28,5,2,4,7,0,32.6,465.2429300883947,0
2023-07-28,7,1,4,7,0,34.5,597.6499901611097,0
2023-07-28,11,0,4,7,0,25.096873120865904,988.5516409780669,1
2023-07-28,1,0,4,7,0,30.0,994.0080631401835,0
2023-07-28,2,1,4,7,0,39.9,590.1348206919489,0
2023-07-28,4,1,4,7,0,38.2,582.6858598078423,0
2023-07-29,2,1,5,7,0,27.1,944.3043320890629,0
2023-07-29,5,2,5,7,0,36.4,477.30557693534524,0
2023-07-29,1,0,5,7,0,37.2,1227.4578692375378,1
2023-07-29,6,0,5,7,0,39.7,1043.459568434381,1
2023-07-29,10,2,5,7,0,32.2,405.17287636208516,0
2023-07-29,3,2,5,7,0,39.3,318.7597933302852,0
2023-07-29,11,0,5,7,1,42.3,1100.0254957901923,1
2023-07-30,8,2,6,7,0,29.8,458.98713830571296,0
2023-07-30,6,0,6,7,0,34.2,1073.0747175772804,1
2023-07-30,0,2,6,7,0,36.4,370.304001519168,0
2023-07-30,4,1,6,7,0,33.7,704.4850845325982,0
2023-07-30,10,2,6,7,1,38.5,415.7587826491055,0
2023-07-30,5,2,6,7,0,36.4,505.3436623442041,0
2023-07-30,9,1,6,7,0,36.5,904.2278048194396,0
2023-07-30,1,0,6,7,0,37.3,1098.38513281676,1
2023-07-30,7,1,6,7,0,33.6,739.2981896817879,0
2023-07-31,6,0,0,7,1,36.6,750.1067631332054,1
2023-07-31,0,2,0,7,0,28.6,348.80182572000234,0
2023-07-31,3,2,0,7,0,36.4,312.25942283617644,0
2023-07-31,1,0,0,7,0,31.9,1038.2255456504338,1
2023-07-31,10,2,0,7,0,35.7,298.2435965720531,0
2023-07-31,7,1,0,7,0,31.8,731.3878793301843,0
2023-07-31,11,0,0,7,1,32.9,952.7371642741773,1
2023-07-31,5,2,0,7,0,30.7,461.8305681889379,0
2023-07-31,9,1,0,7,0,29.0,518.2706437077719,0
2023-08-01,2,1,1,8,0,33.3,579.9879453962654,0
2023-08-01,0,2,1,8,0,32.7,320.13550535192667,0
2023-08-01,1,0,1,8,0,32.0,810.4612039130482,1
2023-08-01,10,2,1,8,0,37.0,267.7968010785493,0
2023-08-01,9,1,1,8,1,25.096873120865904,494.4988431956254,0
2023-08-01,11,0,1,8,0,30.4,951.4950869452642,1
2023-08-01,6,0,1,8,0,37.6,894.1700495731047,1
2023-08-01,5,2,1,8,0,37.2,394.7839936736147,0
2023-08-01,7,1,1,8,0,36.4,641.9020908244207,0
2023-08-02,11,0,2,8,0,30.8,991.6231913292663,1
2023-08-02,8,2,2,8,0,28.5,482.07162360211333,0
2023-08-02,9,1,2,8,0,38.0,557.78577203588,0
2023-08-02,5,2,2,8,0,35.7,363.6111005428881,0
2023-08-02,4,1,2,8,0,39.3,653.7502716746623,0
2023-08-02,6,0,2,8,0,35.1,961.7388202854784,1
2023-08-02,10,2,2,8,0,31.9,326.4034371112012,0
2023-08-02,0,2,2,8,0,34.3,402.11614560452796,0
2023-08-03,3,2,3,8,0,31.7,313.64210542357887,0
2023-08-03,10,2,3,8,0,31.9,276.5187689585547,0
2023-08-03,2,1,3,8,1,37.6,573.646171897505,0
2023-08-03,4,1,3,8,1,34.0,565.2322691599425,0
2023-08-03,11,0,3,8,0,30.9,989.1613234786178,1
2023-08-03,0,2,3,8,1,31.3,327.0986543614249,0
2023-08-03,7,1,3,8,0,33.7,601.8300349074786,0
2023-08-03,8,2,3,8,0,27.6,343.40833484788186,0
2023-08-03,9,1,3,8,0,35.3,540.5418005896282,0
2023-08-03,5,2,3,8,0,29.9,399.6726440402073,0
2023-08-03,1,0,3,8,0,30.3,983.5824219231149,1
2023-08-04,3,2,4,8,0,35.9,348.7163910145859,0
2023-08-04,0,2,4,8,0,34.1,327.3980132717946,0
2023-08-04,10,2,4,8,0,33.0,239.94755212299896,0
2023-08-04,8,2,4,8,0,34.8,370.8223428830873,0
2023-08-04,1,0,4,8,0,31.3,843.1892845817913,1
2023-08-04,4,1,4,8,0,32.3,570.4298079089497,0
2023-08-04,11,0,4,8,0,35.1,1000.8958595256747,1
2023-08-04,6,0,4,8,0,29.6,1004.0254108967796,1
2023-08-04,9,1,4,8,0,31.7,614.9777372013642,0
2023-08-04,5,2,4,8,0,34.0,422.2559266225263,0
2023-08-05,11,0,5,8,0,33.1,1550.4858143880335,1
2023-08-05,4,1,5,8,0,25.096873120865904,670.8094144642895,0
2023-08-05,0,2,5,8,0,34.4,363.15056908444717,0
2023-08-05,7,1,5,8,0,31.7,700.35419341097,0
2023-08-05,9,1,5,8,0,34.4,653.0906328832292,0
2023-08-05,6,0,5,8,0,34.8,1220.7791813487968,1
2023-08-05,8,2,5,8,1,39.6,389.8838530094573,0
2023-08-05,1,0,5,8,0,29.6,1035.4867148161743,1
2023-08-05,3,2,5,8,0,36.9,383.7472881737764,0
2023-08-06,9,1,6,8,0,34.4,704.367272009187,1
2023-08-06,3,2,6,8,0,38.3,455.62939400533463,0
2023-08-06,7,1,6,8,0,29.8,690.5982708607747,0
2023-08-06,2,1,6,8,0,34.1,700.2364543481924,0
2023-08-06,1,0,6,8,0,32.3,1101.5372340892604,1
2023-08-06,8,2,6,8,0,25.096873120865904,406.44298962701475,0
2023-08-06,5,2,6,8,0,30.5,515.9944540586952,0
2023-08-06,10,2,6,8,0,31.2,452.2351259522973,0
2023-08-06,6,0,6,8,0,29.0,1244.3793880030732,1
2023-08-06,4,1,6,8,0,34.9,713.1336827844125,0
2023-08-07,2,1,0,8,0,32.8,663.870159913316,0
2023-08-07,10,2,0,8,0,30.9,301.69893529957307,0
2023-08-07,11,0,0,8,0,33.9,1096.470820391405,1
2023-08-07,3,2,0,8,0,35.0,316.43343929921525,0
2023-08-07,6,0,0,8,0,32.6,1367.7676988042354,1
2023-08-07,9,1,0,8,0,34.5,547.5056269537282,0
2023-08-07,1,0,0,8,0,33.5,1034.9925768728415,1
2023-08-07,0,2,0,8,1,25.096873120865904,257.41036626722376,0
2023-08-07,4,1,0,8,0,30.4,609.6129005906445,0
2023-08-08,9,1,1,8,0,34.0,719.7613758885382,0
2023-08-08,4,1,1,8,0,30.6,632.0687142154172,0
2023-08-08,8,2,1,8,0,35.8,330.115270384372,0
2023-08-08,5,2,1,8,0,34.6,331.48643955456197,0
2023-08-08,1,0,1,8,1,35.3,1051.4273522333601,1
2023-08-08,3,2,1,8,0,27.1,302.59845906460873,0
2023-08-08,7,1,1,8,0,35.7,471.3045397120816,0
2023-08-08,10,2,1,8,1,34.9,305.05448406257403,0
2023-08-08,11,0,1,8,0,32.0,1014.8173451587447,0
2023-08-08,0,2,1,8,1,36.4,273.0071214372017,0
2023-08-08,2,1,1,8,0,39.9,516.6009775052504,0
2023-08-09,10,2,2,8,1,35.0,305.00973515955496,0
2023-08-09,8,2,2,8,0,35.9,363.0409279681925,0
2023-08-09,3,2,2,8,0,41.3,280.6944020289467,0
2023-08-09,9,1,2,8,0,33.2,607.5573329590528,0
2023-08-09,4,1,2,8,0,33.9,596.1928673880024,0
2023-08-09,1,0,2,8,1,31.9,1016.9032752757239,1
2023-08-09,5,2,2,8,0,36.6,358.2479835341642,0
2023-08-09,6,0,2,8,1,33.7,963.6343423949413,1
2023-08-09,2,1,2,8,1,35.2,527.5749697706684,0
2023-08-09,0,2,2,8,0,34.0,319.66490081596163,0
2023-08-10,11,0,3,8,0,35.0,965.7952901801548,1
2023-08-10,3,2,3,8,0,35.3,281.6746388479503,0
2023-08-10,4,1,3,8,0,32.3,722.5517317292381,0
2023-08-10,6,0,3,8,0,34.9,949.9809559984527,1
2023-08-10,10,2,3,8,0,32.8,322.4016060385153,0
2023-08-10,5,2,3,8,0,32.7,355.93390268219474,0
2023-08-10,2,1,3,8,0,35.3,693.244463027426,0
2023-08-10,9,1,3,8,0,29.5,665.1067195146917,0
2023-08-11,1,0,4,8,0,29.7,876.0599232421926,1
2023-08-11,9,1,4,8,0,35.2,663.3281334334713,0
2023-08-11,0,2,4,8,0,31.8,275.7855510904959,0
2023-08-11,6,0,4,8,0,31.1,997.1402098143546,1
2023-08-11,8,2,4,8,1,29.3,321.8247814146359,0
2023-08-11,5,2,4,8,0,25.096873120865904,338.64223168177153,0
2023-08-11,11,0,4,8,0,26.3,950.9407476145572,1
2023-08-11,4,1,4,8,0,32.7,616.0970427788101,0
2023-08-11,3,2,4,8,0,33.0,282.5330290268085,0
2023-08-11,10,2,4,8,0,30.7,286.29403858071987,0
2023-08-11,2,1,4,8,1,28.6,614.2549446282051,0
2023-08-11,7,1,4,8,0,33.2,497.4055470281574,0
2023-08-12,11,0,5,8,0,35.0,1094.1278728798322,1
2023-08-12,2,1,5,8,0,38.9,616.3907931199226,0
2023-08-12,1,0,5,8,0,34.7,894.1460880697259,1
2023-08-12,4,1,5,8,0,30.5,752.1761012754804,0
2023-08-12,8,2,5,8,0,35.7,542.447921177986,0
2023-08-12,3,2,5,8,0,33.5,350.87946185335267,0
2023-08-12,5,2,5,8,0,26.7,557.815153366027,0
2023-08-12,0,2,5,8,0,30.4,311.452904610172,0
2023-08-12,10,2,5,8,0,35.3,346.47080888834535,0
2023-08-12,6,0,5,8,0,37.6,1152.8940209659356,1
2023-08-12,9,1,5,8,0,33.8,798.0281079405206,0
2023-08-12,7,1,5,8,0,37.6,626.7692473620467,0
2023-08-13,5,2,6,8,0,31.1,417.04094533854766,0
2023-08-13,6,0,6,8,0,33.0,1069.6648128457746,1
2023-08-13,1,0,6,8,0,35.3,1040.3691638571872,1
2023-08-13,3,2,6,8,1,30.2,379.22194514737805,0
2023-08-13,4,1,6,8,0,31.1,730.2355637743129,0
2023-08-13,7,1,6,8,0,31.5,634.0705952821608,1
2023-08-13,9,1,6,8,0,30.9,845.828940096518,0
2023-08-13,8,2,6,8,0,35.7,480.39237895261385,0
2023-08-13,2,1,6,8,0,31.5,597.830825951727,0
2023-08-13,10,2,6,8,0,29.3,358.1479090842827,0
2023-08-13,11,0,6,8,0,38.6,1119.0880530299833,1
2023-08-14,5,2,0,8,0,35.6,295.6638387537683,0
2023-08-14,10,2,0,8,0,31.7,311.56973561356347,0
2023-08-14,3,2,0,8,0,37.6,290.7902688665112,0
2023-08-14,4,1,0,8,0,25.096873120865904,625.9890376895564,0
2023-08-14,0,2,0,8,0,35.6,353.62685965276995,0
2023-08-14,1,0,0,8,1,32.7,968.8077098551273,1
2023-08-14,11,0,0,8,1,33.9,866.6873786030386,1
2023-08-14,9,1,0,8,0,30.0,607.1646285241461,0
2023-08-14,8,2,0,8,1,29.3,532.2330261649452,0
2023-08-14,6,0,0,8,1,30.8,874.6929570485869,1
2023-08-15,11,0,1,8,0,42.5,794.1036667317022,0
2023-08-15,8,2,1,8,0,32.6,404.84619328445905,0
2023-08-15,7,1,1,8,0,31.8,573.323846735884,0
2023-08-15,4,1,1,8,0,33.1,562.611488798911,0
2023-08-15,1,0,1,8,0,32.5,1192.6732229573017,1
2023-08-15,3,2,1,8,1,34.2,303.7426993500151,0
2023-08-15,0,2,1,8,0,38.1,400.4660147267791,0
2023-08-15,5,2,1,8,0,33.9,303.6131696237393,0
2023-08-15,2,1,1,8,0,32.8,550.6939201137299,0
2023-08-15,10,2,1,8,0,32.2,425.51742816197327,0
2023-08-15,6,0,1,8,0,29.3,957.8662622530502,1
2023-08-15,9,1,1,8,0,31.0,565.4282553376701,0
2023-08-16,6,0,2,8,0,32.2,1157.8376590159382,1
2023-08-16,3,2,2,8,0,34.7,327.99499177981994,0
2023-08-16,9,1,2,8,0,36.9,510.9077186874584,0
2023-08-16,7,1,2,8,1,30.3,559.823896225407,1
2023-08-16,0,2,2,8,1,35.9,284.94935307399925,0
2023-08-16,4,1,2,8,0,25.096873120865904,461.4142974043164,0
2023-08-16,10,2,2,8,0,33.0,406.7389383735106,0
2023-08-16,11,0,2,8,0,32.8,810.0629100510821,1
2023-08-16,2,1,2,8,0,35.2,686.5187274943848,0
2023-08-17,4,1,3,8,0,33.9,432.63639505480364,0
2023-08-17,3,2,3,8,0,33.7,343.98527055130927,0
2023-08-17,7,1,3,8,0,35.3,715.3904724181402,0
2023-08-17,8,2,3,8,0,37.9,364.7903803963196,0
2023-08-17,6,0,3,8,0,31.2,961.3305020806089,1
2023-08-17,1,0,3,8,1,38.6,1235.37624439351,1
2023-08-17,5,2,3,8,0,37.7,320.97605363872685,0
2023-08-17,11,0,3,8,0,33.0,866.5893433672106,1
2023-08-17,2,1,3,8,1,34.8,487.17444694278487,0
2023-08-17,9,1,3,8,0,35.0,461.594775218046,0
2023-08-18,8,2,4,8,1,35.1,455.81397018656946,0
2023-08-18,1,0,4,8,1,32.4,1006.0234364403868,1
2023-08-18,3,2,4,8,0,33.3,321.6223396898033,0
2023-08-18,11,0,4,8,0,37.3,871.1833795383354,1
2023-08-18,9,1,4,8,0,29.5,464.5676064552492,0
2023-08-18,4,1,4,8,1,30.0,444.6082586807823,0
2023-08-18,10,2,4,8,0,31.4,310.81510858220645,0
2023-08-18,6,0,4,8,0,35.6,919.8316298419267,1
2023-08-18,2,1,4,8,0,32.6,633.2217826787507,0
2023-08-18,0,2,4,8,0,33.0,263.23629726957836,0
2023-08-18,7,1,4,8,0,32.6,582.0202493577948,0
2023-08-19,9,1,5,8,0,32.4,571.6450051827709,0
2023-08-19,10,2,5,8,0,35.8,343.46816855476357,0
2023-08-19,8,2,5,8,0,31.2,471.5360294265926,0
2023-08-19,3,2,5,8,0,30.7,403.9204216303995,0
2023-08-19,1,0,5,8,0,32.7,1263.3316892571518,1
2023-08-19,4,1,5,8,0,29.0,555.3098479728267,0
2023-08-19,5,2,5,8,0,31.5,381.23421650945414,0
2023-08-19,2,1,5,8,0,37.0,583.9251122259267,0
2023-08-19,0,2,5,8,0,30.6,338.6308748879295,0
2023-08-19,11,0,5,8,0,33.1,1086.1547912110905,1
2023-08-19,7,1,5,8,0,29.1,754.5977016553918,0
2023-08-19,6,0,5,8,0,33.0,1259.7404397348532,1
2023-08-20,8,2,6,8,1,32.9,458.22931895095616,0
2023-08-20,3,2,6,8,0,38.0,513.1801728156565,0
2023-08-20,6,0,6,8,0,39.2,1102.3096347801375,1
2023-08-20,1,0,6,8,0,29.7,1293.9903190961709,1
2023-08-20,5,2,6,8,0,25.096873120865904,424.41900623542944,0
2023-08-20,11,0,6,8,0,25.096873120865904,1056.3546485572624,1
2023-08-20,10,2,6,8,1,32.2,346.78440049633747,0
2023-08-20,9,1,6,8,0,29.4,611.3797361777033,0
2023-08-20,7,1,6,8,1,29.9,884.01996753359,0
2023-08-20,4,1,6,8,0,36.1,535.235891579461,0
2023-08-20,2,1,6,8,0,31.0,624.031219898323,0
2023-08-21,11,0,0,8,0,33.2,1040.974517430379,1
2023-08-21,6,0,0,8,0,34.6,1097.854263811214,1
2023-08-21,7,1,0,8,1,32.8,642.3246169692798,0
2023-08-21,9,1,0,8,0,30.6,535.3419580211145,0
2023-08-21,0,2,0,8,0,23.6,349.5877805810553,0
2023-08-21,8,2,0,8,0,36.2,451.59348176854314,0
2023-08-21,5,2,0,8,0,35.3,361.582223749025,0
2023-08-21,2,1,0,8,1,30.9,506.0370728157928,0
2023-08-21,10,2,0,8,0,31.9,326.7231840455555,0
2023-08-22,10,2,1,8,0,26.1,317.48274501145795,0
2023-08-22,11,0,1,8,1,33.3,841.8700055393197,1
2023-08-22,1,0,1,8,0,30.6,979.2781161329451,0
2023-08-22,8,2,1,8,0,28.7,405.9372524672534,0
2023-08-22,3,2,1,8,0,28.8,428.7718548986176,0
2023-08-22,7,1,1,8,0,31.8,678.2606300503369,0
2023-08-22,2,1,1,8,0,36.0,514.1281134044962,0
2023-08-22,5,2,1,8,0,30.4,366.6013418789824,0
2023-08-22,6,0,1,8,0,37.0,921.8988153811557,1
2023-08-22,9,1,1,8,0,33.5,550.7225949085109,0
2023-08-22,4,1,1,8,0,34.3,508.5501909166532,0
2023-08-23,7,1,2,8,0,33.0,953.9437604520917,0
2023-08-23,6,0,2,8,0,33.3,928.1369967601028,1
2023-08-23,8,2,2,8,0,35.9,369.3987134431624,0
2023-08-23,1,0,2,8,0,30.4,870.4051662373347,1
2023-08-23,4,1,2,8,0,26.0,531.0222443860893,0
2023-08-23,5,2,2,8,0,30.5,404.05757113467496,0
2023-08-23,9,1,2,8,0,34.1,490.5256351760777,0
2023-08-23,10,2,2,8,0,31.5,287.6008193875892,0
2023-08-23,0,2,2,8,0,30.0,490.2023517317173,0
2023-08-23,3,2,2,8,0,27.0,358.4733281771825,0
2023-08-24,2,1,3,8,1,32.5,678.3935848783002,0
2023-08-24,10,2,3,8,0,30.5,366.54703334543007,0
2023-08-24,6,0,3,8,1,37.0,991.4579417790796,1
2023-08-24,7,1,3,8,0,27.3,745.7366033697485,0
2023-08-24,0,2,3,8,0,32.7,323.9891750932264,0
2023-08-24,11,0,3,8,1,31.2,1010.3487746899453,1
2023-08-24,8,2,3,8,0,25.096873120865904,387.1532776862852,0
2023-08-24,1,0,3,8,0,39.6,1129.6146377162752,1
2023-08-24,9,1,3,8,0,34.3,446.76561657276767,0
2023-08-25,11,0,4,8,0,31.0,1055.3043399918008,1
2023-08-25,6,0,4,8,0,32.9,1028.1013156168651,1
2023-08-25,1,0,4,8,0,28.4,1127.409194210332,1
2023-08-25,7,1,4,8,0,28.9,662.7899851634376,0
2023-08-25,8,2,4,8,0,27.7,416.0210495110501,0
2023-08-25,9,1,4,8,0,27.9,434.6770754078373,0
2023-08-25,2,1,4,8,0,31.7,492.03015389283837,0
2023-08-26,6,0,5,8,0,30.8,1263.791443386458,1
2023-08-26,5,2,5,8,1,34.6,477.97168658564095,0
2023-08-26,8,2,5,8,0,33.1,451.6416487631252,0
2023-08-26,4,1,5,8,0,31.0,766.2698232656022,0
2023-08-26,1,0,5,8,0,33.2,1126.7183664178963,1
2023-08-26,2,1,5,8,0,32.4,629.8088179328154,0
2023-08-26,10,2,5,8,0,30.6,308.54177417876014,0
2023-08-26,11,0,5,8,0,33.4,1051.7421800769375,1
2023-08-26,7,1,5,8,1,34.6,727.5556426635968,1
2023-08-27,8,2,6,8,0,34.6,565.1356245661902,0
2023-08-27,1,0,6,8,0,32.4,1163.807353494894,1
2023-08-27,6,0,6,8,0,29.0,1170.0642024631602,1
2023-08-27,4,1,6,8,0,31.6,748.4515413488061,0
2023-08-27,2,1,6,8,0,29.8,716.4371509580095,0
2023-08-27,0,2,6,8,0,34.6,439.7822049627669,0
2023-08-27,11,0,6,8,0,29.3,1048.7599765619964,1
2023-08-27,10,2,6,8,0,29.8,367.7677782818326,0
2023-08-27,5,2,6,8,1,32.8,423.7315011402166,0
2023-08-27,9,1,6,8,0,25.096873120865904,512.8032179740633,0
2023-08-27,3,2,6,8,0,33.1,434.731159630757,0
2023-08-28,2,1,0,8,0,28.5,710.0678042536535,0
2023-08-28,5,2,0,8,0,31.9,341.14689026391704,0
2023-08-28,3,2,0,8,0,31.6,385.987764043889,0
2023-08-28,11,0,0,8,0,32.7,936.0282331242641,1
2023-08-28,1,0,0,8,0,30.0,1069.1915467290526,0
2023-08-28,6,0,0,8,0,30.8,1055.5439689013442,1
2023-08-28,0,2,0,8,0,34.1,359.6481351572957,0
2023-08-28,4,1,0,8,1,33.8,554.0866677799588,0
2023-08-28,10,2,0,8,0,29.6,210.4749469449319,0
2023-08-28,9,1,0,8,0,31.6,499.8788354925457,0
2023-08-29,4,1,1,8,0,37.3,518.0725375792488,0
2023-08-29,10,2,1,8,0,31.7,238.801379010308,0
2023-08-29,5,2,1,8,0,30.4,301.4429607321992,0
2023-08-29,9,1,1,8,0,33.5,571.8127901916768,0
2023-08-29,1,0,1,8,0,35.6,813.9778815394296,0
2023-08-29,8,2,1,8,0,33.2,349.77760847631674,0
2023-08-29,2,1,1,8,0,33.8,587.8926889246158,0
2023-08-30,10,2,2,8,0,29.5,253.5200936360798,0
2023-08-30,11,0,2,8,0,30.8,925.334397541955,0
2023-08-30,9,1,2,8,0,34.9,556.835786213342,0
2023-08-30,4,1,2,8,0,31.1,480.34867094616226,0
2023-08-30,8,2,2,8,0,35.2,366.7284697818235,0
2023-08-30,2,1,2,8,0,29.2,683.8887614828209,0
2023-08-30,5,2,2,8,0,35.0,311.73417306935823,0
2023-08-30,7,1,2,8,0,24.5,736.6915438871083,0
2023-08-31,8,2,3,8,0,31.1,379.9270687579453,0
2023-08-31,5,2,3,8,0,35.3,322.5800352558106,0
2023-08-31,7,1,3,8,0,26.5,664.803651822237,0
2023-08-31,1,0,3,8,1,28.9,875.0278989112103,1
2023-08-31,0,2,3,8,0,36.8,290.45879206704177,0
2023-08-31,6,0,3,8,0,27.2,1395.8397209011407,1
2023-08-31,9,1,3,8,0,32.8,505.2569916916712,0
2023-08-31,10,2,3,8,0,30.2,297.82149316947346,0
2023-09-01,7,1,4,9,0,32.8,791.0285757246946,0
2023-09-01,2,1,4,9,0,29.0,540.966655839546,0
2023-09-01,3,2,4,9,0,31.4,289.35717364385624,0
2023-09-01,8,2,4,9,0,30.4,424.7556988841665,0
2023-09-01,6,0,4,9,0,30.3,1230.8410191310368,1
2023-09-01,0,2,4,9,0,36.7,328.4796005416271,0
2023-09-01,1,0,4,9,0,25.096873120865904,856.9360552589794,0
2023-09-01,4,1,4,9,0,31.3,471.12658014092557,0
2023-09-01,11,0,4,9,0,30.0,853.9698012034297,1
2023-09-02,4,1,5,9,1,31.2,570.0279095488967,0
2023-09-02,1,0,5,9,1,30.3,1090.5977308316865,1
2023-09-02,3,2,5,9,0,25.096873120865904,392.6898445254536,0
2023-09-02,5,2,5,9,1,31.8,527.0364239645357,0
2023-09-02,0,2,5,9,0,32.3,400.2188365459255,0
2023-09-02,10,2,5,9,1,37.8,425.0183276679416,0
2023-09-02,11,0,5,9,0,35.4,1039.2791936551766,1
2023-09-02,8,2,5,9,0,32.3,552.7619882865731,0
2023-09-02,7,1,5,9,1,28.5,1114.8473375073079,1
2023-09-02,2,1,5,9,0,28.3,644.2847327337334,0
2023-09-03,8,2,6,9,0,28.9,568.6970402284727,0
2023-09-03,4,1,6,9,0,25.096873120865904,554.2895186826062,0
2023-09-03,7,1,6,9,0,25.8,881.3783493846391,0
2023-09-03,2,1,6,9,1,32.0,639.395758217122,0
2023-09-03,10,2,6,9,0,29.0,415.2416758076391,0
2023-09-03,3,2,6,9,0,32.3,402.5729649320039,0
2023-09-03,6,0,6,9,0,32.5,1200.6341619179987,1
2023-09-03,9,1,6,9,0,33.5,683.6746258485537,0
2023-09-03,0,2,6,9,0,29.5,400.8409489525619,0
2023-09-03,1,0,6,9,0,28.9,955.4946230636037,1
2023-09-04,7,1,0,9,0,26.8,670.5353675237435,0
2023-09-04,1,0,0,9,0,33.3,808.1466167821121,1
2023-09-04,5,2,0,9,0,31.9,361.4283265535254,0
2023-09-04,6,0,0,9,0,30.6,921.245374417546,0
2023-09-04,2,1,0,9,0,35.0,497.66475392880506,0
2023-09-04,4,1,0,9,0,31.0,622.0108233870666,0
2023-09-04,3,2,0,9,0,31.8,316.20804744063577,0
2023-09-04,8,2,0,9,0,30.1,464.6178986751543,0
2023-09-04,0,2,0,9,0,37.0,296.1660730707002,0
2023-09-05,6,0,1,9,0,29.9,1136.4084747328209,0
2023-09-05,7,1,1,9,0,30.9,997.6411823871985,0
2023-09-05,1,0,1,9,0,30.0,821.1684877365572,1
2023-09-05,0,2,1,9,0,32.9,291.8641154817344,0
2023-09-05,4,1,1,9,0,29.7,503.76266280999124,0
2023-09-05,8,2,1,9,0,31.3,443.2845414861012,0
2023-09-05,2,1,1,9,0,28.0,471.2414051458066,0
2023-09-05,11,0,1,9,0,32.3,805.6072508510678,1
2023-09-05,5,2,1,9,0,33.6,416.3679233021084,0
2023-09-06,2,1,2,9,0,32.8,434.32616512934317,0
2023-09-06,3,2,2,9,0,28.5,324.1655459225629,0
2023-09-06,6,0,2,9,0,26.8,854.3283704245026,0
2023-09-06,5,2,2,9,0,27.0,340.81979373279665,0
2023-09-06,9,1,2,9,0,31.7,506.5054085745162,0
2023-09-06,10,2,2,9,0,30.2,285.6363776755895,0
2023-09-06,7,1,2,9,0,30.6,755.296112079,0
2023-09-06,8,2,2,9,0,25.096873120865904,425.62374354491755,0
2023-09-06,1,0,2,9,0,36.7,668.9362127218943,1
2023-09-06,11,0,2,9,0,28.0,804.3825349243897,1
2023-09-06,4,1,2,9,0,30.9,536.4662674288209,0
2023-09-06,0,2,2,9,0,26.2,267.62860771256175,0
2023-09-07,8,2,3,9,0,28.8,402.0663297565428,0
2023-09-07,1,0,3,9,0,25.096873120865904,920.7549281277577,1
2023-09-07,6,0,3,9,0,30.6,873.1379882996218,1
2023-09-07,10,2,3,9,1,29.3,240.65556458711237,0
2023-09-07,7,1,3,9,1,32.0,669.6041549581463,0
2023-09-07,9,1,3,9,0,23.1,517.3711242919696,0
2023-09-07,0,2,3,9,1,32.0,262.8930979274172,0
2023-09-07,3,2,3,9,1,25.096873120865904,340.40052308052884,0
2023-09-07,11,0,3,9,0,30.3,854.0569821134379,1
2023-09-07,4,1,3,9,0,28.8,543.6927172343403,0
2023-09-08,5,2,4,9,0,30.3,420.03894254388047,0
2023-09-08,7,1,4,9,0,22.3,689.2313605251813,0
2023-09-08,4,1,4,9,0,32.5,542.5973067994736,0
2023-09-08,9,1,4,9,0,35.2,463.20182934722567,0
2023-09-08,8,2,4,9,0,29.0,373.8590685280865,0
2023-09-08,10,2,4,9,0,28.5,250.97489199571413,0
2023-09-08,3,2,4,9,0,31.5,328.08273446366667,0
2023-09-08,6,0,4,9,0,29.8,875.5562970637982,0
2023-09-08,2,1,4,9,1,28.7,432.71709428066663,0
2023-09-08,0,2,4,9,0,31.4,287.12810720163156,0
2023-09-08,1,0,4,9,0,27.2,736.6068779328677,1
2023-09-09,7,1,5,9,0,31.1,1057.25895961204,0
2023-09-09,1,0,5,9,0,23.8,1293.599747790016,1
2023-09-09,8,2,5,9,0,32.7,465.1569514313145,0
2023-09-09,6,0,5,9,0,26.4,1006.8922276230752,1
2023-09-09,4,1,5,9,0,28.9,786.6358521525807,0
2023-09-09,2,1,5,9,1,30.1,549.9146072203013,0
2023-09-09,3,2,5,9,1,28.8,376.9432259077948,0
2023-09-09,9,1,5,9,0,25.8,618.2140586139186,0
2023-09-09,11,0,5,9,0,30.3,1177.8257352722617,1
2023-09-09,10,2,5,9,0,33.1,409.97217419735153,0
2023-09-10,2,1,6,9,0,30.7,732.9201735462146,0
2023-09-10,8,2,6,9,0,32.3,456.9406798011593,0
2023-09-10,0,2,6,9,0,26.9,358.96301023048335,0
2023-09-10,11,0,6,9,0,28.1,1098.3080644215,1
2023-09-10,4,1,6,9,0,28.3,602.6815739481315,0
2023-09-10,7,1,6,9,0,27.1,828.223804713269,0
2023-09-10,9,1,6,9,0,25.8,660.61573149191,0
2023-09-10,1,0,6,9,0,29.2,1027.231180974598,1
2023-09-10,10,2,6,9,1,25.096873120865904,350.9598685664958,0
2023-09-11,10,2,0,9,0,25.0,254.8334569976169,0
2023-09-11,6,0,0,9,0,27.7,769.3608581007252,0
2023-09-11,2,1,0,9,0,30.3,495.1946393534097,0
2023-09-11,8,2,0,9,0,25.6,418.2839376780075,0
2023-09-11,11,0,0,9,0,28.6,970.2772678990274,1
2023-09-11,3,2,0,9,0,34.3,279.0611930150275,0
2023-09-11,7,1,0,9,0,28.9,689.1500651612902,0
2023-09-11,5,2,0,9,0,28.2,354.2130029751155,0
2023-09-11,0,2,0,9,1,27.2,294.8459843596165,0
2023-09-11,1,0,0,9,0,25.096873120865904,882.8676238885287,1
2023-09-11,4,1,0,9,0,32.4,483.9736504325957,0
2023-09-12,7,1,1,9,0,24.9,742.6057191502595,0
2023-09-12,5,2,1,9,0,27.4,359.3967983696441,0
2023-09-12,6,0,1,9,0,30.5,752.0341283730343,0
2023-09-12,4,1,1,9,0,25.5,482.11040014159266,0
2023-09-12,2,1,1,9,0,31.1,526.5011231431104,0
2023-09-12,8,2,1,9,1,24.2,408.4077054306511,0
2023-09-12,9,1,1,9,0,29.8,504.8521321633958,0
2023-09-12,3,2,1,9,1,24.5,301.14526519570467,0
2023-09-12,11,0,1,9,0,33.3,1034.8739515353634,1
2023-09-13,5,2,2,9,0,30.1,320.0851455755437,0
2023-09-13,7,1,2,9,0,26.8,718.1261217621989,0
2023-09-13,4,1,2,9,0,29.4,437.12357944888635,0
2023-09-13,3,2,2,9,1,29.3,357.6169776683091,0
2023-09-13,10,2,2,9,0,31.9,314.0872732674856,0
2023-09-13,1,0,2,9,0,25.0,1030.4511107561427,1
2023-09-13,2,1,2,9,0,25.096873120865904,493.2637245737701,0
2023-09-13,6,0,2,9,0,31.0,763.5663586057656,0
2023-09-13,0,2,2,9,0,29.6,296.88395162733747,0
2023-09-13,8,2,2,9,0,28.5,386.3949208908408,0
2023-09-14,6,0,3,9,0,31.1,875.8019916631135,1
2023-09-14,0,2,3,9,1,25.6,360.3896403147075,0
2023-09-14,4,1,3,9,0,26.5,442.27426859897525,0
2023-09-14,8,2,3,9,1,27.7,379.7696890292005,0
2023-09-14,9,1,3,9,0,28.3,555.3562450809983,0
2023-09-14,10,2,3,9,0,28.4,408.52585432305176,0
2023-09-14,7,1,3,9,1,26.2,805.7092691153036,0
2023-09-14,5,2,3,9,1,31.8,320.9720643162831,0
2023-09-14,1,0,3,9,0,25.096873120865904,965.9657312303082,1
2023-09-14,3,2,3,9,0,33.1,424.71774027316184,0
2023-09-14,2,1,3,9,1,35.0,529.9041066789416,0
2023-09-14,11,0,3,9,0,22.4,950.0037867434147,1
2023-09-15,1,0,4,9,1,27.7,887.2744390174664,1
2023-09-15,10,2,4,9,0,26.4,294.8332558047663,0
2023-09-15,3,2,4,9,1,26.9,303.4204300686554,0
2023-09-15,2,1,4,9,0,32.2,552.2370863647042,0
2023-09-15,11,0,4,9,1,29.8,1010.1665044350312,1
2023-09-15,8,2,4,9,0,25.096873120865904,342.430548902593,0
2023-09-15,4,1,4,9,0,25.096873120865904,464.65987468790155,0
2023-09-15,5,2,4,9,0,32.6,305.70970530038744,0
2023-09-15,6,0,4,9,0,31.8,796.6025607989912,1
2023-09-15,0,2,4,9,0,31.1,376.4558348442344,0
2023-09-15,7,1,4,9,0,28.3,683.3714033260269,0
2023-09-16,4,1,5,9,0,29.1,559.2431579636585,0
2023-09-16,9,1,5,9,0,30.0,637.9102044346714,0
2023-09-16,6,0,5,9,1,28.5,999.3287604135563,1
2023-09-16,8,2,5,9,0,33.2,420.516636821467,0
2023-09-16,2,1,5,9,0,34.3,742.7844155567014,0
2023-09-16,10,2,5,9,0,29.1,355.6973903178763,0
2023-09-16,0,2,5,9,0,32.6,465.95355170123463,0
2023-09-16,1,0,5,9,0,31.4,1330.9973143050236,1
2023-09-16,5,2,5,9,0,24.1,434.78065887395354,0
2023-09-17,4,1,6,9,0,31.0,605.4968165373876,0
2023-09-17,3,2,6,9,0,28.6,355.1400748459275,0
2023-09-17,1,0,6,9,0,25.096873120865904,1200.6773672177121,1
2023-09-17,2,1,6,9,0,33.2,707.9026781046506,0
2023-09-17,6,0,6,9,1,29.6,997.9320224923435,1
2023-09-17,0,2,6,9,0,22.2,463.69791509468257,0
2023-09-17,5,2,6,9,1,32.8,436.78018691425996,0
2023-09-17,11,0,6,9,1,27.8,1173.4887033140838,1
2023-09-17,9,1,6,9,0,24.5,642.3412665920875,0
2023-09-17,7,1,6,9,0,28.7,702.6873665974878,0
2023-09-17,10,2,6,9,1,30.5,418.27303181132237,0
2023-09-18,11,0,0,9,1,30.3,1001.9958443995956,1
2023-09-18,3,2,0,9,0,24.4,280.1006097493788,0
2023-09-18,10,2,0,9,0,27.4,273.2808445433446,0
2023-09-18,0,2,0,9,1,29.5,485.6901816186084,0
2023-09-18,7,1,0,9,0,31.2,567.7048105243327,0
2023-09-18,8,2,0,9,0,31.8,343.10604248740697,0
2023-09-18,5,2,0,9,0,25.8,362.9417204854261,0
2023-09-18,6,0,0,9,0,26.4,807.1100295542554,0
2023-09-18,1,0,0,9,0,28.7,991.3593048419275,0
2023-09-18,4,1,0,9,0,25.096873120865904,543.0681166461925,0
2023-09-19,6,0,1,9,1,25.4,782.5198889125786,1
2023-09-19,9,1,1,9,0,29.0,589.2409066898266,0
2023-09-19,7,1,1,9,0,26.0,606.365968439258,0
2023-09-19,10,2,1,9,0,27.8,304.39667528362406,0
2023-09-19,8,2,1,9,0,28.9,417.24723303943193,0
2023-09-19,4,1,1,9,0,30.2,564.3345638757609,0
2023-09-19,3,2,1,9,0,34.8,377.67697434233986,0
2023-09-19,11,0,1,9,0,24.4,1137.1886888882716,0
2023-09-19,0,2,1,9,0,31.9,357.35709086799756,0
2023-09-19,2,1,1,9,0,32.7,639.5930337304479,0
2023-09-20,6,0,2,9,0,35.0,758.1863810628626,0
2023-09-20,4,1,2,9,0,29.5,565.2189692713762,0
2023-09-20,0,2,2,9,0,28.0,354.81032339930084,0
2023-09-20,8,2,2,9,0,31.6,347.29159841364884,0
2023-09-20,11,0,2,9,0,32.0,975.4435573051047,1
2023-09-20,5,2,2,9,0,31.3,363.15229211285487,0
2023-09-20,7,1,2,9,0,24.0,604.5194694508107,0
2023-09-20,2,1,2,9,0,28.3,631.4612855415952,0
2023-09-20,3,2,2,9,0,26.7,366.52279297403845,0
2023-09-21,7,1,3,9,1,30.2,694.12322751138,0
2023-09-21,11,0,3,9,0,24.2,934.9537029091371,1
2023-09-21,2,1,3,9,0,27.0,717.0115404503857,0
2023-09-21,5,2,3,9,0,28.7,412.2647942680522,0
2023-09-21,3,2,3,9,0,29.6,296.62801395600457,0
2023-09-21,10,2,3,9,0,26.2,283.67721459265596,0
2023-09-21,6,0,3,9,0,30.3,925.6578358333448,0
2023-09-21,0,2,3,9,1,24.8,435.77184634965073,0
2023-09-21,9,1,3,9,0,25.6,582.6250262114933,0
2023-09-22,10,2,4,9,0,26.9,309.03801827162573,0
2023-09-22,6,0,4,9,0,28.1,965.5867578165246,0
2023-09-22,4,1,4,9,0,27.6,574.5958421525048,0
2023-09-22,1,0,4,9,0,27.6,1201.6207197943434,1
2023-09-22,7,1,4,9,0,25.096873120865904,601.725812878147,0
2023-09-22,2,1,4,9,1,35.1,518.104651362936,0
2023-09-22,5,2,4,9,0,26.1,363.8195355112273,0
2023-09-22,8,2,4,9,0,24.1,337.2579956583216,0
2023-09-22,11,0,4,9,0,27.7,1092.228034106026,1
2023-09-23,10,2,5,9,0,25.4,430.9044489591862,0
2023-09-23,6,0,5,9,0,30.5,1327.5572475837082,1
2023-09-23,2,1,5,9,0,23.8,576.4907974099514,0
2023-09-23,3,2,5,9,0,25.7,324.1960422063244,0
2023-09-23,4,1,5,9,0,24.9,698.6953020089169,0
2023-09-23,0,2,5,9,0,30.2,410.54684869928883,0
2023-09-23,5,2,5,9,0,26.2,431.26407557924415,0
2023-09-23,11,0,5,9,1,29.9,1139.2775833187864,1
2023-09-24,0,2,6,9,0,28.2,410.7037625529265,0
2023-09-24,8,2,6,9,0,24.3,532.8734359126018,0
2023-09-24,2,1,6,9,0,35.7,546.4876056738568,0
2023-09-24,9,1,6,9,0,25.1,549.1910227632817,0
2023-09-24,5,2,6,9,0,26.8,574.733070764586,0
2023-09-24,7,1,6,9,1,25.096873120865904,790.3294786376533,1
2023-09-24,11,0,6,9,0,32.8,1460.7988928327445,1
2023-09-24,10,2,6,9,0,27.4,643.8279842893255,0
2023-09-24,6,0,6,9,1,23.9,1110.2734353820892,1
2023-09-24,4,1,6,9,1,27.7,758.2591303441775,1
2023-09-25,10,2,0,9,0,28.0,421.420817485418,0
2023-09-25,6,0,0,9,0,23.0,659.984953806624,0
2023-09-25,0,2,0,9,0,28.5,374.7346949283577,0
2023-09-25,11,0,0,9,0,27.8,1054.360139622316,1
2023-09-25,7,1,0,9,1,24.3,667.7269817480825,0
2023-09-25,3,2,0,9,0,28.0,313.15976450811235,0
2023-09-25,1,0,0,9,0,28.0,723.7799557118544,0
2023-09-25,2,1,0,9,0,23.1,460.4167708055974,0
2023-09-25,9,1,0,9,1,25.9,445.8322698321484,0
2023-09-25,5,2,0,9,1,26.4,351.7524828634196,0
2023-09-25,8,2,0,9,0,29.3,334.36783188052027,0
2023-09-26,3,2,1,9,0,28.4,345.9498159219536,0
2023-09-26,5,2,1,9,0,22.1,331.51861732609007,0
2023-09-26,10,2,1,9,1,21.3,332.59842969639413,0
2023-09-26,9,1,1,9,1,29.1,454.55976871902504,0
2023-09-26,1,0,1,9,0,29.5,746.9109641041032,1
2023-09-26,6,0,1,9,0,29.3,887.6748821069651,1
2023-09-26,11,0,1,9,0,19.7,802.5984980338217,1
2023-09-26,2,1,1,9,0,26.0,449.7609148632569,0
2023-09-26,7,1,1,9,0,24.2,632.7092824581408,0
2023-09-26,4,1,1,9,0,29.0,601.7909257131539,0
2023-09-27,11,0,2,9,0,28.9,872.8147998429208,1
2023-09-27,4,1,2,9,1,29.1,585.3378906553613,0
2023-09-27,1,0,2,9,0,31.2,1003.909195757895,1
2023-09-27,10,2,2,9,0,29.6,275.25827099154486,0
2023-09-27,9,1,2,9,1,27.7,477.7803237426491,0
2023-09-27,7,1,2,9,0,27.4,640.7958646926346,0
2023-09-27,0,2,2,9,1,30.6,310.94505645500004,0
2023-09-27,5,2,2,9,0,31.2,397.3484072056361,0
2023-09-27,6,0,2,9,0,30.4,813.5064034179135,1
2023-09-28,2,1,3,9,0,23.8,479.87134299673465,0
2023-09-28,9,1,3,9,0,30.8,465.7633289278211,0
2023-09-28,8,2,3,9,0,23.4,366.6543871787539,0
2023-09-28,7,1,3,9,0,25.4,778.6931801428899,0
2023-09-28,3,2,3,9,0,28.6,337.8368097651528,0
2023-09-28,4,1,3,9,0,30.8,719.457367270538,0
2023-09-28,5,2,3,9,0,28.3,386.10293729978054,0
2023-09-28,10,2,3,9,0,25.096873120865904,312.2226205924514,0
2023-09-28,11,0,3,9,0,26.9,1122.5849441866399,1
2023-09-28,6,0,3,9,0,30.4,775.8066079129327,1
2023-09-29,0,2,4,9,0,26.8,264.4181776864539,0
2023-09-29,1,0,4,9,0,26.9,885.4837095308061,1
2023-09-29,8,2,4,9,0,25.4,320.6518177292517,0
2023-09-29,3,2,4,9,0,35.1,341.9367241551539,0
2023-09-29,5,2,4,9,0,29.0,395.25673200718865,0
2023-09-29,7,1,4,9,0,35.5,609.5984212377805,0
2023-09-29,10,2,4,9,0,27.2,280.6595795305142,0
2023-09-29,6,0,4,9,0,25.096873120865904,742.1421391612673,1
2023-09-29,9,1,4,9,0,29.2,467.12269723477095,0
2023-09-30,9,1,5,9,1,29.9,625.4022563848878,0
2023-09-30,11,0,5,9,0,27.7,1635.298128524971,1
2023-09-30,8,2,5,9,0,30.4,378.7228163676017,0
2023-09-30,3,2,5,9,1,29.4,450.941711211875,0
2023-09-30,2,1,5,9,0,25.8,759.6169266914417,0
2023-09-30,0,2,5,9,0,30.2,312.8915891830291,0
2023-09-30,6,0,5,9,0,23.1,997.809745949948,1
2023-10-01,1,0,6,10,0,30.6,1073.1951788452734,1
2023-10-01,11,0,6,10,1,26.0,1091.5088500162751,1
2023-10-01,8,2,6,10,0,25.2,403.50838598397485,0
2023-10-01,5,2,6,10,0,23.9,498.46731122149407,0
2023-10-01,9,1,6,10,0,27.6,538.8218001330654,0
2023-10-01,10,2,6,10,0,28.6,423.1136621044665,0
2023-10-01,6,0,6,10,0,31.8,1175.6583427503228,1
2023-10-01,2,1,6,10,0,27.2,696.361255040593,0
2023-10-01,3,2,6,10,0,34.6,395.03648439316953,0
2023-10-01,0,2,6,10,1,27.7,294.8062144334802,0
2023-10-01,7,1,6,10,0,24.9,1017.4722796689725,0
2023-10-02,5,2,0,10,1,28.4,520.1596663542583,0
2023-10-02,6,0,0,10,0,28.9,833.6284234587594,0
2023-10-02,3,2,0,10,0,27.2,379.9267521471686,0
2023-10-02,4,1,0,10,0,28.8,732.4949397757263,0
2023-10-02,0,2,0,10,0,24.9,262.5495850393336,0
2023-10-02,11,0,0,10,0,29.1,953.4766378573715,1
2023-10-02,2,1,0,10,0,24.4,554.7161088241725,0
2023-10-02,1,0,0,10,0,22.9,839.6091364952873,1
2023-10-02,7,1,0,10,0,24.0,738.3394065795814,0
2023-10-02,10,2,0,10,0,26.8,332.0994140688451,0
2023-10-03,6,0,1,10,0,25.096873120865904,886.1637890473398,1
2023-10-03,2,1,1,10,0,24.0,516.8739665632326,0
2023-10-03,10,2,1,10,0,23.0,379.82107831686704,0
2023-10-03,4,1,1,10,0,23.0,573.0426919205001,0
2023-10-03,5,2,1,10,0,23.8,395.16308738389,0
2023-10-03,8,2,1,10,0,25.6,347.8790880636882,0
2023-10-03,9,1,1,10,0,24.0,575.7873161887989,0
2023-10-03,1,0,1,10,0,25.096873120865904,1046.5072422288126,1
2023-10-03,0,2,1,10,0,27.4,268.0201232111058,0
2023-10-03,3,2,1,10,1,27.9,357.2227240909824,0
2023-10-04,11,0,2,10,1,27.7,893.1622407209944,1
2023-10-04,4,1,2,10,0,23.8,716.0135961617315,0
2023-10-04,1,0,2,10,0,26.7,942.1510397004287,1
2023-10-04,7,1,2,10,0,27.6,523.1291801582336,0
2023-10-04,8,2,2,10,0,25.0,355.9823610700973,0
2023-10-04,10,2,2,10,0,25.2,302.60341412869593,0
2023-10-04,9,1,2,10,0,24.5,655.8116182766022,0
2023-10-04,2,1,2,10,0,23.8,511.46664145550744,0
2023-10-04,3,2,2,10,1,28.8,314.88612777455523,0
2023-10-04,0,2,2,10,1,28.7,306.3050298127824,0
2023-10-04,5,2,2,10,0,27.9,392.2610506158511,0
2023-10-04,6,0,2,10,0,25.096873120865904,988.9367980385266,1
2023-10-05,0,2,3,10,0,29.8,283.9729413530216,0
2023-10-05,11,0,3,10,0,29.8,854.6177817236419,1
2023-10-05,6,0,3,10,0,23.1,1115.1681367175865,1
2023-10-05,5,2,3,10,0,24.7,366.7114343011255,0
2023-10-05,3,2,3,10,0,26.3,310.3477207404542,0
2023-10-05,9,1,3,10,0,27.8,526.8524163139444,0
2023-10-05,8,2,3,10,1,28.8,357.3824528034448,0
2023-10-05,10,2,3,10,0,23.8,280.1500705293351,0
2023-10-06,4,1,4,10,0,24.6,653.5367608537625,0
2023-10-06,3,2,4,10,1,23.4,299.6572050699002,0
2023-10-06,1,0,4,10,0,25.2,902.6987631634306,1
2023-10-06,0,2,4,10,0,25.7,287.9644466832224,0
2023-10-06,5,2,4,10,0,29.1,355.7836112592333,0
2023-10-06,8,2,4,10,0,30.1,408.4888477552003,0
2023-10-06,7,1,4,10,0,24.1,577.126153506563,0
2023-10-06,9,1,4,10,0,31.4,551.9837352308663,0
2023-10-06,2,1,4,10,0,23.9,617.1218408400808,0
2023-10-06,6,0,4,10,0,30.4,902.4703114185818,1
2023-10-07,1,0,5,10,0,25.1,1117.6087799408945,1
2023-10-07,4,1,5,10,0,23.4,790.0617195935716,0
2023-10-07,5,2,5,10,0,25.2,475.8948506516286,0
2023-10-07,2,1,5,10,0,34.6,585.5809428781922,0
2023-10-07,9,1,5,10,0,22.9,811.0700661480306,0
2023-10-07,3,2,5,10,0,27.1,514.1565883742403,0
2023-10-07,8,2,5,10,0,24.3,506.04106550964065,0
2023-10-07,7,1,5,10,0,25.0,650.0326393906231,0
2023-10-07,6,0,5,10,0,24.5,1377.744639344764,1
2023-10-08,11,0,6,10,0,31.0,1463.620814980919,1
2023-10-08,1,0,6,10,0,24.9,1222.3756882815562,1
2023-10-08,8,2,6,10,0,25.096873120865904,486.08290225331285,0
2023-10-08,2,1,6,10,0,23.1,547.478494750338,0
2023-10-08,5,2,6,10,0,22.5,483.7778781120622,0
2023-10-08,10,2,6,10,0,27.3,332.28326696824035,0
2023-10-08,7,1,6,10,0,23.1,626.7244653902336,0
2023-10-08,3,2,6,10,0,22.4,402.3795850533454,0
2023-10-09,7,1,0,10,0,24.9,637.6646745803193,0
2023-10-09,6,0,0,10,0,22.1,816.5278057811902,0
2023-10-09,9,1,0,10,0,27.6,513.3169653079483,0
2023-10-09,8,2,0,10,0,27.2,344.07084065843446,0
2023-10-09,1,0,0,10,0,18.3,887.6548496467054,0
2023-10-10,0,2,1,10,0,27.9,312.27589278002864,0
2023-10-10,6,0,1,10,0,25.8,876.5369203679966,0
2023-10-10,8,2,1,10,0,25.2,328.4982514544148,0
2023-10-10,7,1,1,10,0,25.6,560.2124356574329,0
2023-10-10,1,0,1,10,1,26.1,864.1461776590006,1
2023-10-10,5,2,1,10,0,26.1,351.6749646317149,0
2023-10-10,2,1,1,10,0,24.2,514.8566655008075,0
2023-10-10,11,0,1,10,0,22.8,1028.9657938935936,1
2023-10-10,3,2,1,10,0,26.1,358.64485307732645,0
2023-10-11,1,0,2,10,0,20.4,857.5931634256226,0
2023-10-11,4,1,2,10,0,27.7,577.1541929340631,0
2023-10-11,6,0,2,10,0,23.4,939.1560775494082,0
2023-10-11,10,2,2,10,0,28.1,269.71384014637493,0
2023-10-11,3,2,2,10,0,25.7,379.80308041692757,0
2023-10-11,2,1,2,10,0,25.7,514.5210947153583,0
2023-10-11,7,1,2,10,0,30.3,548.8038539986892,0
2023-10-11,5,2,2,10,0,22.6,403.3431489136195,0
2023-10-11,11,0,2,10,0,24.1,1273.5678507865805,1
2023-10-12,2,1,3,10,0,27.8,517.575395681167,0
2023-10-12,9,1,3,10,0,25.2,642.750570796009,0
2023-10-12,8,2,3,10,0,29.2,338.26520426858974,0
2023-10-12,1,0,3,10,0,25.5,971.6055974687482,1
2023-10-12,4,1,3,10,0,23.8,509.853474462434,0
2023-10-12,3,2,3,10,0,27.5,279.25791089601415,0
2023-10-12,6,0,3,10,0,24.3,893.6065836157339,1
2023-10-12,7,1,3,10,0,28.0,515.9014953602855,0
2023-10-12,5,2,3,10,0,27.3,391.7284591313108,0
2023-10-12,11,0,3,10,1,25.8,1009.8494870169492,1
2023-10-13,0,2,4,10,1,24.9,237.12319949934277,0
2023-10-13,1,0,4,10,1,24.1,889.4039242444208,1
2023-10-13,9,1,4,10,0,24.4,602.6509063880296,0
2023-10-13,3,2,4,10,0,26.1,351.3960158177213,0
2023-10-13,4,1,4,10,0,26.6,490.36509420597974,0
2023-10-13,5,2,4,10,0,23.6,382.67741962083744,0
2023-10-13,6,0,4,10,0,23.4,889.5952409215956,1
2023-10-13,11,0,4,10,0,20.4,876.0402076616742,0
2023-10-13,8,2,4,10,0,21.3,300.45318344930337,0
2023-10-13,7,1,4,10,0,28.9,534.9074663222165,0
2023-10-14,2,1,5,10,0,25.0,640.7087481871794,0
2023-10-14,7,1,5,10,0,21.1,715.0906040251532,0
2023-10-14,9,1,5,10,0,30.8,643.8281227433255,0
2023-10-14,0,2,5,10,0,24.7,326.5836404949943,0
2023-10-14,10,2,5,10,0,25.2,346.276220017297,0
2023-10-14,5,2,5,10,0,24.9,429.94027771136825,0
2023-10-14,11,0,5,10,0,25.1,1196.8106563382175,1
2023-10-14,3,2,5,10,0,20.0,364.03781593198886,0
2023-10-14,4,1,5,10,0,26.1,706.8476224426375,0
2023-10-15,1,0,6,10,0,25.5,989.6067938414878,1
2023-10-15,3,2,6,10,0,28.7,370.2566025452093,0
2023-10-15,7,1,6,10,0,27.4,722.6653496960012,0
2023-10-15,6,0,6,10,0,27.0,1319.6774185391812,1
2023-10-15,8,2,6,10,0,24.7,391.0610225983782,0
2023-10-15,0,2,6,10,0,27.0,356.9077753907212,0
2023-10-15,2,1,6,10,0,21.8,730.1835610330354,0
2023-10-15,4,1,6,10,0,27.0,808.3479159030074,0
2023-10-15,10,2,6,10,0,29.0,355.8290087899381,0
2023-10-15,9,1,6,10,0,29.5,658.6375393599523,0
2023-10-16,4,1,0,10,0,18.4,620.2309941932562,0
2023-10-16,2,1,0,10,0,26.1,539.0955070599441,0
2023-10-16,10,2,0,10,0,28.9,264.8719794635389,0
2023-10-16,0,2,0,10,0,25.6,395.85468129106755,0
2023-10-16,6,0,0,10,1,23.1,713.7262219412746,1
2023-10-16,7,1,0,10,0,24.1,539.0790751236124,0
2023-10-16,9,1,0,10,0,22.1,496.2206098022995,0
2023-10-16,5,2,0,10,0,26.0,410.7585168232158,0
2023-10-16,11,0,0,10,0,21.1,1016.9506168901207,0
2023-10-16,3,2,0,10,1,23.4,327.93074058636694,0
2023-10-16,1,0,0,10,0,27.7,752.0145876271743,1
2023-10-17,3,2,1,10,0,17.4,318.0928874312707,0
2023-10-17,11,0,1,10,0,21.0,1158.0724043448402,0
2023-10-17,4,1,1,10,0,18.1,541.1966007581276,0
2023-10-17,0,2,1,10,0,25.3,291.0626615584609,0
2023-10-17,2,1,1,10,0,23.6,605.8150708983497,0
2023-10-17,6,0,1,10,0,24.7,759.4365612509155,0
2023-10-17,9,1,1,10,0,26.3,691.9685713862625,0
2023-10-17,7,1,1,10,0,21.6,541.9299346470017,0
2023-10-17,8,2,1,10,0,22.2,331.86742009351525,0
2023-10-17,1,0,1,10,0,21.6,991.9719989682203,1
2023-10-17,5,2,1,10,0,29.4,315.4623795099879,0
2023-10-18,4,1,2,10,0,23.7,583.7618621566033,0
2023-10-18,7,1,2,10,0,22.8,533.6125032246915,0
2023-10-18,11,0,2,10,0,21.1,1105.8915917571985,0
2023-10-18,5,2,2,10,0,24.8,318.06931187497304,0
2023-10-18,2,1,2,10,0,20.1,625.9910103485211,0
2023-10-18,1,0,2,10,0,25.1,842.6382634818376,1
2023-10-18,6,0,2,10,0,23.4,784.3982446557443,0
2023-10-18,10,2,2,10,0,22.6,263.09924557691505,0
2023-10-19,7,1,3,10,0,23.8,507.09392115789143,0
2023-10-19,6,0,3,10,1,19.8,875.0909369298308,1
2023-10-19,8,2,3,10,0,19.6,356.90383094275376,0
2023-10-19,10,2,3,10,1,18.9,303.2227561040943,0
2023-10-19,3,2,3,10,0,27.5,385.7790269244524,0
2023-10-19,9,1,3,10,0,21.3,503.74737941704154,0
2023-10-19,1,0,3,10,1,28.7,902.8739697505965,1
2023-10-19,0,2,3,10,0,19.4,318.51056271504143,0
2023-10-19,2,1,3,10,0,19.7,622.6444427932921,0
2023-10-20,9,1,4,10,0,27.4,527.9194275960335,0
2023-10-20,10,2,4,10,1,19.6,303.3018728223814,0
2023-10-20,6,0,4,10,0,25.4,916.4857642094315,1
2023-10-20,7,1,4,10,1,22.9,543.8562959806153,1
2023-10-20,8,2,4,10,0,25.096873120865904,350.864842492715,0
2023-10-20,1,0,4,10,0,23.9,1090.4308214663422,0
2023-10-20,0,2,4,10,0,24.8,376.3018637711926,0
2023-10-20,11,0,4,10,0,15.1,760.8373676405231,1
2023-10-20,5,2,4,10,0,23.0,298.94642757002407,0
2023-10-21,2,1,5,10,0,20.1,704.9009144473134,0
2023-10-21,11,0,5,10,0,18.4,1011.7221515021305,1
2023-10-21,8,2,5,10,0,28.2,535.1830343547439,0
2023-10-21,5,2,5,10,0,21.6,366.28079676203447,0
2023-10-21,10,2,5,10,0,24.5,390.2184925806811,0
2023-10-21,1,0,5,10,0,25.3,1126.9669774074473,1
2023-10-21,3,2,5,10,0,20.0,484.7718020898038,0
2023-10-22,3,2,6,10,0,25.2,418.1772332836095,0
2023-10-22,6,0,6,10,0,25.9,1206.720954425628,1
2023-10-22,9,1,6,10,0,23.9,601.6083605940643,0
2023-10-22,7,1,6,10,0,18.3,698.4704228047736,0
2023-10-22,2,1,6,10,0,23.7,703.4628847539587,0
2023-10-22,8,2,6,10,0,23.6,451.1990568452693,0
2023-10-22,4,1,6,10,0,21.2,684.1439649568001,0
2023-10-22,11,0,6,10,0,24.9,925.128516035847,1
2023-10-22,10,2,6,10,0,21.3,367.97577958896994,0
2023-10-22,1,0,6,10,0,27.6,1176.673923907991,1
2023-10-22,5,2,6,10,0,25.7,377.1499224459239,0
2023-10-22,0,2,6,10,0,22.8,338.47809883942324,0
2023-10-23,5,2,0,10,0,21.9,288.73937184788866,0
2023-10-23,9,1,0,10,0,23.9,481.70376694161024,0
2023-10-23,11,0,0,10,0,27.7,708.5142708154441,1
2023-10-23,8,2,0,10,0,22.0,330.1206545284537,0
2023-10-23,4,1,0,10,0,21.1,616.4470977077675,0
2023-10-23,6,0,0,10,0,22.2,1036.0464876238464,0
2023-10-23,2,1,0,10,0,22.2,569.2170232091057,0
2023-10-23,7,1,0,10,0,21.7,579.0358369929603,0
2023-10-23,1,0,0,10,0,23.1,953.8229776190902,1
2023-10-23,0,2,0,10,0,19.1,317.355068535695,0
2023-10-23,10,2,0,10,0,22.2,284.46438959005644,0
2023-10-24,0,2,1,10,1,23.4,282.7221654372747,0
2023-10-24,2,1,1,10,0,26.1,576.8518601043004,0
2023-10-24,1,0,1,10,0,21.0,975.5626904889734,1
2023-10-24,6,0,1,10,0,23.8,809.5435131720764,0
2023-10-24,11,0,1,10,0,17.0,767.8511808762031,1
2023-10-24,4,1,1,10,0,19.2,660.8469909581368,0
2023-10-24,8,2,1,10,1,22.7,334.55239404775955,0
2023-10-24,5,2,1,10,0,22.6,286.70725191235084,0
2023-10-24,10,2,1,10,0,26.0,277.3387350657135,0
2023-10-24,3,2,1,10,0,23.3,304.8329436304173,0
2023-10-24,9,1,1,10,0,21.2,476.64045580723575,0
2023-10-25,7,1,2,10,0,23.8,614.176077354209,0
2023-10-25,5,2,2,10,0,20.3,313.30899628454625,0
2023-10-25,9,1,2,10,1,24.1,527.4617536047203,0
2023-10-25,8,2,2,10,0,23.2,311.94110412133693,0
2023-10-25,0,2,2,10,0,24.9,421.3297650234185,0
2023-10-25,3,2,2,10,0,21.5,274.34159472398665,0
2023-10-25,2,1,2,10,0,25.096873120865904,580.8652677062947,0
2023-10-25,11,0,2,10,0,19.1,776.7812500869436,1
2023-10-25,4,1,2,10,0,26.3,605.5926163819634,0
2023-10-25,6,0,2,10,0,22.6,834.874617965289,0
2023-10-26,10,2,3,10,0,22.9,386.0955084293513,0
2023-10-26,3,2,3,10,0,18.7,276.3491202383776,0
2023-10-26,5,2,3,10,0,25.1,322.12182507585834,0
2023-10-26,4,1,3,10,0,25.096873120865904,718.9492827342274,0
2023-10-26,11,0,3,10,0,21.0,853.4584888827778,1
2023-10-26,2,1,3,10,0,20.7,590.7369343442216,0
2023-10-26,1,0,3,10,0,23.6,1148.7782885281108,1
2023-10-26,0,2,3,10,1,20.9,311.86662604563554,0
2023-10-26,9,1,3,10,0,22.9,531.6435203440235,0
2023-10-26,7,1,3,10,0,22.6,630.2374701599318,0
2023-10-26,6,0,3,10,0,24.8,1156.069567440068,0
2023-10-26,8,2,3,10,0,20.5,371.66515021051805,0
2023-10-27,5,2,4,10,0,21.7,367.20558488046424,0
2023-10-27,7,1,4,10,0,18.1,862.5167909606151,0
2023-10-27,4,1,4,10,0,24.4,452.7430274792111,0
2023-10-27,11,0,4,10,1,15.8,847.6394165117074,1
2023-10-27,3,2,4,10,0,19.9,284.98625167555906,0
2023-10-27,9,1,4,10,0,18.7,504.94061896126357,0
2023-10-27,2,1,4,10,0,19.3,592.3504935964697,0
2023-10-27,1,0,4,10,0,20.3,818.2108810196297,1
2023-10-27,0,2,4,10,0,22.8,350.0445331469701,0
2023-10-27,10,2,4,10,0,20.8,390.89194086366246,0
2023-10-27,6,0,4,10,0,28.1,1069.5045444834343,0
2023-10-28,9,1,5,10,0,22.6,662.6654985642582,0
2023-10-28,10,2,5,10,0,18.7,361.1809235508955,0
2023-10-28,8,2,5,10,0,22.3,384.88988349822586,0
2023-10-28,7,1,5,10,0,17.9,818.4571926949324,0
2023-10-28,0,2,5,10,0,19.6,554.7882054704978,0
2023-10-28,4,1,5,10,0,22.5,638.9388452317439,0
2023-10-28,1,0,5,10,0,22.3,1127.1491910649272,1
2023-10-28,5,2,5,10,0,22.3,472.2791201785267,0
2023-10-28,6,0,5,10,0,22.3,1316.8813074622087,1
2023-10-29,4,1,6,10,0,23.1,538.9389014596793,0
2023-10-29,1,0,6,10,0,25.6,1167.651543056091,1
2023-10-29,7,1,6,10,0,21.5,840.2951659220695,1
2023-10-29,2,1,6,10,1,25.096873120865904,726.321153696723,0
2023-10-29,10,2,6,10,0,23.0,356.5665984097894,0
2023-10-29,3,2,6,10,0,23.5,366.79906970035034,0
2023-10-29,8,2,6,10,0,21.1,392.7023639654476,0
2023-10-29,11,0,6,10,0,24.8,1000.9503611144154,1
2023-10-29,5,2,6,10,0,18.8,449.8081226159465,0
2023-10-30,9,1,0,10,0,26.7,561.5287238113048,0
2023-10-30,5,2,0,10,0,20.1,363.748351048975,0
2023-10-30,6,0,0,10,0,21.7,792.4411949791693,1
2023-10-30,3,2,0,10,0,19.4,320.62284924047026,0
2023-10-30,1,0,0,10,0,23.2,927.3159251262402,1
2023-10-30,4,1,0,10,0,18.9,533.5008560590724,0
2023-10-30,2,1,0,10,0,19.7,601.0938981901838,0
2023-10-30,7,1,0,10,0,18.5,589.393804477512,0
2023-10-31,7,1,1,10,0,20.9,570.4215063559368,0
2023-10-31,9,1,1,10,0,20.4,520.703632262082,0
2023-10-31,3,2,1,10,0,19.4,339.43527645012233,0
2023-10-31,1,0,1,10,0,19.2,926.3642454140117,1
2023-10-31,6,0,1,10,0,19.7,837.859664407826,1
2023-10-31,11,0,1,10,0,25.4,933.6873873834498,1
2023-10-31,10,2,1,10,0,25.8,274.6529009270481,0
2023-10-31,8,2,1,10,0,25.096873120865904,427.7007209543279,0
2023-10-31,2,1,1,10,0,24.2,666.0475330315172,0
2023-11-01,2,1,2,11,1,26.3,659.1333978170725,0
2023-11-01,5,2,2,11,0,20.3,369.158043658842,0
2023-11-01,3,2,2,11,1,25.096873120865904,382.2808268999482,0
2023-11-01,0,2,2,11,0,23.5,372.10725412146127,0
2023-11-01,4,1,2,11,1,21.8,541.285536923682,0
2023-11-01,8,2,2,11,0,25.5,331.85689871967406,0
2023-11-01,9,1,2,11,0,25.096873120865904,748.8796964775503,0
2023-11-01,1,0,2,11,1,21.5,929.0172289764638,1
2023-11-01,11,0,2,11,0,19.3,970.7153293972918,1
2023-11-01,7,1,2,11,0,20.6,609.876150762524,0
2023-11-02,9,1,3,11,0,21.3,539.5437206589028,0
2023-11-02,11,0,3,11,0,25.4,984.4045059295793,1
2023-11-02,0,2,3,11,0,23.2,412.3165166124179,0
2023-11-02,8,2,3,11,0,15.5,333.2591873603831,0
2023-11-02,4,1,3,11,0,22.9,563.5358289716622,0
2023-11-02,7,1,3,11,0,23.8,582.9560504415352,0
2023-11-02,5,2,3,11,0,25.2,314.0389202048166,0
2023-11-02,6,0,3,11,0,22.4,690.8391522202367,1
2023-11-03,1,0,4,11,0,19.3,917.7570488293806,1
2023-11-03,8,2,4,11,0,19.0,317.58595352869463,0
2023-11-03,11,0,4,11,0,18.9,1215.697213889423,1
2023-11-03,3,2,4,11,1,23.7,359.362096325781,0
2023-11-03,2,1,4,11,0,20.8,554.4741065650724,0
2023-11-03,0,2,4,11,0,25.096873120865904,322.72379594530116,0
2023-11-03,4,1,4,11,0,26.0,554.4528367818748,0
2023-11-03,5,2,4,11,0,17.8,337.6566527832844,0
2023-11-03,9,1,4,11,0,21.7,479.1310983206253,0
2023-11-04,8,2,5,11,0,20.5,402.2079991441285,0
2023-11-04,11,0,5,11,0,23.6,1155.6137408437503,1
2023-11-04,6,0,5,11,0,21.1,1070.443790516309,1
2023-11-04,7,1,5,11,0,20.3,816.5170527462636,0
2023-11-04,4,1,5,11,1,21.9,749.8438033080754,0
2023-11-04,5,2,5,11,1,19.5,400.4640139506619,0
2023-11-04,9,1,5,11,0,23.0,621.8186975380764,0
2023-11-04,1,0,5,11,0,20.9,1185.8460564555332,1
2023-11-04,3,2,5,11,0,20.4,450.88811129209904,0
2023-11-04,0,2,5,11,0,25.096873120865904,346.7536300602312,0
2023-11-04,2,1,5,11,0,19.6,667.1139945053228,0
2023-11-05,6,0,6,11,0,25.8,1196.6104769942835,1
2023-11-05,11,0,6,11,1,19.3,1309.603354053988,1
2023-11-05,5,2,6,11,0,23.3,396.73147139974253,0
2023-11-05,0,2,6,11,0,18.1,450.0890138067269,0
2023-11-05,7,1,6,11,0,21.1,854.4470479735368,0
2023-11-05,10,2,6,11,0,17.7,355.73542203361865,0
2023-11-05,3,2,6,11,0,25.096873120865904,433.139834746626,0
2023-11-05,2,1,6,11,0,16.6,770.0155631860616,0
2023-11-05,1,0,6,11,0,24.8,1183.277657292313,1
2023-11-05,8,2,6,11,0,17.7,447.6132164085582,0
2023-11-06,6,0,0,11,0,23.0,970.0472623694089,0
2023-11-06,1,0,0,11,0,20.8,932.537229314127,1
2023-11-06,5,2,0,11,0,16.0,364.35481432364764,0
2023-11-06,8,2,0,11,0,20.9,453.3004213604913,0
2023-11-06,4,1,0,11,0,22.9,573.836856336744,0
2023-11-06,0,2,0,11,0,20.5,413.0088369522567,0
2023-11-06,10,2,0,11,0,23.6,302.8629035414372,0
2023-11-06,3,2,0,11,0,24.9,296.6160842050003,0
2023-11-06,7,1,0,11,0,18.2,689.0105012869038,0
2023-11-06,9,1,0,11,1,16.0,426.30615661638495,0
2023-11-07,9,1,1,11,0,16.5,473.6348893731723,0
2023-11-07,3,2,1,11,0,20.7,289.88391973632554,0
2023-11-07,5,2,1,11,0,21.3,359.78464652621835,0
2023-11-07,4,1,1,11,0,19.4,553.4188770659963,0
2023-11-07,10,2,1,11,0,21.9,294.6961691634211,0
2023-11-07,7,1,1,11,0,21.1,635.0899641266467,0
2023-11-07,6,0,1,11,1,23.2,971.1896813261955,1
2023-11-07,0,2,1,11,0,21.7,313.52312308749595,0
2023-11-07,8,2,1,11,0,18.8,388.58626877395284,0
2023-11-07,1,0,1,11,0,26.1,898.5007917508029,1
2023-11-07,11,0,1,11,0,23.5,1086.3945487887465,1
2023-11-08,4,1,2,11,0,19.5,708.6588051095573,0
2023-11-08,8,2,2,11,0,18.0,409.8375176975291,0
2023-11-08,3,2,2,11,0,19.7,342.3046833060913,0
2023-11-08,5,2,2,11,0,21.3,406.82717526933624,0
2023-11-08,2,1,2,11,0,25.096873120865904,624.6076235206679,0
2023-11-08,11,0,2,11,0,21.4,1097.5250977059513,1
2023-11-08,6,0,2,11,0,23.1,1097.8453137156007,1
2023-11-08,1,0,2,11,0,24.6,1063.2641111146395,1
2023-11-09,2,1,3,11,0,21.3,487.91236713013615,0
2023-11-09,3,2,3,11,0,20.3,254.25981137636197,0
2023-11-09,0,2,3,11,0,27.0,342.474187610746,0
2023-11-09,4,1,3,11,0,25.096873120865904,631.2615099664177,0
2023-11-09,6,0,3,11,0,20.4,1109.3237548256882,1
2023-11-09,8,2,3,11,0,13.4,372.68287680676565,0
2023-11-09,11,0,3,11,0,18.7,1134.8280425029352,0
2023-11-09,9,1,3,11,0,15.0,466.6146335840605,0
2023-11-10,11,0,4,11,0,19.3,1104.4354140911505,0
2023-11-10,6,0,4,11,0,27.5,1140.8677804706722,1
2023-11-10,0,2,4,11,0,20.3,343.1102537279217,0
2023-11-10,3,2,4,11,0,21.3,364.7260939538278,0
2023-11-10,9,1,4,11,0,25.4,497.17153268713633,0
2023-11-10,1,0,4,11,0,17.6,848.6905668639257,1
2023-11-10,5,2,4,11,0,15.6,432.33086788381286,0
2023-11-10,7,1,4,11,0,22.6,529.9370122270051,0
2023-11-10,8,2,4,11,0,18.4,395.0838528135763,0
2023-11-10,2,1,4,11,0,20.0,437.49633851585685,0
2023-11-11,0,2,5,11,0,18.7,429.2733228376193,0
2023-11-11,6,0,5,11,0,25.3,1087.3354530459205,1
2023-11-11,10,2,5,11,0,25.0,342.5050085624178,0
2023-11-11,3,2,5,11,0,19.2,345.478788190215,0
2023-11-11,8,2,5,11,0,24.2,525.2590823086265,0
2023-11-11,4,1,5,11,1,20.4,836.004509102075,0
2023-11-11,1,0,5,11,0,20.1,1319.5406739457042,1
2023-11-11,7,1,5,11,1,18.2,703.9472121935211,1
2023-11-12,5,2,6,11,0,13.0,466.9828244964206,0
2023-11-12,8,2,6,11,0,13.8,433.37266755489196,0
2023-11-12,10,2,6,11,1,20.0,338.35598174294364,0
2023-11-12,2,1,6,11,0,20.2,601.1432090131053,0
2023-11-12,11,0,6,11,0,21.9,1565.2893716433548,1
2023-11-12,6,0,6,11,0,23.2,1023.9130428729177,1
2023-11-12,1,0,6,11,0,18.2,1322.3285187671127,1
2023-11-12,9,1,6,11,1,21.6,661.9831166503071,0
2023-11-12,4,1,6,11,0,25.096873120865904,888.124622607887,0
2023-11-13,5,2,0,11,0,21.3,375.2583566818614,0
2023-11-13,7,1,0,11,0,23.4,619.9331178736197,0
2023-11-13,2,1,0,11,0,18.3,500.05441239086866,0
2023-11-13,0,2,0,11,1,22.4,290.70236470816246,0
2023-11-13,11,0,0,11,0,18.8,1220.4893354292292,1
2023-11-13,1,0,0,11,1,15.1,1227.641305102376,1
2023-11-13,9,1,0,11,0,21.5,707.1540073324443,0
2023-11-13,3,2,0,11,0,20.1,324.60550861476463,0
2023-11-13,4,1,0,11,0,19.3,629.7920065960855,0
2023-11-13,6,0,0,11,1,21.3,781.1156365401254,1
2023-11-14,6,0,1,11,0,11.8,1041.077020826857,1
2023-11-14,10,2,1,11,0,18.9,297.1888640628282,0
2023-11-14,2,1,1,11,0,23.5,494.9757362207286,0
2023-11-14,8,2,1,11,0,20.2,395.4674074008246,0
2023-11-14,3,2,1,11,0,20.6,307.845703760561,0
2023-11-14,5,2,1,11,0,17.9,333.88396795363286,0
2023-11-14,4,1,1,11,0,19.4,662.1259676861046,0
2023-11-14,7,1,1,11,0,22.5,631.3802951526714,0
2023-11-14,9,1,1,11,0,14.4,579.7931577963882,0
2023-11-14,0,2,1,11,0,19.4,284.2714468713794,0
2023-11-15,2,1,2,11,0,24.5,527.1396367355003,0
2023-11-15,5,2,2,11,0,18.1,380.98940220927614,0
2023-11-15,10,2,2,11,0,17.3,342.7584135850135,0
2023-11-15,8,2,2,11,0,18.5,324.25290352217485,0
2023-11-15,11,0,2,11,0,21.6,1164.9431695788267,0
2023-11-15,9,1,2,11,0,16.1,586.6140440922408,0
2023-11-15,3,2,2,11,0,13.9,310.79059971013527,0
2023-11-16,4,1,3,11,0,21.7,561.0454631361358,0
2023-11-16,7,1,3,11,0,16.1,600.270180172485,0
2023-11-16,0,2,3,11,0,16.3,299.1555427779192,0
2023-11-16,11,0,3,11,0,18.5,832.3302250982643,1
2023-11-16,10,2,3,11,0,22.0,333.97993157095004,0
2023-11-16,5,2,3,11,0,17.1,484.13085217354654,0
2023-11-16,3,2,3,11,0,18.6,319.73323021302946,0
2023-11-16,2,1,3,11,0,18.4,564.4841952239792,0
2023-11-16,8,2,3,11,0,19.6,261.8482177454035,0
2023-11-16,1,0,3,11,0,16.9,949.4536862146665,1
2023-11-17,1,0,4,11,0,14.3,965.4210131801702,1
2023-11-17,10,2,4,11,0,16.9,344.5025310108636,0
2023-11-17,6,0,4,11,0,12.7,895.5933756578395,0
2023-11-17,9,1,4,11,1,17.0,646.1084376472755,0
2023-11-17,3,2,4,11,0,19.9,341.5910901730014,0
2023-11-17,11,0,4,11,0,20.2,813.0457193749985,1
2023-11-17,5,2,4,11,0,18.0,424.688202867887,0
2023-11-17,4,1,4,11,0,21.4,575.449345687936,0
2023-11-18,0,2,5,11,0,20.5,405.8425162304249,0
2023-11-18,7,1,5,11,0,11.7,861.176381767977,0
2023-11-18,2,1,5,11,0,17.3,719.9610594901706,0
2023-11-18,3,2,5,11,1,16.2,437.9253843983747,0
2023-11-18,9,1,5,11,1,20.2,671.7986649229463,1
2023-11-18,8,2,5,11,1,18.9,410.02059573019915,0
2023-11-18,6,0,5,11,0,20.6,1105.3614134934535,1
2023-11-18,1,0,5,11,1,24.9,1207.103814584521,1
2023-11-18,5,2,5,11,0,16.0,479.94708467382793,0
2023-11-18,10,2,5,11,0,22.1,399.0757667636088,0
2023-11-18,11,0,5,11,0,14.8,994.6040921989104,1
2023-11-18,4,1,5,11,0,13.0,751.7072798743665,0
2023-11-19,9,1,6,11,0,18.8,826.1009437762971,0
2023-11-19,7,1,6,11,1,20.4,622.8366614795136,1
2023-11-19,4,1,6,11,0,15.8,624.5253610022467,0
2023-11-19,1,0,6,11,0,22.9,1129.954274842097,1
2023-11-19,3,2,6,11,0,20.0,540.7190936421003,0
2023-11-19,5,2,6,11,0,22.7,475.4050397622847,0
2023-11-19,6,0,6,11,0,18.9,1249.246455266244,1
2023-11-19,0,2,6,11,0,20.9,391.1725594337945,0
2023-11-19,2,1,6,11,0,17.8,754.6439485891503,0
2023-11-20,3,2,0,11,0,25.096873120865904,416.88460914008994,0
2023-11-20,11,0,0,11,0,20.0,912.5480261879663,0
2023-11-20,10,2,0,11,1,14.0,378.65848757745965,0
2023-11-20,8,2,0,11,0,20.5,360.99926486515534,0
2023-11-20,7,1,0,11,0,20.0,500.983782408044,0
2023-11-20,1,0,0,11,1,19.4,1257.24197132511,1
2023-11-20,0,2,0,11,0,21.3,397.4445590709692,0
2023-11-20,2,1,0,11,0,20.0,656.8499542961843,0
2023-11-20,9,1,0,11,0,19.4,576.0018808590991,0
2023-11-20,6,0,0,11,0,18.9,1218.916342961882,1
2023-11-20,4,1,0,11,0,19.9,514.1681290466196,0
2023-11-21,1,0,1,11,0,21.5,885.0496020347169,1
2023-11-21,9,1,1,11,0,17.0,564.3667719541266,0
2023-11-21,6,0,1,11,1,15.2,1016.657252105385,1
2023-11-21,3,2,1,11,0,19.4,422.3504053964785,0
2023-11-21,10,2,1,11,0,11.0,372.6183186235709,0
2023-11-21,7,1,1,11,0,18.8,592.0796911123024,0
2023-11-21,11,0,1,11,0,22.2,888.8776577162955,1
2023-11-22,10,2,2,11,0,15.1,318.351190356862,0
2023-11-22,6,0,2,11,0,16.0,897.512796285082,1
2023-11-22,9,1,2,11,0,18.2,566.1045421793056,0
2023-11-22,1,0,2,11,0,19.3,847.4600516257639,1
2023-11-22,8,2,2,11,0,19.6,328.6120254991036,0
2023-11-22,3,2,2,11,0,19.0,380.61932432649195,0
2023-11-22,11,0,2,11,1,16.6,841.5184453453909,1
2023-11-22,5,2,2,11,0,17.5,397.8616397696407,0
2023-11-22,4,1,2,11,0,12.7,577.4297925695905,0
2023-11-22,7,1,2,11,0,16.0,705.7108638833204,0
2023-11-23,4,1,3,11,0,23.1,591.8375052924282,0
2023-11-23,11,0,3,11,0,15.6,963.6147937457168,1
2023-11-23,6,0,3,11,0,13.2,831.0429964459664,1
2023-11-23,5,2,3,11,0,20.8,370.79109818129206,0
2023-11-23,10,2,3,11,0,19.6,256.63648267398383,0
2023-11-23,7,1,3,11,0,23.1,577.4518806514515,0
2023-11-23,0,2,3,11,0,13.5,272.8047411513383,0
2023-11-23,1,0,3,11,1,17.8,938.576704210461,1
2023-11-23,2,1,3,11,1,18.3,569.2555836824365,0
2023-11-23,9,1,3,11,0,19.7,634.0984442543023,0
2023-11-24,4,1,4,11,0,22.3,543.9617886688219,0
2023-11-24,9,1,4,11,0,22.2,669.5803086225417,0
2023-11-24,8,2,4,11,0,25.096873120865904,352.4691665136235,0
2023-11-24,5,2,4,11,0,19.1,367.91616480992525,0
2023-11-24,0,2,4,11,1,20.7,321.42620539343295,0
2023-11-24,6,0,4,11,0,21.0,792.6255132799989,0
2023-11-24,11,0,4,11,0,17.3,940.4502958576039,1
2023-11-24,3,2,4,11,1,21.1,374.07042862846976,0
2023-11-24,10,2,4,11,0,21.9,325.25221988216435,0
2023-11-25,9,1,5,11,0,16.3,870.5185197617152,0
2023-11-25,11,0,5,11,0,24.4,984.3438434476598,1
2023-11-25,7,1,5,11,0,20.7,681.764309425108,1
2023-11-25,5,2,5,11,0,19.0,402.3534119808763,0
2023-11-25,0,2,5,11,0,19.4,391.84898738516375,0
2023-11-25,3,2,5,11,0,19.2,573.7904456326645,0
2023-11-25,1,0,5,11,0,17.5,1439.778402520556,1
2023-11-25,4,1,5,11,0,21.2,590.5030393835332,0
2023-11-25,2,1,5,11,0,22.0,839.8020675722165,0
2023-11-26,4,1,6,11,0,16.0,583.6564792777731,0
2023-11-26,3,2,6,11,0,17.7,428.9488937986984,0
2023-11-26,11,0,6,11,0,15.0,947.823964058916,1
2023-11-26,6,0,6,11,0,21.2,894.0979738959013,1
2023-11-26,0,2,6,11,0,19.5,397.87487422411124,0
2023-11-26,1,0,6,11,1,16.4,1286.5962833151013,1
2023-11-26,7,1,6,11,0,18.9,847.5457316927809,0
2023-11-26,10,2,6,11,1,15.7,349.62130321463644,0
2023-11-26,8,2,6,11,1,22.2,415.43419897575023,0
2023-11-26,2,1,6,11,0,13.1,693.7965022041452,0
2023-11-26,9,1,6,11,0,17.8,653.8268168651317,0
2023-11-27,2,1,0,11,0,18.5,624.080496759873,0
2023-11-27,5,2,0,11,1,18.3,352.03389248675313,0
2023-11-27,8,2,0,11,1,21.6,326.2064381713476,0
2023-11-27,1,0,0,11,0,12.5,1249.7241779691258,1
2023-11-27,10,2,0,11,0,25.096873120865904,379.43100984013336,0
2023-11-27,0,2,0,11,0,20.8,368.068908391043,0
2023-11-27,6,0,0,11,0,17.1,933.4298092364521,1
2023-11-27,9,1,0,11,0,19.7,577.8335179929803,0
2023-11-27,7,1,0,11,0,17.6,546.6551602685355,0
2023-11-27,11,0,0,11,0,12.3,834.7231943459379,1
2023-11-27,3,2,0,11,0,14.3,345.07677141083303,0
2023-11-27,4,1,0,11,0,15.2,566.5757293949277,0
2023-11-28,1,0,1,11,0,12.2,1127.7400399136072,1
2023-11-28,11,0,1,11,0,19.5,903.7310814790924,1
2023-11-28,5,2,1,11,0,15.9,328.56147901773517,0
2023-11-28,3,2,1,11,0,16.2,367.2958259250442,0
2023-11-28,0,2,1,11,0,20.0,317.1206258869162,0
2023-11-28,4,1,1,11,0,21.8,533.6166042130799,0
2023-11-28,7,1,1,11,0,18.2,593.9717494636366,0
2023-11-28,2,1,1,11,1,16.7,618.0932585848933,0
2023-11-29,2,1,2,11,0,18.7,619.162994269952,0
2023-11-29,1,0,2,11,0,16.2,1082.8990676958836,1
2023-11-29,6,0,2,11,0,22.3,943.7727122920295,1
2023-11-29,11,0,2,11,0,10.9,1121.3065508790148,1
2023-11-29,3,2,2,11,0,14.9,342.898899963722,0
2023-11-29,0,2,2,11,0,17.2,349.18598257673386,0
2023-11-29,4,1,2,11,0,17.6,547.9066974862758,0
2023-11-29,7,1,2,11,0,18.4,573.9001163668254,0
2023-11-29,8,2,2,11,0,18.4,368.39779229561714,0
2023-11-29,9,1,2,11,0,16.6,470.60849769028096,0
2023-11-29,5,2,2,11,0,12.9,336.09973567406354,0
2023-11-29,10,2,2,11,0,14.9,306.37897237651373,0
2023-11-30,1,0,3,11,0,16.9,1447.5239279373059,1
2023-11-30,4,1,3,11,0,16.6,538.8060266032184,0
2023-11-30,5,2,3,11,0,15.1,327.7653493599213,0
2023-11-30,9,1,3,11,0,14.2,575.2563221163057,0
2023-11-30,2,1,3,11,0,14.9,752.9512002944034,0
2023-11-30,8,2,3,11,1,16.3,399.60831511548804,0
2023-11-30,7,1,3,11,0,15.8,625.6481186451342,0
2023-11-30,6,0,3,11,0,13.8,916.6496165763814,1
2023-11-30,3,2,3,11,0,25.096873120865904,348.3894132181047,0
2023-12-01,10,2,4,12,1,16.7,324.6183372477419,0
2023-12-01,2,1,4,12,0,13.8,690.8444599438566,0
2023-12-01,3,2,4,12,0,17.5,388.91455202652133,0
2023-12-01,6,0,4,12,0,16.1,842.2992540049852,1
2023-12-01,0,2,4,12,0,16.8,448.67195331472385,0
2023-12-01,11,0,4,12,0,14.4,864.7374834803994,1
2023-12-01,5,2,4,12,0,14.2,351.27178999866413,0
2023-12-01,7,1,4,12,1,17.2,699.5129947143594,0
2023-12-01,9,1,4,12,0,19.2,549.8431333402057,0
2023-12-01,8,2,4,12,0,17.7,387.27342779484474,0
2023-12-02,4,1,5,12,0,19.1,736.1698509172077,1
2023-12-02,10,2,5,12,0,18.3,411.4330555139018,0
2023-12-02,1,0,5,12,0,25.096873120865904,1513.1422303141333,1
2023-12-02,8,2,5,12,0,19.7,466.84013152074493,0
2023-12-02,5,2,5,12,0,14.0,423.3863708681597,0
2023-12-02,9,1,5,12,1,20.0,628.485244523562,0
2023-12-02,0,2,5,12,1,19.4,470.31864487734,0
2023-12-02,11,0,5,12,0,16.5,1174.0604368653271,1
2023-12-02,2,1,5,12,1,20.4,575.1382929678111,0
2023-12-02,6,0,5,12,0,14.6,960.4566426451888,1
2023-12-02,7,1,5,12,0,18.7,944.8917188246078,0
2023-12-03,9,1,6,12,0,17.1,572.9721377700143,0
2023-12-03,4,1,6,12,0,22.9,719.9553077451982,0
2023-12-03,6,0,6,12,1,14.3,1118.6619024244462,1
2023-12-03,11,0,6,12,0,13.6,1154.3924214755637,1
2023-12-03,2,1,6,12,1,14.0,551.3264198555268,0
2023-12-03,0,2,6,12,0,18.1,415.68446326155424,0
2023-12-03,10,2,6,12,0,14.7,484.9655111346609,0
2023-12-03,7,1,6,12,0,25.096873120865904,807.6688021873524,1
2023-12-03,8,2,6,12,0,13.0,547.2031789253332,0
2023-12-03,1,0,6,12,0,19.9,1713.0418170219916,1
2023-12-03,5,2,6,12,0,15.6,479.1947655414568,0
2023-12-04,8,2,0,12,0,25.0,426.4366005550618,0
2023-12-04,1,0,0,12,0,18.2,1069.2758522194265,1
2023-12-04,4,1,0,12,0,17.9,643.8436838783279,0
2023-12-04,0,2,0,12,0,16.4,361.29952803491716,0
2023-12-04,7,1,0,12,0,13.9,643.30136235197,0
2023-12-04,11,0,0,12,0,10.6,1079.685057647167,1
2023-12-04,6,0,0,12,0,16.8,1000.4379575936842,1
2023-12-04,10,2,0,12,0,17.6,287.3355503062081,0
2023-12-04,3,2,0,12,0,14.0,348.3984924429164,0
2023-12-04,9,1,0,12,0,16.9,551.6677023896735,0
2023-12-04,2,1,0,12,0,14.3,485.04634383585596,0
2023-12-05,4,1,1,12,0,17.7,670.1136667042318,0
2023-12-05,10,2,1,12,1,12.9,291.1751475568986,0
2023-12-05,3,2,1,12,0,13.5,331.12850578415356,0
2023-12-05,11,0,1,12,1,17.0,1023.8459447151963,1
2023-12-05,2,1,1,12,0,20.4,565.8131690514161,0
2023-12-05,6,0,1,12,0,12.9,970.4939703130069,1
2023-12-05,7,1,1,12,0,20.0,656.6451446362081,0
2023-12-05,1,0,1,12,0,17.3,1094.4949878661555,1
2023-12-05,5,2,1,12,0,19.7,503.4326742796396,0
2023-12-05,9,1,1,12,0,18.4,509.18764296247133,0
2023-12-05,0,2,1,12,0,18.3,355.9085353921652,0
2023-12-06,4,1,2,12,0,15.7,639.1668765416515,0
2023-12-06,11,0,2,12,1,20.8,872.6166671175556,1
2023-12-06,5,2,2,12,1,16.2,432.18879081345113,0
2023-12-06,7,1,2,12,1,19.2,648.19355838472,0
2023-12-06,1,0,2,12,0,13.8,1061.9324962756855,1
2023-12-06,10,2,2,12,0,16.4,356.7363447127463,0
2023-12-06,0,2,2,12,0,17.1,355.8031630852646,0
2023-12-06,9,1,2,12,0,14.0,525.9343296501313,0
2023-12-06,3,2,2,12,0,15.7,343.19612975108055,0
2023-12-06,2,1,2,12,0,15.2,521.259330025758,0
2023-12-07,5,2,3,12,0,16.9,431.3305666449008,0
2023-12-07,4,1,3,12,0,17.1,695.6287531016638,0
2023-12-07,3,2,3,12,0,14.0,406.59520835778676,0
2023-12-07,10,2,3,12,1,14.9,365.28041193010944,0
2023-12-07,0,2,3,12,0,17.4,536.7696382944873,0
2023-12-07,2,1,3,12,0,19.3,560.8014066081017,0
2023-12-07,9,1,3,12,0,18.2,543.0353046579854,0
2023-12-07,1,0,3,12,0,14.0,1050.0541467589928,1
2023-12-07,8,2,3,12,1,16.1,584.372304297104,0
2023-12-07,7,1,3,12,0,11.5,657.292427010927,0
2023-12-08,4,1,4,12,0,17.5,735.3149514971966,0
2023-12-08,1,0,4,12,1,10.4,1011.693556740687,1
2023-12-08,7,1,4,12,0,21.0,829.072240394114,0
2023-12-08,8,2,4,12,0,13.7,437.84913980412085,0
2023-12-08,2,1,4,12,0,17.4,503.77903850959046,0
2023-12-08,9,1,4,12,0,17.2,595.093547945323,0
2023-12-08,10,2,4,12,0,17.3,456.64508061328536,0
2023-12-08,3,2,4,12,0,25.096873120865904,401.62847808562094,0
2023-12-08,5,2,4,12,0,16.2,407.75658896906305,0
2023-12-08,11,0,4,12,1,14.3,911.619502531362,1
2023-12-09,2,1,5,12,0,15.3,741.9753878631761,0
2023-12-09,4,1,5,12,0,19.5,972.1850184690114,0
2023-12-09,10,2,5,12,1,13.4,423.98231650595983,0
2023-12-09,9,1,5,12,0,14.6,838.3400234322902,0
2023-12-09,11,0,5,12,0,17.6,1369.7658632993991,1
2023-12-09,1,0,5,12,0,21.5,1122.983475430045,1
2023-12-09,0,2,5,12,0,16.1,515.742051297906,0
2023-12-09,5,2,5,12,0,15.0,478.0991121093085,0
2023-12-09,6,0,5,12,0,17.2,1087.2732506077314,1
2023-12-09,3,2,5,12,0,13.0,511.88136802181225,0
2023-12-09,7,1,5,12,0,12.9,705.5910354083056,1
2023-12-10,0,2,6,12,0,18.8,436.0468835755562,0
2023-12-10,3,2,6,12,0,17.3,479.8337914274561,0
2023-12-10,2,1,6,12,0,17.1,826.20863313286,0
2023-12-10,5,2,6,12,0,17.2,459.080984826486,0
2023-12-10,7,1,6,12,0,16.6,857.4219040774158,1
2023-12-10,8,2,6,12,0,17.5,521.4675270884277,0
2023-12-10,4,1,6,12,0,14.0,767.6792944508794,0
2023-12-10,11,0,6,12,0,13.6,1248.2799232570203,1
2023-12-10,10,2,6,12,0,20.2,401.4622305183827,0
2023-12-10,6,0,6,12,0,16.5,1321.6992661736858,1
2023-12-11,9,1,0,12,1,18.1,475.21620009906127,0
2023-12-11,11,0,0,12,0,16.9,891.354657009934,1
2023-12-11,10,2,0,12,0,25.096873120865904,367.6185459402926,0
2023-12-11,7,1,0,12,0,16.9,587.7396218911292,0
2023-12-11,8,2,0,12,1,17.2,412.21572068227835,0
2023-12-11,6,0,0,12,0,11.4,957.8751162455329,1
2023-12-11,1,0,0,12,0,16.6,1037.0119977148029,1
2023-12-11,0,2,0,12,0,15.3,370.20253858290437,0
2023-12-11,3,2,0,12,0,22.1,375.39971520826265,0
2023-12-12,9,1,1,12,0,16.8,500.7738592180367,0
2023-12-12,3,2,1,12,0,19.9,319.04569707323077,0
2023-12-12,8,2,1,12,0,21.8,405.89316317227076,0
2023-12-12,7,1,1,12,1,18.1,587.0867556717101,0
2023-12-12,0,2,1,12,0,16.2,325.06874737825103,0
2023-12-12,5,2,1,12,0,20.4,376.10203594938906,0
2023-12-12,6,0,1,12,0,18.3,992.1674228315277,1
2023-12-12,2,1,1,12,0,16.6,600.4246964324417,0
2023-12-12,1,0,1,12,0,18.0,1144.815026379645,1
2023-12-12,11,0,1,12,0,18.0,1110.268709366255,1
2023-12-13,7,1,2,12,1,17.5,717.7604578809476,1
2023-12-13,0,2,2,12,0,17.2,328.2796705345329,0
2023-12-13,5,2,2,12,0,17.4,494.61050840515,0
2023-12-13,8,2,2,12,0,14.9,443.5376850360438,0
2023-12-13,2,1,2,12,0,16.1,603.2176517136364,0
2023-12-13,4,1,2,12,0,7.9,588.6322743081548,0
2023-12-13,10,2,2,12,0,19.2,380.7182637214124,0
2023-12-13,3,2,2,12,0,10.0,362.050371233944,0
2023-12-13,6,0,2,12,0,17.2,1034.7323072603126,1
2023-12-14,10,2,3,12,1,18.5,418.50287016022924,0
2023-12-14,8,2,3,12,0,17.1,463.88480953409106,0
2023-12-14,6,0,3,12,0,13.7,967.4879585224751,1
2023-12-14,3,2,3,12,0,14.7,333.11114176110266,0
2023-12-14,2,1,3,12,0,14.5,638.8035493735482,0
2023-12-14,4,1,3,12,0,11.7,645.4038686791467,0
2023-12-14,11,0,3,12,0,17.4,1291.0529306314013,1
2023-12-14,0,2,3,12,1,15.9,326.17053761063835,0
2023-12-14,1,0,3,12,0,15.4,1158.2239182375793,1
2023-12-14,7,1,3,12,0,15.0,698.2370367556478,0
2023-12-15,1,0,4,12,0,19.8,1188.744213887686,1
2023-12-15,6,0,4,12,0,12.5,1278.8581978755574,1
2023-12-15,4,1,4,12,0,12.1,646.7355033908053,0
2023-12-15,0,2,4,12,0,17.0,321.82405809171155,0
2023-12-15,7,1,4,12,0,25.096873120865904,640.6005967391457,0
2023-12-15,11,0,4,12,1,14.7,1151.0503349046742,1
2023-12-15,2,1,4,12,0,18.3,646.9274795049789,0
2023-12-15,10,2,4,12,0,15.7,288.4665602915793,0
2023-12-15,8,2,4,12,0,17.1,352.7945870855484,0
2023-12-15,5,2,4,12,0,20.4,422.97778396672425,0
2023-12-16,8,2,5,12,0,25.096873120865904,565.042949357173,0
2023-12-16,6,0,5,12,0,14.7,1079.2773547026297,1
2023-12-16,5,2,5,12,0,25.096873120865904,548.96874642891,0
2023-12-16,11,0,5,12,0,13.1,1363.063782823406,1
2023-12-16,3,2,5,12,0,15.3,416.49082664571335,0
2023-12-16,7,1,5,12,0,12.6,915.8335338556485,0
2023-12-16,4,1,5,12,0,19.1,704.2041365536332,0
2023-12-16,2,1,5,12,0,12.8,704.9841101725451,0
2023-12-16,0,2,5,12,0,25.096873120865904,404.3713976083336,0
2023-12-17,1,0,6,12,0,13.8,1087.9942777069455,1
2023-12-17,7,1,6,12,0,16.1,944.19602842215,0
2023-12-17,11,0,6,12,0,13.4,1478.8566924014983,1
2023-12-17,10,2,6,12,0,17.6,427.26151622047416,0
2023-12-17,2,1,6,12,0,15.3,684.410202049488,0
2023-12-17,5,2,6,12,0,18.2,527.8462945514493,0
2023-12-17,3,2,6,12,0,19.0,382.91249627050803,0
2023-12-17,9,1,6,12,0,16.0,697.0530111126908,0
2023-12-17,6,0,6,12,0,15.1,1101.2248232249922,1
2023-12-17,8,2,6,12,1,17.8,498.3761671560523,0
2023-12-18,1,0,0,12,0,18.4,876.2615055508837,1
2023-12-18,3,2,0,12,0,20.6,327.40890453208306,0
2023-12-18,10,2,0,12,0,25.096873120865904,369.1937087909544,0
2023-12-18,2,1,0,12,0,21.5,684.2661457527885,0
2023-12-18,0,2,0,12,0,19.9,335.3021605021802,0
2023-12-18,6,0,0,12,0,17.4,916.3257616195841,1
2023-12-18,9,1,0,12,0,17.2,756.934443603772,0
2023-12-18,11,0,0,12,0,11.8,1041.0044615694069,1
2023-12-18,5,2,0,12,0,12.5,452.5983212905734,0
2023-12-18,7,1,0,12,0,15.8,712.5723088394706,0
2023-12-18,8,2,0,12,0,15.0,539.3179031918712,0
2023-12-19,3,2,1,12,0,14.5,319.49748586451653,0
2023-12-19,6,0,1,12,1,17.6,1057.0900232068302,1
2023-12-19,2,1,1,12,0,13.0,521.4629526451073,0
2023-12-19,9,1,1,12,0,15.7,646.8227032852687,0
2023-12-19,10,2,1,12,0,15.7,359.5856263252514,0
2023-12-19,7,1,1,12,0,15.3,798.598121209553,0
2023-12-19,4,1,1,12,0,14.5,594.2384009992547,0
2023-12-19,11,0,1,12,1,14.9,1004.5585118457631,1
2023-12-19,0,2,1,12,0,15.7,318.9670317152142,0
2023-12-19,5,2,1,12,0,16.2,433.39681558824947,0
2023-12-20,3,2,2,12,0,16.2,360.5990231801431,0
2023-12-20,2,1,2,12,0,14.0,527.0428038956603,0
2023-12-20,7,1,2,12,0,12.3,855.0093799942521,0
2023-12-20,11,0,2,12,1,14.1,1228.3024667487705,1
2023-12-20,4,1,2,12,0,15.3,586.5691638954314,0
2023-12-20,5,2,2,12,1,16.7,454.5762373552818,0
2023-12-20,9,1,2,12,0,17.7,710.4290484284329,0
2023-12-20,8,2,2,12,0,19.9,458.5738183327078,0
2023-12-20,10,2,2,12,0,11.4,323.4548696618964,0
2023-12-20,6,0,2,12,0,17.8,1147.9713408016057,1
2023-12-20,0,2,2,12,1,13.4,302.0706458492147,0
2023-12-21,5,2,3,12,0,16.8,497.81550077506046,0
2023-12-21,2,1,3,12,0,12.9,547.2106012879767,0
2023-12-21,11,0,3,12,0,12.0,937.0186995839435,1
2023-12-21,7,1,3,12,1,18.8,697.1243227192681,1
2023-12-21,9,1,3,12,0,16.2,539.6083297833728,0
2023-12-21,8,2,3,12,0,14.5,416.18039954229613,0
2023-12-21,1,0,3,12,0,10.1,876.3839997648583,1
2023-12-21,6,0,3,12,0,13.3,1065.994186156542,1
2023-12-22,10,2,4,12,0,12.4,338.6550831196123,0
2023-12-22,7,1,4,12,1,16.5,686.8872376227071,1
2023-12-22,5,2,4,12,0,16.2,469.146485976504,0
2023-12-22,11,0,4,12,0,15.0,1337.1962885945316,1
2023-12-22,8,2,4,12,0,7.6,400.478571145411,0
2023-12-22,0,2,4,12,1,13.4,339.30951528000503,0
2023-12-22,2,1,4,12,1,18.6,556.3997465128998,0
2023-12-22,6,0,4,12,0,9.4,1017.1570657896636,1
2023-12-22,3,2,4,12,1,25.096873120865904,326.8842788186669,0
2023-12-22,9,1,4,12,0,16.2,569.9656595404981,0
2023-12-22,1,0,4,12,0,17.1,985.8544944322813,1
2023-12-22,4,1,4,12,0,25.096873120865904,569.7239974427332,0
2023-12-23,4,1,5,12,0,14.6,754.0131390830569,0
2023-12-23,11,0,5,12,0,14.5,1335.8375420245186,1
2023-12-23,8,2,5,12,0,16.2,419.02099403312957,0
2023-12-23,1,0,5,12,0,14.0,1299.2541947100829,1
2023-12-23,6,0,5,12,1,17.2,1231.3497484339432,1
2023-12-23,5,2,5,12,0,19.7,577.740980165032,0
2023-12-23,3,2,5,12,0,20.1,417.4560331337635,0
2023-12-23,2,1,5,12,0,15.8,648.9900430106698,1
2023-12-23,0,2,5,12,0,16.3,402.2713668841511,0
2023-12-24,5,2,6,12,1,12.9,537.0350875280425,0
2023-12-24,0,2,6,12,1,15.3,519.7647762069945,0
2023-12-24,11,0,6,12,0,19.8,1410.7007385541333,1
2023-12-24,3,2,6,12,0,16.9,390.80731288631637,0
2023-12-24,4,1,6,12,0,17.2,976.6517274467295,0
2023-12-24,1,0,6,12,1,12.3,1260.5218711938935,1
2023-12-24,2,1,6,12,0,19.2,644.8765825690568,1
2023-12-24,6,0,6,12,0,14.6,1138.8540992175824,1
2023-12-24,7,1,6,12,1,9.3,793.3490702613519,1
2023-12-24,9,1,6,12,0,17.5,721.0802561757721,0
2023-12-25,6,0,0,12,0,13.9,1059.0641260932503,1
2023-12-25,5,2,0,12,0,12.7,451.61437535211724,0
2023-12-25,4,1,0,12,1,15.7,524.9793879338574,1
2023-12-25,0,2,0,12,1,16.5,356.19992495694896,0
2023-12-25,1,0,0,12,0,11.8,1015.7482884609835,1
2023-12-25,10,2,0,12,0,17.9,358.18501211505225,0
2023-12-25,2,1,0,12,0,12.4,544.5612711542806,0
2023-12-25,9,1,0,12,0,18.5,594.9731850925858,0
2023-12-25,3,2,0,12,0,11.9,365.8779903629455,0
2023-12-25,8,2,0,12,0,14.0,357.3342429110577,0
2023-12-26,4,1,1,12,0,16.4,614.3983879842616,0
2023-12-26,3,2,1,12,0,19.0,410.2141884548879,0
2023-12-26,8,2,1,12,1,14.3,367.0840917418212,0
2023-12-26,10,2,1,12,1,17.8,388.4545312335973,0
2023-12-26,11,0,1,12,0,15.0,1380.4164940741216,1
2023-12-26,0,2,1,12,0,12.8,324.8627637120845,0
2023-12-26,1,0,1,12,1,12.5,1022.4138783422065,1
2023-12-27,0,2,2,12,0,17.6,422.45766080971504,0
2023-12-27,3,2,2,12,1,15.7,422.4488212517533,0
2023-12-27,11,0,2,12,0,10.8,1315.9638973224269,1
2023-12-27,7,1,2,12,1,14.1,690.509945252613,0
2023-12-27,2,1,2,12,1,10.0,664.2892101669381,1
2023-12-27,9,1,2,12,0,17.4,634.1787842139253,0
2023-12-27,4,1,2,12,0,15.1,620.7540070688316,0
2023-12-27,5,2,2,12,0,20.8,601.1508326902167,0
2023-12-27,1,0,2,12,0,20.3,1080.065195595277,1
2023-12-27,8,2,2,12,1,13.2,417.15543379893586,0
2023-12-27,10,2,2,12,0,15.9,365.6733685190153,0
2023-12-28,2,1,3,12,0,13.5,736.0555979790954,0
2023-12-28,10,2,3,12,0,12.7,332.0289319195228,0
2023-12-28,0,2,3,12,0,11.3,320.06468232200433,0
2023-12-28,1,0,3,12,1,13.9,1017.9948522536846,1
2023-12-28,6,0,3,12,0,17.3,1029.0754682373035,1
2023-12-28,5,2,3,12,0,18.8,451.75796370046834,0
2023-12-28,4,1,3,12,0,14.3,822.3255245428164,0
2023-12-28,11,0,3,12,0,14.0,1026.9736871069063,1
2023-12-29,0,2,4,12,0,11.9,443.256771289371,0
2023-12-29,11,0,4,12,0,21.0,1118.6898419500458,1
2023-12-29,10,2,4,12,1,13.6,308.7697830977256,0
2023-12-29,1,0,4,12,0,15.1,986.9307182691474,1
2023-12-29,2,1,4,12,0,12.5,841.734110284929,0
2023-12-29,6,0,4,12,0,19.1,917.3098822276708,1
2023-12-29,3,2,4,12,0,25.096873120865904,420.2048323742398,0
2023-12-29,7,1,4,12,0,18.9,923.5810810271129,0
2023-12-30,1,0,5,12,0,15.7,1249.220413212079,1
2023-12-30,11,0,5,12,0,19.9,1362.9354501118955,1
2023-12-30,4,1,5,12,0,16.4,701.5766813360774,0
2023-12-30,5,2,5,12,0,21.7,441.73165378538135,0
2023-12-30,2,1,5,12,0,19.1,943.3681898318705,1
2023-12-30,3,2,5,12,0,25.096873120865904,408.6086483333192,0
2023-12-30,7,1,5,12,0,17.3,907.3907852395093,0
2023-12-30,6,0,5,12,0,12.8,1373.3878676920654,1
2023-12-30,8,2,5,12,0,25.096873120865904,553.842400368963,0
2023-12-31,9,1,6,12,0,13.0,720.9621558737024,0
2023-12-31,2,1,6,12,0,16.9,851.4864456621044,1
2023-12-31,6,0,6,12,1,13.4,1107.941002591247,1
2023-12-31,8,2,6,12,0,12.0,601.2987990771259,0
2023-12-31,0,2,6,12,0,19.4,596.0596905728772,0
2023-12-31,10,2,6,12,0,17.4,372.39556108086725,0
2024-01-01,9,1,0,1,0,13.1,564.8130431945121,0
2024-01-01,4,1,0,1,0,15.1,849.027807409525,0
2024-01-01,8,2,0,1,0,17.5,510.25118491819376,0
2024-01-01,10,2,0,1,1,17.1,272.6358729064206,0
2024-01-01,6,0,0,1,0,16.3,1005.6915606401071,1
2024-01-01,2,1,0,1,0,13.9,669.4629694552051,0
2024-01-01,0,2,0,1,0,16.1,450.3375762318272,0
2024-01-02,8,2,1,1,0,14.0,600.6487405853151,0
2024-01-02,1,0,1,1,0,9.6,1183.3385462929978,1
2024-01-02,4,1,1,1,0,17.2,645.4781429875957,0
2024-01-02,10,2,1,1,0,17.8,389.80782451609775,0
2024-01-02,2,1,1,1,0,14.5,716.2352365133812,0
2024-01-02,9,1,1,1,0,19.5,615.4069435795155,0
2024-01-02,5,2,1,1,0,15.4,453.2463808754172,0
2024-01-02,7,1,1,1,0,16.8,594.2857048092663,0
2024-01-02,6,0,1,1,0,12.7,1041.9068321734906,1
2024-01-02,0,2,1,1,0,25.096873120865904,386.58625588505834,0
2024-01-03,11,0,2,1,0,17.4,1102.9237139515537,1
2024-01-03,8,2,2,1,0,13.6,545.9107174061629,0
2024-01-03,2,1,2,1,1,12.2,935.4540350292639,1
2024-01-03,6,0,2,1,0,14.2,1321.7695558958187,1
2024-01-03,5,2,2,1,0,12.6,450.44371126996026,0
2024-01-03,4,1,2,1,0,8.7,585.4212257223114,0
2024-01-03,0,2,2,1,0,16.8,396.63861025053995,0
2024-01-03,3,2,2,1,1,16.0,421.8392460985671,0
2024-01-03,1,0,2,1,0,7.0,967.1498543391633,1
2024-01-03,9,1,2,1,0,12.6,581.9286678730214,0
2024-01-04,7,1,3,1,0,10.3,554.1645064763134,1
2024-01-04,8,2,3,1,0,13.2,460.32221995147546,0
2024-01-04,10,2,3,1,0,15.2,372.93926796839213,0
2024-01-04,11,0,3,1,0,15.3,1315.690169244048,1
2024-01-04,3,2,3,1,0,20.5,337.14083426645186,0
2024-01-04,9,1,3,1,0,15.6,609.1593145935092,0
2024-01-04,0,2,3,1,0,15.4,439.54481459708694,0
2024-01-04,4,1,3,1,0,10.6,600.6688192947972,0
2024-01-04,2,1,3,1,0,16.7,747.9772806538703,0
2024-01-05,8,2,4,1,0,14.6,390.05546106244645,0
2024-01-05,0,2,4,1,0,11.7,358.6078626227395,0
2024-01-05,5,2,4,1,0,13.0,566.5698293955489,0
2024-01-05,3,2,4,1,0,10.1,349.60910764329236,0
2024-01-05,2,1,4,1,0,11.8,788.4015861490846,0
2024-01-05,11,0,4,1,0,15.5,1256.0688366436648,1
2024-01-05,9,1,4,1,1,15.7,595.9863082565934,0
2024-01-05,4,1,4,1,0,17.0,728.3739086656825,0
2024-01-05,1,0,4,1,0,21.3,1067.437961472553,1
2024-01-06,8,2,5,1,0,16.3,482.00657328231495,0
2024-01-06,5,2,5,1,0,17.7,568.5202594203186,0
2024-01-06,0,2,5,1,0,9.8,370.4320188734497,0
2024-01-06,6,0,5,1,0,14.5,1205.4078801042806,1
2024-01-06,4,1,5,1,0,13.8,800.9037061745358,1
2024-01-06,9,1,5,1,0,10.9,696.7585718762035,0
2024-01-06,3,2,5,1,0,13.9,400.7028777009157,0
2024-01-06,10,2,5,1,0,15.3,445.7978349204902,0
2024-01-06,7,1,5,1,0,14.9,659.5870577046481,1
2024-01-06,11,0,5,1,0,25.096873120865904,1459.3538447862488,1
2024-01-07,1,0,6,1,0,20.6,1286.874950853661,1
2024-01-07,7,1,6,1,0,21.7,779.3654130797054,1
2024-01-07,5,2,6,1,0,12.9,524.5933051465686,0
2024-01-07,6,0,6,1,0,19.3,1462.7808530913312,1
2024-01-07,10,2,6,1,0,13.4,472.72569689393646,0
2024-01-07,8,2,6,1,1,16.2,488.710388866383,0
2024-01-07,9,1,6,1,0,11.2,722.2223112561769,1
2024-01-07,0,2,6,1,0,15.1,402.49574533125013,0
2024-01-07,3,2,6,1,0,18.2,498.1813865268156,0
2024-01-07,11,0,6,1,0,11.5,1360.8232622018666,1
2024-01-08,8,2,0,1,0,13.3,392.21130728670215,0
2024-01-08,3,2,0,1,0,13.0,333.4785266363138,0
2024-01-08,4,1,0,1,0,11.9,648.4374099961096,0
2024-01-08,10,2,0,1,1,12.1,474.37005775184156,0
2024-01-08,0,2,0,1,0,12.2,373.5602869812259,0
2024-01-08,11,0,0,1,1,14.8,1176.437133349079,1
2024-01-08,6,0,0,1,0,13.0,887.1149507919064,1
2024-01-08,9,1,0,1,0,13.0,638.2037628291673,0
2024-01-08,5,2,0,1,0,20.5,442.87665112648773,0
2024-01-09,9,1,1,1,0,17.8,650.269016962728,0
2024-01-09,10,2,1,1,0,14.8,404.5877184185179,0
2024-01-09,7,1,1,1,0,13.7,701.1738130856198,0
2024-01-09,8,2,1,1,1,9.1,490.9933640681135,0
2024-01-09,0,2,1,1,0,16.6,381.285473240351,0
2024-01-09,6,0,1,1,0,11.6,964.3153574106539,1
2024-01-09,5,2,1,1,0,16.4,456.9165967491646,0
2024-01-09,2,1,1,1,0,13.3,748.0986690443996,0
2024-01-09,11,0,1,1,0,12.4,1256.8947736065577,1
2024-01-09,3,2,1,1,1,17.2,359.953717930378,0
2024-01-10,8,2,2,1,0,20.1,430.22991317238683,0
2024-01-10,6,0,2,1,0,12.3,1165.1330954790074,1
2024-01-10,0,2,2,1,1,25.096873120865904,413.10226571580665,0
2024-01-10,9,1,2,1,1,18.1,611.8939814933384,0
2024-01-10,11,0,2,1,0,14.2,1199.344722468208,1
2024-01-10,7,1,2,1,0,15.1,1007.3308224199642,0
2024-01-10,10,2,2,1,0,17.2,456.356291946927,0
2024-01-11,11,0,3,1,0,17.8,892.5984237693646,1
2024-01-11,6,0,3,1,0,15.6,1122.1425158742486,1
2024-01-11,4,1,3,1,0,12.1,806.6369105628834,0
2024-01-11,8,2,3,1,0,25.096873120865904,428.40586389647444,0
2024-01-11,7,1,3,1,0,17.4,872.0996226470836,0
2024-01-11,10,2,3,1,0,12.3,480.4029587886447,0
2024-01-11,1,0,3,1,0,20.9,1173.320482487885,1
2024-01-11,9,1,3,1,0,13.9,611.5017647272728,0
2024-01-11,3,2,3,1,0,12.0,434.00077067787,0
2024-01-11,5,2,3,1,0,15.2,562.9091736482711,0
2024-01-11,2,1,3,1,0,18.1,771.0908691549109,0
2024-01-11,0,2,3,1,0,16.3,377.7344273081361,0
2024-01-12,3,2,4,1,0,11.8,357.7155035787891,0
2024-01-12,10,2,4,1,0,12.0,509.97465385719033,0
2024-01-12,9,1,4,1,0,12.2,797.9944761648626,0
2024-01-12,8,2,4,1,0,11.6,438.56516974538266,0
2024-01-12,11,0,4,1,0,15.6,1028.1567816583968,1
2024-01-12,4,1,4,1,0,14.3,738.3241166039633,0
2024-01-12,6,0,4,1,0,15.2,1125.1168472563002,1
2024-01-12,7,1,4,1,0,14.1,876.6016549853264,0
2024-01-12,1,0,4,1,0,15.4,1006.4302481070438,1
2024-01-13,0,2,5,1,0,25.096873120865904,449.2165055538566,0
2024-01-13,5,2,5,1,0,14.1,493.9517102805903,0
2024-01-13,2,1,5,1,0,14.7,800.9507110072868,1
2024-01-13,10,2,5,1,0,17.0,568.5485123920716,0
2024-01-13,3,2,5,1,1,15.3,430.12962330656063,0
2024-01-13,11,0,5,1,0,22.9,1355.2648543873943,1
2024-01-13,7,1,5,1,0,16.6,1110.2897954521904,1
2024-01-13,9,1,5,1,0,17.3,728.3581684875035,0
2024-01-13,6,0,5,1,0,14.0,1487.5963429323313,1
2024-01-13,8,2,5,1,1,13.6,532.970094286608,0
2024-01-13,1,0,5,1,0,16.5,1398.7096121722116,1
2024-01-14,0,2,6,1,0,17.4,416.59750712245875,0
2024-01-14,11,0,6,1,0,16.5,1559.2270780276692,1
2024-01-14,6,0,6,1,0,13.1,1387.497768121877,1
2024-01-14,8,2,6,1,0,13.4,673.3846147119339,0
2024-01-14,10,2,6,1,0,10.7,466.27632268962884,0
2024-01-14,1,0,6,1,0,15.8,1265.4544394235625,1
2024-01-14,9,1,6,1,1,9.1,858.8249596867635,1
2024-01-14,7,1,6,1,0,13.8,1092.3300599119937,0
2024-01-14,4,1,6,1,0,25.096873120865904,979.0238434323061,1
2024-01-15,7,1,0,1,0,15.0,907.1200447422185,0
2024-01-15,8,2,0,1,0,14.0,453.1668033694976,0
2024-01-15,1,0,0,1,0,16.7,1128.5842492272861,1
2024-01-15,0,2,0,1,0,17.6,341.5904471297559,0
2024-01-15,2,1,0,1,0,12.6,672.4955563906832,0
2024-01-15,9,1,0,1,0,15.3,710.2226203112775,0
2024-01-15,4,1,0,1,1,11.4,790.4456374320386,1
2024-01-15,6,0,0,1,0,10.7,1183.8311710250837,1
2024-01-15,3,2,0,1,0,14.7,367.6619533323307,0
2024-01-16,6,0,1,1,0,23.3,1176.8745717523814,1
2024-01-16,8,2,1,1,1,15.7,573.6797174592266,0
2024-01-16,2,1,1,1,0,13.6,640.067501413537,0
2024-01-16,0,2,1,1,0,25.096873120865904,363.18460723971776,0
2024-01-16,1,0,1,1,0,11.5,1465.8826824972653,1
2024-01-17,11,0,2,1,0,11.1,1106.4390589334178,1
2024-01-17,9,1,2,1,1,11.9,730.1933046846957,0
2024-01-17,0,2,2,1,0,18.2,477.69384307187414,0
2024-01-17,2,1,2,1,0,17.1,663.5835470201256,0
2024-01-17,10,2,2,1,1,16.0,360.50887476665287,0
2024-01-17,3,2,2,1,1,17.1,382.98989905403215,0
2024-01-17,7,1,2,1,0,13.2,728.8261269481629,0
2024-01-18,1,0,3,1,0,13.4,1249.692525894168,1
2024-01-18,9,1,3,1,0,9.1,603.0990059832534,0
2024-01-18,7,1,3,1,1,11.9,729.2282587985965,1
2024-01-18,5,2,3,1,0,11.7,547.2800777940228,0
2024-01-18,2,1,3,1,0,12.0,750.4795918989635,0
2024-01-18,4,1,3,1,0,16.1,792.5803139317616,0
2024-01-18,10,2,3,1,1,13.0,368.57104199775335,0
2024-01-18,8,2,3,1,0,19.6,401.4664317930599,0
2024-01-18,0,2,3,1,0,14.6,444.97246366693753,0
2024-01-18,3,2,3,1,0,15.3,366.1964990217327,0
2024-01-18,11,0,3,1,0,10.4,999.079289811413,1
2024-01-19,4,1,4,1,0,16.5,755.4401067080022,0
2024-01-19,11,0,4,1,0,17.0,1124.4774662425118,1
2024-01-19,7,1,4,1,1,20.4,711.1776298978983,1
2024-01-19,0,2,4,1,0,25.096873120865904,427.54139747251276,0
2024-01-19,1,0,4,1,0,19.9,1112.1595398090712,1
2024-01-19,3,2,4,1,0,15.5,368.1291541642727,0
2024-01-19,6,0,4,1,0,13.5,1087.1240352137083,1
2024-01-19,8,2,4,1,0,13.8,415.92856758044707,0
2024-01-19,5,2,4,1,0,10.7,510.22801610531246,0
2024-01-20,9,1,5,1,0,13.8,750.6730448811649,0
2024-01-20,4,1,5,1,0,14.2,917.6670452027962,1
2024-01-20,0,2,5,1,0,14.3,471.16649564956253,0
2024-01-20,7,1,5,1,0,16.9,868.4217326789562,1
2024-01-20,2,1,5,1,0,14.6,950.8994318913401,0
2024-01-20,8,2,5,1,0,17.5,643.1647081075109,0
2024-01-20,1,0,5,1,0,12.7,1099.6982459042206,1
2024-01-20,5,2,5,1,0,16.3,536.0677528171143,0
2024-01-20,11,0,5,1,1,13.2,1367.169820862339,1
2024-01-21,4,1,6,1,0,14.1,1013.7941497256705,0
2024-01-21,6,0,6,1,0,12.1,1306.634339935339,1
2024-01-21,2,1,6,1,0,17.1,943.9029208054318,0
2024-01-21,5,2,6,1,0,9.9,489.9690816527224,0
2024-01-21,7,1,6,1,0,16.7,791.7543039201263,1
2024-01-21,8,2,6,1,0,18.7,562.2957543993214,0
2024-01-21,1,0,6,1,0,13.1,1183.5850911855346,1
2024-01-21,11,0,6,1,0,20.2,1356.9138261209093,1
2024-01-22,4,1,0,1,0,13.2,915.2082508866649,0
2024-01-22,11,0,0,1,0,18.6,1129.7962304755638,1
2024-01-22,10,2,0,1,0,13.3,377.6938493359548,0
2024-01-22,9,1,0,1,0,11.3,709.25086601279,0
2024-01-22,6,0,0,1,0,17.9,1091.1948097668362,1
2024-01-22,2,1,0,1,0,16.8,783.950676345226,0
2024-01-22,3,2,0,1,0,15.7,408.2109949244878,0
2024-01-22,5,2,0,1,0,15.4,504.81307986033244,0
2024-01-22,8,2,0,1,1,16.6,488.49200879926656,0
2024-01-23,10,2,1,1,0,18.5,444.397534198622,0
2024-01-23,7,1,1,1,0,17.6,686.7310694349495,0
2024-01-23,3,2,1,1,0,10.9,421.5195370516766,0
2024-01-23,2,1,1,1,0,11.5,768.904720766422,0
2024-01-23,8,2,1,1,0,12.2,649.8354060584476,0
2024-01-23,6,0,1,1,0,8.6,1155.1823892575771,1
2024-01-23,4,1,1,1,0,15.8,977.2113962164341,0
2024-01-23,9,1,1,1,0,17.7,659.7013594470765,0
2024-01-23,5,2,1,1,0,12.4,465.3760292895279,0
2024-01-23,1,0,1,1,0,22.1,1328.8365049251286,1
2024-01-24,9,1,2,1,0,14.0,749.0491413535933,0
2024-01-24,10,2,2,1,0,16.2,471.51243181333757,0
2024-01-24,0,2,2,1,0,11.0,405.8774224711384,0
2024-01-24,1,0,2,1,1,15.5,1244.0763890145756,1
2024-01-24,3,2,2,1,0,25.096873120865904,476.51774971254196,0
2024-01-24,8,2,2,1,0,16.4,488.44218173268877,0
2024-01-24,4,1,2,1,1,20.9,891.093217413353,0
2024-01-24,11,0,2,1,0,14.5,1099.5031268626403,1
2024-01-24,7,1,2,1,0,17.0,693.712963819963,0
2024-01-25,1,0,3,1,1,20.1,1027.3635414810701,1
2024-01-25,9,1,3,1,0,17.4,548.2818837039734,0
2024-01-25,10,2,3,1,0,17.1,452.20116519702356,0
2024-01-25,5,2,3,1,0,11.7,479.0013285152952,0
2024-01-25,7,1,3,1,0,21.0,947.0116433594781,0
2024-01-25,6,0,3,1,0,16.3,1031.1421068951693,1
2024-01-25,8,2,3,1,0,18.2,396.1194379169207,0
2024-01-25,11,0,3,1,0,14.4,1222.8904505020448,1
2024-01-25,4,1,3,1,0,16.2,798.6571263810799,0
2024-01-25,0,2,3,1,1,21.3,446.2217701769931,0
2024-01-26,2,1,4,1,0,16.2,646.3207558417761,0
2024-01-26,4,1,4,1,0,14.6,741.7047055994624,0
2024-01-26,10,2,4,1,0,15.0,406.3644273842061,0
2024-01-26,9,1,4,1,0,13.0,585.309089321386,0
2024-01-26,1,0,4,1,0,14.3,1070.2622349183102,1
2024-01-26,8,2,4,1,0,16.4,386.14996178580446,0
2024-01-26,3,2,4,1,0,14.5,355.89809341978963,0
2024-01-26,11,0,4,1,0,16.3,1335.1265098242573,1
2024-01-26,0,2,4,1,0,12.5,430.3506467746341,0
2024-01-26,6,0,4,1,0,19.0,1082.729706953607,1
2024-01-27,1,0,5,1,0,13.1,1224.7654317600152,1
2024-01-27,2,1,5,1,0,17.9,763.1054430900447,1
2024-01-27,7,1,5,1,0,18.3,864.4555646093968,1
2024-01-27,4,1,5,1,0,22.2,860.8152956085005,1
2024-01-27,6,0,5,1,0,18.1,1950.106849177768,1
2024-01-27,10,2,5,1,0,15.5,487.31736001466936,0
2024-01-27,11,0,5,1,0,15.6,1612.7267503765513,1
2024-01-27,3,2,5,1,0,17.3,421.7800303804074,0
2024-01-27,9,1,5,1,0,12.9,711.4731503332526,1
2024-01-27,8,2,5,1,0,25.096873120865904,500.59053759830505,0
2024-01-28,3,2,6,1,1,25.096873120865904,456.85612024949023,0
2024-01-28,5,2,6,1,0,15.2,561.8895587772752,0
2024-01-28,8,2,6,1,0,14.7,516.115112525241,0
2024-01-28,7,1,6,1,0,9.8,864.9632733440666,1
2024-01-28,6,0,6,1,0,13.9,1340.627858631425,1
2024-01-28,0,2,6,1,0,15.2,508.91354736846455,0
2024-01-28,10,2,6,1,0,14.2,658.321600686536,0
2024-01-28,11,0,6,1,1,9.2,1381.590817865005,1
2024-01-29,3,2,0,1,1,14.7,413.7845057623872,0
2024-01-29,8,2,0,1,0,12.5,536.1687688902567,0
2024-01-29,0,2,0,1,0,18.2,447.03028638264254,0
2024-01-29,1,0,0,1,0,20.5,1400.7923815460615,1
2024-01-29,2,1,0,1,0,14.9,586.5260432038262,0
2024-01-29,9,1,0,1,0,19.9,566.3187790101089,0
2024-01-29,5,2,0,1,0,14.0,452.02363110929633,0
2024-01-29,4,1,0,1,0,12.0,723.1365075430556,0
2024-01-29,11,0,0,1,0,21.9,1361.111852502073,1
2024-01-30,5,2,1,1,0,16.5,426.3192473984916,0
2024-01-30,3,2,1,1,0,13.6,457.667157325291,0
2024-01-30,6,0,1,1,0,16.3,1114.5386122875393,1
2024-01-30,0,2,1,1,0,20.5,476.68951681138867,0
2024-01-30,4,1,1,1,0,11.7,641.8981760910073,0
2024-01-30,9,1,1,1,0,14.5,535.7397793362466,0
2024-01-30,10,2,1,1,0,13.3,346.411319231527,0
2024-01-30,1,0,1,1,0,10.6,1142.8428765014735,1
2024-01-30,7,1,1,1,0,17.1,685.0192544848352,0
2024-01-31,3,2,2,1,0,16.8,459.849755572853,0
2024-01-31,8,2,2,1,0,14.1,464.2308498106983,0
2024-01-31,2,1,2,1,0,18.0,752.77416866469,0
2024-01-31,6,0,2,1,0,15.2,1045.3659536859732,1
2024-01-31,10,2,2,1,1,14.2,370.6367289580186,0
2024-01-31,11,0,2,1,0,15.2,1032.3819377636357,1
2024-01-31,9,1,2,1,0,15.8,571.8148566870319,0
2024-02-01,9,1,3,2,1,8.1,596.5067513893193,1
2024-02-01,3,2,3,2,0,16.0,436.4526177168703,0
2024-02-01,1,0,3,2,0,20.4,1672.8080705299408,1
2024-02-01,8,2,3,2,0,11.2,389.64805953067673,0
2024-02-01,4,1,3,2,0,15.5,644.2501934623119,1
2024-02-01,0,2,3,2,0,13.5,472.8491271222935,0
2024-02-01,5,2,3,2,1,12.5,485.05625000338574,0
2024-02-01,7,1,3,2,1,14.2,681.9874752235186,1
2024-02-01,6,0,3,2,1,17.5,1028.0994565212948,1
2024-02-01,10,2,3,2,1,13.1,449.24119455607024,0
2024-02-01,11,0,3,2,0,12.7,1093.8023281678106,1
2024-02-02,4,1,4,2,0,14.1,777.3982294666139,0
2024-02-02,2,1,4,2,0,20.3,755.4609934313571,1
2024-02-02,11,0,4,2,1,25.096873120865904,1150.991917468615,1
2024-02-02,0,2,4,2,0,18.4,374.44963193047994,0
2024-02-02,8,2,4,2,0,25.096873120865904,415.22233757742606,0
2024-02-02,6,0,4,2,0,20.2,988.0598244498578,1
2024-02-02,7,1,4,2,0,16.8,684.5967036475018,0
2024-02-02,1,0,4,2,0,16.6,1386.4249518320428,1
2024-02-02,5,2,4,2,1,19.3,484.72814198007404,0
2024-02-02,3,2,4,2,0,20.0,407.74876713698274,0
2024-02-03,1,0,5,2,0,20.8,1686.460863562333,1
2024-02-03,0,2,5,2,0,11.1,464.9191395118216,0
2024-02-03,9,1,5,2,0,25.096873120865904,870.3480457154297,0
2024-02-03,6,0,5,2,0,14.9,1201.0337655824264,1
2024-02-03,2,1,5,2,0,13.2,919.1184852971384,1
2024-02-03,5,2,5,2,0,17.7,654.7396382252917,0
2024-02-04,3,2,6,2,1,13.8,473.4154834164686,0
2024-02-04,4,1,6,2,1,24.1,711.0791372523504,1
2024-02-04,9,1,6,2,0,16.1,897.5537446139751,0
2024-02-04,10,2,6,2,0,21.0,473.0318039138355,0
2024-02-04,2,1,6,2,0,22.5,779.0528443364159,0
2024-02-04,5,2,6,2,0,17.4,634.9403146103627,0
2024-02-04,8,2,6,2,0,17.6,472.6317475591436,0
2024-02-04,11,0,6,2,0,15.6,1950.9266844069455,1
2024-02-04,6,0,6,2,0,17.5,1209.8876913046743,1
2024-02-04,1,0,6,2,0,13.5,1486.1998581072382,1
2024-02-04,0,2,6,2,0,14.5,469.6547535054685,0
2024-02-05,8,2,0,2,0,21.8,390.65072455830597,0
2024-02-05,4,1,0,2,0,14.9,714.3872294750211,0
2024-02-05,0,2,0,2,0,16.8,392.7060972622157,0
2024-02-05,3,2,0,2,0,14.9,426.9160383189598,0
2024-02-05,10,2,0,2,0,12.3,420.2635104098752,0
2024-02-05,11,0,0,2,0,17.9,1151.3999125513865,1
2024-02-05,1,0,0,2,0,20.0,1141.6359612268704,1
2024-02-05,2,1,0,2,0,25.096873120865904,733.4831121536367,0
2024-02-05,9,1,0,2,0,20.6,627.7549285781296,0
2024-02-06,1,0,1,2,0,14.3,1105.0174732701842,1
2024-02-06,9,1,1,2,0,16.0,659.3472142226065,0
2024-02-06,3,2,1,2,0,19.1,362.5051827137918,0
2024-02-06,4,1,1,2,0,18.6,691.8636734675011,0
2024-02-06,11,0,1,2,0,13.0,1115.9681073413349,1
2024-02-06,5,2,1,2,1,16.8,479.48375307713786,0
2024-02-06,8,2,1,2,0,17.4,382.08274589575365,0
2024-02-06,2,1,1,2,0,16.2,726.9110287449644,0
2024-02-06,10,2,1,2,0,16.6,461.1181710988313,0
2024-02-06,6,0,1,2,0,20.2,1020.9159444671529,1
2024-02-07,11,0,2,2,0,13.2,1105.0262223769046,1
2024-02-07,6,0,2,2,0,19.7,1070.4852165771263,1
2024-02-07,0,2,2,2,0,25.096873120865904,509.31467013147767,0
2024-02-07,10,2,2,2,0,14.0,606.2199815746732,0
2024-02-07,2,1,2,2,0,17.3,771.4511443894893,0
2024-02-07,5,2,2,2,1,16.1,445.19289227790614,0
2024-02-07,8,2,2,2,0,18.6,353.1509178538542,0
2024-02-07,1,0,2,2,0,16.2,1229.9787177554365,1
2024-02-07,3,2,2,2,0,14.1,382.03853246144655,0
2024-02-08,8,2,3,2,0,17.4,391.6243213691546,0
2024-02-08,1,0,3,2,0,12.9,1157.053527276003,1
2024-02-08,9,1,3,2,1,17.7,892.5439141254274,1
2024-02-08,4,1,3,2,0,12.7,918.0684585268567,0
2024-02-08,11,0,3,2,0,17.3,1111.4844821719246,1
2024-02-08,3,2,3,2,0,14.6,331.4947300282087,0
2024-02-08,2,1,3,2,0,10.9,839.557071580629,0
2024-02-08,10,2,3,2,0,16.2,613.9257589678232,0
2024-02-09,10,2,4,2,1,18.1,383.99952125671473,0
2024-02-09,7,1,4,2,0,12.8,741.6122869940197,0
2024-02-09,11,0,4,2,0,16.8,1392.9353351045536,1
2024-02-09,9,1,4,2,0,18.2,579.8550973110351,0
2024-02-09,4,1,4,2,1,16.4,740.4222272713423,1
2024-02-09,0,2,4,2,1,17.0,409.90036483958926,0
2024-02-09,5,2,4,2,0,18.1,550.150964646763,0
2024-02-09,6,0,4,2,0,17.1,1181.4305347704294,1
2024-02-10,10,2,5,2,0,15.5,694.7943490487819,0
2024-02-10,11,0,5,2,0,18.7,1464.2149416362522,1
2024-02-10,7,1,5,2,1,15.2,969.4231003678959,1
2024-02-10,6,0,5,2,0,19.2,1511.4654669060117,1
2024-02-10,2,1,5,2,0,16.8,936.3533350771489,0
2024-02-10,0,2,5,2,1,11.8,469.43725771967684,0
2024-02-10,3,2,5,2,0,18.2,485.4627922385666,0
2024-02-10,5,2,5,2,1,16.1,557.6179925066864,0
2024-02-11,0,2,6,2,0,25.096873120865904,473.52593654280076,0
2024-02-11,6,0,6,2,0,19.3,1544.5945922266949,1
2024-02-11,7,1,6,2,0,17.0,997.9859152886025,1
2024-02-11,2,1,6,2,0,14.3,830.4733695974551,0
2024-02-11,4,1,6,2,1,24.2,1100.0662934211953,1
2024-02-11,3,2,6,2,0,13.8,603.2498718602719,0
2024-02-11,5,2,6,2,0,15.8,681.1016443524267,0
2024-02-11,10,2,6,2,0,11.2,466.84749199353917,0
2024-02-11,9,1,6,2,0,16.4,752.0098036741219,0
2024-02-11,8,2,6,2,0,14.4,586.0927642127352,0
2024-02-12,10,2,0,2,0,13.9,346.40324300669323,0
2024-02-12,11,0,0,2,0,17.3,1363.4777799740373,1
2024-02-12,4,1,0,2,0,18.1,838.3953206393801,0
2024-02-12,5,2,0,2,0,16.4,532.9571518538663,0
2024-02-12,0,2,0,2,1,19.1,395.8031660577883,0
2024-02-12,8,2,0,2,0,20.5,454.577541185152,0
2024-02-12,1,0,0,2,0,19.0,1180.0381975410837,1
2024-02-12,6,0,0,2,0,15.3,1255.0453482615867,1
2024-02-12,2,1,0,2,0,13.1,657.6738200812287,0
2024-02-13,2,1,1,2,0,16.0,635.5039144687684,0
2024-02-13,6,0,1,2,1,16.3,1307.1221806781816,1
2024-02-13,10,2,1,2,0,16.0,344.6597505699336,0
2024-02-13,0,2,1,2,0,23.5,404.63622142520353,0
2024-02-13,8,2,1,2,0,15.2,491.4481721170653,0
2024-02-13,5,2,1,2,0,15.0,623.6422893532648,0
2024-02-13,3,2,1,2,0,16.7,478.3362278216872,0
2024-02-13,11,0,1,2,0,19.3,1311.9095170316045,1
2024-02-13,4,1,1,2,0,15.8,766.0784851127113,0
2024-02-13,9,1,1,2,0,19.9,719.7694471451573,0
2024-02-13,1,0,1,2,0,14.0,1203.4327420152101,1
2024-02-14,2,1,2,2,0,19.3,701.9539904128558,0
2024-02-14,9,1,2,2,0,16.2,787.6607163358709,0
2024-02-14,7,1,2,2,0,22.4,917.9896399326079,1
2024-02-14,10,2,2,2,0,19.5,347.1013432593132,0
2024-02-14,6,0,2,2,0,19.9,1199.5879177545312,1
2024-02-14,1,0,2,2,0,25.096873120865904,1218.141805900692,1
2024-02-14,3,2,2,2,0,13.2,426.08906869531086,0
2024-02-14,8,2,2,2,1,14.4,545.9351093996738,0
2024-02-14,4,1,2,2,0,19.2,680.3167766017815,0
2024-02-14,0,2,2,2,1,17.2,409.9432445880178,0
2024-02-14,5,2,2,2,0,16.6,712.488877350756,0
2024-02-14,11,0,2,2,0,17.9,1185.394270952147,1
2024-02-15,0,2,3,2,1,19.1,456.3747962188476,0
2024-02-15,10,2,3,2,0,21.7,363.1548397766645,0
2024-02-15,7,1,3,2,0,17.0,714.6095246032845,1
2024-02-15,11,0,3,2,0,17.2,1183.460854635438,1
2024-02-15,8,2,3,2,0,17.4,492.05401370612975,0
2024-02-15,6,0,3,2,0,22.9,1069.643047697912,1
2024-02-15,5,2,3,2,0,22.3,493.5389166721482,0
2024-02-15,9,1,3,2,0,19.8,895.6077803480712,0
2024-02-15,2,1,3,2,0,16.0,736.7175553331067,0
2024-02-15,3,2,3,2,0,20.0,449.25665100877535,0
2024-02-16,0,2,4,2,0,22.7,534.4090593327625,0
2024-02-16,1,0,4,2,0,18.9,1162.7391008790287,1
2024-02-16,7,1,4,2,0,15.5,772.4954796689412,0
2024-02-16,5,2,4,2,0,16.0,493.59601378347514,0
2024-02-16,9,1,4,2,0,17.5,764.6212207195587,0
2024-02-16,11,0,4,2,0,19.6,1198.228791824322,1
2024-02-16,4,1,4,2,0,15.9,867.2560311207516,0
2024-02-16,10,2,4,2,1,20.1,441.0701795125615,0
2024-02-16,6,0,4,2,0,18.0,1120.2942984975978,1
2024-02-16,3,2,4,2,0,18.3,399.3514610205645,0
2024-02-17,0,2,5,2,0,19.4,595.930363644019,0
2024-02-17,10,2,5,2,0,13.9,422.8415298022712,0
2024-02-17,6,0,5,2,0,16.8,1455.6835836241346,1
2024-02-17,9,1,5,2,0,16.9,923.4111998203855,0
2024-02-17,8,2,5,2,0,21.4,579.3251442097584,0
2024-02-17,3,2,5,2,0,21.4,454.33268854102613,0
2024-02-17,11,0,5,2,0,18.1,1323.6271902390617,1
2024-02-17,1,0,5,2,0,16.7,1286.9138752450262,1
2024-02-17,2,1,5,2,0,15.6,688.9817774674891,0
2024-02-17,5,2,5,2,0,13.0,760.9903901475199,0
2024-02-17,4,1,5,2,1,19.9,767.5997961943715,1
2024-02-18,10,2,6,2,0,15.3,394.333435446094,0
2024-02-18,6,0,6,2,0,21.3,1376.0031908373635,1
2024-02-18,7,1,6,2,0,19.7,949.6262268950574,1
2024-02-18,8,2,6,2,0,20.6,587.5501696777011,0
2024-02-18,1,0,6,2,0,19.0,1325.9792278046891,1
2024-02-18,4,1,6,2,0,16.5,1024.7589331208046,1
2024-02-18,9,1,6,2,1,16.6,844.0182587554574,1
2024-02-19,3,2,0,2,0,22.5,480.95616263746535,0
2024-02-19,11,0,0,2,0,19.2,1219.785451341818,1
2024-02-19,0,2,0,2,0,15.7,511.2858120108251,0
2024-02-19,9,1,0,2,0,25.096873120865904,921.648754724867,0
2024-02-19,6,0,0,2,1,18.2,1150.0414266539892,1
2024-02-19,2,1,0,2,0,15.9,571.0176445032533,0
2024-02-19,1,0,0,2,0,14.1,1088.638286485494,1
2024-02-19,4,1,0,2,0,16.6,767.1753937898008,1
2024-02-19,8,2,0,2,0,17.0,508.0055426066862,0
2024-02-19,5,2,0,2,0,9.1,455.25727819454255,0
2024-02-19,10,2,0,2,0,13.4,370.4289440790178,0
2024-02-20,0,2,1,2,0,18.7,422.5889010397347,0
2024-02-20,10,2,1,2,1,17.0,374.02519079316573,0
2024-02-20,8,2,1,2,0,14.2,485.1391889421023,0
2024-02-20,11,0,1,2,1,18.0,1197.9357255696139,1
2024-02-20,2,1,1,2,1,16.9,617.684648557518,0
2024-02-20,5,2,1,2,0,12.6,420.7601977590136,0
2024-02-20,7,1,1,2,1,25.096873120865904,861.6656509492173,1
2024-02-20,9,1,1,2,0,25.096873120865904,736.6651832339529,0
2024-02-21,9,1,2,2,0,15.7,663.9060975177916,0
2024-02-21,2,1,2,2,0,17.6,696.1647350015477,0
2024-02-21,3,2,2,2,1,18.2,468.65204490782634,0
2024-02-21,8,2,2,2,0,16.3,611.5416214181411,0
2024-02-21,1,0,2,2,0,18.3,1373.1661899037908,1
2024-02-21,10,2,2,2,0,16.8,425.8115046436307,0
2024-02-21,7,1,2,2,0,20.9,1007.8947758908575,0
2024-02-21,6,0,2,2,0,15.5,1308.1314540208734,1
2024-02-22,11,0,3,2,0,17.3,1312.126590207002,1
2024-02-22,4,1,3,2,0,19.2,803.4535789379821,1
2024-02-22,3,2,3,2,0,22.6,520.1103891751025,0
2024-02-22,1,0,3,2,0,14.1,1720.6489299854181,1
2024-02-22,0,2,3,2,1,19.0,588.5381312897467,0
2024-02-22,10,2,3,2,0,13.9,415.3153787651461,0
2024-02-22,6,0,3,2,0,17.2,1127.061783057352,1
2024-02-22,9,1,3,2,0,13.9,624.7850253127153,0
2024-02-22,2,1,3,2,0,17.9,673.917010988877,0
2024-02-22,5,2,3,2,0,17.1,448.64231771659155,0
2024-02-22,8,2,3,2,0,14.0,521.1459831464824,0
2024-02-23,3,2,4,2,1,10.9,477.85515307174444,0
2024-02-23,9,1,4,2,0,19.0,578.6576156273927,0
2024-02-23,7,1,4,2,0,15.1,843.6842480154255,1
2024-02-23,4,1,4,2,0,17.7,812.2319539299101,0
2024-02-23,1,0,4,2,0,22.3,1252.6966543233073,1
2024-02-23,11,0,4,2,0,24.3,1440.6973844449838,1
2024-02-23,5,2,4,2,1,18.9,473.97523450584373,0
2024-02-23,8,2,4,2,0,17.9,620.827250904351,0
2024-02-23,10,2,4,2,0,16.0,566.9974831639457,0
2024-02-23,6,0,4,2,0,17.4,1238.1472252597443,1
2024-02-23,0,2,4,2,0,20.2,546.141608333344,0
2024-02-23,2,1,4,2,0,13.0,655.6398618036982,0
2024-02-24,7,1,5,2,0,17.7,901.6591936836743,1
2024-02-24,5,2,5,2,0,18.6,612.8932996884643,0
2024-02-24,4,1,5,2,1,21.6,1263.315451177795,1
2024-02-24,6,0,5,2,0,15.0,1451.9701953703573,1
2024-02-24,10,2,5,2,0,15.1,562.3015868447918,0
2024-02-24,11,0,5,2,0,25.096873120865904,1685.416817474105,1
2024-02-24,9,1,5,2,0,22.3,767.8521001183963,1
2024-02-24,0,2,5,2,1,18.7,614.5091293600608,0
2024-02-24,1,0,5,2,1,13.7,1495.4202991915588,1
2024-02-24,2,1,5,2,0,14.9,752.4071835817301,1
2024-02-25,1,0,6,2,0,21.3,1523.698614335519,1
2024-02-25,10,2,6,2,1,14.4,555.9193319360007,0
2024-02-25,9,1,6,2,0,15.3,860.4610447016963,1
2024-02-25,4,1,6,2,0,23.4,993.1728673718303,1
2024-02-25,0,2,6,2,0,17.6,540.0984104422804,0
2024-02-25,5,2,6,2,0,17.7,563.1941375094882,0
2024-02-25,11,0,6,2,0,21.2,1576.7012518809454,1
2024-02-25,8,2,6,2,1,18.9,574.0700092312381,0
2024-02-26,4,1,0,2,0,15.9,969.0921724784015,0
2024-02-26,6,0,0,2,0,17.9,1542.2497381144235,1
2024-02-26,0,2,0,2,0,23.0,470.6368908311956,0
2024-02-26,1,0,0,2,0,13.4,1246.141684650898,1
2024-02-26,7,1,0,2,0,15.0,730.9945241843897,0
2024-02-26,10,2,0,2,0,13.7,466.5108210578599,0
2024-02-26,5,2,0,2,1,18.5,521.3626572560971,0
2024-02-26,8,2,0,2,0,20.6,482.2439633068941,0
2024-02-26,9,1,0,2,0,23.2,671.7489505674774,0
2024-02-26,2,1,0,2,0,12.7,667.5039451885659,0
2024-02-27,2,1,1,2,0,19.6,763.6454959118289,0
2024-02-27,4,1,1,2,0,19.8,813.7550357821307,0
2024-02-27,6,0,1,2,0,17.6,1559.8617903795205,1
2024-02-27,5,2,1,2,0,19.7,528.0559321092308,0
2024-02-27,8,2,1,2,1,19.9,448.46388642633025,0
2024-02-27,7,1,1,2,0,13.5,853.285877973484,1
2024-02-27,0,2,1,2,0,20.3,467.595071568175,0
2024-02-27,3,2,1,2,0,14.9,420.09651624945576,0
2024-02-27,10,2,1,2,0,14.8,619.0641873268978,0
2024-02-27,1,0,1,2,0,21.0,1266.9215467562374,1
2024-02-28,4,1,2,2,0,17.7,941.2683036226802,0
2024-02-28,10,2,2,2,1,17.1,469.9870341694683,0
2024-02-28,0,2,2,2,0,16.4,555.5602692981695,0
2024-02-28,3,2,2,2,1,15.1,544.7066985049423,0
2024-02-28,7,1,2,2,0,20.3,762.838747555875,1
2024-02-28,9,1,2,2,0,18.6,641.6318105782422,0
2024-02-28,2,1,2,2,0,16.7,641.7671713704511,0
2024-02-28,6,0,2,2,0,22.3,1269.1797768667495,1
2024-02-28,11,0,2,2,0,20.5,1123.2396188225414,1
2024-02-28,5,2,2,2,0,15.1,513.4301661498534,0
2024-02-29,11,0,3,2,0,25.096873120865904,1176.3086116300358,1
2024-02-29,6,0,3,2,0,21.1,1209.495183206014,1
2024-02-29,5,2,3,2,1,18.3,515.9112623294127,0
2024-02-29,1,0,3,2,0,19.7,1327.9235045157068,1
2024-02-29,0,2,3,2,1,23.6,542.2072379227916,0
2024-02-29,4,1,3,2,0,19.9,889.4219524528804,0
2024-02-29,3,2,3,2,0,23.7,418.9479292949822,0
2024-02-29,8,2,3,2,0,21.0,465.25851756136603,0
2024-03-01,2,1,4,3,0,26.8,792.382722568158,0
2024-03-01,9,1,4,3,0,16.9,718.0756803765101,0
2024-03-01,0,2,4,3,0,19.4,410.14753389651077,0
2024-03-01,4,1,4,3,0,16.0,813.3949222178611,0
2024-03-01,8,2,4,3,1,21.8,474.250628908629,0
2024-03-01,5,2,4,3,1,21.5,612.1833005892798,0
2024-03-02,6,0,5,3,0,19.4,1457.3449103150226,1
2024-03-02,0,2,5,3,0,17.8,644.3319252366043,0
2024-03-02,11,0,5,3,0,21.7,1645.4977371422149,1
2024-03-02,5,2,5,3,0,27.2,550.300527133885,0
2024-03-02,2,1,5,3,1,19.4,863.8263197750407,1
2024-03-02,8,2,5,3,0,17.6,579.380423661682,0
2024-03-02,9,1,5,3,0,14.3,916.0239799342584,1
2024-03-02,3,2,5,3,0,14.1,484.24818945357754,0
2024-03-02,7,1,5,3,1,16.7,955.7153670238978,1
2024-03-02,4,1,5,3,0,15.0,1253.335630533183,1
2024-03-03,6,0,6,3,0,17.8,1209.6659881575522,1
2024-03-03,1,0,6,3,0,18.6,1376.2258629131697,1
2024-03-03,3,2,6,3,0,16.1,543.5979433962461,0
2024-03-03,10,2,6,3,0,24.2,527.0762871837285,0
2024-03-03,4,1,6,3,0,21.4,1024.02348189446,0
2024-03-03,5,2,6,3,0,17.2,572.5622263984974,0
2024-03-03,0,2,6,3,0,20.8,504.98394067273176,0
2024-03-03,7,1,6,3,1,13.5,1057.5455220267245,1
2024-03-04,5,2,0,3,0,17.8,560.5363762219762,0
2024-03-04,11,0,0,3,0,25.096873120865904,1331.5842644195238,1
2024-03-04,10,2,0,3,1,22.0,388.2157310187281,0
2024-03-04,7,1,0,3,0,17.4,844.0058592977274,0
2024-03-04,8,2,0,3,1,18.1,499.74384558875414,0
2024-03-04,0,2,0,3,0,24.0,349.86718021169645,0
2024-03-04,3,2,0,3,0,15.7,359.90754196351344,0
2024-03-04,6,0,0,3,0,12.7,1088.3597030542644,1
2024-03-04,4,1,0,3,0,18.9,725.7572598401883,0
2024-03-04,1,0,0,3,0,22.8,1203.6554541550943,1
2024-03-05,1,0,1,3,0,13.9,1135.8850116923334,1
2024-03-05,4,1,1,3,0,18.8,672.4062742009287,0
2024-03-05,11,0,1,3,0,13.8,1769.521257434831,1
2024-03-05,5,2,1,3,0,22.7,438.94945253310357,0
2024-03-05,9,1,1,3,0,21.0,760.45851470492,0
2024-03-05,10,2,1,3,0,19.4,390.43695727914087,0
2024-03-05,3,2,1,3,0,22.3,378.21719326292686,0
2024-03-05,7,1,1,3,0,23.4,915.9689311650726,0
2024-03-05,8,2,1,3,0,24.4,616.8032191262695,0
2024-03-06,5,2,2,3,1,19.0,438.1652074049046,0
2024-03-06,4,1,2,3,0,17.3,630.1194748766757,0
2024-03-06,11,0,2,3,0,18.9,1350.6675397109125,1
2024-03-06,3,2,2,3,1,16.9,493.5272192684746,0
2024-03-06,1,0,2,3,1,16.3,1050.3099314661245,1
2024-03-06,2,1,2,3,0,17.6,681.3590144205058,0
2024-03-06,0,2,2,3,0,15.3,430.5917153959365,0
2024-03-06,7,1,2,3,0,22.5,967.080244426291,0
2024-03-06,6,0,2,3,0,17.5,978.5637407010458,1
2024-03-07,10,2,3,3,1,21.3,381.39866058811754,0
2024-03-07,6,0,3,3,0,19.9,1068.9541500064886,1
2024-03-07,9,1,3,3,0,19.6,691.3660782949787,1
2024-03-07,3,2,3,3,0,16.2,372.0944624841862,0
2024-03-07,8,2,3,3,0,18.9,533.0017486995848,0
2024-03-07,11,0,3,3,0,19.3,1278.2671321308567,1
2024-03-07,1,0,3,3,1,18.0,1102.8850187617745,1
2024-03-07,4,1,3,3,0,25.096873120865904,640.5318840504211,1
2024-03-07,7,1,3,3,0,24.5,999.2940359819056,0
2024-03-07,2,1,3,3,0,16.1,673.9328075889422,0
2024-03-07,5,2,3,3,1,18.0,679.4711295134806,0
2024-03-08,0,2,4,3,0,16.5,474.6108769907985,0
2024-03-08,11,0,4,3,0,15.4,1386.9826408362117,1
2024-03-08,3,2,4,3,0,16.0,357.46843714798865,0
2024-03-08,5,2,4,3,0,16.3,595.2195797001751,0
2024-03-08,1,0,4,3,0,20.8,1212.7412842508709,1
2024-03-08,10,2,4,3,0,15.7,422.29944889186095,0
2024-03-08,9,1,4,3,0,19.6,772.8896788347009,1
2024-03-08,7,1,4,3,0,23.6,1107.594710117629,0
2024-03-08,6,0,4,3,0,19.9,1171.2019305691488,1
2024-03-08,2,1,4,3,0,21.3,694.459598005707,0
2024-03-08,4,1,4,3,0,15.9,726.8721651120593,1
2024-03-09,2,1,5,3,0,16.7,1044.6840064574808,1
2024-03-09,7,1,5,3,0,17.7,1212.7773860606105,1
2024-03-09,4,1,5,3,0,14.2,873.9523867535787,1
2024-03-09,0,2,5,3,0,18.7,644.9944768774268,0
2024-03-09,10,2,5,3,0,19.9,636.6241391530599,0
2024-03-09,9,1,5,3,0,19.7,920.7582927389595,1
2024-03-09,5,2,5,3,0,20.7,535.9126710070841,0
2024-03-09,3,2,5,3,0,16.6,461.0329202554459,0
2024-03-09,8,2,5,3,0,24.0,553.975260533758,0
2024-03-09,6,0,5,3,0,19.6,1594.7020024410701,1
2024-03-10,2,1,6,3,0,20.8,784.1530043609073,1
2024-03-10,11,0,6,3,0,24.6,1351.9912188197902,1
2024-03-10,3,2,6,3,1,25.096873120865904,553.4610299275922,0
2024-03-10,4,1,6,3,1,19.8,795.1306170799716,1
2024-03-10,1,0,6,3,0,21.8,1192.0462041705416,1
2024-03-10,5,2,6,3,0,15.7,550.0125274609838,0
2024-03-10,10,2,6,3,0,18.9,469.5324569959329,0
2024-03-10,0,2,6,3,0,21.4,662.8081323616608,0
2024-03-10,6,0,6,3,0,24.4,1689.4319588145568,1
2024-03-11,3,2,0,3,0,18.5,476.33314834924664,0
2024-03-11,5,2,0,3,0,26.5,509.72830769176085,0
2024-03-11,2,1,0,3,0,18.7,664.9877983620821,1
2024-03-11,4,1,0,3,0,25.096873120865904,781.9520243217911,0
2024-03-11,1,0,0,3,0,21.7,979.0059971681428,1
2024-03-11,11,0,0,3,0,18.4,1127.1985387743925,1
2024-03-11,0,2,0,3,0,20.3,479.91742623040267,0
2024-03-11,8,2,0,3,0,18.5,668.3252801754647,0
2024-03-11,6,0,0,3,1,20.7,1434.8562652660137,1
2024-03-12,6,0,1,3,0,20.4,1734.9346929609023,1
2024-03-12,2,1,1,3,0,25.096873120865904,720.9245630730279,1
2024-03-12,0,2,1,3,0,20.2,580.2793805949466,0
2024-03-12,5,2,1,3,0,23.9,498.1303178319999,0
2024-03-12,4,1,1,3,0,18.9,805.5159083258459,1
2024-03-12,8,2,1,3,0,21.0,507.1827332057033,0
2024-03-12,1,0,1,3,0,21.9,961.0089744971536,1
2024-03-12,11,0,1,3,0,22.3,1172.1444415688293,1
2024-03-12,9,1,1,3,1,20.8,772.3874186839479,1
2024-03-12,7,1,1,3,0,20.7,747.5690117090746,0
2024-03-12,3,2,1,3,0,17.4,458.3529197542659,0
2024-03-13,1,0,2,3,0,18.5,1437.4965179761748,1
2024-03-13,11,0,2,3,0,25.096873120865904,1081.0434830903678,1
2024-03-13,5,2,2,3,0,22.8,626.9132304392308,0
2024-03-13,2,1,2,3,0,19.7,753.4263894463365,1
2024-03-13,6,0,2,3,0,20.9,1244.80396700915,1
2024-03-13,7,1,2,3,0,24.7,741.3794322636401,0
2024-03-13,8,2,2,3,0,19.9,623.8013736586166,0
2024-03-13,10,2,2,3,0,24.3,390.0326588592347,0
2024-03-13,0,2,2,3,0,21.9,393.4857051298149,0
2024-03-13,3,2,2,3,1,17.4,585.1826903781996,0
2024-03-14,1,0,3,3,0,21.6,1390.8097409720078,1
2024-03-14,5,2,3,3,0,20.9,699.8049725337829,0
2024-03-14,0,2,3,3,0,18.3,386.0808819761959,0
2024-03-14,7,1,3,3,0,18.2,778.9483449631621,0
2024-03-14,10,2,3,3,0,22.6,508.9143836884395,0
2024-03-14,8,2,3,3,0,20.9,502.1955977959052,0
2024-03-14,6,0,3,3,1,19.0,1250.9206448371035,1
2024-03-14,3,2,3,3,0,25.9,525.6807385982708,0
2024-03-14,11,0,3,3,0,22.3,1054.6337371373559,1
2024-03-14,2,1,3,3,0,25.096873120865904,722.4110620350564,0
2024-03-14,9,1,3,3,0,20.0,868.7815233386822,0
2024-03-15,0,2,4,3,0,16.1,449.93618268933784,0
2024-03-15,2,1,4,3,0,24.0,682.4691442503166,1
2024-03-15,5,2,4,3,0,18.8,578.9848051094997,0
2024-03-15,7,1,4,3,0,20.1,753.2262140191907,0
2024-03-15,10,2,4,3,0,19.6,392.68422638518,0
2024-03-15,9,1,4,3,0,24.1,853.2750188508683,0
2024-03-15,4,1,4,3,0,23.9,906.4509383919024,0
2024-03-15,11,0,4,3,0,14.0,1079.7662543623806,1
2024-03-15,8,2,4,3,0,27.9,675.2602603252693,0
2024-03-15,6,0,4,3,0,20.5,1233.6494029770233,1
2024-03-16,11,0,5,3,0,25.0,1411.1282469249993,1
2024-03-16,5,2,5,3,0,17.0,660.0760004914874,0
2024-03-16,0,2,5,3,1,17.0,531.5512429809271,0
2024-03-16,2,1,5,3,0,30.0,964.014464687524,1
2024-03-16,3,2,5,3,0,16.5,589.4320502269201,0
2024-03-16,9,1,5,3,1,18.6,892.454540040148,1
2024-03-16,7,1,5,3,0,19.9,897.3789038693151,0
2024-03-16,1,0,5,3,0,17.1,1993.0732113450038,1
2024-03-16,4,1,5,3,0,22.8,1123.2869414775894,1
2024-03-16,6,0,5,3,0,20.3,1415.2695117245573,1
2024-03-17,11,0,6,3,0,21.6,1391.0719674422116,1
2024-03-17,10,2,6,3,0,25.5,461.6066291093335,0
2024-03-17,4,1,6,3,0,25.096873120865904,1205.9193720750782,1
2024-03-17,9,1,6,3,0,21.1,917.1499584335776,0
2024-03-17,0,2,6,3,1,19.8,543.3233596701507,0
2024-03-17,6,0,6,3,0,18.9,1348.2946748204963,1
2024-03-17,2,1,6,3,0,27.7,1006.3613948191838,1
2024-03-17,7,1,6,3,0,21.9,991.6521323651367,0
2024-03-17,5,2,6,3,1,17.0,654.4266383321814,1
2024-03-17,1,0,6,3,0,17.0,1727.6257518338334,1
2024-03-17,8,2,6,3,1,21.8,860.6522444490316,0
2024-03-18,4,1,0,3,0,19.0,774.7614487076207,0
2024-03-18,7,1,0,3,0,21.7,743.2172671936003,0
2024-03-18,1,0,0,3,0,17.2,1259.2245267694004,1
2024-03-18,8,2,0,3,0,21.0,567.9363076864075,0
2024-03-18,11,0,0,3,1,16.6,1203.4319809509936,1
2024-03-18,2,1,0,3,1,20.4,891.7640895437206,1
2024-03-18,0,2,0,3,0,22.2,444.4067372511321,0
2024-03-18,10,2,0,3,0,18.9,372.9483942236414,0
2024-03-18,6,0,0,3,0,23.4,1306.9497563698799,1
2024-03-18,9,1,0,3,0,18.2,770.5877212579595,0
2024-03-19,9,1,1,3,0,24.9,954.6179153216385,0
2024-03-19,2,1,1,3,0,17.8,864.2883956665174,0
2024-03-19,8,2,1,3,1,24.3,623.864451878208,0
2024-03-19,6,0,1,3,0,20.2,1069.6698844210123,1
2024-03-19,5,2,1,3,0,25.096873120865904,589.8348607301191,0
2024-03-19,11,0,1,3,0,16.1,1377.9148547322554,1
2024-03-19,4,1,1,3,0,25.096873120865904,858.663401888106,1
2024-03-19,1,0,1,3,1,20.1,1203.1344766493983,1
2024-03-19,0,2,1,3,0,22.1,448.1808116977077,0
2024-03-19,7,1,1,3,1,27.7,769.3474022353702,0
2024-03-19,10,2,1,3,0,25.096873120865904,352.92258833606434,0
2024-03-20,7,1,2,3,0,25.4,802.08197524486,0
2024-03-20,2,1,2,3,0,19.5,865.3810540710869,0
2024-03-20,6,0,2,3,0,21.9,1095.784564275307,1
2024-03-20,8,2,2,3,0,23.6,588.2531671736577,0
2024-03-20,10,2,2,3,1,31.5,350.5352254273409,0
2024-03-20,3,2,2,3,0,19.3,448.13009223203585,0
2024-03-20,0,2,2,3,0,19.3,531.4097277231718,0
2024-03-20,5,2,2,3,0,17.7,620.9617258990579,0
2024-03-20,4,1,2,3,0,17.7,749.4643662865082,0
2024-03-20,11,0,2,3,0,22.1,1456.6481612383757,1
2024-03-21,9,1,3,3,0,19.4,738.236547722719,0
2024-03-21,7,1,3,3,0,24.0,698.7252639232217,0
2024-03-21,0,2,3,3,0,19.1,551.0923671621663,0
2024-03-21,2,1,3,3,0,16.1,844.753600183085,0
2024-03-21,4,1,3,3,1,19.0,825.353559785683,1
2024-03-21,11,0,3,3,0,25.096873120865904,1379.3885436545536,1
2024-03-21,3,2,3,3,0,25.2,327.56200390027544,0
2024-03-21,6,0,3,3,0,20.4,1448.0250277525765,1
2024-03-21,5,2,3,3,1,19.3,597.2937059438952,0
2024-03-21,1,0,3,3,0,20.4,1214.7518532869776,1
2024-03-21,10,2,3,3,0,17.8,420.4380138160798,0
2024-03-22,8,2,4,3,0,25.7,487.04423144739394,0
2024-03-22,0,2,4,3,0,21.0,531.1012242599104,0
2024-03-22,3,2,4,3,0,24.7,399.6659854982516,0
2024-03-22,4,1,4,3,0,24.5,712.4517195504,1
2024-03-22,2,1,4,3,0,21.3,893.939284546777,0
2024-03-22,9,1,4,3,0,21.6,717.9719947640393,0
2024-03-22,10,2,4,3,0,24.5,470.3914502191969,0
2024-03-22,5,2,4,3,0,22.7,607.5715068377896,0
2024-03-22,6,0,4,3,0,24.8,1093.89496915973,1
2024-03-22,1,0,4,3,0,25.5,1363.211724448092,1
2024-03-22,11,0,4,3,0,23.3,1301.74513719315,1
2024-03-23,9,1,5,3,0,26.1,855.5315078945074,1
2024-03-23,5,2,5,3,0,21.1,720.6967644222918,0
2024-03-23,8,2,5,3,0,22.6,622.7725465026776,0
2024-03-23,10,2,5,3,0,22.9,552.9973706135911,0
2024-03-23,4,1,5,3,0,20.9,952.1126733129418,1
2024-03-23,6,0,5,3,1,21.7,1479.4257186259092,1
2024-03-23,3,2,5,3,0,23.2,443.94759907197397,0
2024-03-23,1,0,5,3,0,23.1,1495.890418436203,1
2024-03-24,5,2,6,3,0,15.0,856.1127285548849,0
2024-03-24,11,0,6,3,1,24.1,1631.7518387697032,1
2024-03-24,8,2,6,3,0,24.3,773.9715283152699,0
2024-03-24,7,1,6,3,1,27.0,715.1011647065399,1
2024-03-24,4,1,6,3,0,25.7,1045.6885739692202,1
2024-03-24,9,1,6,3,0,24.8,699.5947846989432,0
2024-03-24,6,0,6,3,0,23.5,1557.4594388121357,1
2024-03-24,1,0,6,3,0,20.0,1571.6310532473851,1
2024-03-24,0,2,6,3,0,24.1,770.0620747891862,0
2024-03-25,0,2,0,3,0,27.6,443.2690394988707,0
2024-03-25,3,2,0,3,0,20.6,488.12791858868934,0
2024-03-25,11,0,0,3,1,23.0,1852.579625889506,1
2024-03-25,8,2,0,3,0,16.3,469.29332101624135,0
2024-03-25,10,2,0,3,0,21.7,425.3244914253696,0
2024-03-25,4,1,0,3,0,25.3,792.8212318062951,0
2024-03-25,7,1,0,3,0,26.5,574.7288514759591,0
2024-03-25,9,1,0,3,0,20.5,804.8685840968334,0
2024-03-25,2,1,0,3,1,20.0,1040.8863781506109,1
2024-03-25,1,0,0,3,0,25.096873120865904,1385.8827310550005,1
2024-03-25,5,2,0,3,1,22.5,678.8795519629296,0
2024-03-26,10,2,1,3,1,18.6,389.6622759041487,0
2024-03-26,7,1,1,3,0,25.096873120865904,746.9256369459707,0
2024-03-26,9,1,1,3,0,26.3,821.1142062672324,0
2024-03-26,6,0,1,3,1,20.9,1203.4506895463237,1
2024-03-26,0,2,1,3,0,25.1,441.0522546036777,0
2024-03-26,4,1,1,3,0,21.4,854.6345827333629,1
2024-03-26,11,0,1,3,0,25.0,1414.256390834875,1
2024-03-26,2,1,1,3,0,20.2,834.8056809449661,1
2024-03-26,8,2,1,3,0,20.4,597.6142691230461,0
2024-03-26,5,2,1,3,0,16.6,501.4512669646282,0
2024-03-27,3,2,2,3,0,20.3,541.1963614030252,0
2024-03-27,8,2,2,3,0,23.7,488.85325294475837,0
2024-03-27,5,2,2,3,0,24.1,496.74785118842846,0
2024-03-27,10,2,2,3,0,22.4,473.33459267849616,0
2024-03-27,11,0,2,3,0,22.7,1467.4610658396386,1
2024-03-27,4,1,2,3,0,20.3,832.0599438346885,0
2024-03-27,6,0,2,3,0,14.0,1228.8065433485447,1
2024-03-28,8,2,3,3,0,26.6,471.2955661744161,0
2024-03-28,6,0,3,3,0,21.8,1335.8759935688424,1
2024-03-28,1,0,3,3,0,27.5,1201.3128401493477,1
2024-03-28,10,2,3,3,1,23.1,366.3556272802165,0
2024-03-28,9,1,3,3,0,22.4,698.3524107929085,0
2024-03-28,7,1,3,3,0,24.5,741.205321282571,0
2024-03-28,3,2,3,3,0,25.0,591.845555309532,0
2024-03-28,4,1,3,3,0,22.4,1041.7252210503545,1
2024-03-28,0,2,3,3,0,18.5,404.78836096178566,0
2024-03-29,6,0,4,3,0,23.9,1247.4675700515425,1
2024-03-29,9,1,4,3,1,18.6,803.0179775487682,1
2024-03-29,10,2,4,3,0,20.7,399.6760380801935,0
2024-03-29,7,1,4,3,0,24.0,728.9982139874186,0
2024-03-29,5,2,4,3,0,20.0,540.9165070481199,0
2024-03-29,3,2,4,3,0,19.2,540.5573304061808,0
2024-03-29,1,0,4,3,1,18.5,1250.9998548752656,1
2024-03-29,11,0,4,3,0,20.7,1045.9743182305735,1
2024-03-29,2,1,4,3,0,23.1,766.7519272918706,0
2024-03-29,0,2,4,3,0,24.8,394.8985718522954,0
2024-03-29,4,1,4,3,1,24.2,848.3105332904211,1
2024-03-30,2,1,5,3,0,24.5,917.4892120784754,1
2024-03-30,8,2,5,3,1,29.2,552.3813402866906,0
2024-03-30,3,2,5,3,1,22.4,495.52210324031284,0
2024-03-30,11,0,5,3,0,26.9,1436.0384329030514,1
2024-03-30,1,0,5,3,0,18.8,1742.1229387120056,1
2024-03-30,6,0,5,3,0,24.3,1900.1488170687765,1
2024-03-30,5,2,5,3,0,21.6,574.478331279437,0
2024-03-30,0,2,5,3,0,20.2,508.79180587055333,0
2024-03-31,4,1,6,3,0,23.4,954.552603424065,1
2024-03-31,9,1,6,3,0,26.2,793.0035629365699,1
2024-03-31,2,1,6,3,0,27.3,950.154077401392,1
2024-03-31,10,2,6,3,1,24.1,474.9949128905588,0
2024-03-31,0,2,6,3,0,22.8,466.04253299387057,0
2024-03-31,8,2,6,3,0,23.4,591.8049605679562,0
2024-04-01,1,0,0,4,0,18.8,1634.5035981769988,1
2024-04-01,2,1,0,4,0,30.0,994.0037487700018,0
2024-04-01,0,2,0,4,0,20.9,362.50459801097287,0
2024-04-01,5,2,0,4,0,28.2,679.4509490762473,0
2024-04-01,3,2,0,4,0,26.8,459.11375432819636,0
2024-04-01,6,0,0,4,0,17.2,1128.301562958977,1
2024-04-01,7,1,0,4,0,21.5,815.8095975957061,0
2024-04-01,11,0,0,4,0,18.1,1542.0670780369164,1
2024-04-01,8,2,0,4,0,23.5,421.26148743434027,0
2024-04-01,9,1,0,4,0,24.0,760.6777459795032,0
2024-04-02,2,1,1,4,0,22.3,898.8784355236562,0
2024-04-02,3,2,1,4,0,24.5,427.417000542449,0
2024-04-02,1,0,1,4,0,25.096873120865904,1415.9982062550853,1
2024-04-02,4,1,1,4,0,28.0,858.2426438106182,1
2024-04-02,11,0,1,4,1,25.096873120865904,1209.8371766351966,1
2024-04-02,10,2,1,4,0,23.0,458.74428813341524,0
2024-04-02,0,2,1,4,0,24.3,337.61959568860186,0
2024-04-02,7,1,1,4,0,23.4,832.3059694954421,0
2024-04-02,6,0,1,4,1,20.9,1555.0117345895364,1
2024-04-02,8,2,1,4,0,22.6,451.24417673198496,0
2024-04-02,9,1,1,4,0,22.9,757.4264246555874,0
2024-04-03,1,0,2,4,1,23.6,1157.1710250307608,1
2024-04-03,11,0,2,4,1,26.5,1125.622572384206,1
2024-04-03,8,2,2,4,0,25.5,448.30949703503643,0
2024-04-03,5,2,2,4,0,20.5,519.7257857812903,0
2024-04-03,6,0,2,4,0,23.7,1150.9230742279503,1
2024-04-03,9,1,2,4,0,28.7,927.6948277078882,0
2024-04-03,4,1,2,4,1,25.0,840.5373637853033,1
2024-04-03,3,2,2,4,0,26.0,425.70037881581794,0
2024-04-03,2,1,2,4,1,21.7,860.7392138364688,1
2024-04-03,10,2,2,4,0,24.1,382.40106747391326,0
2024-04-04,4,1,3,4,0,29.0,922.3706844284644,1
2024-04-04,9,1,3,4,0,22.9,774.9209515278579,0
2024-04-04,2,1,3,4,0,22.7,778.3673093605431,0
2024-04-04,1,0,3,4,0,15.8,1076.9496452765593,1
2024-04-04,8,2,3,4,0,24.0,428.0369461744211,0
2024-04-04,7,1,3,4,0,21.9,712.7543121047208,0
2024-04-04,0,2,3,4,0,27.7,412.30219105527533,0
2024-04-04,6,0,3,4,0,19.7,1129.890741267026,1
2024-04-04,3,2,3,4,0,25.096873120865904,425.1067366990875,0
2024-04-04,5,2,3,4,0,21.0,588.1963981924142,0
2024-04-05,2,1,4,4,0,23.1,747.7541363379916,0
2024-04-05,7,1,4,4,1,19.5,755.0606793763559,1
2024-04-05,5,2,4,4,0,23.3,549.858640605204,0
2024-04-05,8,2,4,4,1,30.5,451.2148309119927,0
2024-04-05,6,0,4,4,0,24.6,1277.9858720704503,1
2024-04-05,0,2,4,4,0,23.0,431.77265651829555,0
2024-04-05,1,0,4,4,0,27.2,1269.3895375320296,1
2024-04-05,3,2,4,4,1,26.5,445.265186938762,0
2024-04-05,4,1,4,4,0,24.1,1196.8003778275079,0
2024-04-06,6,0,5,4,0,27.1,1326.653952177971,1
2024-04-06,2,1,5,4,0,23.5,1030.2473611222074,1
2024-04-06,10,2,5,4,0,21.5,563.375688288413,0
2024-04-06,11,0,5,4,0,24.0,1211.8366372055618,1
2024-04-06,8,2,5,4,0,23.6,749.1568531409409,0
2024-04-06,7,1,5,4,0,29.7,928.9541350673264,0
2024-04-06,3,2,5,4,0,21.7,686.6497083467843,0
2024-04-06,4,1,5,4,0,19.8,1083.6014916601027,1
2024-04-06,1,0,5,4,0,22.0,1173.078907179728,1
2024-04-07,11,0,6,4,0,30.3,1106.9276180307327,1
2024-04-07,10,2,6,4,0,26.7,686.6395344798294,0
2024-04-07,7,1,6,4,0,20.6,809.1415025126771,0
2024-04-07,1,0,6,4,0,26.6,1175.6631408531455,1
2024-04-07,2,1,6,4,0,23.0,992.1215014122384,1
2024-04-07,4,1,6,4,0,20.0,977.0732057600728,1
2024-04-07,9,1,6,4,0,29.2,912.4289266893297,0
2024-04-07,8,2,6,4,0,22.5,710.6454331795817,0
2024-04-07,6,0,6,4,0,22.8,1273.9706125113705,1
2024-04-07,5,2,6,4,0,21.7,727.9717366695234,0
2024-04-07,0,2,6,4,0,23.6,452.2982918576479,0
2024-04-07,3,2,6,4,1,21.2,489.35595320934027,0
2024-04-08,4,1,0,4,0,24.8,1043.757426294038,1
2024-04-08,11,0,0,4,0,29.2,1080.2318285947006,1
2024-04-08,2,1,0,4,0,28.8,754.283196396442,0
2024-04-08,3,2,0,4,0,25.6,434.1502740834987,0
2024-04-08,5,2,0,4,0,23.8,632.080810548867,0
2024-04-08,6,0,0,4,0,26.7,1067.7140181798113,1
2024-04-09,4,1,1,4,0,20.1,845.263222844179,1
2024-04-09,6,0,1,4,1,26.0,1554.8460197739848,1
2024-04-09,5,2,1,4,0,25.7,719.411529869216,0
2024-04-09,10,2,1,4,1,25.9,482.3576517094011,0
2024-04-09,3,2,1,4,0,26.5,438.9178937073644,0
2024-04-09,1,0,1,4,1,28.0,1213.4408537521122,1
2024-04-09,9,1,1,4,0,27.3,762.3036053452427,0
2024-04-09,11,0,1,4,0,30.4,1345.4402081889687,1
2024-04-09,0,2,1,4,1,24.4,473.94476487299414,0
2024-04-09,2,1,1,4,0,25.9,700.064875207154,0
2024-04-10,8,2,2,4,0,21.0,485.1531784445577,0
2024-04-10,10,2,2,4,0,23.0,503.5828898560782,0
2024-04-10,9,1,2,4,0,24.6,781.5230857238676,0
2024-04-10,7,1,2,4,0,26.6,709.8681789366746,0
2024-04-10,11,0,2,4,0,26.8,1400.8406338526863,1
2024-04-10,5,2,2,4,0,19.4,595.8284176632856,0
2024-04-10,6,0,2,4,0,22.6,1289.6646723303281,1
2024-04-10,0,2,2,4,0,25.096873120865904,483.270797119583,0
2024-04-10,4,1,2,4,0,21.2,1143.0705377730412,0
2024-04-10,2,1,2,4,0,23.2,908.1804914786276,1
2024-04-11,10,2,3,4,0,21.8,472.9141302338121,0
2024-04-11,1,0,3,4,1,32.3,1116.9907828256448,1
2024-04-11,3,2,3,4,0,24.7,469.15491658232673,0
2024-04-11,9,1,3,4,0,27.1,717.0273474858459,1
2024-04-11,11,0,3,4,0,19.6,1537.1064069628142,1
2024-04-11,8,2,3,4,0,25.4,452.83076046543067,0
2024-04-11,4,1,3,4,0,26.7,956.0798423088592,0
2024-04-11,7,1,3,4,0,23.9,761.4453922299826,0
2024-04-11,5,2,3,4,1,24.8,552.4571850186763,0
2024-04-11,2,1,3,4,0,27.7,755.8058398065053,1
2024-04-11,0,2,3,4,0,21.1,423.60030895447403,0
2024-04-11,6,0,3,4,0,24.2,1133.2290170434142,1
2024-04-12,4,1,4,4,0,24.5,840.7066227185073,0
2024-04-12,10,2,4,4,0,25.1,412.64153398561996,0
2024-04-12,5,2,4,4,0,20.5,575.4064627789268,0
2024-04-12,6,0,4,4,0,24.2,1113.2622942595924,1
2024-04-12,9,1,4,4,0,24.0,688.831746463936,1
2024-04-12,1,0,4,4,0,24.3,1124.7545258245111,1
2024-04-12,2,1,4,4,1,26.9,831.6025895590152,1
2024-04-12,11,0,4,4,0,25.5,1389.52055398523,1
2024-04-12,3,2,4,4,0,22.3,532.0513755706374,0
2024-04-12,8,2,4,4,0,25.7,540.0593141021621,0
2024-04-13,2,1,5,4,0,26.7,969.309233304709,1
2024-04-13,3,2,5,4,1,28.0,479.9715611702298,0
2024-04-13,6,0,5,4,0,26.5,1419.695690888349,1
2024-04-13,8,2,5,4,1,25.9,491.9444546285447,0
2024-04-13,7,1,5,4,0,25.5,818.8681811733564,1
2024-04-13,5,2,5,4,0,24.7,809.735911627518,0
2024-04-13,0,2,5,4,0,23.9,481.0064217040958,0
2024-04-13,11,0,5,4,1,19.3,1556.2805625319206,1
2024-04-14,9,1,6,4,0,27.4,773.3175615757364,0
2024-04-14,10,2,6,4,0,24.7,440.17947618344624,0
2024-04-14,5,2,6,4,0,23.7,704.5636790588218,0
2024-04-14,2,1,6,4,0,28.5,963.8913236584866,1
2024-04-14,1,0,6,4,0,31.5,1478.2531207685474,1
2024-04-14,4,1,6,4,0,24.6,1010.1535603020527,1
2024-04-14,3,2,6,4,0,27.3,666.6715340234157,0
2024-04-14,11,0,6,4,0,29.5,1495.201370960369,1
2024-04-14,6,0,6,4,0,29.1,1240.8669611047596,1
2024-04-15,9,1,0,4,0,24.6,659.5450046442489,0
2024-04-15,0,2,0,4,0,24.7,539.2675891545415,0
2024-04-15,5,2,0,4,1,27.2,570.5209376947802,0
2024-04-15,2,1,0,4,0,27.2,673.5871209282441,0
2024-04-15,8,2,0,4,0,23.5,479.0023324219595,0
2024-04-15,4,1,0,4,0,30.0,849.3853440181376,0
2024-04-15,10,2,0,4,0,28.0,400.04585680693265,0
2024-04-15,1,0,0,4,0,26.5,1274.3878217510562,1
2024-04-15,6,0,0,4,0,26.5,1028.568726679401,1
2024-04-15,7,1,0,4,0,23.2,642.3890396808317,0
2024-04-16,7,1,1,4,0,29.1,706.9722986676454,0
2024-04-16,6,0,1,4,0,33.1,1136.640619276596,1
2024-04-16,11,0,1,4,0,24.7,1299.9406179901916,1
2024-04-16,2,1,1,4,0,28.3,766.1714876066058,0
2024-04-16,10,2,1,4,0,24.7,462.5326552137752,0
2024-04-16,4,1,1,4,0,21.4,872.2394651935925,0
2024-04-16,9,1,1,4,0,24.9,664.7712176005996,0
2024-04-16,1,0,1,4,1,20.4,1530.2502569837195,1
2024-04-16,3,2,1,4,0,30.0,436.35518507498784,0
2024-04-16,8,2,1,4,0,24.8,480.95217216021575,0
2024-04-17,4,1,2,4,0,22.8,795.0592879992485,0
2024-04-17,11,0,2,4,1,22.4,1466.088082877772,1
2024-04-17,0,2,2,4,1,27.1,505.88904165899913,0
2024-04-17,5,2,2,4,1,24.6,512.6957005320696,0
2024-04-17,1,0,2,4,1,25.7,1104.7113845571678,1
2024-04-17,3,2,2,4,0,24.7,420.75418918729105,0
2024-04-17,7,1,2,4,0,27.4,720.5912598110731,0
2024-04-17,2,1,2,4,0,28.7,892.5055310784111,0
2024-04-17,6,0,2,4,0,30.3,943.2702299320875,1
2024-04-17,10,2,2,4,0,25.096873120865904,438.3225227631184,0
2024-04-18,7,1,3,4,1,25.5,799.1458323058996,1
2024-04-18,8,2,3,4,0,22.5,458.66605167025216,0
2024-04-18,10,2,3,4,1,25.3,360.4601854264363,0
2024-04-18,6,0,3,4,0,25.096873120865904,1166.1832882373635,1
2024-04-18,4,1,3,4,0,29.0,671.2228250627228,0
2024-04-18,3,2,3,4,0,31.8,424.2463635839671,0
2024-04-18,0,2,3,4,0,29.4,497.17565573237925,0
2024-04-18,1,0,3,4,0,31.3,1344.3729474758354,1
2024-04-18,11,0,3,4,0,27.9,1383.9542244291995,1
2024-04-19,1,0,4,4,1,23.3,1195.186069027878,1
2024-04-19,2,1,4,4,0,22.6,901.3542957598596,0
2024-04-19,9,1,4,4,0,22.2,876.3559819092193,0
2024-04-19,3,2,4,4,1,29.8,463.5368072297811,0
2024-04-19,11,0,4,4,1,26.1,1219.4312677172068,1
2024-04-19,7,1,4,4,1,30.6,978.3033124876719,1
2024-04-19,6,0,4,4,0,23.5,1184.167530998684,1
2024-04-19,4,1,4,4,0,27.3,766.1988797656495,0
2024-04-19,5,2,4,4,0,26.4,533.427259862226,0
2024-04-19,8,2,4,4,0,27.6,432.17619103260904,0
2024-04-20,9,1,5,4,0,29.7,1271.4969627111159,0
2024-04-20,4,1,5,4,0,29.2,924.4188373709934,1
2024-04-20,1,0,5,4,0,26.1,1829.441787289759,1
2024-04-20,0,2,5,4,0,20.7,590.3578890603367,0
2024-04-20,2,1,5,4,1,27.2,949.8094028770405,1
2024-04-20,7,1,5,4,0,27.2,910.1214018777371,1
2024-04-20,10,2,5,4,0,22.9,447.0819507258057,0
2024-04-20,11,0,5,4,0,23.3,1613.53428200117,1
2024-04-21,11,0,6,4,0,22.3,1270.9942954799492,1
2024-04-21,9,1,6,4,0,30.2,801.1997032192452,0
2024-04-21,7,1,6,4,0,24.2,1019.7882954954173,1
2024-04-21,10,2,6,4,0,22.9,534.2817288324486,0
2024-04-21,1,0,6,4,0,30.9,1367.5587364609298,1
2024-04-21,5,2,6,4,0,23.9,683.3384752488139,0
2024-04-21,3,2,6,4,0,24.0,546.2115825389114,0
2024-04-21,0,2,6,4,1,25.2,644.7426067378899,0
2024-04-21,8,2,6,4,0,29.0,506.2757377310642,0
2024-04-21,4,1,6,4,0,23.2,863.52311052174,1
2024-04-22,7,1,0,4,1,30.6,716.8483214565398,1
2024-04-22,4,1,0,4,0,29.3,775.3904111304406,0
2024-04-22,5,2,0,4,0,26.9,749.7195703858278,0
2024-04-22,3,2,0,4,0,25.096873120865904,504.34057709574597,0
2024-04-22,11,0,0,4,0,28.9,1446.471830653632,1
2024-04-22,6,0,0,4,0,26.2,1251.5397372914708,1
2024-04-22,8,2,0,4,0,25.096873120865904,432.8003716396482,0
2024-04-22,9,1,0,4,0,25.096873120865904,710.1115008980804,0
2024-04-22,1,0,0,4,0,25.096873120865904,1205.0981491244147,1
2024-04-22,2,1,0,4,0,27.8,754.7779776808561,0
2024-04-23,4,1,1,4,0,21.3,707.4737800317536,0
2024-04-23,7,1,1,4,0,30.2,777.9435240681889,1
2024-04-23,2,1,1,4,0,27.9,747.072109248991,0
2024-04-23,8,2,1,4,0,28.3,386.9889703999042,0
2024-04-23,1,0,1,4,0,27.6,1321.250375713157,1
2024-04-23,10,2,1,4,0,28.5,516.9751575767222,0
2024-04-23,5,2,1,4,0,22.5,475.2183919892625,0
2024-04-23,0,2,1,4,0,30.6,465.93028847914906,0
2024-04-23,6,0,1,4,1,32.2,1407.5896642829546,1
2024-04-24,7,1,2,4,0,28.9,692.9326823265824,1
2024-04-24,8,2,2,4,1,25.096873120865904,382.19700026779367,0
2024-04-24,4,1,2,4,0,27.9,624.4072603374204,0
2024-04-24,2,1,2,4,0,27.9,760.9235164818971,0
2024-04-24,5,2,2,4,0,30.9,555.7803544038895,0
2024-04-24,0,2,2,4,1,30.3,623.4688939489222,0
2024-04-24,1,0,2,4,0,24.4,1255.9872328218926,1
2024-04-25,7,1,3,4,0,28.0,962.5879069508136,1
2024-04-25,4,1,3,4,0,26.8,691.4357526122865,0
2024-04-25,10,2,3,4,0,22.7,597.1378474182563,0
2024-04-25,9,1,3,4,0,25.3,718.2673003804479,0
2024-04-25,6,0,3,4,1,27.6,1127.5879725019768,1
2024-04-25,8,2,3,4,0,27.4,439.94764321439027,0
2024-04-25,1,0,3,4,1,28.0,995.6938530836402,1
2024-04-25,0,2,3,4,1,28.8,436.22235051496244,0
2024-04-25,3,2,3,4,0,30.8,535.9877479830112,0
2024-04-25,5,2,3,4,0,25.096873120865904,480.47083707761226,0
2024-04-26,9,1,4,4,0,26.0,721.7808470688874,0
2024-04-26,2,1,4,4,0,30.6,693.4795874322157,0
2024-04-26,6,0,4,4,0,25.6,1203.006621633767,1
2024-04-26,0,2,4,4,0,24.0,538.1414297003342,0
2024-04-26,10,2,4,4,0,32.6,442.24019052780426,0
2024-04-26,1,0,4,4,0,34.3,1314.8454546098246,1
2024-04-26,3,2,4,4,1,25.2,602.4937224705828,0
2024-04-26,11,0,4,4,0,32.7,1460.3865799220523,1
2024-04-26,4,1,4,4,0,29.0,776.0226673865856,0
2024-04-26,5,2,4,4,0,27.4,414.931204869656,0
2024-04-27,6,0,5,4,0,20.6,1453.6867067723229,1
2024-04-27,4,1,5,4,0,25.096873120865904,883.9017145852184,1
2024-04-27,8,2,5,4,0,31.0,670.9672243666593,0
2024-04-27,0,2,5,4,1,30.5,615.0372102372585,0
2024-04-27,5,2,5,4,0,27.4,472.4935933192678,0
2024-04-27,10,2,5,4,0,31.7,517.2193796638787,0
2024-04-27,3,2,5,4,0,26.2,516.043077306674,0
2024-04-27,9,1,5,4,0,27.2,807.3766022253322,0
2024-04-27,7,1,5,4,0,31.2,1131.5128758314197,0
2024-04-27,1,0,5,4,1,30.1,1220.0392657861403,1
2024-04-27,2,1,5,4,1,26.5,899.377169335575,1
2024-04-27,11,0,5,4,0,30.5,1490.1181777414452,1
2024-04-28,6,0,6,4,0,29.2,1388.4035975266193,1
2024-04-28,9,1,6,4,0,29.0,820.5933992539955,0
2024-04-28,8,2,6,4,1,25.1,535.6052030912336,1
2024-04-28,0,2,6,4,0,28.4,754.0132513800139,0
2024-04-28,5,2,6,4,0,23.5,539.0826503104355,0
2024-04-28,1,0,6,4,0,23.4,1309.7241549675061,1
2024-04-28,4,1,6,4,0,24.0,948.6904878841731,1
2024-04-28,2,1,6,4,0,30.1,764.3926577747058,1
2024-04-28,11,0,6,4,0,27.7,1643.200055996837,1
2024-04-28,10,2,6,4,0,25.096873120865904,492.1226528647147,0
2024-04-29,4,1,0,4,0,25.6,736.0703142456873,0
2024-04-29,1,0,0,4,0,31.8,1080.8358720805563,1
2024-04-29,5,2,0,4,1,24.1,426.61983463603656,0
2024-04-29,3,2,0,4,0,29.8,372.6033189061675,0
2024-04-29,2,1,0,4,0,36.5,773.3048180946519,0
2024-04-29,11,0,0,4,0,29.7,1508.7737478808592,1
2024-04-29,9,1,0,4,0,28.9,746.3646953900474,0
2024-04-29,6,0,0,4,0,29.0,1170.7216722731903,1
2024-04-29,10,2,0,4,0,30.4,415.57104941359785,0
2024-04-29,0,2,0,4,0,25.2,462.27248359099605,0
2024-04-29,7,1,0,4,0,32.9,1260.9227693302862,0
2024-04-29,8,2,0,4,0,26.9,448.9130719272245,0
2024-04-30,6,0,1,4,0,23.0,1552.8010476349348,1
2024-04-30,9,1,1,4,0,28.5,738.1263573134721,0
2024-04-30,7,1,1,4,0,32.0,1069.8959152821512,0
2024-04-30,0,2,1,4,1,26.6,432.50129033995296,0
2024-04-30,1,0,1,4,0,26.7,1132.061612136357,1
2024-04-30,5,2,1,4,0,31.0,463.67553877860337,0
2024-04-30,11,0,1,4,0,32.6,1351.8852882422682,1
2024-04-30,10,2,1,4,0,31.1,404.0591042550244,0
2024-04-30,4,1,1,4,0,25.2,700.2008656990979,0
2024-05-01,7,1,2,5,0,29.4,1148.4216680586906,0
2024-05-01,3,2,2,5,0,30.2,489.45682295936405,0
2024-05-01,1,0,2,5,0,31.6,1123.0605653285688,1
2024-05-01,5,2,2,5,0,28.0,483.26064426116113,0
2024-05-01,8,2,2,5,0,28.4,491.4788976296417,0
2024-05-01,9,1,2,5,0,31.7,799.1813156112446,0
2024-05-01,6,0,2,5,0,29.5,1339.5241220261444,1
2024-05-01,10,2,2,5,0,29.1,356.14923296714454,0
2024-05-01,2,1,2,5,0,35.0,648.0156265707951,0
2024-05-01,11,0,2,5,0,30.8,1402.5289424795221,1
2024-05-02,5,2,3,5,0,29.8,488.61262887247193,0
2024-05-02,7,1,3,5,1,24.5,916.3787539845839,0
2024-05-02,11,0,3,5,0,31.6,1299.1104996035544,1
2024-05-02,4,1,3,5,0,26.0,654.1170300645492,0
2024-05-02,9,1,3,5,0,31.2,730.4295684788648,0
2024-05-02,1,0,3,5,0,36.4,1364.865590489309,1
2024-05-02,6,0,3,5,0,25.4,1543.0125233851068,1
2024-05-02,8,2,3,5,0,29.6,462.3292852405021,0
2024-05-02,0,2,3,5,1,29.5,551.5237811746532,0
2024-05-03,7,1,4,5,0,28.0,805.5877029355577,0
2024-05-03,11,0,4,5,0,34.4,1299.8908591298145,1
2024-05-03,1,0,4,5,0,32.8,1108.662839434473,1
2024-05-03,8,2,4,5,0,29.3,585.4195886985574,0
2024-05-03,10,2,4,5,0,27.9,433.54718228027383,0
2024-05-03,4,1,4,5,0,28.4,734.3620343270039,0
2024-05-03,0,2,4,5,0,31.7,394.2112630021628,0
2024-05-03,2,1,4,5,1,23.1,747.7045775387988,1
2024-05-03,6,0,4,5,0,27.6,1324.3971241636023,1
2024-05-03,9,1,4,5,1,31.2,644.7274218959692,1
2024-05-04,3,2,5,5,0,27.0,584.8612912712507,0
2024-05-04,1,0,5,5,0,28.1,1777.4075759270559,1
2024-05-04,11,0,5,5,0,31.0,1417.711399003957,1
2024-05-04,7,1,5,5,0,32.6,745.1863420629893,1
2024-05-04,6,0,5,5,0,27.6,1471.1136251439555,1
2024-05-04,0,2,5,5,0,30.2,554.7156122448835,0
2024-05-04,10,2,5,5,1,30.9,520.4737080545494,0
2024-05-04,5,2,5,5,0,33.0,518.8224266865298,0
2024-05-04,2,1,5,5,0,26.6,1083.5899963949707,1
2024-05-05,0,2,6,5,0,30.1,518.808412513713,0
2024-05-05,7,1,6,5,1,25.3,886.412356297767,1
2024-05-05,6,0,6,5,0,28.1,1490.7630486551493,1
2024-05-05,11,0,6,5,0,24.7,1397.4090530880699,1
2024-05-05,8,2,6,5,0,28.6,898.0718110602985,0
2024-05-05,9,1,6,5,0,27.5,745.2042714642664,1
2024-05-05,2,1,6,5,1,29.6,869.3235415832752,1
2024-05-05,1,0,6,5,0,28.5,1651.5958851153837,1
2024-05-05,5,2,6,5,1,34.3,562.2656145432646,0
2024-05-06,2,1,0,5,0,27.0,753.8144052047329,0
2024-05-06,6,0,0,5,0,35.2,1448.749089767456,1
2024-05-06,1,0,0,5,0,29.0,1163.0572469809852,1
2024-05-06,0,2,0,5,0,26.6,440.96951981096146,0
2024-05-06,7,1,0,5,0,28.2,712.8803133829043,0
2024-05-06,11,0,0,5,0,23.8,1160.9966208272683,1
2024-05-06,5,2,0,5,0,29.5,637.1644473835765,0
2024-05-06,9,1,0,5,0,29.1,625.1397843418238,1
2024-05-06,10,2,0,5,0,31.0,393.96999079504815,0
2024-05-06,3,2,0,5,1,26.0,487.1083317628431,0
2024-05-06,8,2,0,5,0,29.1,616.3125437893165,0
2024-05-07,10,2,1,5,1,26.1,381.65520918940837,0
2024-05-07,5,2,1,5,0,31.1,461.88571505227816,0
2024-05-07,3,2,1,5,0,29.2,498.1321726595348,0
2024-05-07,7,1,1,5,1,27.0,674.5420053167098,1
2024-05-07,2,1,1,5,0,33.3,784.2305931808004,1
2024-05-07,4,1,1,5,0,27.0,712.1142987427922,0
2024-05-07,0,2,1,5,0,26.2,532.4748433152386,0
2024-05-07,1,0,1,5,0,26.2,1320.79127455456,1
2024-05-07,6,0,1,5,1,30.3,1578.353410982772,1
2024-05-07,9,1,1,5,0,29.9,637.4044826311806,0
2024-05-07,8,2,1,5,0,23.7,530.1295370729745,0
2024-05-08,1,0,2,5,0,30.4,1303.9454895887864,1
2024-05-08,2,1,2,5,0,34.1,824.825781760288,1
2024-05-08,5,2,2,5,0,26.9,460.3502867640214,0
2024-05-08,11,0,2,5,1,31.8,1203.2010636947482,1
2024-05-08,4,1,2,5,0,33.9,738.7856350066869,0
2024-05-08,7,1,2,5,0,34.0,646.6131876421538,1
2024-05-08,8,2,2,5,0,29.3,502.4641273721919,0
2024-05-08,0,2,2,5,0,25.9,415.65458206343607,0
2024-05-08,6,0,2,5,0,26.4,1362.4617295648281,1
2024-05-08,3,2,2,5,0,28.6,521.4295700293449,0
2024-05-08,9,1,2,5,0,27.6,688.1062244306374,0
2024-05-09,7,1,3,5,1,34.5,844.9633416381599,1
2024-05-09,4,1,3,5,0,26.9,807.0099286007637,0
2024-05-09,8,2,3,5,0,23.8,530.1956325700463,0
2024-05-09,3,2,3,5,0,32.8,436.88758051900163,0
2024-05-09,5,2,3,5,0,23.1,424.0909816431014,0
2024-05-09,1,0,3,5,0,32.4,1149.7344928998618,1
2024-05-09,2,1,3,5,0,29.7,1061.9316312693816,1
2024-05-09,11,0,3,5,0,27.3,1201.5108426171992,1
2024-05-09,6,0,3,5,0,29.9,1276.8011780518113,1
2024-05-09,10,2,3,5,0,23.7,499.3579537073408,0
2024-05-09,9,1,3,5,0,25.096873120865904,711.0125262620844,0
2024-05-10,8,2,4,5,0,31.1,466.9845606196387,0
2024-05-10,3,2,4,5,1,30.3,397.10936164195385,0
2024-05-10,11,0,4,5,0,30.7,1077.8738307777103,1
2024-05-10,4,1,4,5,0,26.6,819.5758726943966,0
2024-05-10,9,1,4,5,1,31.6,1008.4919674288926,1
2024-05-10,5,2,4,5,0,33.7,435.9850011021911,0
2024-05-10,0,2,4,5,0,30.5,417.2982091074078,0
2024-05-10,10,2,4,5,0,30.3,428.47637706765187,0
2024-05-10,2,1,4,5,1,33.4,983.5507234772333,1
2024-05-10,7,1,4,5,0,26.4,701.1768345930617,0
2024-05-10,1,0,4,5,0,33.2,1036.3274224814,1
2024-05-11,10,2,5,5,0,28.9,720.1042954362205,0
2024-05-11,5,2,5,5,1,29.3,612.3898618874454,0
2024-05-11,2,1,5,5,0,29.0,884.226095956454,1
2024-05-11,7,1,5,5,0,31.0,915.6122858146651,1
2024-05-11,8,2,5,5,0,29.3,636.3702581132487,0
2024-05-11,1,0,5,5,1,29.7,1363.0636272793279,1
2024-05-11,4,1,5,5,0,33.9,949.9813212467127,0
2024-05-11,11,0,5,5,1,37.8,1338.978518281385,1
2024-05-11,6,0,5,5,0,22.8,1719.707219103744,1
2024-05-11,3,2,5,5,0,27.9,438.0633009885359,0
2024-05-11,9,1,5,5,0,25.7,1336.8985616638315,0
2024-05-12,10,2,6,5,0,29.3,504.73685548673535,0
2024-05-12,3,2,6,5,0,27.5,402.4023630471096,0
2024-05-12,8,2,6,5,0,32.9,625.5176241091787,0
2024-05-12,4,1,6,5,0,30.0,945.6670951843603,1
2024-05-12,5,2,6,5,0,30.9,755.5167668845601,0
2024-05-12,2,1,6,5,0,32.3,1063.7921078215395,1
2024-05-12,1,0,6,5,0,31.5,1384.8153528969174,1
2024-05-12,0,2,6,5,0,30.2,532.0136163719458,0
2024-05-12,9,1,6,5,0,24.6,998.3965029608563,1
2024-05-12,7,1,6,5,0,29.8,1180.4455144438512,1
2024-05-13,7,1,0,5,0,29.9,834.3766598948316,0
2024-05-13,6,0,0,5,0,32.6,1589.6388925730307,1
2024-05-13,9,1,0,5,0,22.9,847.3673618218983,0
2024-05-13,2,1,0,5,0,30.3,776.3004824256477,0
2024-05-13,10,2,0,5,0,27.0,454.10864097837697,0
2024-05-13,5,2,0,5,1,35.1,485.3107055041964,0
2024-05-13,11,0,0,5,0,34.5,1057.6927885339503,1
2024-05-13,0,2,0,5,1,34.5,385.80548531284444,0
2024-05-13,8,2,0,5,0,34.6,447.35995227943005,0
2024-05-13,4,1,0,5,0,24.9,718.6592899204576,0
2024-05-13,1,0,0,5,0,31.7,1097.6624885591987,1
2024-05-14,4,1,1,5,0,28.0,740.5493515122279,0
2024-05-14,1,0,1,5,0,30.3,1327.205925029938,1
2024-05-14,0,2,1,5,0,30.3,378.7400268394541,0
2024-05-14,8,2,1,5,0,36.1,456.55332298788863,0
2024-05-14,3,2,1,5,0,30.9,332.524216931338,0
2024-05-14,11,0,1,5,0,25.096873120865904,904.4319287017508,1
2024-05-14,5,2,1,5,1,32.4,537.5352417969511,0
2024-05-14,10,2,1,5,0,31.5,615.5468235847801,0
2024-05-14,7,1,1,5,0,30.2,1162.5476615946377,0
2024-05-14,9,1,1,5,0,30.7,803.9366753810674,0
2024-05-15,8,2,2,5,0,32.4,422.8753478975916,0
2024-05-15,11,0,2,5,0,25.096873120865904,1375.1957009454443,1
2024-05-15,9,1,2,5,0,39.6,771.5659041353954,0
2024-05-15,6,0,2,5,0,20.9,1291.237669167074,1
2024-05-15,10,2,2,5,1,33.3,526.8411866663197,0
2024-05-15,0,2,2,5,0,32.0,414.7224474086559,0
2024-05-15,4,1,2,5,0,31.5,776.9573570745076,1
2024-05-15,2,1,2,5,0,32.5,879.7385130248618,0
2024-05-15,1,0,2,5,0,31.7,1354.640697648471,1
2024-05-15,3,2,2,5,1,26.4,382.97144004712345,0
2024-05-15,5,2,2,5,0,32.2,488.10722387928166,0
2024-05-16,10,2,3,5,0,34.7,463.0906305247735,0
2024-05-16,3,2,3,5,1,28.7,408.2122314584256,0
2024-05-16,8,2,3,5,0,32.8,433.50678648781997,0
2024-05-16,7,1,3,5,0,34.7,1117.2337639805278,0
2024-05-16,1,0,3,5,0,31.1,1232.2290996158204,1
2024-05-16,9,1,3,5,0,28.6,671.7934951679885,0
2024-05-16,4,1,3,5,0,30.9,635.2236417441279,1
2024-05-16,6,0,3,5,0,27.2,1266.7639760730501,1
2024-05-16,0,2,3,5,0,29.8,567.4426551020747,0
2024-05-16,11,0,3,5,0,30.7,1115.486289788642,1
2024-05-16,5,2,3,5,1,28.1,473.82053588438885,0
2024-05-17,10,2,4,5,0,27.4,389.1717111210026,0
2024-05-17,7,1,4,5,0,25.3,799.549705972379,0
2024-05-17,8,2,4,5,0,30.7,378.65220997369136,0
2024-05-17,2,1,4,5,0,30.7,1008.4032911995725,1
2024-05-17,11,0,4,5,0,31.6,1013.8130457972993,1
2024-05-17,4,1,4,5,0,28.0,715.4812368352875,1
2024-05-17,9,1,4,5,0,32.2,861.9118459831149,0
2024-05-17,1,0,4,5,0,31.5,1117.3037579003799,1
2024-05-17,6,0,4,5,0,34.6,1377.13748171842,1
2024-05-17,5,2,4,5,0,30.0,419.61441330050076,0
2024-05-18,2,1,5,5,0,32.1,906.4215287364947,1
2024-05-18,3,2,5,5,0,31.8,464.12773625645195,0
2024-05-18,5,2,5,5,0,27.4,577.7569159981946,0
2024-05-18,4,1,5,5,0,35.9,788.7092624767066,1
2024-05-18,11,0,5,5,0,37.3,1461.0082668075975,1
2024-05-18,10,2,5,5,0,25.4,470.06709278634713,0
2024-05-18,7,1,5,5,1,32.3,931.4809235492397,1
2024-05-18,9,1,5,5,0,25.096873120865904,795.402347123998,1
2024-05-19,3,2,6,5,0,29.5,479.6992663048906,0
2024-05-19,4,1,6,5,0,28.1,906.5589308914517,1
2024-05-19,0,2,6,5,0,32.4,542.4777244052798,0
2024-05-19,7,1,6,5,1,22.8,922.7030032775361,1
2024-05-19,9,1,6,5,0,32.4,849.4640544908411,1
2024-05-19,1,0,6,5,0,38.3,1631.967126762341,1
2024-05-19,10,2,6,5,0,33.9,517.4490435967622,0
2024-05-19,6,0,6,5,0,29.9,1820.9411625881203,1
2024-05-19,11,0,6,5,0,29.8,1456.6872240551786,1
2024-05-19,2,1,6,5,0,31.0,989.5644817992868,1
2024-05-20,10,2,0,5,0,29.2,426.4035318383372,0
2024-05-20,9,1,0,5,0,30.2,638.1213120064295,0
2024-05-20,3,2,0,5,1,29.8,474.8483961925079,0
2024-05-20,4,1,0,5,0,24.3,836.0538807909982,0
2024-05-20,1,0,0,5,1,29.9,1191.850642969165,1
2024-05-20,5,2,0,5,1,34.5,597.6669830661907,0
2024-05-20,0,2,0,5,0,34.1,496.8309116094473,0
2024-05-20,8,2,0,5,1,27.5,501.10796110585005,0
2024-05-21,10,2,1,5,0,34.2,402.5675707932022,0
2024-05-21,9,1,1,5,0,27.4,674.2753343633779,1
2024-05-21,6,0,1,5,1,34.6,1578.1626786598904,1
2024-05-21,8,2,1,5,1,30.4,415.3777620736693,0
2024-05-21,3,2,1,5,0,36.8,422.17313372875356,0
2024-05-21,1,0,1,5,1,29.2,1177.351590112297,1
2024-05-21,4,1,1,5,0,29.9,774.3171316747264,0
2024-05-21,5,2,1,5,0,29.6,602.7070328949608,0
2024-05-21,2,1,1,5,1,33.6,811.3530948493564,1
2024-05-21,7,1,1,5,0,30.0,665.4009285131219,0
2024-05-21,11,0,1,5,1,29.8,1652.3612255021449,1
2024-05-22,5,2,2,5,0,36.9,564.460294945298,0
2024-05-22,11,0,2,5,0,32.2,1480.8831164736239,1
2024-05-22,6,0,2,5,1,26.5,1535.2392738808956,1
2024-05-22,4,1,2,5,0,27.8,883.3585242438156,0
2024-05-22,2,1,2,5,0,27.8,812.7228495584861,0
2024-05-22,8,2,2,5,0,30.3,406.86541165665005,0
2024-05-22,1,0,2,5,0,30.8,1107.0498106310897,1
2024-05-22,0,2,2,5,0,31.7,477.75217817085695,0
2024-05-22,7,1,2,5,0,30.5,677.4813302385394,0
2024-05-22,3,2,2,5,0,31.3,586.8243280530377,0
2024-05-23,2,1,3,5,0,30.2,961.9640329318686,0
2024-05-23,5,2,3,5,0,33.1,702.647521133924,0
2024-05-23,10,2,3,5,0,30.2,431.8517703842308,0
2024-05-23,8,2,3,5,0,28.7,406.63915759182373,0
2024-05-23,6,0,3,5,0,35.3,1228.6601276301815,1
2024-05-23,4,1,3,5,0,30.5,887.356500327307,0
2024-05-23,1,0,3,5,0,36.0,1190.6087818682668,1
2024-05-23,3,2,3,5,0,31.7,544.7291654931684,0
2024-05-23,11,0,3,5,0,36.4,1372.3796349866718,1
2024-05-23,7,1,3,5,0,31.5,705.9734907881459,0
2024-05-23,0,2,3,5,0,31.3,409.3017927402024,0
2024-05-24,1,0,4,5,0,34.0,1136.0143127002532,1
2024-05-24,7,1,4,5,0,32.3,729.113050461731,0
2024-05-24,8,2,4,5,1,30.3,337.71497426714865,0
2024-05-24,5,2,4,5,0,31.3,558.7687461805849,0
2024-05-24,9,1,4,5,1,34.0,702.7325862591755,1
2024-05-24,2,1,4,5,0,31.0,884.0675934366151,0
2024-05-24,10,2,4,5,0,33.9,414.25532421736915,0
2024-05-24,3,2,4,5,0,34.2,412.1118486647823,0
2024-05-25,0,2,5,5,0,29.9,511.8811508001585,0
2024-05-25,10,2,5,5,1,30.0,588.322757106542,0
2024-05-25,1,0,5,5,0,29.9,1434.3572371951332,1
2024-05-25,5,2,5,5,0,29.4,592.958891017662,0
2024-05-25,3,2,5,5,0,33.4,534.5836332614409,0
2024-05-25,7,1,5,5,0,30.6,1231.7755035361088,1
2024-05-25,9,1,5,5,0,36.3,1002.5762666229449,1
2024-05-25,11,0,5,5,0,32.3,1619.3752577850235,1
2024-05-25,4,1,5,5,1,30.7,1030.3125692724466,1
2024-05-25,8,2,5,5,0,34.7,478.6747059213839,0
2024-05-25,2,1,5,5,0,36.8,1083.4365211813504,1
2024-05-26,1,0,6,5,0,36.9,1311.5171034058328,1
2024-05-26,0,2,6,5,0,31.0,512.4905246320636,0
2024-05-26,5,2,6,5,0,32.3,792.6827584156944,0
2024-05-26,2,1,6,5,0,33.2,1007.80651012668,1
2024-05-26,8,2,6,5,0,35.4,517.1664532149646,0
2024-05-26,11,0,6,5,0,29.9,1462.0163004183091,1
2024-05-26,9,1,6,5,0,24.7,885.6796315806896,1
2024-05-26,6,0,6,5,1,31.1,1257.413576772176,1
2024-05-26,10,2,6,5,0,32.2,459.61483193392723,0
2024-05-26,7,1,6,5,1,29.3,1051.9200473753237,1
2024-05-26,4,1,6,5,0,31.4,888.7129125633421,1
2024-05-26,3,2,6,5,0,25.096873120865904,543.2046514232549,0
2024-05-27,9,1,0,5,0,34.8,809.5879814706279,0
2024-05-27,1,0,0,5,1,38.1,1395.6343791265529,1
2024-05-27,3,2,0,5,0,32.6,597.2762744658918,0
2024-05-27,11,0,0,5,0,32.7,1304.4985709508885,1
2024-05-27,10,2,0,5,1,33.1,399.84648315456815,0
2024-05-27,4,1,0,5,0,31.1,712.7978855397265,0
2024-05-27,8,2,0,5,0,29.8,593.4407312626294,0
2024-05-27,0,2,0,5,0,32.5,495.79107788127953,0
2024-05-27,2,1,0,5,0,32.7,850.5399722736408,0
2024-05-28,0,2,1,5,0,35.1,492.75698397545557,0
2024-05-28,11,0,1,5,0,33.3,1587.2897082894801,1
2024-05-28,4,1,1,5,0,32.9,724.5775482286128,0
2024-05-28,1,0,1,5,0,30.2,1426.3547349282744,1
2024-05-28,3,2,1,5,0,32.3,404.4167408062535,0
2024-05-28,8,2,1,5,0,37.9,660.2658845660071,0
2024-05-28,6,0,1,5,0,37.1,1284.558723127983,1
2024-05-28,10,2,1,5,0,28.2,352.8407550677409,0
2024-05-28,2,1,1,5,0,30.9,1117.4127970776935,0
2024-05-28,9,1,1,5,0,37.1,877.0361192401344,0
2024-05-29,3,2,2,5,1,32.8,418.330822652699,0
2024-05-29,10,2,2,5,0,32.6,375.9811770574419,0
2024-05-29,9,1,2,5,0,36.8,907.6205353212986,0
2024-05-29,11,0,2,5,0,35.3,1286.3708832356394,1
2024-05-29,6,0,2,5,0,31.1,1486.2942377074326,1
2024-05-29,8,2,2,5,0,33.7,439.93516676108294,0
2024-05-29,0,2,2,5,0,32.0,424.38750988931156,0
2024-05-29,1,0,2,5,0,35.8,1156.2599217623708,1
2024-05-30,10,2,3,5,0,33.2,354.20553091183905,0
2024-05-30,3,2,3,5,0,26.7,436.225677649393,0
2024-05-30,11,0,3,5,0,26.3,1242.9815807255643,1
2024-05-30,4,1,3,5,0,32.9,800.8312381156056,1
2024-05-30,0,2,3,5,0,34.0,423.3422923851008,0
2024-05-30,2,1,3,5,0,33.4,761.8363722378981,0
2024-05-30,1,0,3,5,0,26.5,1175.0766609577,1
2024-05-30,8,2,3,5,0,32.6,406.3453882884104,0
2024-05-30,6,0,3,5,0,31.4,1520.2089331866857,1
2024-05-30,9,1,3,5,0,32.5,849.4925239726564,0
2024-05-30,7,1,3,5,1,32.1,772.1343562083104,0
2024-05-30,5,2,3,5,1,29.7,484.0385201304262,0
2024-05-31,7,1,4,5,0,36.4,746.9542499208792,0
2024-05-31,6,0,4,5,0,29.2,1255.6780699782678,1
2024-05-31,9,1,4,5,0,33.6,1122.9230678780666,0
2024-05-31,1,0,4,5,0,40.7,1285.2756739361437,1
2024-05-31,3,2,4,5,0,35.7,458.42248242932396,0
2024-05-31,10,2,4,5,1,25.096873120865904,417.0959748966142,0
2024-05-31,4,1,4,5,0,32.9,677.1769337632039,0
2024-06-01,5,2,5,6,0,31.7,631.0493103667347,0
2024-06-01,2,1,5,6,0,29.6,994.2452247040504,0
2024-06-01,9,1,5,6,0,31.2,955.4565048136373,1
2024-06-01,6,0,5,6,0,33.4,1300.7913167229267,1
2024-06-01,4,1,5,6,0,30.4,1129.1244789698292,1
2024-06-01,10,2,5,6,0,25.096873120865904,656.3905337034575,0
2024-06-01,0,2,5,6,0,36.0,489.19730372354974,0
2024-06-02,7,1,6,6,1,35.6,1020.8916185423351,1
2024-06-02,0,2,6,6,0,25.096873120865904,492.6142153506685,0
2024-06-02,8,2,6,6,0,34.3,573.915277341317,0
2024-06-02,11,0,6,6,0,33.9,1595.5651708496894,1
2024-06-02,5,2,6,6,0,31.4,610.0133374666573,0
2024-06-02,4,1,6,6,1,35.9,903.7943023160186,1
2024-06-02,10,2,6,6,0,34.8,490.32864537401224,0
2024-06-02,9,1,6,6,0,31.3,1057.274327895967,1
2024-06-02,3,2,6,6,0,41.4,503.30260002803766,0
2024-06-02,2,1,6,6,0,25.9,851.4876822975747,1
2024-06-03,8,2,0,6,0,28.4,508.3117326085618,0
2024-06-03,11,0,0,6,0,33.4,1236.1715956768671,1
2024-06-03,2,1,0,6,0,35.2,652.1716776024786,0
2024-06-03,7,1,0,6,0,35.0,683.7685458699915,0
2024-06-03,6,0,0,6,0,32.7,1199.1743158956062,1
2024-06-03,9,1,0,6,0,38.7,795.7784177825826,1
2024-06-03,0,2,0,6,0,35.0,484.2936374471466,0
2024-06-03,5,2,0,6,0,33.0,573.7004491457047,0
2024-06-03,4,1,0,6,0,36.4,837.8342510179615,0
2024-06-03,3,2,0,6,0,29.8,400.00493497358866,0
2024-06-03,10,2,0,6,0,34.7,521.8149430790538,0
2024-06-03,1,0,0,6,1,38.1,1701.5107860970513,1
2024-06-04,11,0,1,6,0,40.1,1345.7753452374352,1
2024-06-04,6,0,1,6,0,32.1,1141.2903341346646,1
2024-06-04,9,1,1,6,0,32.8,798.6685825779354,1
2024-06-04,4,1,1,6,1,35.3,788.2806166132979,1
2024-06-04,0,2,1,6,1,30.3,484.16747078885334,0
2024-06-04,7,1,1,6,1,34.8,705.3309693709047,1
2024-06-04,8,2,1,6,0,35.2,542.7093527120416,0
2024-06-04,5,2,1,6,0,34.0,508.2481452370906,0
2024-06-05,1,0,2,6,0,31.4,1360.556518056259,1
2024-06-05,5,2,2,6,0,33.3,504.5711384788604,0
2024-06-05,9,1,2,6,0,26.6,805.9307118324163,1
2024-06-05,11,0,2,6,0,34.7,1112.8893642903151,1
2024-06-05,3,2,2,6,0,34.1,458.5376335514362,0
2024-06-05,6,0,2,6,0,34.8,1018.9922666181984,1
2024-06-05,8,2,2,6,0,31.5,496.23155176840135,0
2024-06-05,7,1,2,6,0,32.9,767.5596485636258,0
2024-06-05,2,1,2,6,0,29.0,728.5745773418325,0
2024-06-06,5,2,3,6,0,32.8,721.1804958416183,0
2024-06-06,11,0,3,6,0,27.0,1250.4436602138003,1
2024-06-06,4,1,3,6,1,25.096873120865904,959.4740559898429,1
2024-06-06,3,2,3,6,0,33.9,396.841684186304,0
2024-06-06,2,1,3,6,0,29.0,772.8342618527718,0
2024-06-06,7,1,3,6,0,33.4,811.9238237629147,0
2024-06-06,1,0,3,6,0,35.5,1231.3015671453024,1
2024-06-06,6,0,3,6,0,36.0,973.7895555268374,1
2024-06-06,0,2,3,6,1,37.3,485.2526759727518,0
2024-06-07,6,0,4,6,0,28.2,998.2940641653838,1
2024-06-07,0,2,4,6,0,28.1,517.3016070602037,0
2024-06-07,4,1,4,6,0,33.6,746.6675624833861,0
2024-06-07,2,1,4,6,0,34.8,877.103495079269,0
2024-06-07,11,0,4,6,0,33.8,1386.9814567246135,1
2024-06-07,7,1,4,6,0,35.2,624.756475798599,0
2024-06-07,9,1,4,6,0,28.1,767.2724645208914,0
2024-06-07,5,2,4,6,0,32.8,509.68124207266794,0
2024-06-07,3,2,4,6,1,36.5,420.2910237132418,0
2024-06-08,4,1,5,6,0,31.6,979.5459113304524,1
2024-06-08,10,2,5,6,0,34.3,543.0085083506661,0
2024-06-08,11,0,5,6,0,35.3,1660.7879583537526,1
2024-06-08,2,1,5,6,0,33.9,840.0596643017661,0
2024-06-08,1,0,5,6,0,30.9,1389.5999056892872,1
2024-06-08,3,2,5,6,1,32.4,511.82990294955954,0
2024-06-08,9,1,5,6,0,32.2,853.8969290400437,1
2024-06-08,5,2,5,6,0,34.4,589.7063420437673,0
2024-06-08,0,2,5,6,0,35.0,573.4188710382043,0
2024-06-08,8,2,5,6,1,36.2,580.9251934136141,0
2024-06-09,9,1,6,6,0,36.5,961.2434871543986,1
2024-06-09,3,2,6,6,1,35.0,553.1982386867305,0
2024-06-09,2,1,6,6,0,34.9,899.5852900907005,0
2024-06-09,6,0,6,6,0,34.0,1404.4965302403243,1
2024-06-09,8,2,6,6,0,34.6,560.1273256895239,0
2024-06-09,0,2,6,6,0,35.4,503.423689688232,0
2024-06-09,1,0,6,6,0,32.3,1435.881337771099,1
2024-06-10,5,2,0,6,0,35.4,375.41024310119786,0
2024-06-10,6,0,0,6,0,31.4,1428.8816844304972,1
2024-06-10,7,1,0,6,0,33.9,671.74280576728,0
2024-06-10,3,2,0,6,0,41.0,471.7395644434956,0
2024-06-10,11,0,0,6,0,30.4,1232.7626541973518,1
2024-06-10,1,0,0,6,0,39.1,1474.5757602384847,1
2024-06-10,9,1,0,6,1,31.4,899.9340676763752,1
2024-06-10,4,1,0,6,0,33.0,840.7465765632137,0
2024-06-10,8,2,0,6,0,31.5,436.250650739332,0
2024-06-10,2,1,0,6,0,31.7,673.3846301920239,0
2024-06-10,10,2,0,6,0,29.5,408.78905440895085,0
2024-06-11,1,0,1,6,0,28.8,1218.648878968504,1
2024-06-11,5,2,1,6,0,33.9,410.2288309773717,0
2024-06-11,9,1,1,6,0,30.3,938.0015000602091,0
2024-06-11,10,2,1,6,0,29.4,376.1678729467252,0
2024-06-11,8,2,1,6,1,34.4,401.90264952713994,0
2024-06-11,0,2,1,6,1,34.5,495.8677382648419,0
2024-06-11,6,0,1,6,0,25.096873120865904,1314.8868625574946,1
2024-06-11,3,2,1,6,0,29.5,445.3352569370978,0
2024-06-11,2,1,1,6,0,25.096873120865904,1012.1973550469377,0
2024-06-11,4,1,1,6,0,36.0,1119.1296160546515,0
2024-06-12,11,0,2,6,1,28.1,1181.150605402524,1
2024-06-12,7,1,2,6,0,39.2,703.4741458793751,0
2024-06-12,1,0,2,6,0,31.6,1155.4423407076456,1
2024-06-12,9,1,2,6,0,34.2,881.6929045168175,0
2024-06-12,4,1,2,6,0,34.7,906.6296767320009,0
2024-06-12,2,1,2,6,1,38.1,776.9620198312949,0
2024-06-12,3,2,2,6,0,37.3,425.1038559839565,0
2024-06-12,6,0,2,6,0,37.9,1191.2500571115404,1
2024-06-12,8,2,2,6,0,34.3,420.16554357202835,0
2024-06-13,3,2,3,6,0,35.9,418.0557185254936,0
2024-06-13,6,0,3,6,0,28.7,1260.4159332845577,1
2024-06-13,2,1,3,6,0,35.6,755.4677821379621,0
2024-06-13,7,1,3,6,0,33.4,763.3314886006988,0
2024-06-13,0,2,3,6,0,35.5,511.8426696680822,0
2024-06-13,4,1,3,6,0,31.8,1033.4859304525298,0
2024-06-13,9,1,3,6,0,38.6,715.5625072370759,0
2024-06-13,5,2,3,6,0,32.6,418.28360886428123,0
2024-06-13,10,2,3,6,1,30.9,297.19305226857875,0
2024-06-13,1,0,3,6,0,33.5,1116.959275228128,1
2024-06-14,0,2,4,6,0,36.8,343.37533895108726,0
2024-06-14,5,2,4,6,0,36.7,429.715201164406,0
2024-06-14,1,0,4,6,0,33.0,1076.268178271946,1
2024-06-14,7,1,4,6,0,33.6,731.0254684368355,0
2024-06-14,3,2,4,6,0,30.2,450.63386155368005,0
2024-06-14,6,0,4,6,0,38.2,1318.6208797750805,1
2024-06-14,9,1,4,6,0,34.2,766.2834727749446,0
2024-06-14,2,1,4,6,0,32.3,656.056096795807,0
2024-06-14,4,1,4,6,0,33.9,790.8550616642974,0
2024-06-14,11,0,4,6,1,38.8,1030.4952145747336,1
2024-06-15,1,0,5,6,1,35.9,1260.4692898991061,1
2024-06-15,10,2,5,6,0,25.9,380.9235152480445,0
2024-06-15,8,2,5,6,0,33.9,584.6896120688124,0
2024-06-15,5,2,5,6,1,31.7,525.500947442506,0
2024-06-15,6,0,5,6,0,37.5,1663.0949421978853,1
2024-06-15,3,2,5,6,0,31.6,612.386043499797,0
2024-06-15,7,1,5,6,0,33.7,1106.3387572581287,0
2024-06-15,0,2,5,6,0,34.8,406.38657247010195,0
2024-06-15,9,1,5,6,0,33.8,944.0197113855904,0
2024-06-16,2,1,6,6,0,34.0,843.1413005393388,0
2024-06-16,9,1,6,6,0,38.7,874.018142920748,1
2024-06-16,4,1,6,6,0,34.8,920.104990898736,0
2024-06-16,0,2,6,6,0,34.3,459.54874979580023,0
2024-06-16,1,0,6,6,0,38.2,1213.5975217231176,1
2024-06-16,6,0,6,6,0,41.1,1586.9353827458142,1
2024-06-16,5,2,6,6,0,36.4,505.0391866713664,0
2024-06-16,3,2,6,6,1,29.1,588.9151960814191,0
2024-06-16,11,0,6,6,0,32.9,1283.0347745597614,1
2024-06-16,7,1,6,6,0,32.5,813.901964577957,0
2024-06-17,1,0,0,6,0,33.5,1223.980580831255,1
2024-06-17,4,1,0,6,0,38.4,691.0619773428066,0
2024-06-17,10,2,0,6,0,32.0,316.6918884125719,0
2024-06-17,2,1,0,6,0,25.096873120865904,669.8896646855288,0
2024-06-17,9,1,0,6,1,28.5,911.758540007977,1
2024-06-17,7,1,0,6,0,37.5,656.9467001357879,0
2024-06-17,11,0,0,6,1,33.9,1174.732663012098,1
2024-06-17,8,2,0,6,0,39.2,396.8871123776336,0
2024-06-17,3,2,0,6,1,31.9,351.90249369720664,0
2024-06-17,5,2,0,6,0,34.5,347.4128877588511,0
2024-06-17,6,0,0,6,0,31.1,1172.3359437599083,1
2024-06-18,11,0,1,6,0,29.5,1255.7082542017645,1
2024-06-18,4,1,1,6,0,37.4,774.6745346898355,0
2024-06-18,1,0,1,6,0,36.3,1297.75814228645,1
2024-06-18,6,0,1,6,0,36.0,1102.5652490024383,1
2024-06-18,8,2,1,6,0,35.4,513.137924145257,0
2024-06-18,10,2,1,6,0,32.9,345.4234976431773,0
2024-06-18,5,2,1,6,0,25.096873120865904,353.7172448165452,0
2024-06-18,3,2,1,6,0,38.3,341.2128341476237,0
2024-06-18,7,1,1,6,0,33.4,810.9051517706578,0
2024-06-18,2,1,1,6,0,33.2,602.6539251674797,0
2024-06-19,1,0,2,6,0,36.9,1309.5421410439626,1
2024-06-19,7,1,2,6,0,35.3,740.9727753485388,0
2024-06-19,8,2,2,6,0,32.8,500.25509375325123,0
2024-06-19,11,0,2,6,0,31.6,1561.5193120340123,1
2024-06-19,9,1,2,6,1,25.096873120865904,589.915576232667,1
2024-06-19,10,2,2,6,1,33.2,317.92082726834843,0
2024-06-19,2,1,2,6,1,36.0,763.8735472413628,0
2024-06-19,3,2,2,6,0,33.7,378.2614057400104,0
2024-06-19,6,0,2,6,0,35.8,1200.3226812798202,1
2024-06-20,8,2,3,6,1,34.4,507.979889759456,0
2024-06-20,0,2,3,6,1,37.0,355.7488595402914,0
2024-06-20,1,0,3,6,1,32.5,1112.408108209589,1
2024-06-20,9,1,3,6,0,32.9,570.3090123276418,0
2024-06-20,3,2,3,6,0,32.6,460.6644623045208,0
2024-06-20,6,0,3,6,0,32.4,1255.5381597525013,1
2024-06-20,10,2,3,6,0,32.6,429.27629380976697,0
2024-06-20,5,2,3,6,0,30.3,412.48087376536085,0
2024-06-20,4,1,3,6,0,38.9,790.8556764855315,0
2024-06-20,11,0,3,6,0,27.2,1176.9273320636316,1
2024-06-21,11,0,4,6,1,34.4,1517.6632634490775,1
2024-06-21,5,2,4,6,0,28.9,388.9017688293448,0
2024-06-21,10,2,4,6,0,30.9,467.9234662691825,0
2024-06-21,1,0,4,6,0,37.8,1142.123579930221,1
2024-06-21,6,0,4,6,0,36.7,1191.5767378994894,1
2024-06-21,7,1,4,6,1,25.096873120865904,677.8894425429377,0
2024-06-21,0,2,4,6,0,25.096873120865904,350.1822731060464,0
2024-06-21,3,2,4,6,0,37.8,466.4974740576418,0
2024-06-21,9,1,4,6,0,34.0,644.6622971871592,0
2024-06-22,7,1,5,6,0,32.1,673.7412414753877,0
2024-06-22,10,2,5,6,0,38.1,513.0704619305577,0
2024-06-22,9,1,5,6,0,34.8,837.102387925699,0
2024-06-22,2,1,5,6,0,36.9,823.7371765251296,0
2024-06-22,8,2,5,6,1,38.3,643.4717372663861,0
2024-06-22,3,2,5,6,0,32.8,578.7485714604729,0
2024-06-22,6,0,5,6,0,32.5,1401.4616827439813,1
2024-06-22,4,1,5,6,0,39.1,850.5992233494698,1
2024-06-22,5,2,5,6,0,33.5,643.6294452047508,0
2024-06-22,0,2,5,6,0,34.2,397.5194126256459,0
2024-06-22,11,0,5,6,0,34.9,1490.2906328149948,1
2024-06-23,6,0,6,6,0,35.7,1502.32241056818,1
2024-06-23,11,0,6,6,0,29.5,1407.2220269706247,1
2024-06-23,8,2,6,6,0,24.8,694.6794120769869,0
2024-06-23,10,2,6,6,0,33.9,508.42290298132843,0
2024-06-23,4,1,6,6,1,35.9,812.6772074704063,1
2024-06-23,2,1,6,6,0,37.1,782.6882152316224,0
2024-06-23,1,0,6,6,1,35.4,1570.775880934538,1
2024-06-23,9,1,6,6,0,36.4,924.4674519735122,0
2024-06-23,7,1,6,6,0,31.9,721.5015517926053,0
2024-06-23,3,2,6,6,0,32.9,715.3477784353821,0
2024-06-24,6,0,0,6,0,25.096873120865904,1067.8887668523234,1
2024-06-24,3,2,0,6,0,33.0,572.4637400999832,0
2024-06-24,10,2,0,6,0,32.6,380.07223290324885,0
2024-06-24,2,1,0,6,0,32.1,619.2456586769962,0
2024-06-24,7,1,0,6,0,33.9,616.8582960730655,0
2024-06-24,11,0,0,6,0,35.6,1294.3416403551628,1
2024-06-24,1,0,0,6,0,35.8,1175.91661965602,1
2024-06-24,8,2,0,6,0,37.1,437.90807361331616,0
2024-06-24,4,1,0,6,0,36.5,722.8035986513804,0
2024-06-25,1,0,1,6,0,32.9,1293.8212116930847,1
2024-06-25,5,2,1,6,0,35.4,483.0720121135998,0
2024-06-25,10,2,1,6,0,34.0,417.77566225476386,0
2024-06-25,11,0,1,6,1,31.4,1116.5923727796055,1
2024-06-25,2,1,1,6,0,38.8,597.9681360678276,0
2024-06-25,9,1,1,6,0,31.5,817.8124791343762,0
2024-06-25,4,1,1,6,0,36.2,748.4127444396239,1
2024-06-25,0,2,1,6,0,27.3,475.78898560386875,0
2024-06-25,6,0,1,6,0,35.3,1235.518355252918,1
2024-06-25,3,2,1,6,0,33.8,417.20293837777075,0
2024-06-26,5,2,2,6,0,34.6,614.9583920868678,0
2024-06-26,11,0,2,6,1,31.2,1154.589209142451,1
2024-06-26,10,2,2,6,0,37.0,484.2109024488231,0
2024-06-26,0,2,2,6,0,41.4,603.2862400463091,0
2024-06-26,2,1,2,6,0,34.2,832.4224259757159,0
2024-06-26,8,2,2,6,0,36.9,435.5090802610144,0
2024-06-26,7,1,2,6,0,32.1,711.5999559765237,0
2024-06-26,9,1,2,6,0,39.1,1001.1894885237994,0
2024-06-26,6,0,2,6,0,37.5,1257.5032374485256,1
2024-06-26,4,1,2,6,0,31.1,750.843947663286,0
2024-06-27,9,1,3,6,0,32.2,776.812229708537,0
2024-06-27,10,2,3,6,0,33.2,404.30171904642606,0
2024-06-27,8,2,3,6,0,34.3,504.69178377917183,0
2024-06-27,4,1,3,6,0,37.4,744.7113020722501,1
2024-06-27,11,0,3,6,0,25.096873120865904,1087.7864966830082,1
2024-06-27,7,1,3,6,0,39.4,691.6842197254031,0
2024-06-27,1,0,3,6,0,32.5,1537.329916948383,1
2024-06-27,6,0,3,6,1,31.7,1132.658901813712,1
2024-06-28,7,1,4,6,0,32.1,811.8616113434339,0
2024-06-28,0,2,4,6,0,25.096873120865904,400.0470749856458,0
2024-06-28,8,2,4,6,0,40.4,390.5116406731018,0
2024-06-28,6,0,4,6,0,36.0,1186.0170984756928,1
2024-06-28,10,2,4,6,0,40.5,418.7810727213447,0
2024-06-28,11,0,4,6,0,38.1,1370.438680421592,1
2024-06-29,3,2,5,6,0,34.1,470.08794284466103,0
2024-06-29,4,1,5,6,0,35.7,1194.3385381519847,1
2024-06-29,11,0,5,6,0,41.2,1199.8977809807318,1
2024-06-29,9,1,5,6,0,31.1,799.7888038144529,1
2024-06-29,1,0,5,6,0,30.1,1324.0790894751763,1
2024-06-29,8,2,5,6,0,33.8,597.2904817035294,0
2024-06-29,5,2,5,6,0,37.4,497.8943563892696,0
2024-06-29,10,2,5,6,0,33.7,495.1720018164991,0
2024-06-29,6,0,5,6,0,37.2,1547.183987353766,1
2024-06-29,0,2,5,6,0,34.0,547.8547240224017,0
2024-06-30,8,2,6,6,0,25.096873120865904,489.10787046718684,0
2024-06-30,1,0,6,6,0,32.3,1603.3956062775562,1
2024-06-30,2,1,6,6,0,36.3,782.928593003384,0
2024-06-30,3,2,6,6,0,31.7,546.8370949022701,0
2024-06-30,6,0,6,6,0,36.1,1685.1509384905992,1
2024-06-30,11,0,6,6,1,33.5,1300.8539394824159,1
2024-06-30,0,2,6,6,1,36.5,771.602885805547,0
2024-06-30,5,2,6,6,0,35.8,493.4010959633196,0
2024-07-01,4,1,0,7,0,36.8,828.2515523387481,0
2024-07-01,9,1,0,7,1,39.0,762.1900073005824,1
2024-07-01,0,2,0,7,0,31.7,482.97930424278553,0
2024-07-01,1,0,0,7,1,30.3,1203.469485599244,1
2024-07-01,11,0,0,7,0,36.6,1061.345207923505,1
2024-07-01,2,1,0,7,0,35.5,622.2597592287526,0
2024-07-01,8,2,0,7,0,36.3,356.74343313231145,0
2024-07-01,5,2,0,7,0,34.8,429.3920753882352,0
2024-07-01,10,2,0,7,0,33.1,376.9579536787356,0
2024-07-02,11,0,1,7,0,38.8,1407.8878430569528,1
2024-07-02,6,0,1,7,0,38.3,1175.554566428047,1
2024-07-02,1,0,1,7,1,32.0,1265.6317127121,1
2024-07-02,5,2,1,7,0,38.0,432.76055727595366,0
2024-07-02,8,2,1,7,0,33.5,354.4793772760783,0
2024-07-02,4,1,1,7,0,37.3,856.1024510743341,0
2024-07-02,3,2,1,7,1,33.4,418.6508999498108,0
2024-07-02,2,1,1,7,1,29.6,616.5426091954093,0
2024-07-03,1,0,2,7,0,33.8,1297.8930333074425,1
2024-07-03,2,1,2,7,0,37.4,694.3882165165666,0
2024-07-03,11,0,2,7,1,35.7,1245.5488205960994,1
2024-07-03,0,2,2,7,0,32.3,426.98054339813075,0
2024-07-03,7,1,2,7,0,40.3,626.5568283204057,0
2024-07-03,4,1,2,7,1,35.5,831.6102128958087,1
2024-07-03,5,2,2,7,0,34.6,379.5228171992108,0
2024-07-03,8,2,2,7,1,34.3,406.3326737359253,0
2024-07-03,6,0,2,7,0,34.3,1210.3669660619719,1
2024-07-03,3,2,2,7,0,43.8,408.4288320308233,0
2024-07-04,3,2,3,7,0,36.4,390.52187568669376,0
2024-07-04,4,1,3,7,0,34.4,851.1206506214652,0
2024-07-04,5,2,3,7,0,36.9,390.18232721711627,0
2024-07-04,1,0,3,7,1,32.4,1294.8048855903533,1
2024-07-04,10,2,3,7,0,33.6,332.220029226972,0
2024-07-04,11,0,3,7,0,31.5,1000.9972630435577,1
2024-07-04,2,1,3,7,0,32.9,686.1434705348016,0
2024-07-04,7,1,3,7,0,30.1,642.307209380542,0
2024-07-05,3,2,4,7,0,35.0,370.3000717207374,0
2024-07-05,2,1,4,7,0,33.5,669.9986414742966,0
2024-07-05,9,1,4,7,0,30.2,744.1677330750629,0
2024-07-05,7,1,4,7,0,40.4,634.0174694644504,0
2024-07-05,8,2,4,7,0,30.8,444.0412025297264,0
2024-07-05,1,0,4,7,0,36.6,1358.5369647511711,1
2024-07-05,0,2,4,7,0,36.8,447.05587835878583,0
2024-07-05,10,2,4,7,0,38.3,354.25514624897846,0
2024-07-05,6,0,4,7,0,37.5,1225.122075599761,1
2024-07-05,4,1,4,7,0,35.7,825.5925544063106,0
2024-07-06,2,1,5,7,0,40.2,866.7465068103246,0
2024-07-06,0,2,5,7,0,34.7,504.9488953900416,0
2024-07-06,6,0,5,7,0,33.5,1399.7391249216546,1
2024-07-06,8,2,5,7,0,34.1,589.302228699632,0
2024-07-06,11,0,5,7,0,36.7,1187.9195869991947,1
2024-07-06,3,2,5,7,0,36.2,427.7996052039318,0
2024-07-06,5,2,5,7,0,33.9,454.2549877455178,0
2024-07-06,4,1,5,7,1,34.1,963.1670429633781,1
2024-07-06,1,0,5,7,1,37.0,1512.527365296219,1
2024-07-07,0,2,6,7,0,35.7,599.9691860179826,0
2024-07-07,10,2,6,7,0,41.2,362.2754558397238,0
2024-07-07,2,1,6,7,0,33.8,817.5610657816134,0
2024-07-07,3,2,6,7,1,36.0,402.74998109323724,0
2024-07-07,6,0,6,7,0,36.8,1368.5071769862855,1
2024-07-07,9,1,6,7,0,39.6,937.6214338548419,1
2024-07-07,5,2,6,7,0,35.5,540.1598163029302,0
2024-07-07,8,2,6,7,0,35.9,496.3232610869997,0
2024-07-07,11,0,6,7,0,37.0,1683.607021365569,1
2024-07-07,4,1,6,7,0,33.7,848.7715464681052,0
2024-07-08,8,2,0,7,0,37.4,464.51531920297754,0
2024-07-08,1,0,0,7,1,36.5,1479.1115523569977,1
2024-07-08,10,2,0,7,0,35.3,322.4101426557615,0
2024-07-08,4,1,0,7,0,31.9,661.35853769969,0
2024-07-08,0,2,0,7,0,25.096873120865904,432.51248761552364,0
2024-07-08,5,2,0,7,0,31.5,465.65331099561274,0
2024-07-08,3,2,0,7,1,33.9,380.77157884075194,0
2024-07-08,9,1,0,7,0,42.0,960.4965495683433,0
2024-07-08,11,0,0,7,0,35.3,1205.7594576359143,1
2024-07-09,10,2,1,7,0,25.9,331.26143957392316,0
2024-07-09,2,1,1,7,0,34.5,766.5703386780052,0
2024-07-09,3,2,1,7,0,34.6,499.09430726308216,0
2024-07-09,5,2,1,7,0,32.7,439.14207824144097,0
2024-07-09,7,1,1,7,0,31.9,679.6776043620438,0
2024-07-09,9,1,1,7,0,29.6,825.1454721500551,0
2024-07-09,4,1,1,7,1,39.0,698.0547173031365,1
2024-07-09,1,0,1,7,1,30.7,1425.374516599035,1
2024-07-10,0,2,2,7,0,33.7,400.27722464478416,0
2024-07-10,1,0,2,7,1,38.7,1005.6451226604993,1
2024-07-10,7,1,2,7,0,25.096873120865904,614.360288756499,0
2024-07-10,9,1,2,7,0,30.0,840.794053400368,0
2024-07-10,6,0,2,7,0,31.8,896.1883984595731,1
2024-07-10,3,2,2,7,0,37.3,407.2991988774356,0
2024-07-10,11,0,2,7,0,34.3,1309.4562594913539,1
2024-07-10,8,2,2,7,0,31.6,511.8582734765842,0
2024-07-10,5,2,2,7,0,35.0,422.9042539360975,0
2024-07-11,2,1,3,7,0,37.9,559.841415709745,0
2024-07-11,11,0,3,7,0,37.6,966.6499543540016,1
2024-07-11,0,2,3,7,1,39.0,358.318212564527,0
2024-07-11,1,0,3,7,1,33.1,1229.1795671998973,1
2024-07-11,3,2,3,7,0,29.7,396.0786701735609,0
2024-07-11,7,1,3,7,0,29.5,720.2731147938341,1
2024-07-11,6,0,3,7,0,37.4,1263.5114531146237,1
2024-07-11,4,1,3,7,0,30.6,821.3783629240365,0
2024-07-11,10,2,3,7,0,35.9,401.94083308316846,0
2024-07-11,9,1,3,7,0,30.4,753.5938297066509,0
2024-07-12,10,2,4,7,0,41.1,407.96233933889636,0
2024-07-12,7,1,4,7,0,32.4,800.5797308654622,0
2024-07-12,3,2,4,7,1,39.6,389.5271479321873,0
2024-07-12,11,0,4,7,1,37.4,925.0380892044839,1
2024-07-12,5,2,4,7,0,39.2,434.19565657997833,0
2024-07-12,2,1,4,7,0,37.3,611.7402996886121,0
2024-07-12,8,2,4,7,0,35.3,472.38417276274834,0
2024-07-12,0,2,4,7,1,37.2,396.5000763610612,0
2024-07-12,1,0,4,7,0,30.1,946.5380114449576,1
2024-07-13,0,2,5,7,1,34.6,498.13995403004566,0
2024-07-13,11,0,5,7,0,34.2,1209.3901421427192,1
2024-07-13,2,1,5,7,0,38.1,724.3819896639444,1
2024-07-13,1,0,5,7,0,34.2,1555.0813330773778,1
2024-07-13,7,1,5,7,0,28.1,885.7490998193156,1
2024-07-13,8,2,5,7,0,25.096873120865904,536.3388212821915,0
2024-07-13,6,0,5,7,0,38.6,1192.2033039074886,1
2024-07-13,10,2,5,7,0,25.096873120865904,484.34323719310754,0
2024-07-13,9,1,5,7,0,37.4,809.3347980132111,0
2024-07-14,6,0,6,7,0,31.9,1175.265039985272,1
2024-07-14,3,2,6,7,0,38.6,549.0818062871222,0
2024-07-14,0,2,6,7,0,39.7,518.2182999432929,0
2024-07-14,8,2,6,7,0,31.7,450.9746285939074,0
2024-07-14,11,0,6,7,0,35.5,1254.5455107762516,1
2024-07-14,5,2,6,7,0,37.6,569.1041360947934,0
2024-07-14,2,1,6,7,0,30.0,776.4732643845231,0
2024-07-14,7,1,6,7,0,35.4,800.5902552238468,1
2024-07-14,9,1,6,7,0,35.6,933.898036415319,0
2024-07-14,10,2,6,7,0,25.096873120865904,469.70889381133077,0
2024-07-15,3,2,0,7,0,37.0,485.30135830469953,0
2024-07-15,8,2,0,7,0,34.7,389.39672240192334,0
2024-07-15,0,2,0,7,0,33.6,418.2812114329852,0
2024-07-15,2,1,0,7,0,35.3,879.648978859392,0
2024-07-15,6,0,0,7,0,32.0,1112.083319509054,1
2024-07-15,11,0,0,7,0,37.0,1007.005932987332,1
2024-07-15,5,2,0,7,1,37.7,411.86681648524893,0
2024-07-15,4,1,0,7,0,31.5,655.5633583265494,0
2024-07-15,10,2,0,7,0,38.6,385.3430918839325,0
2024-07-15,9,1,0,7,0,39.6,668.9528303677425,0
2024-07-16,4,1,1,7,0,30.0,863.2835533745862,0
2024-07-16,11,0,1,7,0,36.3,1056.001609815754,1
2024-07-16,6,0,1,7,0,34.4,1236.489962432403,1
2024-07-16,9,1,1,7,0,37.5,655.0932637153848,0
2024-07-16,3,2,1,7,0,33.7,350.56695683914927,0
2024-07-16,8,2,1,7,0,35.5,423.21853611298417,0
2024-07-16,0,2,1,7,1,33.0,415.9949885915639,0
2024-07-16,1,0,1,7,0,36.1,1216.9789880678452,1
2024-07-16,7,1,1,7,0,37.9,657.5646933641877,0
2024-07-16,10,2,1,7,0,33.8,386.0628958895958,0
2024-07-16,2,1,1,7,0,25.096873120865904,746.1903294801492,0
2024-07-16,5,2,1,7,0,36.5,383.45880216868153,0
2024-07-17,3,2,2,7,0,37.2,336.83328833465305,0
2024-07-17,0,2,2,7,0,37.7,423.81391506722605,0
2024-07-17,9,1,2,7,0,37.0,670.4465279091016,0
2024-07-17,5,2,2,7,0,33.7,390.19673721411095,0
2024-07-17,1,0,2,7,0,34.4,1229.0563738158928,1
2024-07-17,7,1,2,7,0,36.6,761.5396860954646,0
2024-07-17,4,1,2,7,0,31.5,720.5889688701403,0
2024-07-18,2,1,3,7,0,30.8,710.2656571827692,0
2024-07-18,7,1,3,7,1,31.9,877.8320268837393,1
2024-07-18,9,1,3,7,0,37.5,593.0938876761783,0
2024-07-18,10,2,3,7,0,25.096873120865904,377.4761979289424,0
2024-07-18,11,0,3,7,0,39.3,1143.91505693941,1
2024-07-18,5,2,3,7,0,37.8,394.1284568620229,0
2024-07-18,6,0,3,7,0,35.0,1101.7916116895265,1
2024-07-18,1,0,3,7,0,32.5,1198.4366919092429,1
2024-07-18,4,1,3,7,0,30.3,682.3590553439793,0
2024-07-18,3,2,3,7,0,38.7,360.86986085943994,0
2024-07-19,11,0,4,7,0,35.1,1578.5234414855038,1
2024-07-19,6,0,4,7,0,25.096873120865904,1029.5144211624413,1
2024-07-19,10,2,4,7,1,39.2,400.1355696977317,0
2024-07-19,5,2,4,7,0,34.3,397.32767437291045,0
2024-07-19,9,1,4,7,0,36.3,551.8234971502933,0
2024-07-19,4,1,4,7,0,34.9,827.7514911701356,0
2024-07-19,7,1,4,7,0,31.9,827.7604352702859,0
2024-07-19,8,2,4,7,0,35.9,385.8838180374351,0
2024-07-20,4,1,5,7,0,42.1,966.6729711933705,0
2024-07-20,11,0,5,7,0,40.5,1299.880885376988,1
2024-07-20,8,2,5,7,0,36.7,548.134140212319,0
2024-07-20,6,0,5,7,0,38.3,1293.3992180055777,1
2024-07-20,9,1,5,7,0,36.2,654.7311674650923,0
2024-07-20,2,1,5,7,0,35.9,852.8383951719366,0
2024-07-20,7,1,5,7,0,34.8,975.2823465013106,1
2024-07-20,5,2,5,7,0,32.8,496.2382628578682,0
2024-07-20,10,2,5,7,0,37.5,495.25146992105056,0
2024-07-20,0,2,5,7,0,34.7,589.712499059179,0
2024-07-21,0,2,6,7,0,33.9,498.22390979343027,0
2024-07-21,9,1,6,7,0,38.8,686.524742110473,0
2024-07-21,8,2,6,7,0,37.8,569.9774415702915,0
2024-07-21,4,1,6,7,0,31.8,891.1817752000187,1
2024-07-21,3,2,6,7,0,26.5,462.11320096514396,0
2024-07-21,6,0,6,7,0,25.096873120865904,1354.9162397970094,1
2024-07-21,10,2,6,7,0,32.6,463.60224601992684,0
2024-07-21,11,0,6,7,0,34.8,1204.0599420161793,1
2024-07-21,2,1,6,7,1,36.2,744.2820522465541,1
2024-07-21,5,2,6,7,0,32.6,548.0048989102173,0
2024-07-22,0,2,0,7,0,34.8,378.5343722906447,0
2024-07-22,11,0,0,7,0,41.1,1047.8369888239658,1
2024-07-22,3,2,0,7,0,31.2,421.9099786200933,0
2024-07-22,6,0,0,7,0,34.0,1143.6780799856353,1
2024-07-22,10,2,0,7,0,40.0,359.1841629513367,0
2024-07-22,5,2,0,7,1,37.9,572.6864169529476,0
2024-07-22,4,1,0,7,0,35.4,663.5482603674968,0
2024-07-22,9,1,0,7,0,35.7,639.5390320609536,0
2024-07-23,4,1,1,7,1,39.6,605.228647939358,1
2024-07-23,7,1,1,7,0,35.1,791.7780834241618,0
2024-07-23,6,0,1,7,0,35.2,1153.3429434107334,1
2024-07-23,9,1,1,7,0,35.5,615.8365529879043,0
2024-07-23,5,2,1,7,0,35.0,440.30419734302154,0
2024-07-23,3,2,1,7,0,34.7,377.26828129761947,0
2024-07-23,10,2,1,7,1,30.1,340.5441009991122,0
2024-07-23,1,0,1,7,0,35.1,1017.775383390608,1
2024-07-23,2,1,1,7,0,37.7,671.0276905206861,0
2024-07-23,0,2,1,7,0,31.7,434.31209098762105,0
2024-07-23,8,2,1,7,0,33.3,470.6094906611943,0
2024-07-23,11,0,1,7,0,37.8,1016.8549931673745,1
2024-07-24,0,2,2,7,0,35.1,373.4158665344606,0
2024-07-24,7,1,2,7,0,37.0,754.2089855359059,0
2024-07-24,1,0,2,7,0,36.0,1019.764314081565,1
2024-07-24,4,1,2,7,0,36.1,599.4744076667827,0
2024-07-24,6,0,2,7,1,36.3,947.0525434576298,1
2024-07-24,11,0,2,7,0,29.6,1074.9095089245286,1
2024-07-24,9,1,2,7,0,32.8,685.582858862809,0
2024-07-24,2,1,2,7,0,34.9,658.040575164075,0
2024-07-24,8,2,2,7,1,40.7,448.26478646196756,0
2024-07-25,2,1,3,7,0,31.5,655.8974062676616,0
2024-07-25,5,2,3,7,0,35.2,452.3491664898202,0
2024-07-25,11,0,3,7,0,36.0,998.2408796665534,1
2024-07-25,6,0,3,7,0,36.7,883.2912361594426,1
2024-07-25,8,2,3,7,0,36.3,427.78118067585234,0
2024-07-25,7,1,3,7,0,35.3,962.8890941907287,0
2024-07-25,3,2,3,7,0,34.7,361.61628416438583,0
2024-07-25,1,0,3,7,1,35.0,1070.8768898517608,1
2024-07-25,0,2,3,7,0,25.096873120865904,357.6166923939098,0
2024-07-25,4,1,3,7,1,32.5,565.559325603225,1
2024-07-25,9,1,3,7,0,32.6,601.343107482394,0
2024-07-26,5,2,4,7,0,36.1,460.4328095891635,0
2024-07-26,7,1,4,7,0,31.9,792.3392507536057,0
2024-07-26,6,0,4,7,0,30.7,908.1997018199735,1
2024-07-26,0,2,4,7,0,36.7,436.46711953035924,0
2024-07-26,8,2,4,7,0,25.096873120865904,366.3138225542866,0
2024-07-26,3,2,4,7,1,38.7,370.7541709161245,0
2024-07-26,10,2,4,7,0,33.1,464.68185954065876,0
2024-07-26,2,1,4,7,1,30.6,796.9355987678291,0
2024-07-26,9,1,4,7,0,31.2,551.4850793197619,0
2024-07-26,1,0,4,7,0,31.0,1260.784800423114,1
2024-07-27,4,1,5,7,0,36.3,801.9561017738633,1
2024-07-27,9,1,5,7,0,32.4,739.5383110518858,0
2024-07-27,5,2,5,7,0,38.9,440.15556014210324,0
2024-07-27,3,2,5,7,0,34.4,442.9976804100191,0
2024-07-27,0,2,5,7,0,40.5,433.0589242181651,0
2024-07-27,6,0,5,7,0,37.5,1016.5669800131392,1
2024-07-27,10,2,5,7,0,34.4,478.1085865532128,0
2024-07-27,11,0,5,7,0,35.2,1150.0720800258355,1
2024-07-27,2,1,5,7,0,29.3,833.0452371318867,0
2024-07-27,8,2,5,7,0,34.5,479.02532014828193,0
2024-07-28,2,1,6,7,0,35.4,967.4889115138502,0
2024-07-28,9,1,6,7,0,34.2,800.4366536120721,1
2024-07-28,11,0,6,7,0,41.1,1133.5170050891654,1
2024-07-28,4,1,6,7,1,34.0,909.1766812629304,1
2024-07-28,5,2,6,7,0,31.9,455.50339375367804,0
2024-07-28,3,2,6,7,0,31.9,529.2394188899532,0
2024-07-28,1,0,6,7,0,28.6,1315.9259260766803,1
2024-07-28,0,2,6,7,0,33.7,462.3804783239765,0
2024-07-29,6,0,0,7,0,37.1,868.1277153968164,1
2024-07-29,4,1,0,7,0,36.0,680.9171003614159,0
2024-07-29,5,2,0,7,0,31.3,464.1987971310412,0
2024-07-29,0,2,0,7,0,28.7,344.73757838444504,0
2024-07-29,2,1,0,7,0,32.3,636.7048154963137,0
2024-07-29,8,2,0,7,0,35.8,325.8553089934323,0
2024-07-29,11,0,0,7,0,33.2,961.4255961795351,1
2024-07-30,10,2,1,7,0,31.5,507.0849922867466,0
2024-07-30,11,0,1,7,0,38.6,902.3493718480778,1
2024-07-30,6,0,1,7,0,28.9,1064.677500601487,1
2024-07-30,9,1,1,7,0,36.7,657.9015676633423,0
2024-07-30,7,1,1,7,0,34.5,710.0373975448205,0
2024-07-30,0,2,1,7,1,38.7,288.5124328582845,0
2024-07-30,3,2,1,7,1,35.9,386.6769658520534,0
2024-07-30,1,0,1,7,0,34.6,961.6201740706922,1
2024-07-30,4,1,1,7,0,32.2,929.617653285971,0
2024-07-31,9,1,2,7,0,31.8,678.7549865169502,0
2024-07-31,0,2,2,7,0,29.1,282.3714631895038,0
2024-07-31,7,1,2,7,0,32.3,763.0143975264865,0
2024-07-31,5,2,2,7,0,32.4,357.1773373085165,0
2024-07-31,4,1,2,7,0,37.5,686.3896783838695,0
2024-07-31,3,2,2,7,0,32.4,353.7767911934125,0
2024-07-31,8,2,2,7,0,33.2,477.76547975841623,0
2024-07-31,2,1,2,7,0,35.4,661.9339594326116,0
2024-07-31,6,0,2,7,1,38.7,1298.4765512825854,1
2024-07-31,11,0,2,7,0,38.0,1003.4975412704791,1
2024-07-31,10,2,2,7,0,37.8,416.2428964385275,0
2024-08-01,3,2,3,8,0,31.1,364.40600878732863,0
2024-08-01,0,2,3,8,0,30.8,257.72114146306575,0
2024-08-01,4,1,3,8,0,32.4,923.7808899984111,0
2024-08-01,9,1,3,8,0,35.6,744.9190563751745,0
2024-08-01,8,2,3,8,0,33.5,360.5352834516034,0
2024-08-01,11,0,3,8,0,34.5,1035.4647130186552,1
2024-08-01,6,0,3,8,0,34.8,1147.1456295590574,1
2024-08-01,10,2,3,8,0,34.1,410.91357715511464,0
2024-08-01,2,1,3,8,0,31.1,640.7929400659395,0
2024-08-01,5,2,3,8,0,35.8,319.8787037732332,0
2024-08-01,1,0,3,8,0,30.9,1392.9800996179815,1
2024-08-02,5,2,4,8,1,33.3,362.2087463821718,0
2024-08-02,4,1,4,8,0,37.2,731.6211940798134,0
2024-08-02,10,2,4,8,1,33.4,371.78920231679433,0
2024-08-02,11,0,4,8,0,28.2,985.0651679569573,1
2024-08-02,2,1,4,8,0,33.5,768.8145634157457,0
2024-08-02,1,0,4,8,0,36.8,1081.0852436598655,1
2024-08-02,6,0,4,8,0,36.3,1042.0412930342254,1
2024-08-02,3,2,4,8,0,36.2,400.3679959279157,0
2024-08-02,7,1,4,8,0,25.096873120865904,673.317594504416,0
2024-08-03,2,1,5,8,0,36.2,739.9377519055157,0
2024-08-03,8,2,5,8,1,33.6,476.6262227475111,0
2024-08-03,4,1,5,8,0,30.1,960.6242307903111,0
2024-08-03,0,2,5,8,0,35.9,384.2447034768824,0
2024-08-03,3,2,5,8,0,25.096873120865904,451.95001547160666,0
2024-08-03,6,0,5,8,0,32.0,1407.7152116306813,1
2024-08-03,11,0,5,8,1,33.6,1298.190576171116,1
2024-08-03,5,2,5,8,0,33.0,456.85657092063934,0
2024-08-03,9,1,5,8,0,32.1,800.8041343643874,0
2024-08-03,1,0,5,8,0,35.1,1451.5310828994736,1
2024-08-03,7,1,5,8,0,38.6,1062.8185220322935,0
2024-08-04,2,1,6,8,0,33.7,826.8320631824297,1
2024-08-04,3,2,6,8,0,28.3,413.9508589500631,0
2024-08-04,11,0,6,8,0,31.3,1470.4017515204193,1
2024-08-04,8,2,6,8,1,29.4,469.32419059486034,0
2024-08-04,6,0,6,8,0,31.5,1365.8068453306616,1
2024-08-04,7,1,6,8,0,25.096873120865904,1008.9062821176105,0
2024-08-04,9,1,6,8,0,25.096873120865904,870.1292498657958,0
2024-08-04,4,1,6,8,0,35.6,1258.6398491576144,0
2024-08-04,10,2,6,8,0,32.3,469.24066955872587,0
2024-08-04,1,0,6,8,0,28.4,1433.214650497645,1
2024-08-05,5,2,0,8,0,28.9,395.7026447878572,0
2024-08-05,9,1,0,8,0,27.9,681.6407065677951,0
2024-08-05,1,0,0,8,0,33.8,1154.0966250869405,1
2024-08-05,2,1,0,8,0,27.5,699.9478140952492,0
2024-08-05,7,1,0,8,0,30.1,608.2956614055781,0
2024-08-05,4,1,0,8,0,33.9,773.3019806290436,0
2024-08-05,8,2,0,8,0,37.8,391.2843126395049,0
2024-08-05,11,0,0,8,0,32.5,1173.8520350224424,1
2024-08-05,10,2,0,8,1,40.7,415.5506264973139,0
2024-08-05,0,2,0,8,0,33.2,282.2474249450677,0
2024-08-06,10,2,1,8,0,35.5,375.1980341439836,0
2024-08-06,2,1,1,8,0,36.8,702.6354917931178,0
2024-08-06,11,0,1,8,0,29.7,1093.1998712233344,1
2024-08-06,1,0,1,8,0,30.9,1127.5818688284141,0
2024-08-06,0,2,1,8,0,33.9,383.36097164644144,0
2024-08-06,6,0,1,8,0,33.7,944.0275209143603,1
2024-08-06,3,2,1,8,1,35.5,452.270102966379,0
2024-08-06,9,1,1,8,0,30.7,589.9467163740445,0
2024-08-06,7,1,1,8,1,29.8,571.0669782766703,0
2024-08-06,8,2,1,8,0,35.0,389.0973812434537,0
2024-08-07,8,2,2,8,0,35.5,387.05452196123076,0
2024-08-07,3,2,2,8,0,35.8,440.2149641025538,0
2024-08-07,6,0,2,8,0,25.096873120865904,1511.3468075253197,1
2024-08-07,2,1,2,8,0,28.4,749.741552166582,0
2024-08-07,7,1,2,8,0,34.5,607.709016061044,0
2024-08-07,10,2,2,8,0,29.0,420.9789437248164,0
2024-08-07,0,2,2,8,0,36.3,299.6710990030524,0
2024-08-07,11,0,2,8,0,31.9,1233.1413166101195,1
2024-08-07,5,2,2,8,0,29.0,336.1065913489208,0
2024-08-07,1,0,2,8,0,36.9,1051.9131472773424,1
2024-08-08,6,0,3,8,0,37.1,976.4541539757823,1
2024-08-08,8,2,3,8,1,35.9,323.10551801829314,0
2024-08-08,1,0,3,8,0,35.0,1113.7385426432998,1
2024-08-08,3,2,3,8,0,32.2,509.3388910691996,0
2024-08-08,10,2,3,8,0,34.4,343.1142815964887,0
2024-08-08,7,1,3,8,0,32.8,586.0235634362691,0
2024-08-08,5,2,3,8,0,34.8,355.32537494787607,0
2024-08-08,11,0,3,8,0,27.1,1126.9919716625338,1
2024-08-08,4,1,3,8,0,28.4,711.8476563696743,0
2024-08-09,11,0,4,8,0,42.8,1200.445662067596,1
2024-08-09,9,1,4,8,0,33.8,717.8888783710747,0
2024-08-09,4,1,4,8,0,34.6,630.8022084948443,0
2024-08-09,6,0,4,8,1,32.0,926.5956800470175,1
2024-08-09,1,0,4,8,0,32.7,1069.017044717908,1
2024-08-09,3,2,4,8,0,38.5,488.14057269231597,0
2024-08-09,7,1,4,8,0,31.6,639.1336095775722,0
2024-08-09,8,2,4,8,0,35.2,312.50205309038387,0
2024-08-09,0,2,4,8,1,30.6,377.45726660708186,0
2024-08-09,2,1,4,8,0,41.2,662.2960488599543,0
2024-08-09,5,2,4,8,0,33.5,470.5290240846185,0
2024-08-10,7,1,5,8,0,35.4,759.2337318440087,0
2024-08-10,0,2,5,8,0,30.3,364.4311616520749,0
2024-08-10,2,1,5,8,0,33.9,799.1384560836656,0
2024-08-10,6,0,5,8,0,25.096873120865904,1284.2746341777163,1
2024-08-10,1,0,5,8,0,33.8,1261.0882890754874,1
2024-08-10,3,2,5,8,0,36.9,604.1699453142675,0
2024-08-10,9,1,5,8,0,33.6,832.9485180052484,0
2024-08-10,11,0,5,8,0,32.7,1755.7018160487573,1
2024-08-10,8,2,5,8,0,32.2,582.7189938880305,0
2024-08-10,10,2,5,8,0,32.1,420.5993956066108,0
2024-08-11,11,0,6,8,0,32.8,1482.8283331976322,1
2024-08-11,10,2,6,8,1,36.0,412.6286909592225,0
2024-08-11,0,2,6,8,0,36.6,355.21529606640166,0
2024-08-11,7,1,6,8,0,32.3,788.5858765812333,0
2024-08-11,3,2,6,8,0,31.6,540.6842984233695,0
2024-08-11,6,0,6,8,0,31.8,1221.3509013214,1
2024-08-11,1,0,6,8,1,33.3,1249.335668420285,1
2024-08-11,4,1,6,8,0,36.7,717.4735413229895,0
2024-08-11,5,2,6,8,0,33.9,567.1130076909593,0
2024-08-12,9,1,0,8,1,27.8,574.7758248711522,1
2024-08-12,0,2,0,8,0,31.2,292.26691733007624,0
2024-08-12,4,1,0,8,0,36.5,596.0275509089175,0
2024-08-12,8,2,0,8,0,32.1,447.08615013026315,0
2024-08-12,6,0,0,8,0,25.096873120865904,973.7983528383585,1
2024-08-12,11,0,0,8,0,28.9,1165.017023556817,1
2024-08-12,1,0,0,8,0,29.7,848.2086102987068,1
2024-08-12,7,1,0,8,0,35.2,596.2841682443893,0
2024-08-13,3,2,1,8,0,34.0,436.8453591672611,0
2024-08-13,11,0,1,8,0,33.7,1040.4361006711379,1
2024-08-13,9,1,1,8,0,35.1,629.2495155771409,0
2024-08-13,0,2,1,8,0,34.8,334.6108157409842,0
2024-08-13,4,1,1,8,0,33.2,508.2814174304809,0
2024-08-13,8,2,1,8,0,40.8,421.2142562602053,0
2024-08-13,10,2,1,8,0,36.1,334.8345814875223,0
2024-08-13,1,0,1,8,0,25.096873120865904,836.2589843124263,1
2024-08-13,5,2,1,8,0,36.5,415.1678402589452,0
2024-08-14,9,1,2,8,0,31.4,642.1437902362399,0
2024-08-14,3,2,2,8,0,31.1,352.30064543276404,0
2024-08-14,5,2,2,8,1,33.1,456.30583000522967,0
2024-08-14,8,2,2,8,0,26.1,413.442692525196,0
2024-08-14,0,2,2,8,1,28.9,326.6665411284303,0
2024-08-14,11,0,2,8,0,28.8,1042.3560296746825,1
2024-08-14,10,2,2,8,0,26.9,341.26325307396974,0
2024-08-14,6,0,2,8,0,31.8,892.9104396040992,1
2024-08-14,7,1,2,8,1,34.9,650.31057130463,1
2024-08-14,4,1,2,8,0,38.0,545.9457502914815,0
2024-08-15,8,2,3,8,0,29.1,551.5384193794428,0
2024-08-15,0,2,3,8,0,31.2,370.7494302897569,0
2024-08-15,3,2,3,8,0,32.9,376.5300212224862,0
2024-08-15,6,0,3,8,0,31.4,980.5436695644961,1
2024-08-15,1,0,3,8,0,33.9,931.2962507586736,1
2024-08-15,7,1,3,8,1,32.1,606.6363267635849,1
2024-08-15,10,2,3,8,0,34.1,339.6580736112469,0
2024-08-15,5,2,3,8,0,25.096873120865904,413.6881055544374,0
2024-08-15,2,1,3,8,0,33.9,578.7208312510431,0
2024-08-15,11,0,3,8,0,29.2,1209.3603842359848,1
2024-08-16,7,1,4,8,0,28.9,668.2407658432194,0
2024-08-16,5,2,4,8,0,33.7,436.1459179512176,0
2024-08-16,3,2,4,8,0,25.096873120865904,376.4811255982417,0
2024-08-16,1,0,4,8,0,28.4,969.035741104729,1
2024-08-16,9,1,4,8,0,33.1,695.7689107551073,0
2024-08-16,10,2,4,8,0,34.0,353.00531842851683,0
2024-08-16,2,1,4,8,0,36.6,516.6800373086492,0
2024-08-16,6,0,4,8,1,30.4,1243.061553641766,1
2024-08-16,0,2,4,8,0,37.3,365.82914709929287,0
2024-08-17,4,1,5,8,1,33.0,768.2002941308624,1
2024-08-17,5,2,5,8,0,32.4,492.4402405990621,0
2024-08-17,0,2,5,8,0,32.0,381.20804681403195,0
2024-08-17,11,0,5,8,0,32.5,1596.3872108449584,1
2024-08-17,2,1,5,8,0,25.096873120865904,786.5821079635745,0
2024-08-17,8,2,5,8,0,32.8,496.2832722306218,0
2024-08-17,6,0,5,8,0,31.1,1242.2073016087095,1
2024-08-17,1,0,5,8,0,36.5,1153.7255930918677,1
2024-08-17,9,1,5,8,0,28.4,795.3225209384773,0
2024-08-18,10,2,6,8,0,29.9,515.4551277529021,0
2024-08-18,5,2,6,8,0,33.4,534.5222817380425,0
2024-08-18,11,0,6,8,0,33.8,1586.7342222431264,1
2024-08-18,0,2,6,8,0,39.1,352.6500297665334,0
2024-08-18,7,1,6,8,0,39.2,778.6381483717319,1
2024-08-18,1,0,6,8,0,36.2,1551.7564017416867,1
2024-08-18,6,0,6,8,0,31.3,1217.669495910965,1
2024-08-18,9,1,6,8,0,32.5,775.5590551199435,0
2024-08-19,10,2,0,8,0,29.5,343.28540931441614,0
2024-08-19,2,1,0,8,0,34.3,816.6329492859657,0
2024-08-19,3,2,0,8,1,30.5,328.69034369121766,0
2024-08-19,9,1,0,8,0,36.7,858.4699423978357,0
2024-08-19,11,0,0,8,0,30.5,1349.2292472383647,1
2024-08-19,0,2,0,8,1,27.1,305.09613493983875,0
2024-08-19,6,0,0,8,0,31.1,1016.5738020385315,1
2024-08-19,7,1,0,8,0,35.2,672.4918917215723,0
2024-08-19,8,2,0,8,1,32.2,448.3469284088014,0
2024-08-19,1,0,0,8,0,25.4,975.2667915328125,1
2024-08-20,5,2,1,8,0,27.6,366.90512695256217,0
2024-08-20,10,2,1,8,0,25.7,313.4942605902156,0
2024-08-20,1,0,1,8,1,29.2,960.7922841568837,1
2024-08-20,4,1,1,8,0,32.5,613.6572975532074,0
2024-08-20,3,2,1,8,0,31.6,340.1989343832691,0
2024-08-20,11,0,1,8,0,33.1,1240.8312578618725,1
2024-08-20,9,1,1,8,0,33.2,658.6780471324336,0
2024-08-20,8,2,1,8,0,34.1,496.5736976074569,0
2024-08-20,7,1,1,8,0,30.8,733.8882625474876,0
2024-08-20,0,2,1,8,0,37.8,310.5791230067406,0
2024-08-20,6,0,1,8,0,31.4,1029.2558523995303,1
2024-08-21,2,1,2,8,0,33.5,676.2024482665565,0
2024-08-21,5,2,2,8,0,30.7,526.079490034352,0
2024-08-21,11,0,2,8,1,29.5,1176.299253072233,1
2024-08-21,0,2,2,8,0,32.2,397.76782294179395,0
2024-08-21,4,1,2,8,0,32.9,685.8288095381321,0
2024-08-21,10,2,2,8,0,31.4,312.4602516161034,0
2024-08-21,8,2,2,8,0,39.5,435.40489972779744,0
2024-08-21,6,0,2,8,0,30.1,1011.8747551497349,1
2024-08-21,9,1,2,8,0,32.3,626.1231747998515,0
2024-08-21,7,1,2,8,0,32.2,1063.3910341316312,0
2024-08-21,3,2,2,8,0,34.4,334.0527277720318,0
2024-08-22,9,1,3,8,0,29.0,613.1222020097847,0
2024-08-22,1,0,3,8,0,34.1,1056.3319934917408,1
2024-08-22,2,1,3,8,0,31.6,639.8265611369602,0
2024-08-22,0,2,3,8,0,35.7,367.171165589811,0
2024-08-22,4,1,3,8,0,32.1,738.0401919725858,0
2024-08-22,5,2,3,8,0,27.3,381.97929124042753,0
2024-08-22,6,0,3,8,0,30.8,1023.605772212426,0
2024-08-22,7,1,3,8,0,33.8,972.5826164970485,0
2024-08-22,8,2,3,8,0,35.0,460.8705361055377,0
2024-08-23,8,2,4,8,1,33.6,407.3168863652726,0
2024-08-23,5,2,4,8,0,30.5,418.45193659220377,0
2024-08-23,4,1,4,8,0,35.8,784.7833659003905,0
2024-08-23,11,0,4,8,0,37.4,1169.7788742433895,1
2024-08-23,10,2,4,8,1,34.1,397.66586396776836,0
2024-08-23,7,1,4,8,0,32.1,761.6669021036225,0
2024-08-23,1,0,4,8,0,31.5,1037.8330297808411,1
2024-08-23,3,2,4,8,0,34.0,290.8271588383756,0
2024-08-23,9,1,4,8,0,33.2,663.9681195819071,0
2024-08-24,3,2,5,8,0,39.0,323.80088846941237,0
2024-08-24,8,2,5,8,0,27.2,496.9952735927719,0
2024-08-24,11,0,5,8,0,31.6,1515.3324851695916,1
2024-08-24,5,2,5,8,0,32.7,483.33926720755863,0
2024-08-24,9,1,5,8,0,25.096873120865904,753.4374031613545,0
2024-08-24,1,0,5,8,1,29.2,1229.260046033856,1
2024-08-24,6,0,5,8,0,30.0,1136.2469653916557,1
2024-08-24,0,2,5,8,0,33.5,537.8293278217698,0
2024-08-24,4,1,5,8,0,31.7,910.3301341914221,0
2024-08-24,2,1,5,8,0,27.7,649.7242554838581,0
2024-08-24,10,2,5,8,0,34.4,460.54309374108226,0
2024-08-24,7,1,5,8,0,33.5,943.4091480523989,0
2024-08-25,10,2,6,8,0,25.9,453.4251950144929,0
2024-08-25,6,0,6,8,0,27.8,1354.9952284324143,1
2024-08-25,9,1,6,8,1,33.3,799.0928080350833,0
2024-08-25,11,0,6,8,0,31.5,1418.3874306885643,1
2024-08-25,4,1,6,8,0,30.8,835.0833898640414,0
2024-08-25,1,0,6,8,0,31.9,1146.2724918248884,1
2024-08-25,8,2,6,8,0,33.4,596.868823270195,0
2024-08-25,0,2,6,8,0,25.096873120865904,521.3173653142912,0
2024-08-25,7,1,6,8,0,32.1,919.6976451630404,0
2024-08-25,5,2,6,8,0,29.7,441.93352427554476,0
2024-08-26,6,0,0,8,1,33.4,1099.1526380187927,1
2024-08-26,0,2,0,8,0,35.5,545.4309775416093,0
2024-08-26,4,1,0,8,1,29.5,685.6067463365899,0
2024-08-26,7,1,0,8,0,28.3,699.3105974335285,0
2024-08-26,8,2,0,8,0,35.2,540.5744270434268,0
2024-08-26,1,0,0,8,0,28.5,954.5755832466103,1
2024-08-26,10,2,0,8,0,35.3,358.53055259497177,0
2024-08-27,10,2,1,8,1,33.7,316.33219080016784,0
2024-08-27,3,2,1,8,0,29.6,318.87983250053986,0
2024-08-27,4,1,1,8,1,25.096873120865904,580.6593398537954,0
2024-08-27,5,2,1,8,0,33.1,369.18431183438975,0
2024-08-27,6,0,1,8,0,31.3,909.8064845702247,0
2024-08-27,1,0,1,8,0,33.1,1123.6929466505821,1
2024-08-27,8,2,1,8,0,32.2,410.0907879703293,0
2024-08-27,11,0,1,8,0,32.3,1157.0199532675215,1
2024-08-27,2,1,1,8,1,29.6,583.2392657961716,0
2024-08-28,3,2,2,8,0,29.8,304.3030204402065,0
2024-08-28,4,1,2,8,0,27.0,642.9391867688408,0
2024-08-28,11,0,2,8,0,28.4,1324.9599580399397,1
2024-08-28,7,1,2,8,0,32.2,733.0186821713405,0
2024-08-28,10,2,2,8,0,29.4,361.0192324181206,0
2024-08-28,9,1,2,8,1,30.5,615.3482015124941,0
2024-08-28,1,0,2,8,0,30.2,1045.3426554346045,1
2024-08-28,5,2,2,8,0,33.2,376.86237453879755,0
2024-08-28,2,1,2,8,0,32.0,594.8063539102475,0
2024-08-28,0,2,2,8,0,27.3,373.2014877896501,0
2024-08-28,8,2,2,8,0,30.0,414.46048161483213,0
2024-08-29,5,2,3,8,0,25.3,339.8804075737389,0
2024-08-29,10,2,3,8,0,30.4,362.0930886060648,0
2024-08-29,9,1,3,8,0,28.5,609.4642132483165,0
2024-08-29,0,2,3,8,0,28.8,303.656928603389,0
2024-08-29,4,1,3,8,0,32.9,600.5288448272953,0
2024-08-29,6,0,3,8,0,31.5,742.6185019926937,0
2024-08-29,1,0,3,8,1,37.4,979.040253380865,1
2024-08-29,3,2,3,8,0,33.5,369.92449622587355,0
2024-08-29,2,1,3,8,0,26.7,590.8330387222167,0
2024-08-30,0,2,4,8,0,28.1,291.5813314617936,0
2024-08-30,3,2,4,8,0,31.3,338.50997043161124,0
2024-08-30,7,1,4,8,1,28.2,694.2448966880127,1
2024-08-30,1,0,4,8,0,33.9,965.0403642493792,1
2024-08-30,4,1,4,8,0,35.5,641.5021038614219,0
2024-08-30,5,2,4,8,0,29.4,314.9253235331223,0
2024-08-30,6,0,4,8,0,27.6,826.4197637208193,0
2024-08-30,11,0,4,8,1,31.5,1100.8574451595089,1
2024-08-30,8,2,4,8,0,37.8,487.08122612183644,0
2024-08-30,2,1,4,8,0,31.9,572.7176972962387,0
2024-08-30,10,2,4,8,0,36.1,392.8219757865278,0
2024-08-30,9,1,4,8,0,28.8,661.9674513740034,0
2024-08-31,1,0,5,8,0,29.1,1443.2293954234317,1
2024-08-31,0,2,5,8,0,32.8,349.3657390473848,0
2024-08-31,9,1,5,8,0,34.1,681.8641887547801,0
2024-08-31,7,1,5,8,0,29.3,836.2980039708776,0
2024-08-31,3,2,5,8,1,28.4,371.3721890696808,0
2024-08-31,10,2,5,8,0,33.5,453.5513855686355,0
2024-08-31,4,1,5,8,1,30.9,716.7961675261408,1
2024-08-31,8,2,5,8,0,31.3,500.9425337213926,0
2024-09-01,8,2,6,9,0,34.2,546.0833210108525,0
2024-09-01,5,2,6,9,0,31.2,417.60592046137333,0
2024-09-01,9,1,6,9,0,28.5,770.2749709441086,0
2024-09-01,10,2,6,9,0,28.3,433.29049393259885,0
2024-09-01,3,2,6,9,0,26.6,397.6035630463604,0
2024-09-01,6,0,6,9,0,28.4,995.2315122733545,0
2024-09-01,11,0,6,9,0,26.1,1355.4438084693188,1
2024-09-01,0,2,6,9,0,25.096873120865904,409.52797082305574,0
2024-09-01,2,1,6,9,0,29.1,761.3999883228532,0
2024-09-02,2,1,0,9,0,29.7,638.8587949244628,0
2024-09-02,5,2,0,9,0,21.9,374.7283746936186,0
2024-09-02,8,2,0,9,0,26.9,413.9342919732253,0
2024-09-02,7,1,0,9,0,29.8,568.0779340915672,0
2024-09-02,4,1,0,9,1,32.3,768.581339182926,0
2024-09-02,0,2,0,9,0,30.6,344.3977037308118,0
2024-09-02,9,1,0,9,0,29.1,607.5177530530403,0
2024-09-02,10,2,0,9,0,32.5,318.3284788016885,0
2024-09-02,1,0,0,9,0,31.7,1005.3060918458841,1
2024-09-02,3,2,0,9,0,36.2,443.4004359250505,0
2024-09-03,1,0,1,9,0,31.7,1003.1375180691675,1
2024-09-03,5,2,1,9,0,35.4,406.3345789921551,0
2024-09-03,10,2,1,9,0,31.9,419.1076211618267,0
2024-09-03,3,2,1,9,0,30.2,335.1591295964807,0
2024-09-03,7,1,1,9,0,30.0,647.0674856637852,0
2024-09-03,8,2,1,9,0,30.6,439.33457254803886,0
2024-09-03,4,1,1,9,0,31.6,777.2753214521301,0
2024-09-03,11,0,1,9,0,27.5,1049.6469717730495,1
2024-09-03,0,2,1,9,0,29.5,364.3619210227154,0
2024-09-03,2,1,1,9,0,25.096873120865904,704.6388350136385,0
2024-09-04,8,2,2,9,0,25.0,414.5227580178575,0
2024-09-04,1,0,2,9,0,28.8,1063.0903356369174,1
2024-09-04,6,0,2,9,1,34.8,843.783440542692,1
2024-09-04,7,1,2,9,0,28.1,638.8319841951361,0
2024-09-04,10,2,2,9,0,28.8,293.90246928077283,0
2024-09-04,3,2,2,9,1,27.2,322.54145741876766,0
2024-09-04,5,2,2,9,0,29.5,399.8176616249936,0
2024-09-04,0,2,2,9,0,25.096873120865904,352.1220140025287,0
2024-09-04,2,1,2,9,0,27.3,538.4840226961333,0
2024-09-05,1,0,3,9,0,29.9,1196.808702570953,1
2024-09-05,8,2,3,9,0,31.8,499.084212985114,0
2024-09-05,4,1,3,9,0,30.8,615.6516385725683,0
2024-09-05,6,0,3,9,1,26.8,819.7981278551792,1
2024-09-05,0,2,3,9,0,38.7,351.04252046084065,0
2024-09-05,7,1,3,9,0,24.9,623.8134395852313,0
2024-09-05,9,1,3,9,0,30.3,615.1421409007158,0
2024-09-05,11,0,3,9,0,30.8,1117.555411558236,1
2024-09-05,3,2,3,9,0,26.9,329.1606174994227,0
2024-09-05,5,2,3,9,0,28.5,397.21348379761207,0
2024-09-05,10,2,3,9,0,25.9,318.07585434530233,0
2024-09-05,2,1,3,9,1,25.096873120865904,562.196185783307,0
2024-09-06,10,2,4,9,1,28.3,344.8108324114365,0
2024-09-06,1,0,4,9,0,35.4,957.7675794773326,1
2024-09-06,5,2,4,9,1,28.0,405.8550516861873,0
2024-09-06,0,2,4,9,0,34.0,353.1469173055099,0
2024-09-06,3,2,4,9,0,26.1,445.11514990440264,0
2024-09-06,2,1,4,9,0,34.3,627.3303522420881,0
2024-09-06,9,1,4,9,0,31.6,525.2558843260714,0
2024-09-06,4,1,4,9,0,31.0,610.5818098780269,0
2024-09-06,8,2,4,9,0,33.1,374.8754679499588,0
2024-09-06,6,0,4,9,0,28.8,838.1924664669798,0
2024-09-06,11,0,4,9,0,26.6,1365.1276154346315,1
2024-09-06,7,1,4,9,0,36.0,863.5566061842515,0
2024-09-07,6,0,5,9,0,27.3,910.9792183014746,1
2024-09-07,9,1,5,9,0,35.5,756.4383374304197,0
2024-09-07,8,2,5,9,0,25.6,535.0404993374146,0
2024-09-07,5,2,5,9,0,27.3,521.8652883188092,0
2024-09-07,0,2,5,9,0,33.9,340.943911202692,0
2024-09-07,7,1,5,9,0,27.4,739.9803656837619,0
2024-09-07,3,2,5,9,0,32.1,694.0525317257417,0
2024-09-07,11,0,5,9,0,29.5,1261.197466952609,1
2024-09-07,2,1,5,9,0,29.5,722.9501323523846,0
2024-09-07,4,1,5,9,0,28.0,1025.7154975375815,1
2024-09-07,10,2,5,9,0,26.6,438.19201642962037,0
2024-09-08,8,2,6,9,0,29.8,505.97150684220367,0
2024-09-08,4,1,6,9,0,30.2,805.2825445541381,1
2024-09-08,11,0,6,9,0,28.6,1330.2083176842164,1
2024-09-08,7,1,6,9,0,32.8,888.2044304209921,0
2024-09-08,2,1,6,9,0,25.6,740.369994193117,0
2024-09-08,5,2,6,9,0,23.4,507.0096762537883,0
2024-09-08,0,2,6,9,0,29.1,373.7227036154912,0
2024-09-08,3,2,6,9,0,31.1,552.8014811596929,0
2024-09-08,10,2,6,9,0,28.9,419.91944362505586,0
2024-09-08,1,0,6,9,0,27.8,1213.1196176133706,1
2024-09-08,6,0,6,9,0,27.2,790.968871068952,1
2024-09-09,5,2,0,9,1,25.8,386.28201994225054,0
2024-09-09,11,0,0,9,1,25.6,1065.167734640842,1
2024-09-09,0,2,0,9,1,25.096873120865904,310.3884614811485,0
2024-09-09,6,0,0,9,0,28.6,803.396008543091,1
2024-09-09,9,1,0,9,0,30.2,633.9158528968934,0
2024-09-09,8,2,0,9,0,22.7,457.5088124687266,0
2024-09-09,3,2,0,9,1,31.4,419.12247563875513,0
2024-09-09,4,1,0,9,0,31.0,807.573986569064,1
2024-09-09,2,1,0,9,0,26.4,547.132066171573,0
2024-09-10,4,1,1,9,0,32.1,636.9117794445391,0
2024-09-10,5,2,1,9,0,30.1,448.7331384355586,0
2024-09-10,0,2,1,9,0,28.4,307.95860346896086,0
2024-09-10,1,0,1,9,0,31.2,1048.9426874157664,1
2024-09-10,3,2,1,9,0,29.8,402.9954303805158,0
2024-09-10,6,0,1,9,1,33.3,883.4751770366621,1
2024-09-10,8,2,1,9,1,25.096873120865904,438.51174824363306,0
2024-09-10,9,1,1,9,0,30.7,616.9647778131925,0
2024-09-10,10,2,1,9,1,29.9,329.1893126214632,0
2024-09-11,9,1,2,9,0,32.2,474.8660934566078,0
2024-09-11,5,2,2,9,0,29.8,432.68758715399576,0
2024-09-11,4,1,2,9,0,31.1,825.2465804903804,0
2024-09-11,1,0,2,9,0,27.9,1048.2105610784126,1
2024-09-11,0,2,2,9,0,32.3,276.665954737209,0
2024-09-11,8,2,2,9,0,26.2,372.08026433058126,0
2024-09-11,2,1,2,9,0,30.6,491.26560186096134,0
2024-09-11,10,2,2,9,0,30.4,335.10213099596973,0
2024-09-11,7,1,2,9,0,32.6,615.0914712705227,0
2024-09-11,11,0,2,9,0,31.2,1385.864294308495,1
2024-09-11,6,0,2,9,0,27.5,1152.3269687293325,1
2024-09-12,1,0,3,9,0,30.1,1024.6413717353516,1
2024-09-12,10,2,3,9,0,37.2,363.2324701223168,0
2024-09-12,7,1,3,9,0,24.0,565.3416883572376,0
2024-09-12,11,0,3,9,0,31.8,986.5879692212291,1
2024-09-12,3,2,3,9,0,27.6,409.5310478033496,0
2024-09-12,5,2,3,9,0,36.8,444.66428535976394,0
2024-09-12,2,1,3,9,0,27.5,670.0658408266976,0
2024-09-12,9,1,3,9,0,35.9,493.81404616300057,0
2024-09-12,4,1,3,9,0,31.2,649.6178055168277,0
2024-09-13,8,2,4,9,0,28.6,448.2606867828897,0
2024-09-13,6,0,4,9,0,26.9,821.2241853200268,1
2024-09-13,3,2,4,9,0,26.4,477.7139113257483,0
2024-09-13,7,1,4,9,0,32.8,610.9264296674753,0
2024-09-13,0,2,4,9,0,26.2,283.4800451064256,0
2024-09-13,2,1,4,9,0,32.2,520.1300956855217,0
2024-09-13,4,1,4,9,0,28.1,706.947546427225,0
2024-09-13,10,2,4,9,0,27.7,427.37851443292703,0
2024-09-13,1,0,4,9,0,28.9,1003.0501435956752,1
2024-09-13,5,2,4,9,1,30.6,505.4209225039811,0
2024-09-14,2,1,5,9,1,32.1,625.5432282402312,1
2024-09-14,0,2,5,9,1,31.4,400.7899007263784,0
2024-09-14,5,2,5,9,0,25.8,490.97435809586716,0
2024-09-14,9,1,5,9,0,26.5,508.20094946550563,0
2024-09-14,10,2,5,9,0,27.2,442.87961141512767,0
2024-09-14,1,0,5,9,1,22.7,1279.5066919042195,1
2024-09-14,8,2,5,9,0,25.096873120865904,503.08939965331285,0
2024-09-14,11,0,5,9,1,25.096873120865904,1095.2474420568722,1
2024-09-14,6,0,5,9,1,28.5,1093.6277782165039,1
2024-09-14,3,2,5,9,1,32.9,474.30730281728194,0
2024-09-14,4,1,5,9,0,25.2,967.5791212588305,1
2024-09-14,7,1,5,9,0,25.096873120865904,755.6091247979226,0
2024-09-15,2,1,6,9,0,34.5,694.403429675048,0
2024-09-15,4,1,6,9,0,28.0,1036.0640624799132,0
2024-09-15,11,0,6,9,0,25.9,1183.7301647579575,1
2024-09-15,5,2,6,9,0,31.0,470.49903780725685,0
2024-09-15,1,0,6,9,0,28.6,1240.3239165260065,1
2024-09-15,3,2,6,9,0,33.1,516.4476500408381,0
2024-09-15,6,0,6,9,0,26.0,1204.6767073964595,1
2024-09-15,0,2,6,9,0,23.6,429.6632887736209,0
2024-09-15,7,1,6,9,0,25.8,785.8751539026999,0
2024-09-16,1,0,0,9,0,28.0,1098.9568994903666,1
2024-09-16,0,2,0,9,1,28.3,449.74666544405096,0
2024-09-16,7,1,0,9,0,28.9,625.8077783815334,0
2024-09-16,6,0,0,9,0,25.4,1058.9454103242776,1
2024-09-16,10,2,0,9,0,25.6,373.76854280791446,0
2024-09-16,9,1,0,9,0,28.4,420.0865716721377,0
2024-09-16,11,0,0,9,0,29.3,1348.1453158280099,1
2024-09-16,4,1,0,9,0,24.9,896.4123749325763,0
2024-09-16,8,2,0,9,0,29.6,396.51652831350015,0
2024-09-16,3,2,0,9,0,31.3,490.12596072270514,0
2024-09-17,0,2,1,9,0,23.8,345.9791257887221,0
2024-09-17,1,0,1,9,0,26.6,1073.3090055150587,1
2024-09-17,6,0,1,9,0,32.8,1293.8808891188235,1
2024-09-17,7,1,1,9,0,27.4,774.5813958550468,0
2024-09-17,11,0,1,9,0,23.4,1153.3254571744667,1
2024-09-17,9,1,1,9,0,28.0,491.4187112155167,0
2024-09-17,8,2,1,9,0,27.7,464.68654033963486,0
2024-09-17,10,2,1,9,0,31.3,469.3522868041672,0
2024-09-17,2,1,1,9,0,23.5,543.0814716376102,0
2024-09-17,3,2,1,9,0,25.3,374.99181161218297,0
2024-09-18,10,2,2,9,0,29.5,288.93802553703216,0
2024-09-18,3,2,2,9,0,25.8,385.4859561195851,0
2024-09-18,0,2,2,9,1,32.6,364.9023825964184,0
2024-09-18,5,2,2,9,0,24.5,378.77631601409627,0
2024-09-18,11,0,2,9,0,27.1,1180.8445277608278,1
2024-09-18,8,2,2,9,0,30.0,370.4353516136031,0
2024-09-19,9,1,3,9,0,27.9,508.63605791095387,0
2024-09-19,8,2,3,9,0,29.3,403.04867214767717,0
2024-09-19,4,1,3,9,0,28.5,631.9765370328385,0
2024-09-19,11,0,3,9,1,34.0,1037.4076098660944,1
2024-09-19,0,2,3,9,0,23.7,316.80691269061185,0
2024-09-19,10,2,3,9,0,24.8,311.3900652210564,0
2024-09-19,2,1,3,9,0,23.9,541.3449804318152,0
2024-09-19,3,2,3,9,0,25.096873120865904,409.2156764727989,0
2024-09-19,1,0,3,9,1,25.2,996.7792338124352,1
2024-09-19,5,2,3,9,0,29.3,355.33612930104124,0
2024-09-20,2,1,4,9,1,25.096873120865904,588.0323142029997,0
2024-09-20,11,0,4,9,0,27.9,890.2289629674997,1
2024-09-20,6,0,4,9,0,29.1,968.6333885219507,1
2024-09-20,0,2,4,9,0,34.5,325.147304135251,0
2024-09-20,1,0,4,9,0,29.0,966.8976514437186,0
2024-09-20,5,2,4,9,0,30.0,492.35779483735007,0
2024-09-20,7,1,4,9,0,30.3,541.6335596481866,0
2024-09-20,10,2,4,9,0,26.4,307.0157861037211,0
2024-09-20,3,2,4,9,1,23.6,381.1453702992036,0
2024-09-20,9,1,4,9,0,29.4,532.479781059257,0
2024-09-21,9,1,5,9,0,34.8,689.7895303394571,0
2024-09-21,1,0,5,9,1,32.8,1398.9331766061896,1
2024-09-21,0,2,5,9,0,26.2,524.4853350490597,0
2024-09-21,6,0,5,9,0,20.8,1464.254126314817,1
2024-09-21,3,2,5,9,0,28.3,555.3114913653644,0
2024-09-21,8,2,5,9,0,28.3,484.89400809472096,0
2024-09-21,4,1,5,9,0,28.7,879.5098242962868,0
2024-09-21,5,2,5,9,0,25.8,512.9336952626305,0
2024-09-21,11,0,5,9,0,25.6,1396.5382581876017,1
2024-09-21,10,2,5,9,0,24.7,380.54636583706133,0
2024-09-21,7,1,5,9,0,25.096873120865904,718.6385261084196,0
2024-09-22,2,1,6,9,0,27.9,745.9613671404458,0
2024-09-22,0,2,6,9,0,29.7,427.68116299651757,0
2024-09-22,3,2,6,9,0,29.0,406.5022699749471,0
2024-09-22,9,1,6,9,0,29.2,604.1348422239007,0
2024-09-22,7,1,6,9,1,24.0,673.4909743702071,1
2024-09-22,1,0,6,9,0,32.5,981.7840503551311,1
2024-09-22,4,1,6,9,0,25.4,832.2746995086641,0
2024-09-22,5,2,6,9,0,30.7,483.6846801848154,0
2024-09-22,10,2,6,9,0,30.3,386.8085596322081,0
2024-09-22,11,0,6,9,0,31.0,1171.402684666104,1
2024-09-23,9,1,0,9,0,33.1,496.8332819212628,0
2024-09-23,7,1,0,9,0,30.5,631.5413799759075,0
2024-09-23,2,1,0,9,0,25.2,578.2618153875453,0
2024-09-23,4,1,0,9,0,30.7,690.4043928962433,0
2024-09-23,1,0,0,9,0,32.0,903.3614345145523,1
2024-09-23,11,0,0,9,0,34.0,852.4128963214326,1
2024-09-23,8,2,0,9,0,26.6,482.07275233320996,0
2024-09-23,0,2,0,9,0,24.2,436.9042338003645,0
2024-09-24,1,0,1,9,0,26.5,856.6847214083009,1
2024-09-24,10,2,1,9,1,27.6,356.18318179051147,0
2024-09-24,11,0,1,9,0,30.1,861.8695632658718,1
2024-09-24,0,2,1,9,0,26.1,373.6109794491411,0
2024-09-24,4,1,1,9,0,25.7,989.8355683161719,0
2024-09-24,2,1,1,9,0,22.7,560.7411623714312,0
2024-09-24,6,0,1,9,0,24.2,886.2795764183909,1
2024-09-24,7,1,1,9,0,26.6,699.9112587745566,0
2024-09-24,5,2,1,9,0,29.0,512.503219194816,0
2024-09-24,3,2,1,9,0,25.096873120865904,335.9669568036057,0
2024-09-24,8,2,1,9,0,26.6,416.6159885775925,0
2024-09-25,6,0,2,9,0,27.0,894.8674382209298,0
2024-09-25,11,0,2,9,0,30.0,1019.3605101115351,1
2024-09-25,2,1,2,9,0,28.4,621.117375157087,0
2024-09-25,1,0,2,9,0,31.9,814.5820554351204,1
2024-09-25,9,1,2,9,0,25.7,482.3711438701755,0
2024-09-25,5,2,2,9,0,28.4,464.35348652451984,0
2024-09-25,3,2,2,9,1,30.9,331.3704366506563,0
2024-09-25,0,2,2,9,0,26.7,425.4897853746092,0
2024-09-25,8,2,2,9,1,31.7,418.6747667374731,0
2024-09-25,7,1,2,9,1,30.4,638.3616348548594,1
2024-09-26,8,2,3,9,0,34.0,382.6971162016609,0
2024-09-26,0,2,3,9,0,22.1,337.39125739318035,0
2024-09-26,2,1,3,9,1,25.7,642.519290453439,0
2024-09-26,11,0,3,9,0,25.1,1175.0264259162493,1
2024-09-26,10,2,3,9,0,23.1,346.1204003967887,0
2024-09-26,1,0,3,9,0,28.9,1041.9148873842682,1
2024-09-26,7,1,3,9,0,27.6,614.1139746091092,1
2024-09-26,9,1,3,9,0,25.7,454.567325259754,0
2024-09-26,6,0,3,9,1,27.6,1057.0516473691896,1
2024-09-27,7,1,4,9,0,30.0,608.9410101181438,1
2024-09-27,8,2,4,9,0,26.5,366.0245839450353,0
2024-09-27,5,2,4,9,0,35.3,480.52331797610583,0
2024-09-27,11,0,4,9,0,30.4,930.4067647789057,0
2024-09-27,6,0,4,9,0,24.9,881.2656801692627,0
2024-09-27,3,2,4,9,0,27.5,502.86289712508574,0
2024-09-27,10,2,4,9,0,27.4,363.8079536953289,0
2024-09-27,1,0,4,9,0,25.096873120865904,778.1234573155846,1
2024-09-28,9,1,5,9,0,29.4,689.7317683588385,1
2024-09-28,11,0,5,9,0,28.8,1241.0545569182907,1
2024-09-28,10,2,5,9,0,26.8,437.8127605654228,0
2024-09-28,8,2,5,9,0,25.4,444.07713754401414,0
2024-09-28,6,0,5,9,0,26.7,1113.5447725188035,1
2024-09-28,3,2,5,9,0,31.1,442.4387937792059,0
2024-09-28,7,1,5,9,0,27.6,820.1957127097933,1
2024-09-28,5,2,5,9,0,30.4,541.090981301129,0
2024-09-28,4,1,5,9,0,27.1,684.0252426250048,1
2024-09-28,2,1,5,9,0,32.5,640.2105348303335,0
2024-09-29,10,2,6,9,0,26.6,444.6103244886338,0
2024-09-29,4,1,6,9,0,25.1,785.1234261475078,1
2024-09-29,11,0,6,9,0,31.5,1318.9246620547494,1
2024-09-29,9,1,6,9,1,30.7,698.2236713680475,1
2024-09-29,0,2,6,9,0,25.096873120865904,387.8843631171009,0
2024-09-29,8,2,6,9,0,28.4,621.8332366965474,0
2024-09-29,3,2,6,9,0,29.9,426.68677529056566,0
2024-09-29,1,0,6,9,0,21.5,994.2774131229745,1
2024-09-30,6,0,0,9,1,28.9,884.2399814037268,1
2024-09-30,1,0,0,9,0,24.1,877.1052650458198,1
2024-09-30,9,1,0,9,1,23.4,605.0011597047761,0
2024-09-30,8,2,0,9,0,23.5,479.2506002880993,0
2024-09-30,5,2,0,9,0,24.1,486.9135868024235,0
2024-09-30,4,1,0,9,0,24.2,634.8475498537437,0
2024-09-30,10,2,0,9,0,28.6,344.5812960298963,0
2024-09-30,0,2,0,9,0,27.2,335.9409348713914,0
2024-09-30,2,1,0,9,0,26.6,543.7586055463482,0
2024-09-30,11,0,0,9,0,25.096873120865904,1030.950579254064,0
2024-09-30,3,2,0,9,0,27.4,345.19064681165094,0
2024-10-01,9,1,1,10,1,24.6,597.3922693735199,0
2024-10-01,6,0,1,10,0,24.6,921.9414784115226,1
2024-10-01,0,2,1,10,1,29.0,362.01791791223894,0
2024-10-01,4,1,1,10,0,28.3,699.8065965784241,0
2024-10-01,5,2,1,10,0,27.9,447.04009902540855,0
2024-10-01,8,2,1,10,0,27.7,455.31371040069035,0
2024-10-01,2,1,1,10,0,25.096873120865904,652.9903451925828,0
2024-10-01,1,0,1,10,0,26.7,966.0212149074713,1
2024-10-01,11,0,1,10,0,27.2,951.7963406233248,1
2024-10-01,10,2,1,10,0,23.7,372.8756390072323,0
2024-10-01,7,1,1,10,0,27.0,742.4040395826012,0
2024-10-02,10,2,2,10,0,31.2,292.58188421158326,0
2024-10-02,5,2,2,10,0,27.3,414.1584311165882,0
2024-10-02,7,1,2,10,0,25.7,1007.9576050173433,0
2024-10-02,4,1,2,10,0,23.2,665.4119781580322,0
2024-10-02,11,0,2,10,0,27.8,899.4762125723864,1
2024-10-02,9,1,2,10,0,21.4,622.6469294799738,0
2024-10-02,8,2,2,10,0,24.2,588.5134584081657,0
2024-10-03,2,1,3,10,0,29.3,709.9860979499533,0
2024-10-03,4,1,3,10,0,21.8,662.352559674773,0
2024-10-03,9,1,3,10,1,31.4,642.6614248476875,0
2024-10-03,6,0,3,10,0,24.6,1129.792923767486,1
2024-10-03,11,0,3,10,1,24.3,887.499958778731,1
2024-10-03,8,2,3,10,0,24.6,416.6207213178586,0
2024-10-03,0,2,3,10,0,25.2,321.0620286724894,0
2024-10-03,5,2,3,10,0,26.4,447.42960287488523,0
2024-10-03,3,2,3,10,0,26.5,365.22556358967387,0
2024-10-03,10,2,3,10,0,27.4,299.55195673861186,0
2024-10-04,10,2,4,10,0,29.6,315.77073346072746,0
2024-10-04,2,1,4,10,0,21.6,721.1994045018167,0
2024-10-04,3,2,4,10,0,27.3,285.0220447182241,0
2024-10-04,7,1,4,10,0,24.0,961.8589536984015,0
2024-10-04,6,0,4,10,1,24.2,828.724321795129,1
2024-10-04,4,1,4,10,0,26.2,698.8458616786962,0
2024-10-04,8,2,4,10,0,24.2,431.7303800316665,0
2024-10-04,9,1,4,10,0,26.2,626.5320455054203,0
2024-10-04,11,0,4,10,0,23.2,801.6213772480963,1
2024-10-05,3,2,5,10,0,22.2,386.76039334660976,0
2024-10-05,11,0,5,10,1,24.1,1044.4954889306428,1
2024-10-05,5,2,5,10,0,28.9,417.71825890644755,0
2024-10-05,1,0,5,10,0,23.6,1676.1251138851171,1
2024-10-05,2,1,5,10,1,28.3,741.4360735790739,1
2024-10-05,10,2,5,10,0,26.4,432.740796199538,0
2024-10-05,0,2,5,10,0,28.0,381.47551776355175,0
2024-10-05,9,1,5,10,0,26.2,863.2995419977018,0
2024-10-05,8,2,5,10,0,28.8,493.96141974046475,0
2024-10-05,7,1,5,10,0,26.6,1096.0867078125718,1
2024-10-05,4,1,5,10,0,25.096873120865904,863.5791753708745,0
2024-10-05,6,0,5,10,0,28.2,1059.1687944361108,1
2024-10-06,2,1,6,10,0,19.2,691.4680075165855,0
2024-10-06,11,0,6,10,0,28.3,1076.0108361470104,1
2024-10-06,1,0,6,10,0,25.096873120865904,1223.0198865614043,1
2024-10-06,7,1,6,10,0,28.3,907.9151396838321,1
2024-10-06,6,0,6,10,1,25.5,1060.6727347312985,1
2024-10-06,0,2,6,10,0,21.7,386.64277785106697,0
2024-10-06,4,1,6,10,0,23.0,869.6555893765295,0
2024-10-06,8,2,6,10,0,23.9,488.91055671165225,0
2024-10-06,5,2,6,10,0,19.7,497.84078806260067,0
2024-10-06,10,2,6,10,0,25.3,449.4416139282015,0
2024-10-06,3,2,6,10,1,28.8,395.2103293109972,0
2024-10-07,11,0,0,10,0,28.6,829.3606983030204,1
2024-10-07,6,0,0,10,0,23.1,1107.300607637222,1
2024-10-07,10,2,0,10,0,25.7,300.25078991687593,0
2024-10-07,4,1,0,10,0,21.7,667.7739908535872,0
2024-10-07,7,1,0,10,1,28.6,887.0212977097854,1
2024-10-07,3,2,0,10,0,25.8,377.35941617320265,0
2024-10-07,8,2,0,10,0,30.4,391.8685277756536,0
2024-10-07,1,0,0,10,0,22.5,1164.7528513436168,0
2024-10-07,2,1,0,10,1,23.4,573.6068212031801,0
2024-10-07,0,2,0,10,0,24.6,329.7491255121611,0
2024-10-08,5,2,1,10,0,27.7,401.97041108955307,0
2024-10-08,4,1,1,10,0,25.096873120865904,664.5191998226816,0
2024-10-08,10,2,1,10,0,20.8,313.95198489910496,0
2024-10-08,6,0,1,10,0,18.9,937.2155269237426,1
2024-10-08,8,2,1,10,0,26.2,466.9647097767349,0
2024-10-08,7,1,1,10,0,25.7,652.8416566532619,0
2024-10-09,4,1,2,10,0,18.7,621.275172988233,0
2024-10-09,5,2,2,10,0,26.6,382.32952246207924,0
2024-10-09,8,2,2,10,1,22.2,397.9563796819899,0
2024-10-09,6,0,2,10,0,25.2,973.8199182558698,1
2024-10-09,10,2,2,10,0,20.9,287.01558515598106,0
2024-10-09,7,1,2,10,0,24.4,747.3402461895644,0
2024-10-09,0,2,2,10,0,30.5,332.35582726417607,0
2024-10-09,9,1,2,10,0,27.1,647.3700012816241,0
2024-10-10,9,1,3,10,0,24.2,771.4599491602652,0
2024-10-10,11,0,3,10,0,25.8,1147.3151527099164,1
2024-10-10,6,0,3,10,0,25.096873120865904,1173.4437087709264,1
2024-10-10,4,1,3,10,0,25.4,610.3102204309879,0
2024-10-10,8,2,3,10,0,29.2,388.34081798796717,0
2024-10-10,1,0,3,10,0,30.0,938.4177812581738,1
2024-10-10,7,1,3,10,0,29.7,768.4898535286354,0
2024-10-10,5,2,3,10,0,22.1,434.4112570973612,0
2024-10-10,10,2,3,10,0,21.0,298.49067193128207,0
2024-10-10,2,1,3,10,0,24.9,597.5565168707315,0
2024-10-11,11,0,4,10,0,24.3,912.2864394476475,0
2024-10-11,5,2,4,10,0,21.8,440.41988036183864,0
2024-10-11,3,2,4,10,0,22.9,325.9728853841782,0
2024-10-11,8,2,4,10,0,25.0,441.4731256126263,0
2024-10-11,10,2,4,10,0,20.8,287.8302967508022,0
2024-10-11,6,0,4,10,0,21.1,1456.2410825911693,1
2024-10-11,7,1,4,10,0,24.8,709.2999929613806,0
2024-10-11,1,0,4,10,0,23.5,939.410836432218,1
2024-10-12,9,1,5,10,1,22.7,723.5840137339798,1
2024-10-12,7,1,5,10,1,26.1,892.251608885517,1
2024-10-12,5,2,5,10,0,30.7,503.6852774526691,0
2024-10-12,1,0,5,10,0,25.3,1043.3255584128383,1
2024-10-12,10,2,5,10,0,23.5,390.297156504367,0
2024-10-12,0,2,5,10,0,29.0,429.7409931850848,0
2024-10-12,2,1,5,10,0,24.5,849.1756711608244,0
2024-10-12,11,0,5,10,0,21.4,1680.921557183499,1
2024-10-12,8,2,5,10,0,27.4,535.9211815371244,0
2024-10-13,11,0,6,10,0,20.6,1349.8588306493414,1
2024-10-13,3,2,6,10,0,27.1,505.16774674292276,0
2024-10-13,8,2,6,10,0,24.5,587.362972784875,0
2024-10-13,2,1,6,10,1,21.2,596.3870270694598,0
2024-10-13,5,2,6,10,0,29.2,581.1481218834601,0
2024-10-13,1,0,6,10,1,24.3,1012.4155983355656,1
2024-10-13,6,0,6,10,1,27.4,1710.8331870744032,1
2024-10-13,4,1,6,10,0,21.0,796.5410296139676,0
2024-10-13,0,2,6,10,0,27.7,491.9637520838182,0
2024-10-14,2,1,0,10,0,25.8,568.1813679345083,0
2024-10-14,10,2,0,10,0,24.4,319.2891399493059,0
2024-10-14,11,0,0,10,0,22.7,1315.5812718033317,1
2024-10-14,9,1,0,10,0,22.6,482.5990594737576,0
2024-10-14,6,0,0,10,0,19.1,1015.8788647016523,1
2024-10-14,0,2,0,10,0,21.9,318.221576520142,0
2024-10-14,8,2,0,10,0,24.4,517.9705052634057,0
2024-10-14,4,1,0,10,0,25.5,586.7132246273726,0
2024-10-14,7,1,0,10,0,19.5,939.8631611819397,0
2024-10-14,5,2,0,10,0,26.2,468.1422828790715,0
2024-10-15,2,1,1,10,0,23.5,514.4605164206898,0
2024-10-15,4,1,1,10,0,25.096873120865904,592.7683690570121,0
2024-10-15,3,2,1,10,0,24.0,337.721607623077,0
2024-10-15,0,2,1,10,0,24.7,282.2371941255879,0
2024-10-15,6,0,1,10,0,21.4,845.9279930458164,1
2024-10-15,1,0,1,10,0,27.1,790.5273690721742,1
2024-10-15,8,2,1,10,0,22.5,431.3749086483484,0
2024-10-15,11,0,1,10,0,22.9,1461.9483232312932,1
2024-10-16,1,0,2,10,1,20.7,797.7553629744716,1
2024-10-16,10,2,2,10,0,25.3,321.2426086608621,0
2024-10-16,7,1,2,10,0,32.3,734.6786189879398,0
2024-10-16,3,2,2,10,0,22.6,319.8235637191723,0
2024-10-16,4,1,2,10,0,21.4,570.8627381443386,0
2024-10-16,0,2,2,10,0,23.4,284.91476427438414,0
2024-10-16,2,1,2,10,0,27.9,662.6727013439726,0
2024-10-16,5,2,2,10,0,21.9,467.0331459052033,0
2024-10-16,9,1,2,10,0,24.7,490.82168909109345,0
2024-10-16,11,0,2,10,1,23.9,1088.9929819604777,1
2024-10-17,6,0,3,10,0,26.3,893.5581050574751,1
2024-10-17,5,2,3,10,0,23.9,445.79280076630636,0
2024-10-17,11,0,3,10,0,23.6,1040.1634805008298,1
2024-10-17,8,2,3,10,0,28.6,363.6966279666103,0
2024-10-17,10,2,3,10,0,17.5,324.0880458401821,0
2024-10-17,3,2,3,10,1,24.2,311.5775974228575,0
2024-10-17,4,1,3,10,0,23.7,611.6721230359873,0
2024-10-17,1,0,3,10,0,24.0,941.9976127427238,1
2024-10-17,0,2,3,10,0,27.5,328.5517196516481,0
2024-10-17,2,1,3,10,0,23.9,578.7260341074082,0
2024-10-18,2,1,4,10,1,30.3,685.1353666758596,0
2024-10-18,5,2,4,10,1,23.2,449.7566427571788,0
2024-10-18,9,1,4,10,0,22.2,514.6093506492603,0
2024-10-18,6,0,4,10,0,25.8,876.6539630226708,1
2024-10-18,0,2,4,10,0,20.4,273.41382210269603,0
2024-10-18,3,2,4,10,0,26.9,361.60617669892747,0
2024-10-18,11,0,4,10,0,22.4,830.6104956436802,1
2024-10-18,8,2,4,10,0,23.6,320.3177547249111,0
2024-10-18,7,1,4,10,1,25.3,588.0983955525528,0
2024-10-18,10,2,4,10,0,27.9,303.31823309377165,0
2024-10-19,2,1,5,10,0,25.2,714.0262118242879,0
2024-10-19,11,0,5,10,1,21.4,1060.1218510158367,1
2024-10-19,5,2,5,10,0,25.096873120865904,555.5169252699641,0
2024-10-19,1,0,5,10,0,22.3,1255.9618161472856,1
2024-10-19,10,2,5,10,0,24.7,391.2212181667233,0
2024-10-19,3,2,5,10,0,28.3,449.47714004670155,0
2024-10-19,9,1,5,10,0,23.6,936.1488278158022,0
2024-10-19,7,1,5,10,0,20.3,866.6316027821891,0
2024-10-19,8,2,5,10,0,23.2,410.98858307964895,0
2024-10-19,0,2,5,10,0,25.2,315.59596271388153,0
2024-10-19,4,1,5,10,0,25.4,674.5910337005637,1
2024-10-20,8,2,6,10,0,21.9,403.37399000078085,0
2024-10-20,1,0,6,10,0,22.6,1403.8609009199813,1
2024-10-20,10,2,6,10,1,21.6,404.4510572917971,0
2024-10-20,5,2,6,10,0,24.2,519.8746743480035,0
2024-10-20,2,1,6,10,0,22.2,830.0600494771451,0
2024-10-20,11,0,6,10,0,23.4,1103.5170970615218,1
2024-10-20,4,1,6,10,1,23.1,693.0201887693922,1
2024-10-20,7,1,6,10,0,22.2,675.5377243077045,0
2024-10-21,0,2,0,10,0,27.6,241.38904161778174,0
2024-10-21,11,0,0,10,0,19.1,877.484373039419,1
2024-10-21,7,1,0,10,0,23.1,566.4967953341558,0
2024-10-21,4,1,0,10,0,22.9,656.8668488077473,0
2024-10-21,8,2,0,10,1,25.0,386.1805112893827,0
2024-10-21,2,1,0,10,1,24.6,610.4783786761705,1
2024-10-21,5,2,0,10,0,21.3,401.40737572239027,0
2024-10-21,9,1,0,10,1,21.7,707.8398441927683,0
2024-10-22,3,2,1,10,0,16.4,471.80764798811714,0
2024-10-22,9,1,1,10,0,23.9,613.0796161864521,0
2024-10-22,1,0,1,10,0,21.8,1000.5133454813456,1
2024-10-22,6,0,1,10,0,24.7,1216.9072805633803,1
2024-10-22,7,1,1,10,0,29.4,537.514112010566,0
2024-10-22,5,2,1,10,0,24.8,547.8569326297242,0
2024-10-22,11,0,1,10,1,17.8,923.5669220609715,1
2024-10-22,8,2,1,10,0,21.0,353.7700858414906,0
2024-10-22,0,2,1,10,0,24.9,240.7388832266672,0
2024-10-22,4,1,1,10,0,18.7,701.936781057469,0
2024-10-23,0,2,2,10,0,21.7,236.42814450724057,0
2024-10-23,4,1,2,10,0,25.6,698.6099200576409,0
2024-10-23,8,2,2,10,0,28.1,438.0055542132266,0
2024-10-23,1,0,2,10,1,22.9,1337.0122335286464,1
2024-10-23,5,2,2,10,0,23.1,399.99086270752474,0
2024-10-23,10,2,2,10,0,20.7,349.3991389192259,0
2024-10-23,9,1,2,10,0,26.8,653.4186166558609,0
2024-10-23,11,0,2,10,0,24.3,1115.6387203312622,1
2024-10-23,2,1,2,10,1,21.1,612.2375334340137,0
2024-10-23,6,0,2,10,0,22.3,1102.3317702165625,1
2024-10-24,8,2,3,10,1,21.9,395.0214388825362,0
2024-10-24,4,1,3,10,0,26.1,635.1589386290794,0
2024-10-24,0,2,3,10,1,23.0,288.62299154865804,0
2024-10-24,7,1,3,10,0,24.7,499.0413731753107,0
2024-10-24,9,1,3,10,0,19.2,603.3625962260936,0
2024-10-24,3,2,3,10,0,23.2,525.6155145427289,0
2024-10-24,2,1,3,10,0,22.3,562.1908439120311,0
2024-10-24,10,2,3,10,0,22.5,336.23858569830554,0
2024-10-24,11,0,3,10,0,20.5,969.7924118930863,1
2024-10-25,8,2,4,10,0,20.9,355.6295189456585,0
2024-10-25,3,2,4,10,0,21.1,404.92972947968065,0
2024-10-25,10,2,4,10,0,21.4,320.1183429100186,0
2024-10-25,0,2,4,10,0,28.7,343.4771945408491,0
2024-10-25,1,0,4,10,0,15.2,1240.678142023065,1
2024-10-25,11,0,4,10,0,22.9,922.0944137946929,1
2024-10-25,9,1,4,10,0,21.6,611.3291546128016,0
2024-10-25,6,0,4,10,0,24.0,967.1757755436693,1
2024-10-25,4,1,4,10,0,21.9,742.408168305399,0
2024-10-25,7,1,4,10,0,24.4,702.8145090030758,0
2024-10-26,10,2,5,10,1,20.7,359.07358764531097,0
2024-10-26,11,0,5,10,0,21.6,1381.1285787949744,1
2024-10-26,3,2,5,10,0,21.4,458.4791373135182,0
2024-10-26,5,2,5,10,0,26.4,376.4659430820534,0
2024-10-26,7,1,5,10,0,19.3,709.9005509888744,1
2024-10-26,0,2,5,10,1,20.4,428.01236766910546,0
2024-10-26,6,0,5,10,0,26.6,1309.0041324393458,1
2024-10-26,2,1,5,10,0,27.5,741.9899475436582,0
2024-10-26,4,1,5,10,0,24.9,901.0396557158608,0
2024-10-26,1,0,5,10,0,22.6,1235.7152763935494,1
2024-10-27,4,1,6,10,0,17.9,1006.5534299097559,1
2024-10-27,6,0,6,10,0,24.8,1516.094098368129,1
2024-10-27,9,1,6,10,0,21.4,803.0008189508377,0
2024-10-27,0,2,6,10,1,21.8,392.16687379542293,0
2024-10-27,7,1,6,10,0,21.2,818.7927087342031,1
2024-10-27,3,2,6,10,0,25.096873120865904,582.8498795333994,0
2024-10-27,11,0,6,10,0,20.0,1171.2113906829857,1
2024-10-27,8,2,6,10,0,26.4,476.89535640583136,0
2024-10-27,10,2,6,10,0,21.4,475.32646160395115,0
2024-10-27,2,1,6,10,0,22.3,745.4814685023607,0
2024-10-28,10,2,0,10,0,21.3,339.8958929390335,0
2024-10-28,11,0,0,10,1,17.6,982.709713121312,1
2024-10-28,5,2,0,10,0,22.2,370.199120016436,0
2024-10-28,8,2,0,10,0,17.9,502.7332312413405,0
2024-10-28,0,2,0,10,0,19.8,317.48869960370615,0
2024-10-28,2,1,0,10,0,25.5,864.666580369072,0
2024-10-28,4,1,0,10,0,24.6,607.5330162498864,0
2024-10-28,9,1,0,10,0,21.7,769.3065140146242,0
2024-10-28,7,1,0,10,0,22.9,647.0259996979486,0
2024-10-28,1,0,0,10,0,22.7,1399.8398118800944,1
2024-10-28,3,2,0,10,0,20.4,428.1498882191219,0
2024-10-28,6,0,0,10,0,16.7,912.0017713098691,1
2024-10-29,6,0,1,10,0,27.7,1114.518119721723,1
2024-10-29,10,2,1,10,0,23.9,319.67626535855646,0
2024-10-29,1,0,1,10,1,23.8,1273.104385417878,1
2024-10-29,5,2,1,10,1,29.0,343.71305656810216,0
2024-10-29,11,0,1,10,0,22.0,1497.400385748199,1
2024-10-29,9,1,1,10,0,21.8,634.2817309481587,0
2024-10-29,8,2,1,10,0,21.6,341.77407592817076,0
2024-10-29,4,1,1,10,0,20.0,604.8236907258323,0
2024-10-29,3,2,1,10,1,18.1,376.4658098623751,0
2024-10-29,7,1,1,10,0,20.0,622.9147416900631,0
2024-10-30,3,2,2,10,0,17.7,427.49438037899847,0
2024-10-30,2,1,2,10,0,19.4,752.3373188639583,0
2024-10-30,6,0,2,10,0,21.3,1028.1118269528772,1
2024-10-30,11,0,2,10,0,21.5,1197.0604872510628,1
2024-10-30,5,2,2,10,1,19.9,338.3663984846066,0
2024-10-30,1,0,2,10,1,21.7,1461.4895888360356,1
2024-10-30,4,1,2,10,0,19.2,654.2049558704808,0
2024-10-30,0,2,2,10,0,19.6,322.8621517168124,0
2024-10-30,7,1,2,10,0,23.0,651.6421020128786,0
2024-10-30,9,1,2,10,0,23.3,630.964743758803,0
2024-10-30,8,2,2,10,0,23.2,345.02519366278176,0
2024-10-31,6,0,3,10,0,17.4,932.2456607255399,1
2024-10-31,8,2,3,10,1,28.1,458.239021590492,0
2024-10-31,4,1,3,10,0,22.0,652.5987748261948,0
2024-10-31,7,1,3,10,0,20.1,724.3364139827424,0
2024-10-31,5,2,3,10,0,25.096873120865904,356.63983554086985,0
2024-10-31,11,0,3,10,0,21.7,1048.7100415437992,1
2024-10-31,2,1,3,10,0,19.9,670.1243323117202,0
2024-10-31,0,2,3,10,0,20.1,426.662287722162,0
2024-10-31,3,2,3,10,1,20.3,405.3864126490433,0
2024-10-31,10,2,3,10,0,22.6,325.5345851582528,0
2024-11-01,10,2,4,11,0,22.4,343.5337602785633,0
2024-11-01,3,2,4,11,0,24.8,318.80817960407575,0
2024-11-01,5,2,4,11,0,19.4,454.7908191519893,0
2024-11-01,9,1,4,11,0,20.9,595.3713632700674,0
2024-11-01,7,1,4,11,0,20.3,682.6897192736411,0
2024-11-01,1,0,4,11,0,23.0,1062.894370398991,1
2024-11-01,0,2,4,11,0,19.5,376.463279228338,0
2024-11-01,8,2,4,11,0,21.2,391.6236060954099,0
2024-11-01,4,1,4,11,0,21.5,596.5364396959753,0
2024-11-01,11,0,4,11,0,21.6,1084.9952124252968,1
2024-11-01,6,0,4,11,0,20.3,1005.3347411168636,1
2024-11-02,10,2,5,11,0,22.0,548.785689351711,0
2024-11-02,4,1,5,11,0,19.6,819.6965789321952,0
2024-11-02,11,0,5,11,0,23.0,1360.9501860134649,1
2024-11-02,8,2,5,11,0,17.0,417.8511743351853,0
2024-11-02,2,1,5,11,0,20.5,693.511512913071,0
2024-11-02,3,2,5,11,0,20.2,364.5433168994682,0
2024-11-02,5,2,5,11,0,20.4,482.52967319293,0
2024-11-02,7,1,5,11,0,24.8,864.4476188311521,0
2024-11-02,1,0,5,11,0,16.0,1293.3389404405812,1
2024-11-02,6,0,5,11,0,24.0,1259.2070125166322,1
2024-11-02,0,2,5,11,0,18.0,598.3116186003589,0
2024-11-03,0,2,6,11,0,20.3,627.8524464880551,0
2024-11-03,11,0,6,11,1,17.1,1395.9748034274505,1
2024-11-03,4,1,6,11,1,26.6,848.6023061068049,1
2024-11-03,3,2,6,11,0,20.2,397.7215002951458,0
2024-11-03,5,2,6,11,0,19.8,615.8506839086,0
2024-11-03,7,1,6,11,0,25.096873120865904,999.6582974974689,0
2024-11-03,1,0,6,11,0,18.4,1352.9796036428925,1
2024-11-03,6,0,6,11,0,19.7,1155.5078399000336,1
2024-11-03,2,1,6,11,0,20.0,712.4982248041827,0
2024-11-04,0,2,0,11,1,16.8,399.177542083995,0
2024-11-04,1,0,0,11,0,10.9,1238.0582761770297,1
2024-11-04,2,1,0,11,0,21.6,539.5507541095717,0
2024-11-04,5,2,0,11,0,20.2,382.7569494407707,0
2024-11-04,8,2,0,11,0,17.9,443.9697558197859,0
2024-11-04,10,2,0,11,0,20.2,363.83598968987224,0
2024-11-04,11,0,0,11,1,22.4,1326.0352482172398,1
2024-11-04,6,0,0,11,0,21.5,922.9508085204931,1
2024-11-04,4,1,0,11,0,20.3,582.6204661792158,0
2024-11-05,2,1,1,11,1,22.4,529.5508413230898,1
2024-11-05,10,2,1,11,0,18.8,362.9426125807289,0
2024-11-05,3,2,1,11,1,17.2,356.7035172826867,0
2024-11-05,1,0,1,11,0,18.1,1525.2948101931725,1
2024-11-05,7,1,1,11,0,24.6,743.9781765424702,0
2024-11-05,11,0,1,11,0,19.4,1077.4318136447541,1
2024-11-05,6,0,1,11,1,17.9,857.302479122854,1
2024-11-05,9,1,1,11,0,16.4,592.6549234736774,0
2024-11-05,5,2,1,11,0,22.1,452.69352796269595,0
2024-11-05,0,2,1,11,0,21.9,407.3965379146943,0
2024-11-06,8,2,2,11,0,21.1,451.5345469980107,0
2024-11-06,0,2,2,11,1,15.6,403.77608077887663,0
2024-11-06,2,1,2,11,1,20.9,580.3583415274908,0
2024-11-06,9,1,2,11,0,24.2,566.7558526535639,0
2024-11-06,1,0,2,11,0,19.2,1466.9854063392422,1
2024-11-06,11,0,2,11,0,17.5,1034.809490689187,1
2024-11-06,3,2,2,11,0,19.7,327.59449465266607,0
2024-11-06,6,0,2,11,0,13.0,932.9488946656519,1
2024-11-06,5,2,2,11,0,21.1,559.0777924391133,0
2024-11-06,7,1,2,11,0,25.6,737.9929513927697,0
2024-11-07,4,1,3,11,0,18.2,547.9416413128835,0
2024-11-07,9,1,3,11,0,22.2,537.0698122760404,0
2024-11-07,0,2,3,11,0,24.9,455.5773227306731,0
2024-11-07,1,0,3,11,0,17.4,1361.4347408164529,1
2024-11-07,10,2,3,11,0,19.5,360.64603914416443,0
2024-11-07,3,2,3,11,0,16.0,419.2435182370198,0
2024-11-07,11,0,3,11,0,16.4,960.8852913932374,1
2024-11-07,2,1,3,11,0,25.0,506.7579129807253,0
2024-11-07,8,2,3,11,0,18.3,498.36567254619206,0
2024-11-07,5,2,3,11,0,22.3,450.0832699452878,0
2024-11-08,9,1,4,11,0,20.5,511.61476179225997,0
2024-11-08,2,1,4,11,0,21.2,482.4183248484299,0
2024-11-08,11,0,4,11,0,21.5,1038.803776223193,1
2024-11-08,7,1,4,11,0,24.5,701.1678694193438,0
2024-11-08,1,0,4,11,0,25.3,1373.6018183166193,1
2024-11-08,3,2,4,11,0,17.1,314.111754885073,0
2024-11-08,5,2,4,11,0,20.5,435.1801349912761,0
2024-11-08,10,2,4,11,0,17.3,312.51089574623,0
2024-11-08,4,1,4,11,0,27.5,616.0060432178369,0
2024-11-08,0,2,4,11,0,22.1,402.1452398435189,0
2024-11-08,8,2,4,11,0,21.6,351.93469108263184,0
2024-11-08,6,0,4,11,0,15.8,895.8115026221742,1
2024-11-09,4,1,5,11,0,21.2,819.2002072155522,0
2024-11-09,11,0,5,11,1,22.4,1247.9574007773615,1
2024-11-09,8,2,5,11,1,21.2,446.3057939820809,0
2024-11-09,6,0,5,11,0,21.5,1123.2614507008057,1
2024-11-09,1,0,5,11,0,23.7,1665.1661833367857,1
2024-11-09,2,1,5,11,0,21.7,645.5382346982559,0
2024-11-09,10,2,5,11,0,26.8,404.7131297391416,0
2024-11-09,0,2,5,11,0,18.8,506.7576437538661,0
2024-11-10,7,1,6,11,0,20.1,814.0986372870273,0
2024-11-10,0,2,6,11,0,13.8,442.69219061058243,0
2024-11-10,11,0,6,11,0,20.3,1432.8190026638183,1
2024-11-10,4,1,6,11,0,28.7,1070.2933243697933,0
2024-11-10,1,0,6,11,1,23.0,1779.0506447837083,1
2024-11-10,9,1,6,11,0,19.9,889.4336241562509,0
2024-11-10,3,2,6,11,0,16.4,454.8101931260558,0
2024-11-10,2,1,6,11,0,18.2,719.4011534878598,0
2024-11-10,6,0,6,11,0,21.2,1348.2697700790825,1
2024-11-10,10,2,6,11,0,19.9,383.88050458676474,0
2024-11-10,5,2,6,11,0,20.1,464.80918918597354,0
2024-11-11,4,1,0,11,0,25.3,604.9516712022781,0
2024-11-11,5,2,0,11,0,16.8,400.4486555703341,0
2024-11-11,11,0,0,11,0,19.6,1363.6836297177297,1
2024-11-11,10,2,0,11,0,15.5,298.9770801981334,0
2024-11-11,6,0,0,11,0,16.2,1068.8813481175828,1
2024-11-11,9,1,0,11,1,25.096873120865904,606.324018692085,0
2024-11-11,3,2,0,11,1,26.2,392.90300167387727,0
2024-11-11,7,1,0,11,0,20.3,676.0647852767104,0
2024-11-11,8,2,0,11,0,17.6,413.20810978064173,0
2024-11-11,1,0,0,11,0,20.9,1286.1786948018803,1
2024-11-11,2,1,0,11,1,20.4,685.7393005426583,0
2024-11-11,0,2,0,11,0,13.9,479.9774846027733,0
2024-11-12,11,0,1,11,0,18.6,895.2518386666691,1
2024-11-12,9,1,1,11,0,20.5,577.0262460359818,0
2024-11-12,0,2,1,11,0,20.6,321.06060278150363,0
2024-11-12,1,0,1,11,0,25.4,1108.4364418528564,1
2024-11-12,5,2,1,11,0,19.0,395.7299045264878,0
2024-11-12,10,2,1,11,1,18.0,303.12792897513293,0
2024-11-12,4,1,1,11,0,14.1,617.0476793297246,0
2024-11-12,2,1,1,11,0,25.2,869.5854765989986,0
2024-11-13,11,0,2,11,0,17.7,904.3471132600791,1
2024-11-13,10,2,2,11,0,15.9,333.7785830462241,0
2024-11-13,5,2,2,11,0,24.0,414.82879061074055,0
2024-11-13,6,0,2,11,0,25.096873120865904,904.3844005362121,1
2024-11-13,2,1,2,11,0,20.7,738.7745401989779,0
2024-11-13,1,0,2,11,1,21.7,1045.3626254106923,1
2024-11-13,8,2,2,11,0,19.4,354.7398414095249,0
2024-11-13,7,1,2,11,0,22.2,646.6193415785131,0
2024-11-13,4,1,2,11,0,16.7,777.2848981391942,0
2024-11-13,9,1,2,11,0,14.8,520.7228759603493,0
2024-11-13,3,2,2,11,0,18.0,353.0082950161023,0
2024-11-14,1,0,3,11,0,21.1,1037.4128277393725,1
2024-11-14,7,1,3,11,0,25.096873120865904,667.333097256769,0
2024-11-14,5,2,3,11,0,23.2,372.22732412038926,0
2024-11-14,4,1,3,11,0,14.0,469.08725768906896,0
2024-11-14,3,2,3,11,1,19.0,384.7273694342421,0
2024-11-14,0,2,3,11,0,20.0,369.5330718571895,0
2024-11-15,9,1,4,11,0,18.7,588.1396167174788,0
2024-11-15,10,2,4,11,0,15.2,303.317425181136,0
2024-11-15,6,0,4,11,0,19.1,920.2716906274276,1
2024-11-15,11,0,4,11,0,22.4,950.3277717158488,1
2024-11-15,1,0,4,11,0,17.9,1044.4052333156353,1
2024-11-15,0,2,4,11,0,19.6,323.5370027843776,0
2024-11-15,2,1,4,11,1,22.2,628.2989936765811,1
2024-11-15,5,2,4,11,0,19.0,381.6146397275479,0
2024-11-15,8,2,4,11,0,15.9,388.8196564877325,0
2024-11-16,11,0,5,11,1,19.2,1639.8441566447357,1
2024-11-16,9,1,5,11,0,21.2,724.1382279862153,0
2024-11-16,2,1,5,11,1,22.0,801.9039832615254,1
2024-11-16,7,1,5,11,0,18.4,748.2152323909322,1
2024-11-16,8,2,5,11,1,21.5,534.489408480277,0
2024-11-16,3,2,5,11,0,19.0,464.9900452764067,0
2024-11-16,0,2,5,11,0,19.7,396.1210562589959,0
2024-11-16,4,1,5,11,0,18.9,655.7683604757933,0
2024-11-16,10,2,5,11,0,18.2,389.114783869558,0
2024-11-16,1,0,5,11,1,22.2,1346.4889313904878,1
2024-11-16,5,2,5,11,0,16.6,482.3774514267722,0
2024-11-17,9,1,6,11,0,18.1,763.3449003257653,0
2024-11-17,1,0,6,11,0,15.9,1546.4201278307205,1
2024-11-17,4,1,6,11,0,19.7,719.4435654083325,0
2024-11-17,6,0,6,11,0,19.3,1172.0608284682232,1
2024-11-17,11,0,6,11,0,12.8,1233.45359395139,1
2024-11-17,2,1,6,11,1,17.2,788.418542358118,1
2024-11-17,5,2,6,11,0,19.3,484.4636163462087,0
2024-11-17,8,2,6,11,1,18.1,445.8296679374571,0
2024-11-17,0,2,6,11,0,25.096873120865904,425.96210857229937,0
2024-11-18,0,2,0,11,1,19.1,336.0324958259404,0
2024-11-18,8,2,0,11,0,17.5,369.8497208191306,0
2024-11-18,11,0,0,11,0,12.9,909.5834539835341,1
2024-11-18,4,1,0,11,1,11.4,648.4034940966972,1
2024-11-18,2,1,0,11,0,13.4,788.3981211475963,0
2024-11-18,6,0,0,11,0,19.2,950.0560786194869,1
2024-11-18,3,2,0,11,0,19.4,577.7331213064374,0
2024-11-18,9,1,0,11,1,20.0,807.3024337492558,0
2024-11-18,1,0,0,11,1,18.5,1002.972587946529,1
2024-11-18,10,2,0,11,0,16.2,299.27291674392285,0
2024-11-18,5,2,0,11,0,23.3,388.15503146445747,0
2024-11-19,10,2,1,11,0,16.8,380.99142736017143,0
2024-11-19,7,1,1,11,0,18.1,808.6732192985143,0
2024-11-19,9,1,1,11,0,11.8,633.2302973046221,0
2024-11-19,8,2,1,11,0,21.1,386.41044082102064,0
2024-11-19,4,1,1,11,0,14.3,732.9336582380228,0
2024-11-19,3,2,1,11,0,22.3,463.95897082789753,0
2024-11-19,11,0,1,11,0,27.2,936.0807290390613,1
2024-11-19,1,0,1,11,0,24.7,1060.426746894635,1
2024-11-19,2,1,1,11,0,15.1,708.7050786006182,0
2024-11-19,0,2,1,11,0,18.0,383.90711647656804,0
2024-11-20,4,1,2,11,0,15.8,770.4484708560635,0
2024-11-20,1,0,2,11,0,16.4,1327.5948369573334,1
2024-11-20,9,1,2,11,1,16.2,605.143130517671,0
2024-11-20,0,2,2,11,0,16.3,396.84025004578933,0
2024-11-20,10,2,2,11,0,22.4,358.038444921209,0
2024-11-20,2,1,2,11,1,15.9,657.5580584323639,1
2024-11-20,3,2,2,11,0,17.6,507.2133845981747,0
2024-11-20,8,2,2,11,0,21.1,363.4788763201459,0
2024-11-20,6,0,2,11,1,23.4,1063.3159415915645,1
2024-11-21,1,0,3,11,1,17.6,1072.8447394328743,1
2024-11-21,5,2,3,11,0,16.2,428.82327426278147,0
2024-11-21,6,0,3,11,0,19.6,1107.140136912677,1
2024-11-21,3,2,3,11,0,15.5,579.10129631736,0
2024-11-21,10,2,3,11,0,19.4,374.39565328768,0
2024-11-21,4,1,3,11,0,19.4,666.7050161064998,0
2024-11-21,8,2,3,11,0,15.2,349.0901382000917,0
2024-11-21,11,0,3,11,0,12.1,990.6920391713707,1
2024-11-22,10,2,4,11,0,22.8,356.26330453126525,0
2024-11-22,1,0,4,11,0,15.4,1202.9402306971886,1
2024-11-22,9,1,4,11,0,19.5,571.0418713846752,0
2024-11-22,2,1,4,11,0,25.096873120865904,1000.7898603625162,0
2024-11-22,8,2,4,11,0,21.0,350.96805934274505,0
2024-11-22,3,2,4,11,0,16.0,426.3285824539327,0
2024-11-22,6,0,4,11,0,21.4,1038.6806166235997,1
2024-11-22,7,1,4,11,0,13.8,757.5939271401073,0
2024-11-23,3,2,5,11,0,19.1,498.5718027963591,0
2024-11-23,11,0,5,11,0,18.9,1731.0670470545856,1
2024-11-23,1,0,5,11,0,18.7,1761.1817363355394,1
2024-11-23,8,2,5,11,0,22.1,645.9169396185939,0
2024-11-23,5,2,5,11,0,17.7,600.1271739111475,0
2024-11-23,2,1,5,11,0,25.096873120865904,1231.2684166708145,0
2024-11-23,7,1,5,11,0,21.1,928.8240055298202,1
2024-11-23,9,1,5,11,0,18.4,641.532702153773,0
2024-11-23,10,2,5,11,1,17.8,445.7503501454705,0
2024-11-23,4,1,5,11,1,17.7,804.9822749782023,1
2024-11-24,8,2,6,11,0,15.7,753.5837670077275,0
2024-11-24,3,2,6,11,0,22.2,476.4248643748934,0
2024-11-24,11,0,6,11,1,22.2,1529.3870276985028,1
2024-11-24,1,0,6,11,0,16.4,1308.738339599804,1
2024-11-24,5,2,6,11,0,23.6,568.5634935045604,0
2024-11-24,4,1,6,11,0,13.3,823.1302797388762,0
2024-11-24,9,1,6,11,0,18.8,714.4082842328029,0
2024-11-24,7,1,6,11,0,15.0,929.857830797192,1
2024-11-24,0,2,6,11,0,22.0,477.1426430553904,0
2024-11-25,3,2,0,11,0,20.1,424.139582073296,0
2024-11-25,6,0,0,11,0,20.3,1053.7091167906526,1
2024-11-25,4,1,0,11,0,17.1,862.7497859644087,0
2024-11-25,9,1,0,11,0,25.096873120865904,792.1876106979395,0
2024-11-25,2,1,0,11,0,9.4,817.9238654891093,0
2024-11-25,7,1,0,11,0,14.9,813.5038589717213,0
2024-11-25,10,2,0,11,0,13.7,331.781634368217,0
2024-11-25,5,2,0,11,0,24.6,480.8463573637224,0
2024-11-26,7,1,1,11,1,13.7,615.5289454632477,1
2024-11-26,2,1,1,11,0,17.7,777.6392676307487,0
2024-11-26,8,2,1,11,0,13.1,424.63849292575475,0
2024-11-26,4,1,1,11,1,16.8,704.2685400217943,1
2024-11-26,1,0,1,11,0,15.7,1219.5102976337537,1
2024-11-26,9,1,1,11,0,25.096873120865904,671.466739197875,0
2024-11-26,3,2,1,11,0,19.0,427.94803754391324,0
2024-11-26,0,2,1,11,0,19.1,373.8783572440675,0
2024-11-26,6,0,1,11,0,26.1,1015.3548528706468,1
2024-11-26,10,2,1,11,0,17.6,371.6100602330553,0
2024-11-26,11,0,1,11,0,16.4,1166.4753784733423,1
2024-11-27,11,0,2,11,1,11.7,1494.4048432091747,1
2024-11-27,7,1,2,11,0,25.096873120865904,589.6213997670726,0
2024-11-27,2,1,2,11,0,15.9,938.215317544092,0
2024-11-27,5,2,2,11,0,16.2,471.4352754680001,0
2024-11-27,0,2,2,11,0,10.9,305.092179366591,0
2024-11-27,8,2,2,11,0,18.6,447.391876194773,0
2024-11-27,6,0,2,11,0,18.1,1073.5193215117513,1
2024-11-27,10,2,2,11,1,23.5,408.38976731387015,0
2024-11-27,3,2,2,11,0,22.6,367.31797759500654,0
2024-11-28,2,1,3,11,0,18.6,675.3492040327561,0
2024-11-28,0,2,3,11,0,25.096873120865904,325.93263759977174,0
2024-11-28,7,1,3,11,0,14.8,636.808795318814,0
2024-11-28,3,2,3,11,1,15.7,361.8128950341252,0
2024-11-28,8,2,3,11,0,16.4,388.29217520250995,0
2024-11-28,9,1,3,11,0,15.5,764.0906200770486,0
2024-11-28,11,0,3,11,0,21.4,1341.2127879728398,1
2024-11-28,10,2,3,11,0,21.8,372.4160883512548,0
2024-11-29,0,2,4,11,0,22.4,468.3523538092612,0
2024-11-29,5,2,4,11,1,20.6,353.8587562802467,0
2024-11-29,3,2,4,11,0,15.4,410.96315621183413,0
2024-11-29,8,2,4,11,0,18.6,397.0724045923451,0
2024-11-29,4,1,4,11,0,14.2,664.4021766331919,0
2024-11-29,2,1,4,11,0,21.3,716.5856832507096,0
2024-11-29,10,2,4,11,1,15.4,363.7400400824749,0
2024-11-29,1,0,4,11,0,19.4,1255.7700187565185,1
2024-11-30,6,0,5,11,0,17.8,1271.2236099224313,1
2024-11-30,2,1,5,11,1,16.6,837.9614228314936,1
2024-11-30,9,1,5,11,0,13.3,740.9477497639626,0
2024-11-30,3,2,5,11,1,21.8,494.6091012605467,0
2024-11-30,4,1,5,11,0,18.3,939.650988005122,0
2024-11-30,8,2,5,11,0,25.096873120865904,503.42967048984525,0
2024-11-30,10,2,5,11,0,19.1,551.6454053184002,0
2024-11-30,5,2,5,11,1,19.4,474.103593324558,0
2024-11-30,7,1,5,11,0,20.3,969.5213344316793,0
2024-11-30,11,0,5,11,0,22.9,1802.9606698258021,1
2024-11-30,1,0,5,11,1,16.6,1396.786693060745,1
2024-12-01,4,1,6,12,0,15.4,823.1840187768591,0
2024-12-01,7,1,6,12,0,17.2,910.6340130479381,1
2024-12-01,9,1,6,12,0,15.6,740.4931053807118,0
2024-12-01,3,2,6,12,0,18.6,529.6152703795177,0
2024-12-01,11,0,6,12,0,19.5,2120.198751466681,1
2024-12-01,6,0,6,12,0,20.2,1742.5218243906008,1
2024-12-01,1,0,6,12,1,21.3,1362.9612671155653,1
2024-12-01,8,2,6,12,0,10.2,592.9282722149233,0
2024-12-02,7,1,0,12,0,20.7,745.6668114833959,0
2024-12-02,9,1,0,12,0,14.1,737.8240690356342,0
2024-12-02,4,1,0,12,0,17.2,707.2123026447923,0
2024-12-02,2,1,0,12,0,24.0,718.5704822806368,1
2024-12-02,3,2,0,12,0,14.3,405.1282061841924,0
2024-12-02,6,0,0,12,1,15.4,1026.1193839504597,1
2024-12-02,0,2,0,12,1,16.5,354.89252238897603,0
2024-12-02,8,2,0,12,1,17.0,559.6399511693412,0
2024-12-02,10,2,0,12,0,20.7,426.0764080850229,0
2024-12-02,1,0,0,12,1,16.5,1250.7143989811252,1
2024-12-03,3,2,1,12,0,25.096873120865904,375.6310386193969,0
2024-12-03,2,1,1,12,0,16.7,630.5836546393897,0
2024-12-03,11,0,1,12,0,6.1,1475.968705433268,1
2024-12-03,7,1,1,12,0,16.1,910.624254098908,0
2024-12-03,5,2,1,12,0,18.3,400.01691698388356,0
2024-12-03,1,0,1,12,0,17.0,1063.4413380149454,1
2024-12-03,6,0,1,12,0,10.7,914.6689105410376,1
2024-12-03,4,1,1,12,0,12.2,991.1250607464208,0
2024-12-03,0,2,1,12,0,15.6,354.2953932478778,0
2024-12-03,9,1,1,12,0,21.4,639.8305138878707,0
2024-12-03,10,2,1,12,0,20.6,375.9137420814483,0
2024-12-04,9,1,2,12,0,20.3,827.6201718052454,0
2024-12-04,2,1,2,12,0,12.2,702.7291029628221,0
2024-12-04,1,0,2,12,0,16.1,1074.2079049587064,1
2024-12-04,10,2,2,12,0,25.096873120865904,454.4987090848347,0
2024-12-04,0,2,2,12,0,12.5,378.542655936915,0
2024-12-04,7,1,2,12,0,14.8,637.9846849079208,0
2024-12-04,4,1,2,12,0,17.6,709.1433673404189,0
2024-12-04,5,2,2,12,0,17.2,499.7026587271753,0
2024-12-04,11,0,2,12,0,13.9,1736.5402625166207,1
2024-12-05,10,2,3,12,0,20.0,374.76761079451995,0
2024-12-05,3,2,3,12,0,23.3,465.8256559584755,0
2024-12-05,8,2,3,12,0,17.5,416.7227392007758,0
2024-12-05,9,1,3,12,0,15.0,623.2238995659789,0
2024-12-05,5,2,3,12,0,13.3,602.2421914887098,0
2024-12-05,1,0,3,12,0,10.7,1055.8421081328877,1
2024-12-05,2,1,3,12,0,17.3,692.2659802158631,0
2024-12-05,0,2,3,12,0,12.9,354.95509247729956,0
2024-12-05,4,1,3,12,0,18.6,731.2670538483821,0
2024-12-05,6,0,3,12,0,10.2,1175.084722404733,1
2024-12-05,11,0,3,12,0,17.5,1316.1232363598156,1
2024-12-06,9,1,4,12,0,18.9,825.143958805747,0
2024-12-06,2,1,4,12,0,25.5,718.7820124221669,0
2024-12-06,4,1,4,12,0,15.9,672.7561206459233,0
2024-12-06,6,0,4,12,0,19.6,922.3968373682735,1
2024-12-06,3,2,4,12,0,12.5,356.61789660151993,0
2024-12-06,11,0,4,12,0,18.8,1628.0683057573672,1
2024-12-06,10,2,4,12,0,18.7,438.61466984261915,0
2024-12-06,0,2,4,12,1,18.2,338.1866244119658,0
2024-12-06,7,1,4,12,0,12.0,803.8934649053515,0
2024-12-06,8,2,4,12,1,12.9,391.19682553631816,0
2024-12-07,9,1,5,12,0,25.096873120865904,700.1512246612891,1
2024-12-07,10,2,5,12,0,17.0,431.11508212844467,0
2024-12-07,3,2,5,12,0,16.9,588.5517418816115,0
2024-12-07,1,0,5,12,0,13.5,1838.3143630917798,1
2024-12-07,5,2,5,12,0,17.3,714.7232056776191,0
2024-12-07,4,1,5,12,0,18.0,758.5322915948872,0
2024-12-07,11,0,5,12,0,15.0,1699.249998567432,1
2024-12-07,2,1,5,12,0,20.4,1204.691658303545,1
2024-12-07,6,0,5,12,0,13.7,1125.0930901729423,1
2024-12-07,0,2,5,12,0,25.096873120865904,520.4566612822217,0
2024-12-08,6,0,6,12,0,17.9,1258.539872131835,1
2024-12-08,10,2,6,12,0,15.2,469.60713141089775,0
2024-12-08,5,2,6,12,0,17.0,546.5334973612511,0
2024-12-08,8,2,6,12,0,15.1,536.9792990768685,0
2024-12-08,11,0,6,12,0,15.9,1831.1926645383096,1
2024-12-08,3,2,6,12,0,16.9,445.9708743679425,0
2024-12-08,1,0,6,12,0,15.6,1763.728074378398,1
2024-12-08,2,1,6,12,0,25.096873120865904,1412.2530825962497,1
2024-12-09,8,2,0,12,0,20.2,562.7066068202721,0
2024-12-09,4,1,0,12,1,14.6,720.7928107928393,0
2024-12-09,10,2,0,12,1,16.7,397.49264834922144,0
2024-12-09,6,0,0,12,0,24.9,1210.072844673995,1
2024-12-09,11,0,0,12,0,8.9,1154.911028870733,1
2024-12-09,5,2,0,12,0,16.4,535.6073646242024,0
2024-12-09,7,1,0,12,0,16.4,813.2155618606672,0
2024-12-09,0,2,0,12,0,16.3,471.96289832371207,0
2024-12-10,1,0,1,12,0,12.6,1077.850370133592,1
2024-12-10,3,2,1,12,0,21.8,376.7992818347273,0
2024-12-10,4,1,1,12,0,14.6,667.4169287985357,0
2024-12-10,0,2,1,12,0,14.2,391.5459542768101,0
2024-12-10,10,2,1,12,0,13.3,395.82098064598006,0
2024-12-10,6,0,1,12,0,17.0,1210.973413547241,1
2024-12-10,8,2,1,12,0,25.096873120865904,398.096802994223,0
2024-12-10,11,0,1,12,0,10.9,1077.696537922426,1
2024-12-10,5,2,1,12,0,11.2,507.2447731528795,0
2024-12-11,0,2,2,12,0,25.096873120865904,333.2901562426857,0
2024-12-11,9,1,2,12,0,17.1,835.488930850122,0
2024-12-11,7,1,2,12,0,15.2,677.1341359984526,0
2024-12-11,2,1,2,12,0,12.5,684.627434797593,0
2024-12-11,5,2,2,12,0,25.096873120865904,463.68726791202374,0
2024-12-11,6,0,2,12,0,17.3,970.4383611236912,1
2024-12-11,10,2,2,12,1,16.2,335.73251680474726,0
2024-12-11,11,0,2,12,0,15.2,1110.0408218318,1
2024-12-11,4,1,2,12,0,18.6,602.0236449895153,0
2024-12-11,8,2,2,12,0,19.0,394.6069930839758,0
2024-12-11,1,0,2,12,0,19.7,1085.5187656531955,1
2024-12-12,9,1,3,12,0,20.6,843.0846624715809,0
2024-12-12,11,0,3,12,0,17.1,1050.2443168903424,1
2024-12-12,4,1,3,12,0,18.1,533.9085261439934,0
2024-12-12,1,0,3,12,0,16.3,1033.8124141454384,1
2024-12-12,3,2,3,12,0,16.8,367.8541463126643,0
2024-12-12,6,0,3,12,0,12.5,1095.1499811014749,1
2024-12-12,7,1,3,12,0,14.6,765.6557680086996,1
2024-12-12,8,2,3,12,0,15.9,396.6146674249759,0
2024-12-13,7,1,4,12,0,18.6,793.7584882719009,0
2024-12-13,1,0,4,12,0,13.4,912.982086582124,1
2024-12-13,10,2,4,12,0,13.7,372.17793544128216,0
2024-12-13,5,2,4,12,1,13.6,422.3455016770626,0
2024-12-13,11,0,4,12,0,13.2,1124.431548415332,1
2024-12-13,9,1,4,12,0,15.9,770.5662826343232,0
2024-12-13,0,2,4,12,0,16.3,395.88789453085866,0
2024-12-13,2,1,4,12,0,16.0,760.0123599954869,0
2024-12-14,9,1,5,12,0,17.1,915.2370665114719,1
2024-12-14,5,2,5,12,0,14.7,491.0421896185808,0
2024-12-14,0,2,5,12,0,18.9,480.207826184865,0
2024-12-14,7,1,5,12,1,15.1,965.5407489952895,1
2024-12-14,3,2,5,12,0,19.4,527.2983456116415,0
2024-12-14,4,1,5,12,0,19.3,664.7158113801697,0
2024-12-14,8,2,5,12,0,15.6,544.0297025155154,0
2024-12-14,1,0,5,12,0,16.8,1103.2553697713372,1
2024-12-14,6,0,5,12,0,12.6,1300.1348429107234,1
2024-12-15,5,2,6,12,0,11.7,562.3974194780793,0
2024-12-15,9,1,6,12,0,17.8,848.3625879668301,1
2024-12-15,11,0,6,12,0,19.7,1340.8962229082358,1
2024-12-15,6,0,6,12,1,17.6,1263.7427224477854,1
2024-12-15,3,2,6,12,0,13.5,494.70697945334933,0
2024-12-15,2,1,6,12,0,12.6,913.807506285417,0
2024-12-15,0,2,6,12,0,14.6,428.7720658717869,0
2024-12-15,1,0,6,12,0,11.6,1229.521853723947,1
2024-12-15,7,1,6,12,1,12.8,1061.3632476608466,1
2024-12-15,4,1,6,12,0,20.3,870.1028885515292,1
2024-12-15,8,2,6,12,1,13.9,508.1661830531945,0
2024-12-15,10,2,6,12,0,14.9,426.8322657248549,0
2024-12-16,5,2,0,12,0,20.0,510.8810296548087,0
2024-12-16,0,2,0,12,0,16.6,346.2409888306706,0
2024-12-16,4,1,0,12,0,13.9,780.3564569344182,0
2024-12-16,3,2,0,12,0,17.1,436.4535194377023,0
2024-12-16,1,0,0,12,0,25.096873120865904,1070.8155048465092,1
2024-12-16,7,1,0,12,1,23.7,802.6931710707685,1
2024-12-16,9,1,0,12,0,13.3,779.8323203870027,0
2024-12-16,6,0,0,12,0,10.5,1101.742391010938,1
2024-12-16,2,1,0,12,0,14.7,731.648375540499,0
2024-12-16,10,2,0,12,0,15.1,450.15162433586704,0
2024-12-17,6,0,1,12,0,17.4,1090.3546897588064,1
2024-12-17,1,0,1,12,0,13.1,966.513469305661,1
2024-12-17,5,2,1,12,0,15.7,521.9359230183487,0
2024-12-17,10,2,1,12,0,15.2,400.2010259903464,0
2024-12-17,9,1,1,12,0,16.4,767.9735794771416,0
2024-12-17,8,2,1,12,0,14.4,363.24123003283387,0
2024-12-17,0,2,1,12,1,16.0,336.5118289771775,0
2024-12-17,11,0,1,12,0,13.4,1115.9680946657015,1
2024-12-17,2,1,1,12,1,14.0,724.5373674130265,1
2024-12-17,3,2,1,12,0,19.9,381.06797223951753,0
2024-12-18,4,1,2,12,0,13.1,658.69849926052,0
2024-12-18,1,0,2,12,0,25.096873120865904,912.511003059137,1
2024-12-18,5,2,2,12,0,12.0,508.304243654918,0
2024-12-18,10,2,2,12,1,18.5,497.2971168156779,0
2024-12-18,3,2,2,12,0,12.9,404.9985817934232,0
2024-12-18,7,1,2,12,0,13.4,838.2925361160097,0
2024-12-18,2,1,2,12,0,15.9,766.2012499104105,0
2024-12-18,6,0,2,12,0,21.2,1186.957574863534,1
2024-12-18,11,0,2,12,0,22.2,1144.9194322669118,1
2024-12-18,0,2,2,12,0,11.3,324.0472931780601,0
2024-12-18,8,2,2,12,0,17.1,379.3771995111965,0
2024-12-19,8,2,3,12,0,12.6,363.9790019749029,0
2024-12-19,7,1,3,12,0,11.2,877.8511818277045,1
2024-12-19,5,2,3,12,1,11.3,417.8486156012323,0
2024-12-19,11,0,3,12,0,16.7,1116.8620080144167,1
2024-12-19,4,1,3,12,1,18.0,715.3184535748015,1
2024-12-19,2,1,3,12,0,15.3,632.9027082989597,0
2024-12-19,1,0,3,12,0,14.4,1055.2245057433704,1
2024-12-19,0,2,3,12,0,17.3,333.87730144590165,0
2024-12-19,6,0,3,12,0,25.096873120865904,1122.7557067301984,1
2024-12-19,10,2,3,12,0,13.0,434.0513941733868,0
2024-12-20,11,0,4,12,1,16.5,961.6358366486629,1
2024-12-20,8,2,4,12,0,13.4,423.4072433003972,0
2024-12-20,7,1,4,12,0,17.3,797.8486099063821,1
2024-12-20,1,0,4,12,0,13.5,1114.0600091905906,1
2024-12-20,3,2,4,12,0,18.0,350.8312901033168,0
2024-12-20,9,1,4,12,0,15.4,693.6448340081392,1
2024-12-20,10,2,4,12,0,14.0,331.5777386522742,0
2024-12-20,5,2,4,12,0,16.2,483.9354553567697,0
2024-12-20,0,2,4,12,0,19.6,378.9445663891518,0
2024-12-20,2,1,4,12,0,17.3,645.8608887349014,0
2024-12-20,4,1,4,12,1,15.6,708.0197560005352,0
2024-12-21,4,1,5,12,0,17.8,769.472511266626,1
2024-12-21,9,1,5,12,0,15.1,858.6970738498652,1
2024-12-21,10,2,5,12,0,13.9,474.8497595141351,0
2024-12-21,11,0,5,12,0,9.1,1273.5937360335386,1
2024-12-21,5,2,5,12,0,14.0,487.2432130335884,0
2024-12-21,8,2,5,12,0,12.9,511.8296271067294,0
2024-12-21,2,1,5,12,1,13.7,711.7215099201414,1
2024-12-21,3,2,5,12,0,16.0,449.86829313929775,0
2024-12-21,7,1,5,12,0,14.2,1345.543845217714,1
2024-12-22,0,2,6,12,0,17.5,438.917799538864,0
2024-12-22,5,2,6,12,0,13.8,522.7886229829544,0
2024-12-22,7,1,6,12,1,12.9,1141.261402211439,1
2024-12-22,8,2,6,12,0,9.6,681.7577552524237,0
2024-12-22,1,0,6,12,0,16.3,1316.046090709311,1
2024-12-22,3,2,6,12,0,15.5,564.8759839940742,0
2024-12-22,4,1,6,12,0,21.0,875.6705549563547,0
2024-12-22,10,2,6,12,0,15.1,496.1855976716911,0
2024-12-23,2,1,0,12,0,20.6,686.1981250184255,0
2024-12-23,11,0,0,12,0,16.9,1320.2057610159532,1
2024-12-23,5,2,0,12,0,10.6,473.03196708801806,0
2024-12-23,1,0,0,12,1,15.6,1068.3994714916516,1
2024-12-23,6,0,0,12,0,15.6,1082.884827975058,1
2024-12-23,4,1,0,12,0,20.8,811.4788371326315,0
2024-12-23,8,2,0,12,0,16.2,405.05173031830856,0
2024-12-23,0,2,0,12,0,17.2,344.15729511469976,0
2024-12-24,1,0,1,12,0,15.8,1013.8284736741381,1
2024-12-24,6,0,1,12,0,19.7,1114.243191867729,1
2024-12-24,8,2,1,12,0,13.1,378.83151487089117,0
2024-12-24,10,2,1,12,0,12.8,451.25153258645213,0
2024-12-24,7,1,1,12,0,17.7,816.2285737829122,0
2024-12-24,0,2,1,12,1,11.6,486.5539328436323,0
2024-12-24,9,1,1,12,0,18.5,712.4710625610581,0
2024-12-24,5,2,1,12,0,14.9,509.5835226707246,0
2024-12-24,11,0,1,12,1,16.3,1190.025009124867,1
2024-12-24,4,1,1,12,0,12.1,851.0766497161483,0
2024-12-25,0,2,2,12,0,11.5,374.9244211289153,0
2024-12-25,9,1,2,12,0,25.096873120865904,702.5712657502924,0
2024-12-25,4,1,2,12,1,16.6,823.3345396710682,1
2024-12-25,11,0,2,12,0,18.8,1036.409152327751,1
2024-12-25,2,1,2,12,0,17.1,644.4990007842542,0
2024-12-25,3,2,2,12,0,18.5,541.7572911351112,0
2024-12-25,7,1,2,12,0,15.7,797.3224892043804,0
2024-12-25,6,0,2,12,0,11.4,1141.6823039433893,1
2024-12-25,8,2,2,12,0,13.7,393.8950627393322,0
2024-12-25,1,0,2,12,0,25.096873120865904,893.9053137695089,1
2024-12-25,10,2,2,12,0,16.9,509.30155544066776,0
2024-12-26,1,0,3,12,0,13.9,1011.9264558277055,1
2024-12-26,11,0,3,12,0,17.8,1149.431220537972,1
2024-12-26,7,1,3,12,0,14.0,851.6368232753518,0
2024-12-26,5,2,3,12,0,19.6,663.2754552091388,0
2024-12-26,6,0,3,12,0,15.9,1196.1658690830268,1
2024-12-26,2,1,3,12,1,10.8,743.5665607199777,1
2024-12-26,8,2,3,12,0,11.2,374.4180606112146,0
2024-12-26,0,2,3,12,0,15.9,397.26661298082274,0
2024-12-27,2,1,4,12,1,25.096873120865904,634.202237068186,1
2024-12-27,5,2,4,12,0,15.6,543.7372415602698,0
2024-12-27,1,0,4,12,0,13.8,1083.5837281461534,1
2024-12-27,6,0,4,12,0,12.9,1199.1526558361893,1
2024-12-27,3,2,4,12,0,11.5,501.5453741748694,0
2024-12-27,9,1,4,12,0,17.6,865.0636688155354,0
2024-12-27,11,0,4,12,0,13.6,1408.237082387162,1
2024-12-27,7,1,4,12,1,13.3,861.0886644495199,1
2024-12-27,10,2,4,12,0,14.4,360.45657780120166,0
2024-12-28,10,2,5,12,0,12.8,458.2120292151463,0
2024-12-28,2,1,5,12,0,14.6,1051.2215689390227,1
2024-12-28,11,0,5,12,0,15.1,1267.0899369503707,1
2024-12-28,7,1,5,12,0,15.4,993.3442314164612,1
2024-12-28,9,1,5,12,0,18.8,922.0847644806033,0
2024-12-28,8,2,5,12,0,15.9,527.4469894821858,0
2024-12-28,0,2,5,12,1,11.4,436.4201106607296,0
2024-12-28,1,0,5,12,0,25.096873120865904,1063.4121136155154,1
2024-12-29,5,2,6,12,0,7.1,606.0323081437365,0
2024-12-29,11,0,6,12,1,11.1,1276.6343022971034,1
2024-12-29,1,0,6,12,0,13.5,1225.8529896444245,1
2024-12-29,3,2,6,12,0,15.0,545.8524636270447,0
2024-12-29,0,2,6,12,0,16.4,508.8626002376198,0
2024-12-29,8,2,6,12,0,15.5,594.9240440557365,0
2024-12-29,2,1,6,12,0,11.0,827.6731781808267,1
2024-12-29,6,0,6,12,0,18.1,1323.0792963811984,1
2024-12-30,8,2,0,12,0,17.4,428.2564432214966,0
2024-12-30,6,0,0,12,0,11.9,1187.4151761927483,1
2024-12-30,5,2,0,12,0,14.2,473.7513645607183,0
2024-12-30,11,0,0,12,1,18.1,1062.8299244063192,1
2024-12-30,9,1,0,12,0,16.7,622.9512648589902,0
2024-12-30,1,0,0,12,0,15.3,1369.0397215761104,1
2024-12-30,4,1,0,12,1,14.4,672.3093885790964,1
2024-12-30,2,1,0,12,0,12.0,645.6612378327306,0
2024-12-31,6,0,1,12,0,25.096873120865904,1279.6764039596712,1
2024-12-31,5,2,1,12,1,15.3,450.55009376690333,0
2024-12-31,0,2,1,12,0,19.6,453.2504325259051,0
2024-12-31,7,1,1,12,1,12.3,771.6673866877151,1
2024-12-31,10,2,1,12,0,16.6,414.47759532920827,0
2024-12-31,2,1,1,12,1,12.7,718.4354464669493,1
2024-12-31,4,1,1,12,0,15.3,673.2660011314381,0
2024-12-31,1,0,1,12,0,14.7,1266.9623199278974,1
2024-12-31,8,2,1,12,0,12.1,414.2218098912748,0
2024-12-31,9,1,1,12,0,17.2,567.7311086783777,0
2024-12-31,3,2,1,12,0,12.3,403.06226433219143,0
