amount,hour,distance_from_home_km,is_foreign,tx_last_24h,account_age_days,merchant_risk_score,is_fraud
353.31,16,1.78,0,1,948,0.1924,0
44.24,9,36.0,0,6,2731,0.1649,0
24.65,12,22.33,0,4,379,0.3478,0
58.35,21,10.92,0,4,1699,0.2614,0
58.3,5,13.18,0,1,618,0.2844,0
49.07,5,8.04,0,2,243,0.4896,0
49.74,13,27.48,0,1,2643,0.313,0
114.69,0,21.61,0,4,842,0.2115,0
93.04,22,22.57,0,2,2255,0.2632,0
335.74,18,27.86,0,3,1459,0.0941,0
86.86,11,14.26,1,5,1536,0.0312,0
46.83,16,10.6,0,6,2734,0.223,0
109.91,0,18.46,0,0,2021,0.1902,0
7.81,22,0.49,0,2,1184,0.3172,0
66.57,14,64.53,0,1,1218,0.1091,0
185.59,4,25.07,0,3,2316,0.1931,0
72.91,16,13.97,0,6,1272,0.1523,0
288.19,15,18.18,0,3,1606,0.0991,0
92.02,6,37.36,0,5,1941,0.0504,0
43.37,13,11.73,0,3,1875,0.1138,0
3.92,21,100.8,1,2,1028,0.1427,0
356.09,5,9.71,0,1,1771,0.0944,0
47.54,19,25.06,0,1,851,0.3175,0
56.82,18,10.66,0,2,1689,0.2553,0
10.48,8,28.01,0,4,2224,0.5563,0
21.99,23,31.36,0,3,2843,0.1606,0
55.76,19,39.08,1,3,2020,0.0606,0
80.05,8,6.2,0,4,2860,0.2797,0
97.19,7,1.06,0,3,1958,0.1047,0
59.43,7,69.34,1,6,662,0.0388,0
26.48,8,19.09,0,6,1362,0.1392,0
36.27,21,9.28,0,0,2962,0.0785,0
0.95,2,-999.0,0,3,193,0.258,0
288.78,7,22.17,0,3,1061,0.1751,0
53.44,2,11.42,0,0,787,0.3756,0
18.95,11,1.45,0,8,448,0.3126,0
31.35,19,3.92,0,3,853,0.1434,0
17.23,1,9.42,0,5,2983,0.1758,0
66.05,10,32.04,0,6,649,0.1208,0
53.17,21,12.17,0,4,1335,0.1774,0
8.35,23,10.01,0,4,1627,0.0704,0
28.46,20,19.84,0,2,2166,0.1335,0
52.97,18,2.22,0,1,907,0.2575,0
50.85,20,-999.0,1,5,780,0.3937,0
87.9,7,27.47,0,4,1774,0.3239,0
220.84,4,8.15,0,2,1773,0.3878,0
53.49,6,-999.0,0,3,2263,0.073,0
47.28,6,3.37,0,2,2854,0.3959,0
160.71,6,35.92,0,2,436,0.1535,0
6.96,13,19.89,0,2,1007,0.3739,0
39.46,18,7.57,1,2,1451,0.2722,0
116.43,20,19.77,0,3,1716,0.3573,0
204.26,16,70.27,1,5,1948,0.04,0
52.58,16,6.44,0,1,866,0.1371,0
80.55,6,10.85,0,5,1006,0.2333,0
165.17,5,26.15,0,3,2719,0.3996,0
43.17,21,16.55,1,2,619,0.272,0
20.96,0,32.23,1,2,1968,0.3689,0
9.92,3,10.56,0,3,201,0.2999,0
43.11,17,13.96,0,3,2942,0.0184,0
42.72,14,26.27,0,2,2959,0.1472,0
94.7,16,21.13,0,3,1268,0.3466,0
68.9,2,8.97,0,2,1194,0.2909,0
31.66,11,-999.0,0,2,1832,0.1378,0
10.27,18,15.85,0,3,1634,0.1199,0
110.45,5,19.48,0,2,374,0.146,0
46.7,5,46.35,0,7,2408,0.0868,0
66.04,19,-999.0,1,2,608,0.286,0
37.97,4,78.17,0,2,1917,0.1579,0
20.67,8,5.2,0,5,494,0.1486,0
3.79,0,6.88,0,3,2808,0.1127,0
52.52,7,3.2,0,3,2939,0.0312,0
54.08,5,21.08,0,6,644,0.3029,0
91.55,2,46.66,0,1,2365,0.2304,0
20.57,13,45.17,0,4,422,0.277,0
25.6,5,5.99,0,2,721,0.2013,0
11.29,8,49.31,0,0,2977,0.1892,0
105.48,20,29.24,0,1,1756,0.2969,0
69.74,19,9.65,0,4,2884,0.1846,0
52.15,13,25.25,1,1,1836,0.2542,0
117.83,2,7.32,0,1,916,0.082,0
140.95,14,7.55,0,0,614,0.0996,0
31.11,10,52.3,0,4,2263,0.1648,0
46.19,3,-999.0,0,4,206,0.2454,0
49.23,12,39.69,0,0,1487,0.1454,0
69.57,16,21.46,1,4,984,0.1014,0
109.73,0,3.19,0,0,412,0.1657,0
18.61,8,13.77,0,4,1122,0.2798,0
28.24,21,114.88,0,6,2817,0.0653,0
61.37,23,16.93,0,5,2975,0.1455,0
84.04,6,19.33,0,0,899,0.2384,0
80.69,12,24.63,1,2,1235,0.1002,0
8.36,6,11.88,0,5,1545,0.1812,0
38.45,12,3.95,0,5,2985,0.2405,0
117.88,3,41.32,0,0,1803,0.2621,0
13.19,16,25.59,1,3,2093,0.239,0
187.73,18,1.77,0,3,1891,0.3955,0
140.35,17,-999.0,0,3,1861,0.593,0
76.83,11,20.14,0,4,1067,0.0325,0
16.44,12,33.71,0,2,468,0.2046,0
33.51,22,75.32,0,5,809,0.1062,0
21.17,12,35.71,0,0,1809,0.1708,0
31.83,13,58.85,0,3,621,0.1634,0
29.2,23,27.25,0,2,1229,0.0986,0
13.82,23,10.96,0,4,1968,0.102,0
78.56,8,9.86,0,4,148,0.141,0
31.21,11,18.98,0,1,1292,0.1228,0
200.76,1,21.03,0,5,2237,0.227,0
199.8,6,37.78,0,3,2314,0.4059,0
7.98,11,12.73,1,6,1378,0.1267,0
24.23,5,0.31,1,2,1204,0.3175,0
21.27,6,6.89,0,0,82,0.2466,0
20.18,6,34.44,1,2,216,0.0714,0
15.38,16,59.29,0,3,2059,0.1829,0
38.14,7,12.39,0,3,1016,0.123,0
29.02,15,51.78,0,2,2255,0.1141,0
15.0,20,5.47,0,1,998,0.3012,0
92.48,2,78.1,1,2,1039,0.2353,0
37.59,8,-999.0,0,5,1677,0.0861,0
267.04,6,23.75,0,4,2051,0.3706,0
24.31,12,14.82,0,5,1550,0.3473,0
23.03,21,32.22,0,4,1777,0.2873,0
44.63,12,28.42,1,4,2732,0.3321,0
19.48,5,20.03,0,2,413,0.2909,0
237.91,1,7.84,0,3,242,0.3312,0
60.57,2,17.8,0,0,714,0.2462,0
54.5,2,14.51,0,3,818,0.0797,0
63.9,15,4.5,1,2,111,0.3723,0
80.97,13,8.77,0,2,2475,0.1481,0
153.38,4,40.85,1,3,140,0.0632,0
24.18,20,17.55,0,2,2542,0.3016,0
12.36,17,-999.0,0,3,2263,0.1012,0
64.03,2,23.95,0,1,578,0.1244,0
169.36,5,40.74,0,1,1865,0.2496,0
77.74,2,19.25,0,5,306,0.1167,0
50.53,4,14.5,0,2,1849,0.058,0
153.61,18,6.12,0,6,1686,0.1996,0
31.89,14,6.01,0,5,2558,0.1559,0
73.49,21,7.95,0,2,2311,0.2651,0
43.92,9,12.16,1,4,869,0.3533,0
64.57,2,28.51,0,2,2525,0.3059,0
5.28,21,4.25,0,3,552,0.178,0
25.64,17,39.01,0,4,841,0.4112,0
37.56,13,53.74,0,1,2393,0.1564,0
31.6,20,24.45,0,3,1002,0.0364,0
15.17,1,12.5,0,3,1255,0.0941,0
56.03,18,20.49,0,6,629,0.339,0
44.13,21,9.65,1,1,2894,0.2305,0
26.47,4,83.47,0,1,1202,0.0597,0
62.07,0,17.44,0,1,2581,0.3382,0
82.05,8,18.91,0,3,699,0.1653,0
66.5,7,27.04,0,3,2321,0.2399,0
16.99,15,24.64,0,2,1794,0.3042,0
114.63,19,5.06,0,1,628,0.3356,1
171.07,0,41.58,0,2,62,0.0647,0
41.81,4,53.62,0,4,1305,0.0639,0
71.23,9,77.92,0,6,700,0.2796,0
64.89,6,9.47,0,3,902,0.1348,0
50.37,17,18.48,0,0,364,0.2191,0
19.65,8,15.42,0,2,1734,0.5109,0
10.04,18,22.45,0,4,157,0.2368,0
13.96,4,6.6,0,3,713,0.0416,0
29.23,19,17.24,0,3,2609,0.2235,0
190.76,13,27.73,0,3,1014,0.3454,0
13.4,10,8.77,0,1,2423,0.1537,0
9.33,14,47.16,0,1,1387,0.2059,0
29.07,9,47.4,0,1,188,0.3217,0
54.95,14,14.25,1,4,457,0.1899,0
7.41,6,11.05,0,3,2516,0.1042,0
7.18,22,0.87,1,4,377,0.1747,0
104.66,14,5.46,0,2,1871,0.1557,0
25.81,16,14.53,0,4,2004,0.0572,0
27.88,8,15.02,0,2,659,0.2978,0
59.26,23,10.86,0,4,1834,0.1667,0
156.02,20,46.51,0,6,904,0.0117,0
79.26,11,20.73,0,2,1484,0.2572,0
18.5,11,19.77,0,3,2046,0.3915,0
7.83,20,5.21,1,2,2635,0.2578,0
5.3,19,-999.0,0,3,1463,0.2484,0
15.45,6,34.89,0,0,800,0.2743,0
77.27,19,5.3,0,2,1489,0.1005,0
53.0,5,62.24,0,3,1715,0.3065,0
20.05,13,2.53,0,6,1462,0.1574,0
11.28,22,49.78,0,3,2948,0.2304,0
181.41,11,8.41,0,4,1898,0.2829,0
43.33,22,4.3,0,2,738,0.1567,0
6.51,4,37.12,0,3,1936,0.1289,0
31.25,21,29.58,0,2,1931,0.0654,0
29.48,4,15.04,0,2,2114,0.2738,0
74.28,6,37.22,0,4,1100,0.3952,0
72.86,0,22.39,0,5,2577,0.2632,0
40.44,10,17.48,0,3,1278,0.1584,0
12.07,20,1.6,0,6,1818,0.009,0
213.74,19,4.04,0,3,366,0.1777,0
30.47,10,-999.0,0,2,337,0.3437,0
39.54,15,20.97,1,4,803,0.3378,0
43.97,12,6.24,0,4,2746,0.2096,0
64.2,8,52.27,0,2,2737,0.351,0
29.63,13,19.14,0,2,691,0.4129,0
29.42,12,6.34,0,1,2957,0.1145,0
51.61,17,2.47,0,2,2997,0.4592,0
29.79,13,15.81,0,3,1454,0.1708,0
7.36,12,5.59,1,3,444,0.215,0
62.3,17,12.18,0,4,2158,0.1146,0
10.63,22,9.24,0,3,1734,0.0335,0
112.71,17,13.4,1,4,1228,0.0804,0
21.74,3,-999.0,1,1,1425,0.1169,0
195.6,16,22.25,0,1,2081,0.0842,0
54.29,10,22.78,0,3,1079,0.2405,0
61.72,11,7.23,0,1,1411,0.1862,0
192.98,23,2.49,0,6,2881,0.0734,0
349.2,3,-999.0,0,3,2301,0.1907,0
36.66,23,63.28,0,0,1138,0.2524,0
6.89,21,3.57,1,6,1776,0.2833,0
32.55,9,54.36,0,5,2787,0.0773,0
97.01,17,36.67,0,3,991,0.1651,0
24.1,19,12.88,0,1,1158,0.2581,0
29.02,1,20.93,0,5,1275,0.2295,0
17.16,15,74.06,0,6,1963,0.136,0
255.89,13,26.54,0,2,2424,0.0877,0
28.62,15,0.43,0,3,876,0.0261,0
87.28,5,21.8,0,4,2737,0.1712,0
82.1,8,1.86,0,4,187,0.3928,0
52.31,1,39.2,0,7,296,0.2643,0
60.97,9,14.53,0,0,1561,0.1419,0
147.61,14,28.23,0,2,407,0.0692,0
29.32,18,22.78,0,5,2251,0.2452,0
83.8,19,46.62,0,3,2433,0.0455,0
20.52,13,32.9,1,5,718,0.0226,0
150.97,3,10.14,0,2,1576,0.1486,0
59.38,6,9.61,0,4,880,0.0976,0
22.4,22,46.2,0,7,2506,0.2477,0
106.14,11,9.03,0,4,611,0.2059,0
18.54,13,6.53,0,3,2111,0.2998,0
120.64,11,20.71,0,3,420,0.2386,0
5.41,4,38.0,0,2,661,0.3137,0
60.87,20,29.53,0,7,2200,0.1093,0
108.15,16,29.75,0,2,1013,0.2974,0
106.53,5,36.12,0,2,2489,0.4813,0
128.79,12,8.19,0,3,1819,0.2809,0
14.15,0,24.23,0,5,1744,0.3492,0
31.28,2,41.04,0,1,1975,0.0026,0
21.54,17,7.84,1,1,148,0.375,0
104.08,12,6.9,0,4,2037,0.0503,0
236.51,22,25.75,0,2,2504,0.3305,0
22.93,22,2.1,0,2,1323,0.1959,0
208.11,5,59.11,0,6,2359,0.0394,0
15.64,8,16.79,1,4,1726,0.372,0
365.25,22,7.41,0,4,2660,0.4315,0
12.64,23,14.21,0,0,1265,0.227,0
187.37,9,56.13,0,4,2201,0.3155,0
37.42,3,45.32,0,5,487,0.1055,0
15.18,16,27.86,0,2,1225,0.2858,0
63.67,4,9.91,0,1,208,0.2815,0
167.39,10,48.5,0,3,792,0.2457,0
27.8,15,28.32,0,5,2681,0.1531,0
24.34,0,30.31,0,2,1015,0.1749,0
85.46,17,18.31,0,2,2240,0.1762,0
118.76,7,7.69,0,4,315,0.0407,0
63.59,19,13.06,0,5,2941,0.1797,0
22.42,19,9.17,0,2,2739,0.1399,0
124.8,17,8.86,0,4,2610,0.0714,0
22.85,0,2.21,0,3,430,0.2417,0
51.78,2,-999.0,1,5,2234,0.233,0
25.91,19,9.84,0,5,2308,0.2744,0
61.97,0,-999.0,0,1,1530,0.3135,0
20.34,2,22.17,0,5,494,0.4129,0
36.89,0,4.38,0,0,784,0.3723,0
20.23,3,64.43,0,4,1825,0.0337,0
188.92,20,25.82,0,1,1491,0.1444,0
35.51,10,13.88,0,2,2635,0.3538,0
40.66,5,27.0,0,3,2678,0.1241,0
73.35,20,27.19,0,2,1638,0.0662,0
115.93,13,70.0,0,4,1513,0.1787,0
9.22,9,17.73,0,2,1373,0.4977,0
10.48,22,55.09,0,1,2881,0.1925,0
22.77,6,29.57,0,0,1345,0.3112,0
482.66,10,10.22,0,3,2639,0.1834,0
56.99,8,16.83,0,4,467,0.1234,0
34.73,2,11.8,0,4,1998,0.2406,0
13.6,9,4.76,0,8,2898,0.2914,0
87.52,16,31.17,0,4,1307,0.2784,0
33.43,10,50.69,0,3,2693,0.2192,0
23.72,21,3.29,0,1,2451,0.0966,0
12.61,3,37.61,0,4,1351,0.3054,0
53.31,16,-999.0,0,2,1901,0.4179,0
13.14,20,34.67,0,4,349,0.2672,0
114.62,20,12.13,0,3,1259,0.1957,0
93.36,22,11.04,0,2,607,0.4843,0
31.88,20,6.65,0,2,2925,0.1982,0
22.15,13,14.86,0,4,162,0.03,0
11.24,6,2.41,0,5,1355,0.2881,0
248.31,21,25.89,0,4,1813,0.2588,0
117.4,22,17.49,0,4,1155,0.272,0
27.74,4,-999.0,0,3,440,0.0921,0
67.02,23,16.19,0,2,703,0.3909,0
16.67,7,10.45,0,3,2385,0.0721,0
22.82,1,10.99,0,5,2787,0.1291,0
58.62,8,4.56,0,4,374,0.118,0
76.5,12,13.08,0,5,651,0.4171,0
16.05,11,63.25,0,2,2758,0.3137,0
49.64,14,13.04,0,1,1851,0.1644,0
75.4,3,37.02,0,5,320,0.1588,0
15.78,20,15.76,0,3,495,0.3003,0
19.28,20,16.41,0,3,1941,0.2233,0
44.68,23,1.66,0,2,733,0.1176,0
22.21,3,65.69,0,4,444,0.2089,0
176.49,19,24.69,0,2,2920,0.4112,0
7.8,17,22.64,1,3,1590,0.1718,0
60.85,9,7.03,0,3,2513,0.1058,0
33.93,23,21.89,0,6,1972,0.1052,0
257.03,10,40.75,0,3,631,0.2552,0
184.28,10,51.57,0,0,38,0.1527,0
18.73,20,1.26,0,3,244,0.3927,0
37.67,23,8.64,0,4,1769,0.2009,0
20.9,13,6.58,0,1,2800,0.1103,0
42.51,0,-999.0,0,3,1897,0.06,0
10.09,6,11.46,0,3,2030,0.2867,0
219.94,13,13.09,0,2,633,0.1418,0
86.78,19,40.94,0,4,2913,0.2461,0
135.18,0,8.56,0,1,1894,0.2952,0
38.95,15,15.88,0,4,1139,0.2332,0
114.88,14,18.49,0,5,539,0.3918,0
15.65,11,42.48,0,1,2393,0.171,0
11.14,7,26.18,0,3,1895,0.1196,0
50.76,13,17.91,0,0,30,0.1945,0
10.05,3,17.23,0,7,2887,0.1834,0
59.92,15,31.77,0,4,2113,0.21,0
100.41,12,19.2,0,4,323,0.1098,0
118.81,15,55.12,1,4,2966,0.0125,0
30.7,15,8.53,0,3,624,0.0939,0
100.41,7,11.22,0,1,1923,0.3964,0
59.22,22,58.89,1,2,1531,0.1214,0
61.92,0,13.07,0,5,400,0.0526,0
50.16,22,38.38,0,1,271,0.0394,0
21.98,18,6.66,0,3,2708,0.1667,0
15.83,22,34.47,0,3,2586,0.2336,0
4.36,13,19.13,0,6,525,0.0433,0
47.54,6,0.59,0,2,1855,0.2231,0
60.12,22,27.94,0,2,817,0.4762,0
58.03,12,5.48,0,2,1318,0.2173,0
132.67,19,29.98,0,3,1846,0.4448,0
204.0,0,40.38,0,5,2247,0.1928,0
124.38,13,6.95,0,2,1055,0.2612,0
21.13,13,84.06,0,5,687,0.2833,0
857.06,4,16.29,0,2,2538,0.0719,0
26.97,12,36.39,0,2,1860,0.263,0
32.15,11,22.61,0,5,2652,0.0761,0
53.2,6,8.91,0,2,1897,0.188,0
35.5,0,14.31,0,3,1394,0.0965,0
97.79,12,24.47,0,2,1147,0.1434,0
37.94,7,68.94,0,7,2412,0.0515,0
20.11,11,9.18,0,3,485,0.2,0
13.96,5,23.26,0,3,1830,0.1539,0
24.77,18,16.25,0,1,1358,0.0262,0
11.1,12,12.76,0,2,784,0.0828,0
19.8,4,12.29,0,3,507,0.2089,0
7.04,21,9.33,0,3,401,0.2734,0
61.52,7,5.98,0,3,1617,0.1186,0
20.78,19,38.34,0,2,1841,0.2204,0
276.03,12,24.47,0,3,2186,0.1586,0
44.52,16,25.03,0,5,597,0.0768,0
24.17,4,10.15,0,5,172,0.0464,0
244.05,21,56.46,0,4,2777,0.16,0
146.91,7,38.9,0,5,2498,0.1797,0
23.27,23,-999.0,0,6,1801,0.153,0
246.37,15,14.75,0,6,57,0.1017,1
95.32,9,-999.0,0,3,2576,0.2884,0
29.88,23,52.39,1,1,752,0.0104,0
63.61,2,1.17,0,6,1290,0.2681,0
8.65,21,19.71,0,4,617,0.0569,0
98.3,22,10.75,0,4,488,0.1812,0
17.12,9,32.4,0,1,2426,0.064,0
270.0,22,1.31,0,4,2518,0.0866,0
10.99,1,-999.0,0,6,1950,0.3186,0
19.19,3,5.54,0,3,942,0.0113,0
163.31,5,18.73,0,6,673,0.0257,0
284.03,14,4.67,0,1,844,0.628,0
9.46,15,19.06,0,5,617,0.0419,0
89.25,23,21.05,0,0,2765,0.067,0
83.51,23,25.12,1,5,398,0.2114,0
38.5,7,38.77,0,1,1058,0.1928,0
74.19,14,17.49,0,5,521,0.2361,0
100.63,2,12.43,0,7,2432,0.0781,0
332.18,14,13.13,0,1,1663,0.0937,0
44.27,12,22.67,0,3,324,0.2816,0
86.23,8,4.05,0,1,2416,0.139,0
32.14,15,21.05,1,4,98,0.4098,0
103.49,8,10.77,1,3,1052,0.0881,0
144.78,12,30.27,0,3,1479,0.3482,0
44.65,7,2.43,0,3,2156,0.3157,0
79.66,19,20.09,0,6,2991,0.217,0
65.36,11,22.85,0,3,2395,0.1301,0
101.98,15,40.0,0,4,695,0.1958,0
516.49,11,54.91,0,1,1055,0.1912,0
82.31,2,61.38,0,3,76,0.0714,0
8.26,16,18.38,0,3,2620,0.0489,0
54.72,6,51.75,0,3,130,0.0398,0
91.36,11,30.66,0,3,2372,0.3229,0
82.4,3,16.7,0,4,2683,0.2205,0
21.68,15,54.21,0,3,2614,0.1067,0
78.12,13,8.9,0,4,742,0.1812,0
10.98,9,37.59,0,3,1006,0.1426,0
10.42,14,14.72,0,4,1544,0.2282,0
14.86,7,32.2,0,4,779,0.3472,0
35.83,9,3.03,0,5,1978,0.2559,0
90.11,0,44.62,0,1,2181,0.2028,0
13.9,19,28.06,0,3,395,0.2221,0
136.88,14,17.72,0,2,317,0.3101,0
76.27,17,-999.0,0,1,2459,0.1674,0
38.2,2,11.13,0,3,1437,0.1842,0
5.77,1,27.54,0,3,538,0.4082,0
78.32,7,41.55,0,3,770,0.2007,0
162.04,16,7.12,1,2,1943,0.2709,0
51.22,13,0.15,0,0,989,0.4021,0
22.11,21,32.75,0,2,1135,0.1303,0
332.23,5,12.19,0,2,2873,0.3742,0
47.21,4,49.23,0,0,963,0.1131,0
41.32,6,-999.0,0,5,2913,0.2945,0
17.11,19,31.46,0,1,1965,0.2544,0
49.67,18,1.55,0,3,1288,0.1389,0
81.01,3,39.01,0,2,2941,0.0336,0
111.0,19,13.71,0,6,1879,0.1945,0
81.17,5,18.24,0,6,2455,0.1411,0
56.82,15,-999.0,0,3,771,0.3803,0
6.63,17,30.86,0,1,192,0.5411,0
27.65,5,3.75,0,5,1445,0.2064,0
66.79,4,-999.0,0,2,554,0.1566,0
58.08,23,14.75,0,9,2775,0.1839,0
14.76,7,2.74,1,2,2680,0.0391,0
173.91,11,34.12,0,2,2245,0.169,0
39.02,1,0.73,0,5,1482,0.1216,0
76.34,1,36.72,0,0,227,0.3192,0
50.91,15,37.85,0,5,2254,0.1222,0
184.66,2,2.65,0,1,870,0.0053,1
51.5,16,-999.0,0,3,2303,0.4221,0
97.47,1,9.06,0,5,177,0.1846,1
92.87,6,39.47,0,3,348,0.3541,0
9.25,1,2.2,1,2,963,0.1137,0
16.79,12,10.2,1,2,215,0.1063,0
121.45,6,21.46,0,3,2832,0.1925,0
95.04,19,5.82,0,0,2745,0.0082,0
18.84,8,28.38,0,0,1374,0.1438,0
59.83,16,19.19,0,0,94,0.1255,0
216.35,4,14.45,0,4,2037,0.0394,0
18.63,10,6.56,0,4,25,0.2523,0
14.92,12,60.69,0,5,1680,0.1628,0
110.33,17,22.01,0,2,234,0.0737,0
241.86,22,12.7,0,3,183,0.1863,0
98.03,14,6.68,0,5,2243,0.269,0
17.67,19,9.44,0,3,2268,0.2475,0
4.23,5,1.84,0,2,2089,0.032,0
18.16,23,22.91,0,4,956,0.3575,0
42.74,4,21.54,0,6,2384,0.2517,0
107.16,17,103.66,0,1,2972,0.0558,0
23.82,21,6.22,0,3,2193,0.1903,0
172.56,4,9.24,0,0,673,0.4113,0
12.18,19,20.54,0,2,1826,0.2314,0
81.35,12,8.11,1,1,1025,0.1532,0
173.78,12,53.93,0,6,662,0.1211,0
234.82,1,25.04,0,1,1046,0.2019,0
7.4,12,31.96,0,2,2077,0.1665,0
65.33,17,19.55,0,4,888,0.2978,0
41.47,4,14.69,0,9,2149,0.1771,0
20.78,7,32.83,0,1,2456,0.2798,0
159.9,13,8.63,0,3,1373,0.1066,0
19.24,5,15.3,0,4,278,0.2362,0
32.82,4,-999.0,0,1,1213,0.2142,0
187.69,12,6.65,0,2,781,0.1834,0
15.02,23,60.65,0,2,2095,0.0753,0
25.41,22,6.55,0,1,726,0.1248,0
22.38,2,5.74,0,2,513,0.1656,0
108.59,16,16.63,1,10,1153,0.1128,0
125.12,7,-999.0,0,5,956,0.2097,0
67.68,21,40.82,0,3,1942,0.2827,0
31.11,19,17.24,0,1,2833,0.1802,0
36.9,20,45.11,0,5,1192,0.3181,0
10.41,15,0.98,0,1,912,0.2429,0
100.46,17,10.79,0,2,452,0.2688,0
13.95,1,67.68,0,3,857,0.161,0
7.54,6,7.02,0,3,2714,0.3105,0
47.31,11,19.38,0,3,1354,0.2407,0
113.52,5,29.27,0,4,1304,0.1344,0
96.72,12,54.75,0,1,463,0.0497,0
15.85,1,-999.0,1,0,464,0.2686,0
307.96,0,31.99,0,5,103,0.2781,0
28.22,14,29.2,0,3,61,0.0608,0
14.86,13,19.26,0,2,2137,0.0373,0
66.49,1,34.24,0,2,1091,0.2073,0
5.02,18,37.19,0,2,1255,0.3176,0
36.29,11,42.36,0,2,1580,0.1005,0
71.1,6,13.78,0,2,1089,0.073,0
36.97,13,19.47,0,3,404,0.0476,0
51.34,15,11.25,0,3,720,0.2801,0
85.42,5,41.98,0,5,124,0.2219,0
139.5,4,23.35,0,2,2085,0.1718,0
26.11,3,7.65,0,4,116,0.1328,0
10.83,2,39.04,0,5,2765,0.2363,0
38.3,18,2.01,0,2,761,0.1365,0
47.28,19,25.01,0,1,411,0.3,0
100.7,16,8.31,1,7,493,0.2254,0
51.72,9,57.38,0,3,305,0.3109,0
5.6,10,9.08,0,3,1884,0.1374,0
35.79,1,17.14,0,6,435,0.0961,0
16.53,6,1.74,0,5,2613,0.1598,0
70.11,23,29.26,0,1,2454,0.0588,0
31.26,22,3.35,0,2,590,0.3455,0
29.61,22,24.0,0,2,759,0.1378,0
38.52,11,10.38,0,1,993,0.1983,0
41.1,6,54.14,0,2,1881,0.2243,0
93.76,3,28.38,0,2,1266,0.1509,0
40.14,20,15.9,0,3,1009,0.4613,0
40.84,3,7.9,0,3,879,0.0688,0
82.12,6,12.58,0,5,2864,0.3844,0
20.32,13,4.33,0,3,2610,0.0656,0
36.85,7,15.94,0,1,1144,0.3535,0
93.74,4,9.29,0,1,650,0.361,0
28.75,18,19.87,0,4,1631,0.203,0
134.31,4,17.55,0,7,2966,0.1239,0
23.07,0,8.64,0,4,2342,0.1069,0
96.77,9,32.95,0,6,2331,0.2258,0
49.57,21,8.19,0,2,1401,0.2518,0
60.36,12,41.02,0,4,1891,0.1827,0
10.18,17,27.41,0,4,2074,0.2258,0
105.71,14,13.17,0,5,568,0.1276,0
42.02,11,30.85,0,6,2690,0.3635,0
42.47,10,12.94,0,5,2745,0.1096,0
43.2,18,4.49,0,5,1672,0.053,0
25.67,22,40.24,0,2,2477,0.0314,0
11.82,0,9.62,0,0,2641,0.1216,0
30.98,7,34.08,0,2,1308,0.2236,0
155.85,10,33.84,0,3,893,0.2816,0
53.66,18,4.27,0,8,2559,0.2937,0
31.83,13,13.27,0,5,1034,0.1196,0
102.04,20,-999.0,0,5,2020,0.1889,0
23.07,10,9.95,0,3,993,0.0875,0
37.81,17,62.02,0,4,529,0.3176,0
186.34,20,15.11,0,2,904,0.1928,0
30.14,4,14.47,0,1,1132,0.2883,1
11.31,14,63.58,0,5,1485,0.0766,0
69.6,17,8.08,1,2,901,0.1658,0
26.36,10,36.91,0,5,1119,0.182,0
173.67,5,15.26,0,4,2528,0.0969,0
26.96,1,12.51,0,3,1797,0.1951,0
78.4,21,3.77,0,6,2221,0.389,0
19.6,20,0.27,0,3,2308,0.1813,0
362.48,14,15.66,0,2,221,0.1576,0
176.76,19,-999.0,0,6,415,0.3662,0
5.01,18,2.19,0,2,2367,0.2323,0
38.11,1,5.35,0,2,2545,0.1627,0
19.56,7,25.57,0,4,1939,0.5018,0
46.89,15,17.81,0,5,1423,0.1594,0
33.56,7,3.41,0,4,580,0.1062,0
40.19,19,22.51,0,6,2579,0.2075,0
18.49,7,16.46,0,3,2086,0.2338,0
186.52,10,44.86,0,5,2989,0.1173,0
15.82,3,36.86,0,2,1079,0.1025,0
84.67,15,-999.0,0,3,420,0.4038,0
70.1,22,7.64,0,5,658,0.0847,1
53.33,9,2.83,1,2,631,0.2011,0
321.14,12,2.79,0,3,2179,0.3143,0
37.22,12,25.34,0,3,1023,0.0597,0
52.42,9,-999.0,0,3,996,0.0641,0
44.46,1,13.7,0,2,1948,0.1505,0
5.91,19,4.94,0,3,321,0.1521,0
15.73,0,12.76,0,3,2022,0.2669,0
37.64,8,17.36,0,0,2057,0.2237,0
613.38,3,9.12,0,3,1023,0.0925,0
97.48,11,7.96,0,2,2123,0.2339,0
36.98,15,36.18,0,1,2055,0.2519,0
485.99,15,22.07,0,0,511,0.342,1
15.58,16,3.41,0,6,2872,0.1785,0
15.11,23,18.57,0,2,1626,0.0608,0
100.45,4,24.58,0,0,2709,0.2452,0
97.39,22,4.59,0,1,1210,0.262,0
10.1,17,10.41,0,1,1876,0.0591,0
31.58,18,50.09,0,4,2845,0.4471,0
184.16,16,13.49,0,3,49,0.0893,0
72.19,9,18.1,0,4,1466,0.1466,0
96.42,11,14.06,0,2,2709,0.3097,0
102.27,3,7.58,0,4,2106,0.3827,0
3.89,19,39.43,1,1,522,0.5704,0
10.85,21,7.79,0,10,1743,0.0615,0
73.67,15,55.1,0,3,1586,0.1319,0
17.94,19,30.44,0,6,644,0.2814,0
8.83,22,33.34,0,1,1182,0.1448,0
25.83,9,3.8,0,3,1513,0.1131,0
61.8,0,1.32,0,3,1255,0.4046,0
23.1,18,18.72,0,4,2203,0.3808,0
97.16,5,24.9,0,6,2587,0.1698,0
9.01,21,4.65,0,3,716,0.5153,0
66.5,18,35.28,0,2,2635,0.3507,0
71.69,13,22.98,0,2,1938,0.5079,0
636.84,3,10.76,0,6,630,0.0828,0
74.97,19,8.63,0,1,786,0.1425,0
40.02,20,12.93,0,5,505,0.1219,0
55.19,8,2.3,0,4,1611,0.1962,0
7.86,22,27.04,0,4,2795,0.0403,0
65.98,8,31.18,0,7,1737,0.2046,0
67.87,0,50.36,0,6,223,0.1762,0
24.29,0,0.21,0,0,1967,0.1925,0
473.12,23,16.81,0,1,2779,0.1644,0
70.75,2,20.28,0,1,385,0.0927,0
11.93,8,10.4,0,4,863,0.3664,0
19.19,11,-999.0,0,1,1238,0.2219,0
36.16,9,12.49,0,6,697,0.1642,0
19.32,11,43.95,0,3,1729,0.562,0
53.44,6,10.19,0,1,2274,0.3948,0
97.98,18,26.8,0,3,2006,0.1467,0
91.88,9,23.02,0,3,103,0.1905,0
19.46,12,6.58,1,5,1874,0.0534,0
27.8,3,15.91,0,1,2696,0.0528,0
69.45,17,13.81,0,2,521,0.1356,0
78.94,16,60.54,0,5,1638,0.0305,0
65.34,3,0.61,1,2,2527,0.0692,0
7.75,9,22.39,0,0,993,0.2238,0
157.2,15,11.7,0,1,1117,0.203,0
70.65,13,16.63,0,7,2413,0.3523,0
56.87,23,26.76,1,4,206,0.3695,0
309.16,0,3.32,0,6,2309,0.2561,0
476.79,6,17.53,0,5,479,0.2342,0
79.09,2,16.48,0,2,2583,0.2199,0
14.8,19,-999.0,0,1,88,0.0542,0
50.37,3,16.79,0,4,1841,0.2174,0
25.97,13,19.16,0,2,2053,0.0934,0
144.18,18,28.89,0,4,598,0.45,0
168.66,4,60.29,0,2,2626,0.2439,0
28.66,5,20.59,0,6,1046,0.2593,0
163.42,20,4.67,0,2,341,0.0739,0
36.83,6,13.83,0,2,1254,0.5317,0
691.73,9,20.44,1,1,2591,0.0843,0
143.05,9,20.03,0,2,2723,0.1881,0
60.77,9,2.63,0,6,2590,0.0218,0
322.89,12,28.08,0,2,2152,0.2021,0
37.66,9,67.94,0,2,237,0.4981,0
16.81,9,18.89,0,3,1882,0.0479,0
30.49,9,22.52,0,2,2461,0.0703,0
7.55,6,-999.0,0,2,942,0.3056,0
59.26,16,4.6,0,4,1891,0.0844,0
38.2,7,18.59,0,1,2552,0.0455,0
58.84,23,13.97,0,2,731,0.2528,0
12.48,22,33.94,0,3,2333,0.1226,0
90.26,6,6.4,0,5,141,0.0744,1
120.63,5,3.25,0,4,152,0.1573,0
12.11,7,14.3,0,1,1471,0.0691,0
15.83,22,11.06,0,2,2902,0.297,0
30.83,2,18.78,0,0,2385,0.187,0
33.64,4,14.32,0,2,1567,0.221,0
128.16,1,7.22,0,2,2915,0.3351,0
8.4,9,68.47,1,4,1157,0.2525,0
301.11,12,3.76,0,4,2953,0.1633,0
6.63,10,31.14,0,3,1591,0.0908,0
90.05,11,16.27,1,2,2509,0.2432,0
92.36,8,25.08,0,5,2574,0.233,0
17.05,18,22.81,0,1,2829,0.0539,0
85.76,1,64.5,0,6,1319,0.0584,0
44.23,23,16.89,0,4,1281,0.2575,0
88.82,0,-999.0,0,3,173,0.1795,0
41.23,21,15.41,0,2,2629,0.0817,0
81.94,9,30.77,0,4,1908,0.4307,0
37.53,20,32.86,0,3,1960,0.2787,0
67.07,14,20.78,0,7,2462,0.27,0
55.39,1,7.45,1,3,2450,0.1632,0
97.33,10,12.95,0,3,313,0.3211,0
16.67,15,67.33,0,4,2183,0.1121,0
42.78,11,21.13,0,3,724,0.0939,0
46.02,10,15.75,0,5,2894,0.0382,0
24.83,10,2.22,0,4,1719,0.3574,0
34.7,11,15.13,0,3,2149,0.436,0
47.04,3,62.39,0,3,2783,0.2472,0
12.71,22,52.45,0,5,1263,0.3184,0
4.39,13,34.1,0,1,1253,0.0987,0
5.16,4,19.97,0,4,1611,0.0842,0
27.14,14,17.33,0,4,2662,0.0243,0
248.21,9,7.93,0,3,312,0.3146,0
27.84,20,6.21,0,5,2575,0.262,0
98.49,1,39.97,0,4,2551,0.1383,0
35.89,2,38.22,1,5,2521,0.1145,0
36.13,4,35.23,0,1,2139,0.0748,0
26.99,14,5.17,0,1,1408,0.0354,0
27.49,23,21.84,0,1,271,0.1848,0
139.63,1,20.54,0,2,2851,0.1879,0
39.67,18,1.12,0,3,1662,0.0811,0
45.62,10,9.78,0,4,225,0.164,0
28.22,9,83.74,0,1,1154,0.228,0
17.5,22,1.6,0,1,2832,0.0838,0
57.2,9,64.2,0,3,2044,0.3338,0
16.0,13,9.38,0,5,728,0.1604,0
26.6,16,42.66,0,5,574,0.1726,0
14.85,8,10.14,0,2,1312,0.1828,0
88.64,10,10.41,0,2,1656,0.0983,0
47.16,18,2.01,0,2,850,0.2037,0
16.45,23,22.95,0,2,2931,0.0601,0
47.46,16,19.42,0,0,1033,0.1323,0
25.52,6,22.79,0,2,1070,0.2655,0
33.78,18,16.61,0,1,913,0.3483,0
39.83,21,23.29,0,2,1385,0.1381,0
97.72,17,18.93,0,4,2732,0.3009,0
74.0,16,31.6,0,4,2273,0.1851,0
23.75,19,14.59,0,5,2550,0.1994,0
73.66,22,11.15,0,5,343,0.1698,0
132.89,5,16.5,0,2,2180,0.1814,0
27.97,20,1.57,0,2,1390,0.2458,0
38.05,16,42.07,0,5,369,0.1903,0
11.07,7,6.88,0,1,396,0.0985,0
36.28,20,13.57,0,5,666,0.1446,0
7.66,11,26.12,0,6,141,0.0868,0
3.46,17,86.17,0,3,591,0.2067,0
104.59,0,12.24,0,0,2921,0.1343,0
132.86,19,25.44,0,2,542,0.1923,0
46.7,14,1.12,0,2,551,0.3163,0
14.01,13,46.04,0,2,2359,0.0641,0
53.77,23,40.85,0,2,88,0.2485,0
106.13,6,1.91,0,4,2557,0.4358,0
12.31,6,19.48,0,2,2466,0.2505,0
216.92,21,4.25,1,4,729,0.204,0
224.31,17,3.94,0,2,1876,0.1905,0
167.89,16,19.44,1,1,2986,0.2635,0
110.66,5,51.55,0,2,2958,0.1038,0
29.34,4,21.11,0,5,474,0.1355,0
40.0,23,12.53,0,4,574,0.1902,0
16.94,19,3.13,1,3,1098,0.3836,0
155.87,5,38.05,0,0,1487,0.1345,0
6.06,2,10.8,0,0,525,0.1478,0
258.83,3,33.61,0,8,2548,0.4399,0
198.5,2,2.11,0,3,174,0.0998,0
185.56,20,-999.0,0,2,1903,0.0509,0
24.03,12,25.2,0,3,1909,0.0699,0
269.0,23,7.22,0,3,1056,0.3045,0
88.51,12,8.18,0,3,1367,0.1164,0
95.91,13,5.81,0,3,2179,0.3412,0
28.89,15,20.4,0,5,2188,0.0499,0
16.67,4,3.1,0,6,797,0.3,0
46.5,6,2.41,0,2,1167,0.1302,0
37.31,8,3.77,0,2,855,0.2348,0
64.45,0,38.05,0,3,2404,0.1796,0
165.25,12,22.17,0,5,2199,0.3666,0
10.8,6,10.44,0,4,2091,0.2606,0
32.49,18,28.83,0,6,1761,0.2932,0
9.93,17,96.89,0,6,546,0.1786,0
10.6,20,5.88,0,4,219,0.4415,0
35.5,15,16.94,0,4,1769,0.1369,0
31.29,1,72.68,0,3,1416,0.1385,0
87.23,0,23.98,0,7,1696,0.1235,0
57.09,7,19.53,0,2,628,0.2971,0
2.54,4,12.31,0,2,1282,0.1792,0
48.49,23,17.94,0,0,1592,0.1958,0
9.51,20,20.32,0,3,1334,0.0935,0
21.16,21,-999.0,0,3,1329,0.1271,1
89.01,21,19.52,0,1,1839,0.0606,0
41.34,12,10.44,1,3,2245,0.1102,0
7.95,13,45.1,0,3,2339,0.1588,0
86.18,9,0.74,0,4,212,0.1925,0
19.62,21,43.18,0,4,452,0.134,0
26.09,5,20.37,0,6,1758,0.1685,0
37.16,9,19.01,0,4,1993,0.1039,0
185.86,5,23.04,0,3,1843,0.1262,0
14.11,15,7.29,0,5,576,0.3991,0
104.88,5,10.14,1,0,945,0.0487,0
52.55,9,14.53,0,3,2515,0.4424,0
65.65,15,7.19,0,4,1330,0.1264,0
81.0,11,9.84,0,3,1030,0.1494,0
53.14,22,46.43,0,2,624,0.2534,0
71.77,16,44.03,0,3,1001,0.3972,0
19.32,9,14.03,0,4,306,0.2922,0
81.74,18,2.1,1,8,555,0.4253,0
19.95,16,34.03,0,2,2917,0.0564,0
19.43,23,39.03,0,5,656,0.1592,0
73.87,16,32.16,1,1,1802,0.0068,0
25.33,5,30.09,0,3,2543,0.2256,0
77.17,2,68.67,0,3,1384,0.0887,0
140.19,17,37.1,0,2,2497,0.2883,0
44.81,0,20.7,0,5,2582,0.266,0
23.92,7,9.33,1,1,2810,0.2357,0
42.37,23,20.44,0,7,1504,0.0341,0
43.04,4,2.66,0,1,1105,0.1116,0
6.45,23,19.03,0,2,960,0.1499,0
60.3,16,23.45,0,4,2154,0.118,0
54.14,1,9.06,0,3,723,0.1128,0
36.36,15,4.18,0,1,137,0.2123,0
8.8,4,3.58,0,1,2291,0.1956,0
35.93,0,41.63,0,1,2013,0.1655,0
15.94,17,9.13,0,1,180,0.1331,0
15.82,2,12.7,0,6,288,0.3961,0
29.41,18,27.08,0,3,2351,0.0474,0
7.93,18,5.73,0,4,857,0.3107,0
17.14,13,10.58,0,2,1893,0.3195,0
48.35,23,54.07,0,4,2948,0.1788,0
11.98,18,4.98,0,4,2130,0.1152,0
21.19,22,23.72,0,3,787,0.0812,0
16.14,5,28.39,0,4,1064,0.1263,0
50.09,0,56.96,0,4,1606,0.2257,0
39.38,21,21.81,0,2,1645,0.0846,0
50.23,4,21.18,0,3,1178,0.0239,0
127.51,1,9.26,0,6,91,0.4659,0
43.41,4,24.02,0,0,603,0.1261,0
6.74,7,5.87,0,6,1637,0.1192,0
9.27,9,0.27,0,4,747,0.2227,0
56.1,23,14.17,0,5,447,0.1594,0
25.0,0,9.96,1,5,1498,0.1228,0
42.05,9,3.52,0,3,184,0.267,0
34.98,23,16.86,0,3,1521,0.345,0
23.8,14,63.3,0,3,2723,0.3708,0
12.46,0,10.03,0,3,1347,0.6688,0
32.63,5,12.48,0,3,1975,0.1648,0
208.52,3,9.2,0,3,176,0.1742,0
51.71,0,3.38,0,3,2021,0.1696,0
17.25,14,11.82,0,4,954,0.2467,0
10.66,7,7.42,0,3,2376,0.2063,0
51.43,5,22.74,0,2,1374,0.2126,0
60.99,11,16.95,0,2,1154,0.3395,0
52.05,11,12.82,0,2,1289,0.0939,0
17.15,19,10.25,0,4,127,0.0552,0
21.24,16,18.91,0,1,1339,0.3594,0
7.23,15,13.2,1,4,1379,0.0428,0
31.48,8,55.49,1,2,792,0.035,0
18.51,16,55.01,1,6,1497,0.1199,0
44.48,5,6.93,1,2,886,0.1189,0
6.13,15,3.82,0,3,776,0.1118,0
45.59,18,7.79,0,2,2987,0.2705,0
32.29,18,4.84,0,2,2901,0.1924,0
69.28,1,34.7,0,4,2460,0.1031,0
33.0,7,21.98,1,10,1596,0.1689,0
53.43,21,39.2,0,4,2733,0.1588,0
25.17,23,47.48,0,1,2798,0.2983,0
48.65,1,7.08,0,4,1163,0.1617,0
88.65,7,23.84,0,2,1061,0.1448,0
135.82,2,-999.0,0,5,696,0.0795,0
45.89,1,18.94,0,3,2734,0.0618,0
62.71,3,58.08,0,0,158,0.3021,0
73.74,23,7.0,0,3,695,0.0475,0
11.91,15,7.59,0,3,1520,0.192,0
8.7,10,15.02,1,2,77,0.2356,0
6.51,23,0.87,0,5,1997,0.0719,0
6.1,9,30.02,0,5,191,0.0442,0
83.0,10,8.89,0,3,2145,0.3318,0
27.93,22,21.11,0,0,2167,0.1378,0
82.14,10,43.15,0,0,1232,0.0376,0
65.28,14,34.38,0,2,285,0.183,0
18.02,1,15.34,0,6,2074,0.114,0
16.85,4,38.64,0,1,1975,0.2287,0
154.75,0,12.2,0,3,2524,0.0525,0
141.7,18,20.1,0,3,980,0.2853,0
290.44,20,19.84,0,0,1641,0.1716,0
235.81,21,-999.0,0,1,750,0.2006,0
20.28,19,3.53,0,2,1237,0.4025,0
30.79,8,4.56,0,2,2086,0.1163,0
22.39,16,12.65,0,5,2586,0.1405,0
10.57,6,20.99,0,4,478,0.3445,0
6.45,19,6.39,1,2,1037,0.0657,0
148.49,11,40.62,0,3,1090,0.0058,0
52.28,13,17.04,0,2,2141,0.2401,0
36.27,20,16.35,0,1,1807,0.1235,0
63.72,18,1.34,0,3,1792,0.3617,0
109.54,11,18.28,0,4,2682,0.3095,0
51.07,18,7.36,0,2,581,0.1441,0
7.37,10,39.2,0,4,2516,0.1418,0
48.34,0,19.92,0,1,2159,0.2713,0
8.91,13,24.7,0,1,2857,0.2463,0
137.5,19,3.46,0,4,2447,0.328,0
35.24,1,19.0,0,3,1702,0.0329,0
42.2,16,-999.0,1,4,1709,0.1324,0
71.99,15,35.86,0,3,922,0.4283,1
5.46,13,19.56,0,4,459,0.0876,0
79.33,14,31.24,0,5,2002,0.0628,0
120.03,12,10.12,0,1,449,0.2057,0
21.04,1,0.04,0,3,1878,0.2508,0
53.32,13,72.92,0,4,505,0.2545,0
95.22,12,38.48,0,2,2887,0.0653,0
49.28,14,62.74,0,0,1584,0.1232,0
14.62,13,13.17,0,4,212,0.1856,0
71.0,21,6.25,0,3,1645,0.2791,0
265.42,22,4.44,0,4,1165,0.135,0
59.5,18,30.34,1,0,1969,0.0298,0
220.7,16,34.63,0,2,324,0.0356,0
10.1,21,57.88,0,5,1953,0.2125,0
24.12,0,8.12,0,2,1670,0.3004,0
11.3,18,28.18,0,3,2230,0.18,0
10.01,17,28.99,0,3,2404,0.4508,0
86.84,4,4.06,0,1,2124,0.2848,0
156.13,4,25.93,0,2,2314,0.3463,0
6.38,4,13.02,0,4,2400,0.1283,0
34.74,4,58.03,1,2,1238,0.0796,0
58.98,7,24.38,0,1,2248,0.4542,0
56.97,8,18.51,0,5,2312,0.0887,0
12.24,18,11.14,0,3,697,0.1043,0
21.42,22,72.49,0,1,2048,0.4414,0
104.37,20,-999.0,0,1,2278,0.4136,0
21.04,4,-999.0,0,3,2553,0.1733,0
18.89,11,6.83,1,2,1214,0.216,0
12.94,3,50.76,0,1,2954,0.5354,0
6.76,22,-999.0,0,3,392,0.2339,0
52.4,2,18.47,0,4,1800,0.5008,0
86.16,10,2.3,0,2,844,0.306,0
58.94,10,83.26,0,3,1488,0.1788,0
123.0,10,1.49,0,2,1107,0.126,0
7.84,19,34.24,0,1,1239,0.0267,0
52.47,9,24.73,0,4,759,0.4161,0
148.28,5,2.84,0,2,1433,0.3868,0
25.98,9,25.67,0,2,2299,0.2652,0
38.35,23,46.41,0,3,1650,0.3081,0
169.83,14,0.03,0,3,543,0.2432,0
51.94,4,7.14,0,2,2030,0.3642,0
24.68,13,12.33,0,4,731,0.3441,0
115.1,15,13.25,0,1,1750,0.0723,0
49.8,17,20.67,0,5,2645,0.238,0
59.63,5,23.82,0,7,1893,0.1433,0
21.13,0,2.76,0,1,1536,0.2062,0
60.09,20,17.08,0,3,1748,0.1253,0
153.73,10,22.42,0,3,1817,0.4709,0
242.48,21,38.85,0,3,1121,0.1548,0
16.5,0,3.99,0,2,39,0.1711,0
30.19,2,40.43,0,5,1286,0.223,0
18.99,19,5.0,0,2,2483,0.0941,0
89.02,17,1.5,0,2,835,0.4389,0
27.45,2,4.72,0,1,1048,0.5464,0
101.04,1,4.36,1,4,1142,0.2518,0
8.01,3,33.22,0,0,336,0.3341,0
12.22,18,16.8,0,3,51,0.3796,0
9.19,9,9.15,0,1,2706,0.0961,0
145.97,9,22.91,0,1,1065,0.0802,0
19.01,16,10.62,0,1,693,0.357,0
16.34,9,32.85,0,7,2821,0.1449,0
89.15,9,-999.0,0,5,1186,0.0729,0
70.33,11,34.45,1,1,860,0.2757,0
11.56,14,13.06,0,2,2673,0.347,0
44.29,14,60.76,0,3,1843,0.2108,0
34.31,9,31.0,0,2,543,0.1258,0
2.26,19,5.8,0,4,1102,0.2918,0
94.27,12,24.94,0,2,2447,0.2093,0
11.47,15,8.03,0,2,1644,0.084,0
54.27,23,34.06,0,3,806,0.1953,0
4.51,4,15.23,1,1,1618,0.1648,0
170.43,18,10.12,0,2,1043,0.2056,0
100.89,1,13.69,0,2,1137,0.2076,0
34.92,20,29.83,0,3,2798,0.063,0
426.87,13,13.94,0,3,2834,0.3023,0
65.0,18,15.83,0,5,22,0.1865,0
12.92,16,65.83,0,1,462,0.1558,0
277.11,16,66.63,0,3,1781,0.1969,0
81.04,1,21.97,0,2,1730,0.2484,0
31.13,18,52.63,0,5,2830,0.133,0
28.07,18,4.77,0,2,939,0.1732,0
102.17,20,11.74,0,4,1973,0.2958,0
6.6,2,13.62,0,1,1772,0.1337,0
53.34,2,1.35,0,2,1326,0.1315,0
32.37,6,-999.0,0,0,1111,0.2448,0
61.32,3,13.11,0,1,1268,0.0536,0
87.59,8,1.47,0,6,1238,0.1836,0
73.91,12,-999.0,0,3,883,0.2827,0
20.5,19,14.63,0,2,2978,0.1232,0
21.09,16,24.75,1,2,2760,0.327,0
71.75,22,1.47,0,2,2396,0.1019,0
44.7,14,9.28,0,4,2650,0.239,0
52.24,17,20.19,0,4,2456,0.0181,0
19.23,19,23.16,0,4,2278,0.2122,0
16.06,10,17.52,0,4,316,0.126,0
63.97,1,19.25,0,3,703,0.1876,0
30.24,23,20.18,0,4,2312,0.3228,0
454.59,23,22.38,0,11,1291,0.2411,0
72.59,18,-999.0,0,4,312,0.0111,0
54.67,14,11.57,0,3,2332,0.2035,0
42.46,22,37.4,0,4,1734,0.2938,0
114.91,12,39.14,0,5,2015,0.2165,0
273.07,4,5.87,0,2,1271,0.0073,0
227.03,17,13.59,0,5,467,0.5821,0
11.2,11,18.56,0,3,1074,0.095,0
85.22,19,20.22,1,4,2756,0.1391,0
68.78,2,4.23,0,2,1498,0.1145,0
10.76,20,13.49,0,5,2011,0.3159,0
96.19,4,11.21,1,3,1254,0.1848,0
7.5,7,29.48,0,3,697,0.15,0
109.97,7,46.07,0,2,616,0.2248,0
19.17,9,5.36,0,0,2403,0.0836,0
130.77,10,26.53,0,4,286,0.1282,0
11.39,0,3.09,1,3,2721,0.0228,0
169.81,21,21.97,0,3,586,0.2432,0
23.81,22,75.3,0,4,55,0.1662,0
33.85,14,9.76,0,2,689,0.2387,0
81.63,12,39.4,0,3,962,0.3193,0
149.14,8,13.86,0,2,1305,0.2486,0
86.47,18,8.73,0,4,556,0.2653,0
191.58,11,30.49,0,2,1564,0.6146,0
32.4,11,10.55,0,5,2801,0.4387,0
72.2,9,0.99,0,2,422,0.1025,0
101.36,23,11.11,1,1,2562,0.3131,0
63.73,2,32.77,0,5,1241,0.252,0
7.75,13,31.1,0,1,1289,0.0774,0
98.89,2,4.42,0,3,1987,0.3597,0
44.36,9,-999.0,0,4,2842,0.0827,0
104.75,19,-999.0,0,3,1582,0.0633,0
39.24,4,-999.0,0,5,1705,0.2294,0
22.97,13,2.45,0,5,1038,0.3794,0
34.42,9,8.27,0,3,2640,0.1302,0
273.3,9,21.15,0,2,2929,0.3182,0
24.76,9,52.22,1,3,2198,0.2275,0
100.44,19,38.84,0,3,1339,0.1087,0
60.97,14,58.73,0,1,879,0.1189,0
30.51,12,23.68,0,2,2967,0.0927,0
17.96,6,29.21,0,1,2493,0.3495,0
182.82,20,7.86,0,3,2408,0.1356,0
32.82,14,15.5,0,1,805,0.0326,0
20.47,23,26.35,1,4,475,0.16,0
148.74,9,2.34,1,4,2751,0.3422,0
204.77,13,24.19,0,2,657,0.2029,0
122.8,10,19.88,0,3,2224,0.2678,0
31.27,8,53.95,0,2,472,0.1629,0
164.14,21,31.36,0,3,2419,0.2191,0
59.25,9,40.34,0,3,163,0.3498,0
164.48,0,15.13,0,3,1318,0.23,0
104.69,10,8.52,0,3,644,0.0991,0
93.4,19,2.29,0,3,543,0.1138,0
59.65,6,6.91,0,1,108,0.4099,0
12.83,21,13.63,0,4,445,0.1378,0
25.38,6,32.02,0,3,2924,0.3101,0
32.05,17,53.8,1,1,383,0.1028,0
73.66,4,34.08,1,7,2663,0.0899,0
15.7,15,45.67,0,3,1366,0.0608,0
40.88,18,19.43,0,5,768,0.0341,0
54.74,2,8.91,0,3,1842,0.4571,0
155.25,18,16.73,0,5,1126,0.0577,0
16.6,21,12.22,0,0,686,0.2033,0
172.68,4,46.07,0,3,1495,0.0338,0
91.97,9,9.6,0,3,2159,0.222,0
551.7,8,30.84,0,6,1627,0.219,0
10.26,15,5.42,0,6,371,0.2675,0
24.5,7,60.71,0,2,707,0.3642,0
19.5,2,-999.0,0,4,1529,0.2173,0
10.23,2,37.68,0,2,1764,0.16,0
15.94,8,63.3,0,2,2262,0.212,0
40.84,3,128.35,0,4,1780,0.063,0
35.65,21,18.7,0,5,2723,0.1138,0
179.32,1,4.15,0,4,890,0.1432,0
8.23,12,13.88,0,3,1583,0.2499,0
29.26,12,9.64,0,4,1102,0.0676,0
20.47,12,3.44,1,4,1481,0.0374,0
12.72,17,21.04,0,3,2094,0.0403,0
18.82,9,10.65,0,3,1797,0.3438,0
4.24,8,21.01,0,3,848,0.3588,0
64.31,5,62.1,0,2,888,0.207,0
210.41,1,4.07,0,1,2255,0.2043,1
20.87,20,29.74,0,2,2829,0.1806,0
43.44,10,72.07,0,3,1399,0.1202,0
243.78,6,9.88,0,3,97,0.0392,0
189.75,6,10.31,0,4,2618,0.1265,0
16.46,12,26.52,0,1,904,0.1935,0
25.45,17,5.93,0,4,1226,0.1923,0
9.33,11,8.3,0,2,953,0.2665,0
69.42,15,-999.0,0,2,2246,0.3299,0
10.58,17,27.55,0,1,2476,0.3373,0
13.13,14,6.2,0,9,101,0.2825,0
86.85,3,6.28,0,2,872,0.3386,0
150.99,23,-999.0,0,2,1514,0.1818,0
17.64,7,22.38,0,5,2885,0.0698,0
20.31,18,14.32,0,3,1904,0.1499,0
35.43,12,29.3,0,1,747,0.209,0
9.39,23,15.98,0,8,2628,0.062,0
104.64,23,3.07,0,4,2530,0.1395,0
15.87,7,26.36,1,1,845,0.041,0
67.46,4,9.66,0,2,2716,0.5795,0
33.63,9,-999.0,0,2,2475,0.3203,0
4.73,14,2.7,0,2,997,0.1293,0
25.97,6,22.26,0,1,1770,0.2028,0
28.5,7,29.89,0,2,1763,0.1031,0
84.41,20,-999.0,0,1,2936,0.1016,0
35.38,2,20.78,0,2,1873,0.0314,0
108.9,21,18.27,1,6,2333,0.2415,0
84.91,21,8.14,0,4,1941,0.0259,0
235.09,14,32.65,0,3,2335,0.28,0
25.45,14,15.08,0,3,41,0.0889,0
23.33,19,12.97,0,5,2618,0.0753,0
65.83,20,9.52,0,3,866,0.2613,0
17.5,13,24.07,0,3,451,0.1724,0
8.13,10,30.06,0,3,1335,0.1638,0
58.47,7,1.06,0,4,915,0.1144,0
98.66,0,4.11,0,2,287,0.26,0
39.14,2,37.62,0,3,772,0.0784,0
830.79,0,17.87,1,2,577,0.0885,0
6.9,7,46.61,0,1,24,0.2251,0
6.53,5,31.26,0,3,2257,0.0913,0
11.53,12,6.62,0,3,1828,0.1961,0
20.09,14,4.46,0,2,2187,0.0226,0
112.27,15,45.72,0,3,837,0.1231,0
469.32,10,18.67,0,4,1123,0.1108,0
13.14,13,6.96,0,7,681,0.0263,0
16.45,18,1.08,0,4,1090,0.3494,0
23.08,22,5.89,0,5,1298,0.0107,0
62.74,17,4.81,0,1,2962,0.1965,0
47.8,2,-999.0,0,4,188,0.1639,0
28.54,14,29.26,0,2,2702,0.2404,0
115.11,2,21.74,0,1,1304,0.281,0
27.72,23,8.07,0,4,326,0.5087,0
100.81,8,21.53,0,3,1854,0.312,0
15.13,13,13.8,0,5,2794,0.1314,0
64.57,7,17.49,0,6,1641,0.2672,0
26.27,8,8.92,0,4,1173,0.0423,0
39.36,8,6.06,0,5,1787,0.4315,0
17.81,20,30.28,0,3,1825,0.1449,0
6.89,22,4.43,0,3,1966,0.077,0
74.46,13,0.7,0,0,2677,0.3192,0
10.15,16,27.58,0,1,1478,0.338,0
24.32,20,51.69,0,2,1417,0.1458,0
203.01,0,59.9,0,5,2269,0.3393,1
29.12,6,-999.0,0,3,1431,0.2092,0
30.3,6,5.1,0,3,732,0.0733,0
57.36,1,38.69,0,3,1366,0.4164,0
49.71,20,-999.0,0,5,1517,0.148,0
243.84,14,13.89,0,4,730,0.4035,0
66.75,4,21.09,0,5,417,0.1258,0
50.04,20,11.48,0,2,628,0.1317,0
51.87,5,27.99,0,2,860,0.1801,0
67.97,19,10.93,0,4,1562,0.3087,0
43.49,18,55.37,0,2,981,0.5206,0
145.05,4,-999.0,0,4,1076,0.0404,0
5.1,14,3.61,0,1,153,0.4831,0
349.39,17,-999.0,1,5,1045,0.0561,0
64.8,6,30.69,1,3,720,0.0491,0
46.53,23,11.28,0,7,2849,0.2761,0
18.35,4,26.43,0,3,2885,0.4763,0
68.48,19,23.27,0,1,2463,0.2363,0
9.31,2,5.49,0,3,185,0.2429,0
83.56,17,17.98,0,6,2176,0.0867,0
38.33,8,26.26,0,4,2061,0.0178,0
22.15,6,9.54,1,2,1201,0.5977,0
62.0,16,2.01,0,1,2160,0.1166,0
77.44,4,4.84,0,3,2392,0.2144,0
135.42,9,18.73,0,8,1482,0.1978,0
72.22,20,30.22,0,3,1442,0.0621,0
93.78,8,17.74,0,3,1392,0.2146,0
22.5,11,21.44,0,7,1267,0.2106,0
38.36,21,18.35,0,1,1926,0.0743,0
32.3,10,15.5,0,4,2256,0.321,0
92.59,4,12.92,0,1,2468,0.2417,0
85.91,11,29.17,0,9,2808,0.2607,0
22.69,15,9.52,0,2,556,0.299,0
83.3,1,15.96,0,1,509,0.1544,0
107.18,1,32.67,0,3,436,0.1435,0
29.71,13,3.36,0,3,1569,0.1132,0
44.0,11,5.69,0,5,1139,0.2015,0
71.6,0,37.17,0,4,2103,0.1318,0
415.3,0,16.15,0,4,1416,0.401,0
141.35,16,55.49,0,2,1781,0.2282,0
25.27,20,23.7,0,3,229,0.5198,0
35.06,5,32.07,0,4,1706,0.4388,0
7.18,10,1.99,0,3,2059,0.1533,0
26.26,5,4.3,0,5,1415,0.2447,0
56.63,1,26.7,0,3,1497,0.2515,0
124.81,3,9.61,0,4,413,0.154,0
41.24,16,60.03,1,2,700,0.1848,1
580.43,17,8.82,0,2,2157,0.1357,0
39.38,8,26.93,0,3,2675,0.44,0
11.79,11,44.14,0,3,258,0.0703,0
11.39,22,-999.0,0,5,199,0.0624,0
110.82,16,13.33,0,1,2325,0.052,0
52.97,11,31.2,0,2,2842,0.1407,0
16.27,11,58.09,0,4,1132,0.1941,0
180.42,13,30.06,0,6,2070,0.5943,0
1.61,14,7.26,0,2,445,0.1598,0
30.61,23,9.98,0,3,2586,0.4006,0
52.26,6,109.38,0,1,2413,0.2094,0
126.02,13,27.59,0,5,2807,0.184,0
34.45,20,10.0,1,6,326,0.1883,0
16.2,5,18.96,0,7,2923,0.4099,0
22.73,8,9.0,0,2,1438,0.0211,0
15.64,1,23.24,0,3,2942,0.1957,0
119.45,11,8.34,0,1,218,0.178,0
29.44,22,12.49,0,2,2429,0.2425,0
43.97,23,52.49,0,5,1141,0.235,0
58.84,17,11.63,0,5,1932,0.0649,0
26.78,0,40.84,0,7,2806,0.0786,0
89.41,13,10.95,0,1,2902,0.2442,0
35.74,11,-999.0,0,5,2702,0.1245,0
39.91,19,38.52,0,6,1662,0.046,0
93.59,11,0.58,0,5,2286,0.0689,0
14.07,18,16.91,0,6,333,0.1642,0
31.2,3,40.23,0,2,58,0.2575,0
173.65,14,7.49,1,2,2386,0.1038,0
27.56,11,68.2,0,10,2292,0.2313,0
81.52,14,10.59,0,1,1124,0.1359,0
188.64,2,22.32,0,6,2142,0.1813,0
70.04,4,25.15,0,2,42,0.18,0
53.85,0,23.82,1,4,1622,0.0976,0
6.5,10,-999.0,0,6,458,0.1928,0
79.12,7,51.95,0,3,2276,0.3056,0
7.22,8,9.11,0,6,252,0.1099,0
23.87,14,40.28,1,3,1047,0.2092,0
20.74,3,20.41,0,5,500,0.0555,0
25.3,14,18.74,0,0,723,0.0913,0
17.13,15,13.3,0,6,1332,0.1846,0
134.06,3,12.01,0,0,2607,0.0796,0
240.33,6,46.5,0,3,1565,0.3677,0
16.93,3,7.94,0,2,1011,0.063,0
25.94,7,26.44,0,4,2387,0.2171,0
10.08,11,2.79,0,0,1786,0.2532,0
132.77,8,4.63,0,1,1035,0.223,0
158.18,19,17.47,0,3,205,0.0413,0
33.49,20,39.66,0,1,2358,0.1143,0
32.76,11,27.75,0,4,1173,0.1062,0
58.23,15,9.73,0,1,2287,0.211,0
18.72,13,3.85,0,2,2778,0.0781,0
10.82,13,29.26,1,0,1693,0.1319,0
58.4,22,47.84,1,0,988,0.3443,0
56.05,21,2.51,0,2,2126,0.2896,0
45.05,20,6.64,0,5,1762,0.1096,0
198.0,16,40.86,1,1,2020,0.3706,0
18.22,2,37.21,0,3,2569,0.2642,0
23.84,4,10.67,0,1,602,0.2517,0
12.36,20,8.48,0,3,726,0.2892,0
16.23,21,37.47,0,5,1570,0.2737,0
71.24,22,57.69,0,6,2018,0.502,0
12.47,3,23.26,1,0,2748,0.2298,0
16.04,9,29.47,0,4,313,0.2957,0
20.82,21,7.77,0,2,868,0.174,0
27.47,17,37.47,0,3,2399,0.0763,0
14.93,11,43.04,0,4,2195,0.2234,0
263.07,2,18.04,1,3,2135,0.094,0
70.87,11,7.05,0,0,1349,0.0338,0
11.84,15,35.74,0,8,2112,0.2077,0
10.16,18,25.61,0,1,2333,0.166,0
43.06,12,10.77,0,3,2569,0.0862,0
129.6,1,37.14,0,4,2967,0.2935,0
11.91,20,13.98,0,3,93,0.1961,0
35.45,17,7.97,0,2,869,0.3413,0
30.26,14,13.97,0,3,1021,0.168,0
85.22,12,-999.0,0,3,1493,0.1315,0
73.51,4,13.75,0,4,1648,0.3547,0
66.56,10,51.3,0,1,162,0.1212,0
27.69,2,16.99,0,4,2145,0.4244,0
43.22,11,10.95,0,3,145,0.2471,0
128.01,13,76.93,0,1,379,0.1796,0
45.98,19,23.0,0,3,1260,0.1784,0
50.81,21,8.5,0,3,1108,0.2419,0
151.08,3,21.23,0,5,767,0.25,0
42.42,1,12.34,0,2,937,0.3152,0
15.88,8,8.69,0,5,840,0.3691,0
134.97,21,11.85,0,2,1571,0.137,0
26.81,22,30.67,0,3,847,0.306,0
15.53,6,15.37,0,5,609,0.1962,0
71.03,12,6.86,0,2,750,0.182,0
140.91,22,2.23,0,2,2911,0.0632,1
110.08,16,20.83,0,1,815,0.0931,0
34.06,11,35.24,0,2,153,0.1954,0
36.5,18,0.6,0,3,1370,0.238,0
298.07,3,22.89,0,6,2008,0.3223,0
188.44,9,30.82,0,1,540,0.3415,0
82.05,11,9.52,0,6,1276,0.2657,0
25.57,7,1.88,0,5,2794,0.0126,0
75.55,9,18.64,0,2,331,0.129,0
6.55,20,4.93,0,2,99,0.0917,0
91.08,19,44.79,0,2,455,0.1215,0
33.61,7,22.59,0,1,2517,0.1171,0
83.76,5,15.18,0,3,2407,0.0796,0
7.6,8,22.59,0,5,2769,0.2064,0
128.66,8,6.58,0,3,1371,0.3502,0
60.93,19,3.35,0,3,2371,0.182,0
227.56,6,40.64,0,1,1736,0.1404,0
31.08,0,19.77,0,3,704,0.305,0
28.14,0,13.26,0,3,2445,0.1967,0
47.73,13,4.18,0,1,2640,0.1031,0
162.74,6,38.32,0,2,2112,0.156,0
31.58,8,7.0,0,6,2329,0.1396,0
12.45,9,2.17,0,2,539,0.1768,0
28.84,16,-999.0,0,3,1178,0.2673,0
28.34,22,58.73,0,4,692,0.1949,0
25.41,10,19.95,0,3,2630,0.0092,0
164.19,19,8.55,0,3,827,0.125,0
582.29,2,2.05,0,2,1194,0.0964,0
2.42,0,34.07,0,3,2402,0.4551,0
30.15,6,16.81,0,1,1585,0.3565,0
79.03,22,36.48,0,3,823,0.2092,0
76.99,11,35.16,0,2,290,0.1846,0
33.27,16,19.8,0,4,394,0.3196,0
98.89,21,8.88,0,2,2875,0.2368,0
8.81,7,23.88,0,2,2534,0.0221,0
147.18,13,19.8,0,0,1462,0.1396,0
32.58,2,40.48,0,2,830,0.1707,0
198.66,22,23.27,0,3,2791,0.3487,0
35.23,7,2.23,0,4,551,0.0826,0
16.68,8,31.85,0,2,1122,0.1645,0
143.69,20,27.09,0,2,2124,0.0816,0
14.59,14,13.37,0,1,2459,0.1543,0
202.46,11,16.35,0,3,497,0.4408,0
11.57,2,19.5,0,3,2565,0.0916,0
54.48,16,13.1,0,4,433,0.0562,0
106.49,0,12.24,0,1,692,0.1379,0
36.31,12,48.11,0,6,2587,0.2119,0
104.75,19,13.24,0,1,284,0.0996,0
57.06,6,29.04,0,3,2852,0.1824,0
91.17,11,5.05,1,2,2525,0.4381,0
41.3,22,26.02,0,5,2870,0.1032,0
13.83,20,12.02,0,1,1719,0.2881,0
86.07,12,8.99,0,2,2271,0.1225,0
25.72,0,9.01,0,3,1079,0.2464,0
113.88,9,19.57,0,0,1342,0.3685,0
12.93,5,9.99,0,2,2753,0.257,0
41.26,1,19.06,0,5,2012,0.1027,0
35.89,18,15.63,0,3,829,0.2361,0
57.61,7,0.95,0,5,1229,0.4509,0
226.85,21,22.85,0,4,2105,0.1638,0
113.31,14,20.85,0,2,1884,0.4354,0
51.41,3,7.14,0,0,2460,0.1494,0
7.41,15,46.06,0,4,895,0.4452,0
82.94,13,2.7,0,2,2997,0.1507,0
21.12,13,23.63,0,4,423,0.1605,0
46.8,21,9.92,0,3,706,0.2039,0
30.96,3,17.06,0,1,1535,0.2663,0
180.75,13,2.8,0,1,730,0.1877,0
160.02,18,8.79,0,3,2492,0.2959,0
70.39,19,0.95,0,4,2277,0.2744,0
27.29,2,5.79,0,2,205,0.2007,0
162.71,6,3.34,1,5,321,0.059,0
29.3,19,8.8,0,3,2644,0.3395,0
41.03,4,9.57,0,3,1924,0.4383,0
154.59,23,5.52,0,5,1235,0.2604,0
21.52,7,34.42,0,4,2648,0.577,0
36.88,12,7.42,0,4,658,0.1226,0
33.82,5,50.09,0,1,888,0.0949,0
121.47,16,15.07,0,0,2534,0.3607,0
82.44,17,51.85,0,5,146,0.1127,0
15.41,8,9.68,0,3,783,0.399,0
36.69,9,43.81,0,1,1484,0.2146,0
65.23,3,8.0,0,1,1264,0.2719,0
61.38,7,14.61,0,2,347,0.0723,0
28.8,19,8.14,0,2,2082,0.1747,0
85.58,10,10.68,0,1,2887,0.0876,0
33.72,15,40.1,0,1,2315,0.0573,0
25.16,18,5.1,0,4,1252,0.1761,0
87.84,14,32.72,0,2,2618,0.186,0
69.86,22,20.48,0,2,1528,0.2108,0
303.78,12,17.97,0,4,179,0.0934,0
4.0,9,28.86,0,4,2990,0.1963,0
341.93,19,46.46,0,5,1108,0.1735,0
34.81,23,8.77,0,3,2440,0.4356,0
89.03,17,32.99,0,7,2573,0.1401,0
51.39,3,13.1,0,3,171,0.4496,0
6.73,14,6.83,0,5,2592,0.3177,0
95.18,5,21.51,0,2,1346,0.4563,0
64.22,14,34.44,0,3,1647,0.1333,0
48.92,22,15.79,0,2,2091,0.119,0
96.24,3,62.14,0,5,1960,0.0123,0
31.04,8,5.46,0,4,2869,0.0652,0
197.93,10,10.63,0,4,517,0.2986,0
207.46,6,14.73,0,1,1614,0.3438,0
233.65,2,21.4,0,2,1628,0.0386,0
31.37,14,32.28,0,3,2529,0.1678,0
49.42,19,1.48,0,7,2707,0.0513,0
31.22,3,42.09,0,0,1262,0.179,0
112.01,9,60.95,0,0,1240,0.1698,0
52.99,8,25.29,0,4,405,0.096,0
31.05,3,13.95,0,4,1472,0.2367,0
27.06,12,22.52,0,1,1717,0.1841,0
32.11,8,44.31,0,3,1545,0.0065,0
36.38,3,6.75,0,3,1236,0.0245,0
76.31,22,37.79,0,3,1268,0.0776,0
23.38,12,4.19,0,4,234,0.0901,0
46.27,23,4.14,0,3,2615,0.2203,0
64.25,2,0.49,0,1,2467,0.1126,0
16.79,5,32.24,0,3,1472,0.0552,0
34.76,5,17.27,0,3,2575,0.1839,0
17.42,12,8.01,0,3,1477,0.1018,0
56.55,18,43.49,0,4,766,0.0613,0
28.4,7,26.56,0,4,2996,0.0419,0
71.92,18,-999.0,0,4,1637,0.2313,0
65.35,23,5.02,0,2,1758,0.0485,0
54.63,13,20.04,0,4,2062,0.2494,0
205.04,20,8.16,0,3,303,0.0725,0
33.34,17,16.33,0,1,2310,0.0294,0
63.44,1,2.29,0,1,1680,0.0153,0
162.67,17,57.69,0,6,1095,0.1556,0
19.53,6,-999.0,0,5,2882,0.0825,0
255.76,3,32.64,0,4,2794,0.4751,0
52.38,1,61.16,0,1,345,0.2555,0
52.76,1,9.71,0,3,959,0.0838,0
29.96,22,2.04,0,4,815,0.0814,0
22.4,0,2.71,0,5,264,0.0913,0
48.86,17,4.71,0,1,571,0.0983,0
49.66,12,49.48,0,0,1043,0.2738,1
21.22,4,13.55,0,5,1359,0.3145,0
72.74,13,19.24,0,4,640,0.0558,0
113.63,21,23.03,0,4,1418,0.0996,0
37.5,4,10.97,0,10,1603,0.2241,0
203.16,20,74.12,0,4,2516,0.1326,0
181.31,12,36.35,0,1,822,0.2173,0
15.25,6,13.5,0,4,2382,0.058,0
15.45,23,11.47,1,0,2793,0.1883,0
29.49,13,10.6,0,4,2222,0.155,0
308.49,5,10.09,0,4,2737,0.1235,0
77.12,15,14.06,0,3,2770,0.3207,0
206.38,15,47.12,0,2,2529,0.1931,0
68.39,22,36.66,0,1,1316,0.0538,0
137.54,23,37.98,0,3,1346,0.3019,0
4.67,9,4.51,0,7,1270,0.1878,0
39.6,10,22.01,0,4,106,0.19,0
149.04,23,15.04,0,2,1528,0.0435,0
15.94,10,15.24,0,1,1600,0.2016,0
64.44,0,15.24,0,3,1483,0.2213,0
62.55,12,21.46,0,2,141,0.1042,0
147.56,12,41.37,0,1,450,0.1025,0
41.74,15,8.49,0,3,2692,0.3054,0
319.71,16,14.73,0,1,1071,0.1658,0
38.37,3,21.44,0,3,1532,0.1963,0
61.17,19,30.65,0,4,1334,0.1825,0
43.85,2,3.03,0,4,510,0.431,0
73.03,19,39.47,0,2,1457,0.0741,0
16.42,10,5.08,0,2,547,0.2365,0
42.94,1,29.26,0,2,802,0.2255,0
33.09,8,14.88,1,3,1245,0.1081,0
35.39,15,16.69,0,3,322,0.1505,0
61.48,3,26.26,0,2,1362,0.2543,0
45.37,19,16.52,0,6,1577,0.0305,0
28.12,5,-999.0,0,2,2792,0.3258,0
41.7,20,22.53,0,3,407,0.2873,0
143.15,15,12.53,0,6,746,0.247,0
30.19,0,53.93,0,3,2585,0.2822,0
133.31,17,17.73,0,3,2450,0.1815,0
44.76,1,-999.0,0,2,570,0.0798,0
371.21,7,44.77,0,1,2879,0.1274,0
51.55,22,50.66,0,1,1444,0.0771,0
33.1,0,23.62,0,7,984,0.2073,0
214.32,16,8.91,0,1,1695,0.0337,0
25.25,18,14.82,0,1,210,0.2263,0
193.34,14,9.61,0,3,892,0.0709,0
8.01,8,9.45,0,4,1228,0.2275,0
68.01,1,16.1,0,2,1981,0.3774,0
148.84,2,10.29,0,3,290,0.3243,0
17.1,5,21.41,0,4,1517,0.1328,0
33.14,7,2.61,0,2,1172,0.0912,0
6.61,18,57.94,0,4,2596,0.1811,0
7.05,23,41.19,0,3,1786,0.3377,0
73.66,18,34.2,0,1,295,0.2241,0
79.47,13,3.45,0,2,2378,0.2625,0
49.29,20,13.5,0,1,703,0.1109,0
47.39,11,29.38,0,3,2032,0.2714,0
115.43,18,46.96,0,3,1563,0.1041,0
24.26,23,1.68,0,3,1130,0.3079,0
58.16,9,6.48,0,1,1736,0.1036,0
29.81,18,17.59,0,3,834,0.3083,0
11.67,0,6.49,0,1,403,0.3266,0
59.43,12,-999.0,0,2,855,0.1252,0
110.0,2,-999.0,0,2,2579,0.1904,0
78.41,6,-999.0,0,2,1396,0.192,0
52.33,9,14.09,0,1,509,0.3401,0
35.57,18,11.93,0,3,1699,0.0692,0
70.84,23,16.02,0,2,2906,0.4887,0
164.17,5,28.62,0,4,2569,0.5186,0
31.27,0,8.73,0,2,1718,0.1009,0
19.41,16,24.24,0,1,656,0.0751,0
39.65,6,16.1,0,5,1826,0.0821,0
69.13,3,2.29,0,2,1753,0.4388,0
492.72,2,55.3,0,2,2822,0.1941,0
92.26,6,37.0,0,2,2539,0.2044,0
60.44,16,83.09,0,5,996,0.2102,0
16.21,10,33.8,0,2,875,0.041,0
34.75,5,26.76,0,3,2161,0.0679,0
14.74,12,28.59,0,4,2862,0.1379,0
106.93,21,17.89,1,5,2324,0.2688,0
16.84,17,32.92,0,4,303,0.1802,0
126.16,4,7.96,0,4,1225,0.309,0
107.58,4,18.98,0,5,704,0.0974,0
25.43,15,13.69,0,3,911,0.2675,0
557.66,5,9.07,1,3,2661,0.179,0
43.54,21,16.43,0,5,829,0.2667,0
38.65,12,11.43,0,5,2220,0.4592,0
11.09,2,30.69,0,5,1754,0.1385,0
19.36,6,55.29,0,3,1764,0.1535,0
29.38,6,80.8,0,4,443,0.1698,1
169.99,13,26.69,0,4,530,0.3749,0
245.03,14,126.11,0,2,2526,0.3062,0
83.5,16,14.01,0,6,50,0.2637,0
155.92,13,5.48,0,2,909,0.2559,1
14.62,18,12.52,0,5,880,0.3094,0
2.79,4,39.62,0,5,2496,0.0501,0
48.74,9,14.87,0,2,1962,0.2462,0
272.01,12,58.08,1,5,2814,0.4854,0
198.14,10,0.92,0,3,2580,0.0936,0
8.44,4,28.63,0,5,579,0.2221,0
87.83,1,78.99,0,4,2603,0.2326,0
47.55,15,39.85,0,1,1865,0.2042,0
5.93,2,2.03,0,5,2914,0.1715,0
15.13,21,40.96,1,2,2198,0.1194,0
85.82,12,6.24,0,5,1585,0.1086,0
57.69,7,28.99,0,4,2450,0.3306,0
4.1,3,17.25,0,3,1738,0.0873,0
87.32,15,17.62,0,3,2046,0.4094,0
92.74,22,26.42,0,3,879,0.1001,0
28.26,2,20.44,0,1,2856,0.2297,0
17.86,17,4.53,0,1,562,0.0936,0
52.52,18,37.77,0,2,2904,0.223,0
11.67,7,24.13,0,4,2829,0.1992,0
42.98,0,53.92,0,5,335,0.1961,0
34.61,2,3.93,0,3,882,0.2311,0
80.28,15,50.57,0,7,2583,0.2057,0
126.48,22,11.11,0,1,1519,0.1683,0
31.41,21,28.31,0,3,2967,0.1335,0
146.49,0,6.87,0,1,1221,0.1295,0
493.96,1,-999.0,0,4,1307,0.3948,0
54.54,3,-999.0,0,4,1523,0.2966,0
31.54,0,2.8,1,3,29,0.1264,1
31.99,2,22.51,1,2,2532,0.0553,0
16.31,22,39.78,0,3,1213,0.3553,0
20.67,4,3.48,0,2,2082,0.1342,0
108.48,1,21.49,0,1,643,0.1855,0
7.0,19,50.31,0,4,1538,0.0422,0
25.16,21,-999.0,0,4,779,0.1957,0
50.97,20,39.75,0,4,2381,0.2938,0
30.79,22,4.25,1,2,2372,0.1682,0
169.58,7,-999.0,0,4,155,0.2695,0
152.88,2,3.05,0,2,2666,0.1774,0
45.31,12,17.68,0,8,100,0.1818,0
76.64,8,19.59,0,2,1464,0.5747,0
129.3,0,16.77,0,2,926,0.1294,0
40.71,5,7.44,0,2,284,0.068,0
234.44,16,21.35,0,4,1285,0.176,0
284.33,16,-999.0,0,2,135,0.0223,0
6.49,16,18.31,1,1,965,0.1359,0
25.4,20,9.12,0,2,56,0.1069,0
58.18,2,6.41,0,1,1913,0.3228,0
215.59,0,15.93,0,4,665,0.0221,0
30.19,23,8.0,0,1,586,0.3185,0
114.14,2,13.11,1,2,2512,0.3148,0
103.46,21,44.64,0,2,1509,0.3097,0
73.64,4,43.03,0,5,1818,0.184,0
148.41,4,13.7,0,6,2145,0.3234,0
27.24,11,-999.0,0,1,472,0.1399,0
436.25,7,5.84,0,2,2508,0.5825,0
38.49,22,7.56,0,2,317,0.0813,0
16.31,12,1.58,0,3,2582,0.0635,0
5.15,9,26.17,0,0,2622,0.2365,0
116.11,0,45.31,1,2,1512,0.1521,0
12.2,8,15.84,0,1,1699,0.4359,0
83.39,5,29.17,0,3,1795,0.0977,0
84.07,0,6.35,0,3,462,0.4631,0
37.3,2,12.95,0,5,2892,0.0792,0
11.03,6,0.62,0,1,1536,0.18,0
109.08,0,11.83,0,3,163,0.3439,0
37.54,1,20.48,0,4,1485,0.2965,0
72.29,12,12.99,0,1,1938,0.1078,0
61.49,3,27.77,0,7,373,0.3564,0
21.03,23,5.79,0,1,2451,0.1917,0
50.83,2,3.64,0,6,2087,0.1754,0
19.59,12,16.45,0,1,1867,0.0518,0
22.04,23,8.04,0,2,2748,0.2326,0
7.95,5,9.62,0,3,1158,0.0734,0
39.87,13,13.6,0,2,2492,0.1618,0
36.79,2,15.2,0,3,1049,0.0794,0
94.74,18,3.97,0,1,2080,0.0676,0
25.2,13,35.19,0,3,2664,0.3387,0
34.58,18,30.05,0,2,2290,0.2583,0
201.77,18,25.23,0,1,2304,0.2463,0
44.41,7,64.41,0,6,2948,0.0381,0
15.91,11,61.97,0,6,2395,0.1593,0
74.88,17,44.75,0,4,851,0.2215,0
45.67,20,-999.0,0,2,262,0.1341,0
12.37,9,10.3,0,9,316,0.287,0
230.59,21,4.16,0,3,1245,0.2723,0
57.89,22,7.07,0,3,1221,0.0799,0
60.17,23,9.98,0,2,438,0.0781,0
35.26,5,11.41,0,5,936,0.2431,0
8.52,0,19.43,0,1,643,0.4237,0
197.89,9,-999.0,0,3,2601,0.1747,0
1499.31,1,40.8,0,3,1215,0.1365,0
68.17,14,4.98,0,2,307,0.176,0
20.21,17,23.12,0,4,2471,0.2613,0
97.75,2,14.44,0,1,1742,0.1005,0
135.03,23,17.45,0,3,1757,0.19,0
64.4,14,10.47,0,1,1616,0.2402,0
9.37,12,11.67,0,3,2925,0.1424,0
15.34,18,16.37,0,4,508,0.064,0
13.79,22,6.13,0,4,2002,0.2335,0
24.3,21,40.53,0,3,2649,0.3634,0
15.64,21,-999.0,0,3,2818,0.1066,0
81.07,18,1.64,1,4,1966,0.1204,0
48.05,8,4.83,0,5,1495,0.1348,0
176.81,0,16.85,0,3,749,0.4017,0
10.6,1,26.85,0,2,1819,0.1308,0
50.75,8,1.8,0,1,537,0.1292,0
53.08,0,41.04,0,4,1889,0.0912,0
55.29,4,13.63,0,3,72,0.1316,0
46.45,18,32.14,0,3,798,0.1259,0
17.13,6,2.02,0,2,1681,0.2635,0
31.93,6,28.61,1,1,2250,0.1518,0
25.7,16,22.63,0,1,1454,0.159,0
77.4,22,27.59,0,5,2565,0.4911,0
20.7,6,35.39,0,6,2569,0.236,0
20.0,0,11.5,0,3,2369,0.3506,0
43.09,1,54.04,0,3,2088,0.0971,0
80.22,21,18.17,0,6,2737,0.0273,0
12.16,23,11.7,0,2,2969,0.1931,0
45.21,23,4.17,1,0,1294,0.3186,0
13.72,21,10.29,0,1,1919,0.2619,0
166.88,7,18.04,0,0,2730,0.3739,0
49.92,14,37.87,0,1,1822,0.3747,0
341.19,22,35.45,0,8,272,0.3162,0
73.2,13,-999.0,0,2,1704,0.2967,0
8.37,20,45.82,0,2,222,0.3101,0
7.98,21,18.92,0,4,550,0.0771,0
77.56,17,5.93,0,0,1149,0.3858,0
46.63,9,14.54,0,4,2956,0.256,0
5.37,13,48.9,0,3,1968,0.315,0
10.42,19,-999.0,0,4,2586,0.1787,0
150.65,10,23.4,0,4,2577,0.2067,1
170.87,17,9.71,0,3,752,0.2184,0
101.42,9,80.87,0,1,940,0.1425,0
167.07,15,5.49,0,3,1734,0.2235,0
16.48,19,-999.0,0,0,1455,0.168,0
11.39,1,4.93,0,4,2414,0.2955,0
53.4,14,5.82,0,2,330,0.1507,0
32.86,5,30.45,0,2,2894,0.1563,0
129.88,3,24.61,0,2,201,0.0223,0
131.88,23,7.06,0,5,2133,0.1223,0
157.35,16,17.56,0,1,787,0.4059,0
33.57,5,-999.0,0,0,2934,0.228,0
36.41,23,8.68,1,3,1852,0.1067,0
28.75,23,6.78,0,3,836,0.2042,0
186.85,14,4.56,0,3,559,0.209,0
85.07,0,18.41,0,1,581,0.1865,0
16.06,5,43.0,0,2,2151,0.0811,0
21.4,22,3.46,0,5,697,0.2109,0
23.53,11,30.76,0,2,147,0.391,0
28.67,10,33.55,0,1,2328,0.4013,0
11.79,9,9.8,0,0,1679,0.1744,0
25.41,19,32.76,0,4,1949,0.1385,0
42.58,6,7.3,1,5,1062,0.3143,0
61.95,5,19.52,0,1,543,0.258,0
237.7,15,11.57,0,6,1782,0.2496,0
15.19,16,7.11,0,4,1104,0.1176,0
24.5,8,25.26,0,2,2466,0.0536,0
22.61,3,25.69,0,3,2192,0.2188,0
117.58,14,17.09,0,2,2860,0.1833,0
56.76,21,27.25,0,2,1460,0.2993,0
868.56,0,-999.0,0,4,1606,0.2171,0
10.88,9,13.2,0,4,2900,0.151,0
59.6,10,25.97,0,0,596,0.2553,0
45.2,4,25.0,0,6,2194,0.1417,0
8.53,23,28.37,0,2,2844,0.1725,0
17.52,22,19.54,0,2,553,0.1962,0
30.84,6,7.16,0,4,2119,0.3129,0
96.38,16,45.19,0,1,417,0.4751,0
30.7,12,20.31,0,1,1685,0.0401,0
37.53,2,13.42,0,1,2676,0.6523,0
24.54,7,18.98,1,3,2391,0.0983,0
36.16,19,1.85,0,4,960,0.062,0
161.56,7,34.03,0,3,982,0.1397,1
45.83,10,3.12,0,3,1505,0.2242,0
16.7,5,36.5,0,5,1901,0.2721,0
27.79,11,20.42,0,2,784,0.2188,0
4.19,6,20.19,0,2,452,0.263,0
103.47,19,15.78,1,3,2011,0.3104,0
59.43,2,26.53,0,1,2897,0.0462,0
132.74,2,36.75,0,7,716,0.3255,0
19.05,18,13.29,0,3,993,0.0857,0
45.19,20,2.85,0,5,69,0.6248,0
15.89,15,18.92,0,5,175,0.1414,0
7.27,11,44.27,1,3,2830,0.2101,0
6.06,6,8.87,0,3,597,0.0649,0
17.77,6,2.45,0,6,2902,0.0723,0
60.57,18,12.1,0,2,656,0.1193,0
26.64,0,3.19,0,3,69,0.1707,0
92.63,18,6.39,0,6,306,0.2698,0
28.38,2,-999.0,0,6,2834,0.0872,0
48.68,10,37.37,0,2,874,0.3706,0
216.34,17,52.76,0,6,371,0.2633,0
15.66,16,14.74,0,3,1453,0.0752,0
26.26,20,57.03,0,5,2555,0.0787,0
236.78,2,13.56,0,4,302,0.07,0
24.53,10,21.44,0,7,2411,0.0176,0
33.65,23,12.08,0,2,431,0.7256,0
63.83,1,20.78,1,1,421,0.15,0
29.81,4,9.92,0,3,1294,0.3336,0
75.74,10,27.59,0,1,458,0.1816,0
45.78,21,21.38,0,2,829,0.2093,0
43.73,21,13.34,0,3,1608,0.2416,0
52.12,5,5.8,0,7,1452,0.2115,0
46.18,1,3.88,0,1,822,0.3382,0
97.64,5,9.51,0,2,264,0.2782,0
231.74,4,31.73,1,2,2947,0.3782,0
41.96,8,-999.0,0,4,397,0.4395,0
7.58,21,10.08,0,3,371,0.241,0
15.7,9,3.77,0,1,1038,0.3223,0
383.58,9,8.29,0,2,1686,0.1848,0
145.15,8,0.74,0,0,1214,0.2645,0
36.76,6,0.89,0,6,37,0.341,0
80.08,6,8.79,0,4,2965,0.0655,0
9.02,22,9.92,0,6,304,0.3808,0
53.19,14,44.13,0,2,1745,0.1521,0
156.1,6,1.18,0,4,1403,0.1942,0
57.61,11,36.25,0,4,1162,0.4423,0
180.45,16,5.66,0,2,1563,0.3313,0
17.61,5,36.68,0,4,2517,0.1542,0
92.82,10,4.71,0,3,2065,0.1517,0
74.73,14,20.95,0,1,2630,0.004,0
113.25,11,10.22,0,7,1875,0.1952,0
49.53,7,5.23,0,1,1760,0.2317,0
27.67,14,18.98,0,2,2458,0.1284,0
8.77,3,8.54,0,4,728,0.121,0
233.44,21,7.99,0,3,1221,0.3181,0
33.02,17,28.74,0,2,183,0.6231,0
18.44,11,31.96,0,4,1382,0.3872,0
37.8,22,14.77,0,5,958,0.1447,0
34.77,2,-999.0,0,3,1009,0.3323,0
224.91,3,9.34,0,2,2536,0.4048,0
24.15,18,14.94,1,2,1186,0.3413,0
17.68,14,0.88,0,1,1447,0.0527,0
25.2,14,19.29,0,3,931,0.0838,0
42.77,5,5.09,0,2,2516,0.1275,0
17.26,6,21.94,0,2,341,0.2521,0
22.79,10,19.69,0,5,1631,0.0606,0
61.41,20,32.22,0,2,625,0.1872,0
85.69,8,55.85,0,8,2917,0.1104,0
12.34,12,19.1,0,6,733,0.3196,0
533.72,2,33.01,0,4,966,0.1635,0
12.15,2,28.67,0,1,218,0.3065,0
26.93,10,11.01,0,3,2123,0.0697,0
46.91,21,42.78,0,2,1371,0.1209,0
76.96,3,2.77,0,2,2600,0.117,0
13.48,6,29.43,0,4,2553,0.1857,0
137.77,11,47.2,0,3,2067,0.335,0
16.27,10,38.91,0,2,1761,0.1096,0
48.8,19,19.49,0,4,206,0.1665,0
50.86,6,28.11,0,3,173,0.1329,0
138.05,23,39.06,0,4,2320,0.0873,0
33.38,1,37.87,0,2,2584,0.1414,0
84.84,14,9.94,1,5,1287,0.2381,0
104.86,14,9.06,0,1,2377,0.3324,0
35.09,22,30.1,1,3,1339,0.1559,0
7.95,3,2.81,0,4,2912,0.0873,0
16.69,9,34.32,0,1,2661,0.3531,0
79.5,11,8.46,0,5,1542,0.5023,0
2.58,10,28.73,1,2,340,0.317,0
28.35,8,4.18,0,2,2736,0.32,0
11.48,1,8.53,0,3,2953,0.1464,0
41.88,21,5.46,0,2,2340,0.2013,0
133.57,12,40.35,0,5,745,0.0576,0
124.23,3,31.67,0,1,1192,0.2494,0
63.41,21,27.39,0,3,1168,0.6704,0
17.24,10,43.64,0,1,926,0.0959,0
85.82,6,62.54,0,2,1207,0.0688,0
58.78,20,10.62,0,3,537,0.1171,0
150.14,16,17.62,0,3,445,0.1861,0
25.62,0,5.77,0,2,1985,0.194,0
99.5,16,54.17,1,5,177,0.1691,0
59.45,2,6.94,0,6,451,0.2857,0
54.32,0,16.89,0,3,1175,0.153,0
59.74,17,17.32,0,3,119,0.0815,0
38.55,14,37.17,0,2,2879,0.0793,0
14.73,0,14.73,0,1,2047,0.0262,0
26.35,8,12.16,0,3,327,0.2666,0
26.81,3,-999.0,0,3,864,0.2428,0
19.89,9,10.5,0,5,236,0.2294,0
5.46,16,10.03,0,4,1451,0.1844,0
12.05,7,24.92,0,1,1704,0.1347,0
151.44,14,27.34,0,3,1317,0.2936,0
36.39,0,-999.0,0,3,559,0.2071,0
393.62,17,2.68,0,4,1902,0.1638,0
11.76,18,5.44,0,3,2626,0.1921,0
45.69,3,57.82,0,2,1390,0.1372,0
80.69,18,2.19,0,4,2259,0.2302,0
62.89,5,23.19,1,5,1003,0.2935,0
23.64,11,28.55,0,2,1084,0.3732,0
51.57,13,20.31,0,4,1098,0.1706,0
64.09,19,32.16,0,3,1047,0.188,0
51.53,22,47.56,0,1,739,0.1946,0
108.09,6,22.94,0,3,635,0.0433,0
38.46,6,36.51,0,0,834,0.2886,0
231.9,11,0.5,0,2,1765,0.135,0
23.13,22,17.32,0,1,1531,0.1691,0
46.86,18,12.63,0,0,1070,0.3692,0
44.07,14,50.09,0,4,2939,0.0681,0
33.86,7,25.44,1,6,2457,0.1607,0
32.12,4,15.9,0,3,2038,0.0915,0
40.42,12,8.58,0,2,2714,0.0752,0
53.57,15,4.79,0,1,1538,0.1851,0
11.17,12,3.33,0,2,1605,0.3279,0
60.38,13,20.53,1,2,1939,0.3515,0
259.44,15,30.35,0,3,1080,0.158,0
12.9,0,13.47,0,1,369,0.1649,0
459.34,5,9.87,0,3,834,0.4141,0
63.31,9,49.18,0,2,976,0.2083,0
34.36,19,12.54,0,2,2875,0.0945,0
30.35,22,60.16,0,3,400,0.0233,0
80.08,9,10.21,0,3,1883,0.1342,0
7.25,8,8.08,0,3,1970,0.1388,0
247.42,22,15.59,0,1,2468,0.2305,0
170.18,20,40.9,0,1,273,0.2128,0
235.04,23,1.06,0,3,2894,0.5515,0
33.84,2,24.55,0,1,774,0.2783,0
149.15,21,3.22,0,5,276,0.3922,0
63.9,16,30.43,0,5,151,0.0605,0
344.9,5,39.6,0,6,888,0.0791,0
48.46,7,25.71,0,1,2132,0.1264,0
7.93,11,69.25,0,6,2026,0.0699,0
203.41,16,20.74,0,6,1113,0.0981,0
63.17,15,35.85,0,3,903,0.0916,0
41.18,20,10.94,0,6,167,0.2356,0
38.32,8,27.19,0,3,752,0.2186,0
175.28,19,41.05,0,1,618,0.1503,0
96.62,10,11.81,0,3,2428,0.3434,0
41.35,0,6.62,1,5,135,0.3605,0
41.77,15,2.52,0,6,2339,0.1182,0
20.61,2,69.43,0,3,2710,0.4735,0
38.24,17,71.96,0,3,94,0.0787,0
39.55,23,-999.0,1,3,1666,0.1145,0
14.9,14,11.67,0,5,285,0.3439,0
96.65,13,17.61,0,4,1108,0.1119,0
67.48,10,19.64,0,2,1516,0.3423,0
18.37,8,27.71,0,5,1519,0.2182,0
71.85,15,38.84,0,3,2971,0.1506,0
72.98,20,-999.0,0,3,2980,0.2928,0
106.32,7,3.74,1,2,2527,0.2095,0
25.57,4,30.19,0,2,2907,0.022,0
23.27,12,21.09,0,0,889,0.4687,0
31.07,17,-999.0,0,2,1827,0.0642,0
22.71,10,7.19,0,1,2643,0.1308,0
128.54,20,38.62,0,3,1675,0.2945,0
88.88,0,69.12,0,3,1629,0.241,0
42.02,2,23.47,0,6,2314,0.12,0
204.27,14,17.13,0,3,2510,0.2797,0
2.87,23,37.46,1,2,2841,0.0816,0
11.33,18,13.53,0,1,1556,0.1556,0
50.28,13,57.01,0,3,1901,0.0132,0
891.97,7,16.95,1,0,2213,0.2547,0
114.87,22,20.34,0,2,2743,0.1137,0
79.55,22,9.08,0,4,2388,0.1411,0
101.94,6,26.44,0,5,908,0.3915,0
57.46,11,43.57,0,4,2276,0.1092,0
99.48,4,29.91,0,1,2690,0.3141,0
15.26,12,17.22,0,2,1697,0.4355,0
75.65,20,8.69,0,0,808,0.1409,0
8.53,11,1.38,0,4,1055,0.0736,0
85.55,6,5.15,0,4,2147,0.3543,0
50.79,5,35.94,0,1,140,0.0642,0
15.87,16,0.18,0,1,2990,0.4142,0
54.4,11,16.66,0,6,1894,0.3311,0
67.42,12,-999.0,0,3,1740,0.3762,0
41.62,16,48.11,0,4,859,0.1093,0
34.82,1,11.44,0,5,1501,0.243,0
952.22,17,8.84,0,4,112,0.0892,0
27.76,22,15.65,0,1,1727,0.0987,0
36.46,8,14.05,1,4,2654,0.1616,0
47.3,21,6.04,0,2,577,0.1233,0
167.2,15,46.39,0,2,2605,0.217,0
87.11,4,9.65,0,1,1072,0.3671,0
35.1,23,32.66,0,2,579,0.0587,0
330.74,6,21.84,1,9,1117,0.1497,0
28.44,17,10.67,0,1,1242,0.1006,0
28.56,21,17.51,0,4,770,0.4238,0
12.89,7,24.81,0,2,994,0.0962,0
94.15,20,35.26,0,5,2979,0.156,0
66.98,1,26.55,0,3,2208,0.1887,0
74.7,3,-999.0,0,5,597,0.1696,0
53.02,11,18.35,1,4,1588,0.0515,0
21.75,14,18.77,0,1,2635,0.0816,0
98.04,15,45.79,0,3,142,0.3233,0
12.32,2,9.72,0,3,1267,0.0068,0
87.73,16,3.96,0,6,255,0.0908,0
47.57,22,8.38,0,4,62,0.1898,0
27.44,15,-999.0,0,2,2788,0.2014,0
30.28,21,78.15,0,2,42,0.0588,0
72.99,17,10.67,0,1,258,0.0821,0
7.33,20,35.53,0,6,383,0.1445,0
184.38,18,8.64,0,2,260,0.2292,0
39.63,10,7.66,0,4,524,0.0666,0
38.35,18,15.02,0,3,988,0.1501,0
36.48,12,6.84,0,1,1903,0.227,0
15.03,14,15.98,0,5,1954,0.1983,0
43.13,5,15.85,0,3,2267,0.5114,0
38.27,3,46.33,0,3,749,0.0392,0
75.65,2,5.19,0,3,305,0.3147,0
74.53,11,-999.0,0,4,889,0.0448,0
23.07,16,30.64,0,3,1703,0.2418,0
11.7,10,9.7,0,1,797,0.1356,0
101.62,19,8.09,0,2,69,0.4234,0
20.35,14,11.46,0,2,1181,0.4725,0
8.55,17,-999.0,1,2,2593,0.0739,0
32.78,4,18.24,0,3,2199,0.103,0
11.91,19,28.79,0,2,1904,0.0327,0
47.62,2,26.75,0,1,2748,0.3525,0
42.44,1,11.38,0,3,2654,0.3523,0
27.65,11,29.56,0,5,1588,0.346,0
11.74,23,21.22,0,3,2690,0.126,0
40.41,9,2.77,0,5,2131,0.4899,0
6.16,12,15.98,0,1,473,0.2155,0
116.9,2,16.03,0,1,325,0.0093,0
26.63,0,22.72,1,2,2913,0.1167,0
34.47,14,2.7,0,2,1766,0.2142,0
49.41,2,3.14,0,4,2643,0.1494,0
67.35,21,15.73,0,3,2156,0.0524,0
19.75,15,17.52,0,4,2624,0.0367,0
30.65,10,5.36,1,2,503,0.1244,0
130.57,15,19.78,0,4,1688,0.0674,0
35.89,0,21.51,0,1,1250,0.1994,0
66.57,4,63.76,0,3,2079,0.1547,0
239.46,4,-999.0,1,3,664,0.1147,0
68.43,16,5.82,0,2,1848,0.2009,0
52.49,0,2.99,0,1,1010,0.4245,1
90.82,7,47.71,0,3,974,0.0604,0
57.29,19,1.48,0,3,2762,0.3005,0
28.94,15,30.94,0,3,2521,0.2926,0
156.83,23,25.66,0,3,290,0.1143,0
132.25,16,51.65,0,3,865,0.0955,0
60.61,8,45.43,0,1,1357,0.2119,0
28.51,16,22.58,0,6,1453,0.3022,0
18.32,22,17.97,0,1,2318,0.3459,0
34.67,23,10.53,0,0,2877,0.0667,0
4.2,12,14.65,0,3,2026,0.1253,0
65.3,4,33.05,1,2,1851,0.2822,0
81.69,20,11.92,0,2,1925,0.2644,0
45.11,1,43.36,0,8,2514,0.0833,0
42.24,3,4.16,0,2,1225,0.1859,0
33.46,16,49.61,0,5,1856,0.0553,0
94.24,1,9.47,0,1,317,0.1411,0
28.56,5,32.05,0,2,168,0.2624,0
98.43,18,-999.0,0,2,2199,0.2668,0
21.94,13,3.0,0,2,432,0.1916,0
264.96,14,8.83,0,3,1947,0.1001,0
65.12,12,3.97,0,3,1263,0.0925,0
111.55,19,-999.0,0,2,1147,0.1289,0
215.23,7,54.76,0,3,1822,0.1103,0
40.94,7,13.25,0,4,2640,0.1854,0
22.35,21,14.66,0,2,2450,0.3592,0
14.36,23,18.22,0,5,2713,0.2695,0
117.97,9,9.49,0,3,1162,0.347,0
52.5,17,19.92,0,1,2126,0.1971,0
51.98,18,17.05,1,4,2175,0.4989,0
91.14,6,42.81,0,3,2847,0.1469,0
24.7,15,13.88,0,4,2508,0.1385,0
55.09,15,13.85,0,4,301,0.0888,0
25.85,16,22.2,0,8,1441,0.3889,0
75.42,4,34.32,0,2,2120,0.2241,0
51.04,13,8.24,0,2,1843,0.13,0
78.75,5,9.49,0,7,881,0.2768,0
29.96,7,19.25,0,4,1450,0.1616,0
254.36,5,79.62,1,1,1987,0.1114,0
267.97,2,10.3,0,3,137,0.1067,0
73.86,8,42.41,0,4,2812,0.1449,0
87.55,12,3.7,1,4,2595,0.0861,0
70.11,18,14.31,0,4,934,0.1539,0
37.49,1,48.1,0,4,2311,0.216,0
18.03,9,12.73,0,5,1469,0.2365,0
52.69,12,5.76,0,6,1560,0.2214,0
7.51,13,42.64,0,5,534,0.0876,0
23.3,3,25.41,0,4,1875,0.1268,0
62.31,11,11.54,0,1,933,0.0561,0
17.79,16,17.0,0,2,390,0.1293,0
64.28,16,53.37,0,3,966,0.2021,0
65.19,15,9.59,0,1,1507,0.0476,0
116.54,8,-999.0,0,4,842,0.2344,0
47.3,13,9.23,0,4,2591,0.1936,0
20.32,9,12.07,0,6,283,0.2532,0
302.31,20,3.01,0,1,2641,0.1317,0
29.59,4,13.74,0,1,1850,0.1123,0
11.9,7,33.56,1,1,1337,0.2751,0
9.1,13,-999.0,0,0,772,0.3914,0
5.29,7,31.32,0,1,1544,0.1321,0
14.24,7,32.95,0,1,2472,0.1405,0
16.33,23,50.9,0,3,2576,0.18,0
220.82,8,22.97,0,1,1827,0.2403,0
78.13,3,-999.0,0,2,2215,0.2512,0
147.57,19,8.58,0,3,1772,0.1305,0
146.08,16,14.55,0,4,1359,0.2614,0
95.79,15,24.44,0,0,1356,0.1608,0
31.63,5,36.2,0,3,640,0.3282,0
23.44,3,8.72,0,4,2930,0.1909,0
67.11,4,34.77,0,2,1289,0.2561,0
67.39,7,8.42,1,5,1463,0.2882,0
115.94,20,4.19,0,4,2149,0.0845,0
434.94,3,10.39,0,4,239,0.1407,0
52.12,4,12.9,0,1,1962,0.4358,0
45.96,2,33.32,0,1,1603,0.6329,0
21.79,12,21.18,1,0,1579,0.4041,0
27.42,12,14.33,0,2,2965,0.2508,0
108.7,12,44.56,0,2,772,0.3688,1
211.89,21,-999.0,0,4,668,0.0561,0
65.6,23,66.04,0,1,628,0.2376,0
90.51,6,-999.0,0,5,382,0.2293,0
8.65,22,14.04,0,2,186,0.1399,0
31.24,8,9.84,0,7,2627,0.0721,0
92.91,22,29.84,0,3,251,0.213,0
99.23,6,18.97,0,5,41,0.2006,0
67.14,0,17.27,0,5,808,0.2057,0
24.53,20,6.99,0,5,777,0.134,0
17.44,22,9.38,1,2,2206,0.1176,0
71.06,21,3.81,0,4,1549,0.1822,0
30.37,10,23.55,0,3,2713,0.1865,0
86.42,15,4.37,0,5,2431,0.027,0
40.7,3,23.93,0,6,157,0.0385,0
155.21,21,27.54,0,2,2810,0.3839,0
90.61,23,18.11,0,2,1210,0.1031,0
41.94,6,26.81,0,1,2518,0.1606,0
105.4,4,2.27,0,3,1358,0.1666,0
29.54,4,10.62,0,1,2585,0.1793,0
30.32,11,9.35,0,3,712,0.2873,0
16.38,14,27.92,1,3,818,0.1073,0
7.19,16,22.48,0,3,1676,0.1204,0
49.39,10,5.94,1,4,2403,0.204,0
17.71,7,4.76,0,2,2933,0.033,0
100.19,14,32.4,0,5,255,0.1656,0
30.39,16,17.43,0,4,846,0.1617,0
20.55,23,9.24,0,0,2346,0.0256,0
85.07,16,26.19,0,6,1375,0.2563,0
235.83,3,22.06,0,1,2208,0.0762,0
157.42,1,50.56,0,1,704,0.1532,0
58.55,6,7.37,0,2,570,0.2534,0
129.06,22,19.25,0,3,1060,0.0932,0
18.25,22,15.89,0,5,337,0.1779,0
19.87,15,13.65,0,2,556,0.0997,0
30.7,1,41.76,0,7,146,0.1149,0
96.39,19,14.8,0,1,759,0.1233,0
114.13,21,3.23,0,4,2594,0.0601,0
18.38,7,53.1,0,3,1781,0.1388,0
72.68,8,15.49,0,4,2162,0.2786,0
59.19,13,13.47,0,4,991,0.1332,0
56.82,6,25.62,0,3,2301,0.057,0
80.59,1,3.63,0,3,275,0.3842,0
192.06,22,9.42,0,5,825,0.3852,0
4.66,9,48.12,0,3,2618,0.1795,0
61.2,3,6.15,0,1,919,0.4109,0
14.02,0,15.54,0,1,2051,0.2238,0
95.41,18,23.58,0,4,981,0.2194,0
18.86,18,-999.0,0,3,1908,0.2171,0
73.78,11,26.06,0,2,1968,0.1018,0
60.76,22,13.48,0,3,2330,0.0342,0
145.9,19,46.57,0,3,1515,0.1144,0
7.49,4,-999.0,0,4,2419,0.1388,0
16.05,3,44.61,0,1,1726,0.2401,0
13.95,11,41.52,0,1,1406,0.0865,0
188.46,17,12.1,0,2,2046,0.431,0
31.46,19,39.77,0,3,2694,0.4533,0
71.06,23,15.78,0,8,61,0.059,0
38.28,14,34.84,0,3,2186,0.1051,0
251.34,14,-999.0,0,2,876,0.4124,0
87.04,4,6.72,0,2,1150,0.1176,0
30.07,17,-999.0,0,4,123,0.036,0
16.02,5,25.87,0,1,1703,0.1472,0
44.74,0,108.6,0,6,1693,0.247,0
16.87,16,34.09,0,2,1701,0.1924,0
26.41,6,16.38,0,5,260,0.2249,0
28.05,15,11.6,0,4,538,0.2635,0
227.33,4,12.1,0,4,1927,0.1084,0
131.48,16,50.19,0,5,595,0.0927,0
41.93,14,30.38,0,5,1741,0.2119,0
54.84,6,-999.0,0,4,1586,0.1586,0
14.82,12,10.18,1,1,1159,0.2172,0
27.62,13,31.87,0,2,2864,0.1939,0
58.91,7,32.02,0,2,1843,0.3186,0
49.56,19,8.47,0,2,971,0.1119,0
24.75,10,21.95,0,6,119,0.141,0
5.81,20,13.06,0,0,1380,0.4781,0
62.72,21,4.9,0,0,2532,0.2137,0
147.44,3,18.09,0,1,246,0.0469,0
121.39,5,-999.0,0,2,2005,0.063,0
68.04,14,3.18,0,2,453,0.1282,0
81.14,22,66.08,0,3,263,0.189,0
16.59,13,12.04,0,3,2950,0.1484,0
116.41,11,28.13,0,3,1431,0.4685,0
443.97,5,90.28,1,6,937,0.1959,0
62.86,3,16.39,0,2,121,0.048,0
111.65,7,4.78,0,3,744,0.3137,0
34.13,4,25.81,0,2,2332,0.1697,0
24.24,17,31.58,1,5,2032,0.4917,0
7.91,16,20.23,0,6,338,0.0868,0
39.74,2,40.52,0,2,1508,0.485,0
19.82,23,15.2,0,4,2473,0.2092,0
29.1,14,3.16,0,7,2617,0.5713,0
36.27,20,27.39,1,3,2476,0.0314,0
6.15,12,11.68,0,5,1342,0.3763,0
47.52,18,16.0,0,2,1345,0.3,0
59.99,22,15.52,0,0,1862,0.2598,0
71.64,3,62.35,0,4,2269,0.1594,0
108.46,15,3.62,0,1,2975,0.1344,0
47.8,15,19.11,1,6,1915,0.2761,0
36.44,17,10.55,0,5,1129,0.1387,0
360.67,22,17.37,0,4,2254,0.4633,0
28.1,16,15.25,0,4,1164,0.3459,0
45.55,15,14.54,0,4,895,0.3318,0
46.67,14,4.45,1,0,401,0.1092,0
12.65,16,52.0,0,5,1574,0.3645,0
75.9,7,30.85,0,7,2009,0.1672,0
113.8,13,19.86,0,8,2644,0.1462,0
177.94,12,4.02,0,5,325,0.4306,0
57.17,12,-999.0,0,1,2255,0.524,0
18.62,19,42.1,0,1,2715,0.1953,0
116.29,23,15.98,1,7,2078,0.2458,0
19.96,1,0.32,0,0,554,0.2288,0
9.7,0,25.95,0,3,1909,0.1737,0
24.56,9,9.02,1,2,1803,0.1414,0
129.89,3,12.0,0,3,83,0.0718,0
3.29,19,3.47,0,1,434,0.0891,0
137.62,8,7.52,0,1,1700,0.1047,0
11.25,19,60.98,1,3,2018,0.3037,0
345.29,4,33.29,0,4,1569,0.1289,0
170.73,0,12.67,0,4,1949,0.3825,0
15.36,4,1.69,0,1,1022,0.1667,0
181.18,6,15.97,0,2,2154,0.2095,0
108.53,2,8.37,0,2,2975,0.1817,0
68.24,3,4.29,0,0,2428,0.1646,0
139.26,15,18.07,0,6,2528,0.3106,0
47.3,16,16.21,0,1,1648,0.3738,0
16.8,9,11.11,0,3,59,0.3946,0
140.4,5,11.84,0,2,1826,0.1814,0
16.48,4,10.23,0,4,456,0.3277,0
4.71,7,68.53,0,1,344,0.0619,0
14.47,22,31.41,0,3,1625,0.3939,0
45.32,21,30.85,0,3,811,0.0832,0
25.55,6,9.03,0,3,2786,0.234,0
115.3,2,2.2,1,2,44,0.0129,0
12.7,14,-999.0,0,3,2584,0.3379,0
37.91,5,54.16,0,2,221,0.1634,0
82.86,16,3.78,0,4,709,0.2235,0
82.95,3,10.23,0,3,1844,0.1845,0
47.91,1,12.18,0,3,2416,0.3219,0
33.86,0,0.18,0,3,2794,0.1837,0
41.54,17,13.49,0,3,2352,0.4634,0
16.52,2,40.72,0,2,2404,0.1479,0
31.6,9,14.32,0,3,1168,0.098,0
214.24,8,22.62,0,6,2388,0.3622,0
43.85,16,15.04,0,2,1718,0.2241,0
12.29,21,14.87,0,1,2495,0.1549,0
35.42,14,12.63,0,5,1673,0.0372,0
38.35,18,49.83,0,1,970,0.2375,0
303.75,4,30.0,0,4,159,0.0224,0
26.72,8,10.93,0,5,2888,0.3609,0
25.08,2,4.77,0,1,2905,0.2567,0
16.07,1,3.18,0,3,2681,0.2364,0
46.24,2,1.18,0,3,44,0.2128,0
257.85,5,4.05,0,4,2100,0.1713,0
42.7,18,16.86,0,0,472,0.3264,0
68.9,15,2.98,0,3,1172,0.286,0
41.66,8,34.33,1,5,1579,0.3134,0
14.38,17,88.01,0,6,2340,0.1267,0
40.91,4,3.18,0,6,970,0.3248,0
104.78,13,10.16,0,5,1027,0.0383,0
225.68,6,22.43,1,1,1672,0.0229,0
111.9,16,14.03,1,4,2485,0.2869,0
37.97,15,31.25,0,5,334,0.0417,0
37.59,7,6.97,0,3,64,0.1615,0
121.77,13,3.09,0,7,2078,0.2706,0
8.32,7,48.75,0,2,1532,0.2658,0
46.84,4,25.53,1,2,1309,0.138,0
33.31,18,29.65,0,6,2299,0.1326,0
86.37,0,13.19,0,4,2301,0.185,0
93.66,0,62.02,0,1,1743,0.4586,1
203.97,19,17.19,0,1,2419,0.1543,0
112.6,21,0.96,0,7,319,0.0355,0
98.25,16,23.92,0,3,2578,0.2244,0
344.94,16,6.41,0,3,786,0.0744,0
152.4,14,96.98,0,2,2101,0.2525,0
20.18,4,3.29,0,4,34,0.2774,0
7.2,11,19.25,0,1,2775,0.2112,0
29.07,7,0.26,0,2,2579,0.3018,0
47.81,22,72.24,0,5,1937,0.0831,0
57.89,2,15.79,0,3,1561,0.4582,0
4.67,9,22.6,0,2,633,0.2549,0
30.14,3,14.12,0,1,2439,0.2826,0
57.24,6,14.26,0,0,2368,0.1494,0
23.05,23,36.81,0,1,2359,0.2727,0
108.27,21,59.92,0,3,2492,0.1184,0
149.16,10,20.23,1,3,293,0.1446,0
67.05,8,45.86,0,3,1266,0.0353,0
17.41,5,47.61,0,3,1972,0.2067,0
42.99,3,21.13,0,2,714,0.136,0
159.27,22,19.81,0,4,1822,0.284,0
27.04,12,4.52,0,3,752,0.1082,0
102.32,20,38.04,0,4,2520,0.3126,0
97.63,12,2.6,0,2,2483,0.2509,0
79.63,1,26.96,1,3,1653,0.282,0
24.24,13,-999.0,0,1,2797,0.491,0
195.91,10,-999.0,0,2,2503,0.144,0
51.1,6,24.18,0,5,2445,0.1667,0
50.12,2,24.48,0,5,2304,0.2711,0
12.79,17,13.88,1,3,2943,0.1029,0
24.13,13,16.54,0,6,2897,0.3041,0
46.14,2,32.17,0,3,2225,0.0881,0
39.86,20,29.6,0,0,2382,0.0744,0
54.07,12,5.18,0,4,1668,0.1374,0
81.96,2,14.93,0,1,2050,0.0683,0
22.31,20,38.71,0,1,2523,0.0962,0
62.35,1,14.93,0,5,384,0.1432,0
37.59,20,11.18,0,0,1644,0.3108,0
223.04,22,18.95,0,2,102,0.1808,0
33.4,6,-999.0,0,3,660,0.3683,0
16.03,18,15.94,0,4,1348,0.1551,0
15.1,23,15.06,0,3,93,0.0887,0
679.03,15,19.9,0,5,2467,0.122,0
131.81,15,5.8,0,4,116,0.3055,0
45.93,21,2.68,0,2,1667,0.1557,0
5.34,3,21.04,0,2,384,0.2085,0
21.01,1,14.04,1,1,814,0.144,0
35.46,17,16.09,0,3,455,0.2343,0
27.6,2,22.37,0,4,1266,0.0879,0
179.27,23,16.1,0,3,2997,0.1146,0
29.68,23,15.67,0,3,1480,0.1222,0
90.3,4,23.07,0,6,2489,0.1371,0
53.75,9,18.38,1,3,2176,0.1192,0
6.68,1,5.08,0,3,1142,0.117,0
164.77,18,38.35,1,2,1420,0.2056,0
14.24,21,13.69,0,4,519,0.2391,0
52.51,6,36.64,0,5,30,0.2868,0
146.24,5,14.91,0,3,1193,0.3071,0
57.41,13,15.85,0,1,695,0.1541,0
144.63,17,9.11,0,2,252,0.2967,0
272.83,15,3.88,0,5,2652,0.3057,0
302.39,9,29.83,0,2,1342,0.0838,0
238.84,22,28.51,0,3,1189,0.0641,0
6.66,23,1.73,0,6,2292,0.064,0
27.41,15,4.3,0,3,2402,0.2721,0
151.87,8,37.52,0,2,460,0.1336,0
7.07,23,25.07,0,2,1159,0.1868,0
11.34,16,25.69,0,3,2689,0.1573,0
78.74,0,-999.0,0,0,1922,0.048,0
95.93,13,36.62,1,5,2248,0.057,0
39.02,10,44.92,0,5,1588,0.2891,0
13.83,5,10.46,0,4,2692,0.1481,0
42.14,12,11.24,0,2,2827,0.5278,0
85.4,14,13.1,1,6,2025,0.1119,0
10.2,13,33.05,0,3,201,0.3106,0
25.43,9,32.77,0,2,2355,0.1193,0
79.16,3,49.6,1,1,1220,0.4718,0
75.85,16,2.44,0,3,726,0.0854,0
57.32,2,6.91,0,2,381,0.0103,0
45.73,5,2.0,0,1,37,0.1229,1
15.56,0,94.11,0,0,1056,0.1016,0
16.15,15,33.94,0,4,2798,0.4763,0
18.4,18,80.73,0,2,2619,0.1454,0
39.32,0,24.42,0,1,376,0.298,0
19.69,19,26.83,0,0,1726,0.0765,0
48.09,14,10.69,0,3,2971,0.3302,0
30.82,0,11.63,0,3,1089,0.1777,0
75.78,20,34.05,0,2,336,0.3743,0
26.02,4,2.54,0,3,2539,0.3898,0
42.88,11,20.21,1,3,2047,0.1124,0
52.99,5,28.36,0,1,2110,0.2233,0
15.78,22,2.11,0,3,2129,0.0296,0
104.42,2,22.17,0,3,2403,0.5032,0
12.78,6,78.0,0,4,2287,0.0457,0
24.44,21,17.76,0,0,1485,0.3954,0
25.44,1,37.71,0,2,2463,0.2912,0
164.57,22,11.06,0,3,2873,0.0946,0
29.37,4,7.99,0,2,268,0.2563,0
28.66,20,11.83,0,2,781,0.2177,0
69.24,6,30.98,0,2,1480,0.298,0
5.87,1,22.46,0,4,461,0.0553,0
52.49,13,11.8,0,1,1740,0.2049,0
189.85,20,10.77,0,2,749,0.1136,0
79.14,18,11.28,0,3,2110,0.295,0
78.49,21,24.8,0,2,444,0.1837,0
35.4,12,44.51,0,4,1975,0.1692,0
43.24,2,21.79,0,4,442,0.1894,0
18.29,5,39.78,0,3,2440,0.1105,0
41.55,8,30.55,0,2,403,0.0375,0
12.55,0,19.57,0,3,2326,0.0647,0
70.0,0,3.33,0,7,1794,0.0765,0
26.57,1,13.18,0,3,2741,0.2399,0
198.12,15,49.51,0,4,1005,0.0535,0
379.89,0,14.07,0,2,398,0.179,0
11.15,23,61.49,0,2,750,0.0329,0
13.21,18,-999.0,0,4,1573,0.1089,0
65.05,22,1.94,0,1,244,0.2496,0
33.99,15,6.86,0,3,199,0.0372,0
122.27,22,2.06,0,2,511,0.1799,0
55.03,2,36.93,0,3,292,0.0468,0
4.46,3,15.94,0,1,1606,0.2878,0
30.21,20,5.87,0,6,2563,0.172,0
172.32,23,4.07,0,4,1249,0.4651,0
34.41,14,8.39,0,2,2829,0.3545,0
38.68,22,12.27,0,4,928,0.1835,0
40.67,8,15.08,0,2,790,0.204,0
84.99,21,21.45,0,4,2500,0.0752,0
138.27,19,28.71,0,2,861,0.4836,0
69.29,17,4.61,0,1,991,0.0911,0
130.16,19,12.75,0,6,292,0.2239,0
13.94,14,6.57,0,1,1221,0.4559,0
54.13,21,21.76,0,2,414,0.5638,0
16.68,20,9.24,1,3,366,0.0997,0
45.16,23,12.92,1,3,2105,0.0897,0
59.93,19,4.46,0,0,1531,0.1994,0
22.34,2,8.34,0,3,1552,0.076,0
161.87,2,31.47,0,4,2033,0.2042,0
121.3,7,19.51,0,6,1948,0.1667,0
33.03,20,53.68,0,2,1335,0.2298,0
23.98,11,45.86,0,2,2747,0.1485,0
7.13,13,2.48,1,1,2407,0.4752,0
20.78,9,8.02,0,0,881,0.0695,0
96.16,9,26.77,0,2,2977,0.0715,0
20.17,10,5.56,0,1,1902,0.1334,0
9.52,5,26.97,0,2,2605,0.2264,0
143.06,19,4.44,0,2,2988,0.2773,0
49.8,20,61.28,0,1,1417,0.1978,0
100.86,16,56.17,0,2,1402,0.0764,0
31.24,7,42.27,0,3,2227,0.2183,0
44.62,15,6.6,0,1,575,0.3475,0
58.74,2,48.16,0,2,1357,0.2149,0
126.41,5,17.21,0,5,2073,0.0737,0
372.25,10,30.19,0,2,624,0.3847,0
45.58,22,21.87,0,5,505,0.204,0
30.77,19,10.83,0,0,410,0.1889,0
29.71,7,25.23,0,5,1259,0.1192,0
90.85,13,14.66,1,3,2282,0.2941,0
18.35,20,34.12,0,2,220,0.0807,0
230.44,23,88.56,0,0,519,0.1203,0
63.25,16,69.17,0,3,2362,0.1408,0
11.38,23,5.44,0,2,2141,0.3499,0
20.65,22,8.63,0,4,882,0.2211,0
32.25,9,50.35,0,2,547,0.2045,0
58.78,5,2.55,0,5,1380,0.3479,0
32.21,19,14.08,0,1,2613,0.1217,0
58.79,13,16.41,0,3,2678,0.5548,0
57.15,14,20.78,0,3,2379,0.4279,0
70.36,5,62.12,0,3,2638,0.1834,0
32.88,5,18.92,0,5,1506,0.3135,0
120.25,9,12.83,1,1,2413,0.2345,0
8.94,4,4.8,0,3,2611,0.2145,0
18.67,19,4.93,0,2,2680,0.2472,0
205.95,18,20.53,0,4,1274,0.0245,0
41.64,23,4.12,0,2,1025,0.0593,0
72.78,16,19.6,0,3,2695,0.0704,0
28.88,3,5.37,0,2,1972,0.2242,0
22.17,2,5.35,0,2,1592,0.1792,0
17.47,12,12.09,0,2,2563,0.0618,0
28.34,9,22.69,0,4,1835,0.1256,0
69.16,22,3.77,0,5,2221,0.2259,0
316.91,0,6.32,0,3,301,0.0735,0
41.45,11,24.08,0,5,2407,0.2088,0
143.09,0,21.95,0,5,2217,0.5361,0
221.85,6,16.86,0,1,722,0.1518,0
47.99,23,18.31,0,3,2778,0.0845,0
16.23,11,-999.0,0,5,2250,0.1849,0
64.36,11,10.41,0,2,1649,0.2095,0
80.25,4,-999.0,0,5,2915,0.1864,0
168.02,8,6.67,0,2,639,0.2499,0
26.4,21,15.37,0,6,151,0.0572,0
35.2,21,9.94,0,6,2247,0.0194,0
26.94,18,8.18,0,3,275,0.1842,0
12.74,22,33.67,0,3,1705,0.031,0
10.46,22,0.74,0,6,2089,0.0867,0
18.92,13,53.13,0,1,494,0.0857,0
44.6,6,6.13,0,3,924,0.1026,0
104.85,6,-999.0,0,3,2606,0.1372,0
85.44,22,38.3,0,5,1694,0.2299,0
24.48,20,15.07,0,2,1981,0.1037,0
21.59,3,2.03,0,1,1491,0.079,0
92.26,6,5.38,0,3,377,0.3407,0
10.93,15,3.6,0,3,1507,0.6176,0
5.92,17,-999.0,0,2,299,0.3109,0
74.2,19,25.0,0,4,543,0.0997,0
30.79,2,48.32,0,6,1932,0.1031,0
55.14,9,-999.0,0,2,1890,0.077,0
53.16,20,24.25,0,1,1152,0.0596,0
44.36,12,1.63,0,4,309,0.1374,0
40.16,21,-999.0,0,2,2428,0.1631,0
7.95,15,10.12,0,2,2569,0.2773,0
74.25,21,23.76,0,2,1996,0.1563,0
91.69,21,7.81,0,4,2088,0.0526,0
35.14,19,9.36,1,5,2157,0.1968,0
515.68,2,33.7,0,2,379,0.0447,0
208.3,0,9.91,0,3,1176,0.166,0
8.43,6,25.12,0,0,2679,0.1427,0
171.47,6,11.2,0,3,2231,0.311,0
113.61,19,8.54,0,2,20,0.6185,0
80.98,13,14.5,0,2,1533,0.1281,0
34.59,19,-999.0,0,6,2138,0.187,0
34.83,8,40.32,0,3,2238,0.3317,0
9.69,7,28.33,0,2,897,0.1063,0
24.34,5,16.34,0,1,1345,0.1092,0
35.67,1,42.63,0,4,777,0.1791,1
88.49,23,26.41,0,2,865,0.0157,0
88.87,14,-999.0,0,1,2545,0.3289,0
172.12,9,13.47,0,3,1373,0.2164,0
43.96,6,31.71,0,2,2347,0.1878,0
44.22,14,55.27,0,5,297,0.3095,0
81.05,9,23.46,0,3,1374,0.166,0
25.87,20,-999.0,0,3,665,0.1254,0
15.39,11,4.45,0,5,2432,0.0598,0
29.3,16,13.3,0,2,1115,0.2004,0
14.16,0,9.41,0,5,1340,0.1154,0
25.16,16,7.96,0,3,53,0.0821,0
28.07,12,21.57,0,1,1313,0.076,0
289.03,11,21.61,0,3,2949,0.1127,0
71.79,20,7.8,0,3,2397,0.1767,0
64.67,14,13.25,0,1,1527,0.2448,0
28.89,9,3.94,0,1,57,0.2792,0
13.8,21,21.92,0,3,268,0.1054,0
425.95,11,-999.0,0,3,2988,0.4004,0
49.32,19,49.36,0,0,1689,0.2682,0
39.9,15,29.84,0,5,665,0.3475,0
96.18,10,10.87,0,3,2036,0.2016,0
49.37,6,27.73,0,3,928,0.2484,0
56.41,13,7.83,0,1,1050,0.2424,0
112.12,15,6.24,0,1,186,0.0689,0
47.52,15,8.97,0,4,2856,0.1065,0
9.53,5,73.2,0,2,113,0.3365,0
75.64,17,3.88,0,3,2752,0.0255,0
19.31,1,6.55,0,3,2346,0.128,0
98.22,22,10.12,0,2,2366,0.4686,0
28.28,11,41.08,0,3,2654,0.1523,0
61.13,4,2.2,0,0,458,0.3461,0
113.08,12,22.26,0,5,2127,0.2899,0
10.3,17,21.43,0,3,78,0.1681,0
179.36,20,15.96,0,1,798,0.0598,0
18.18,17,2.83,0,5,335,0.3499,0
41.16,19,23.22,0,5,1653,0.1065,0
79.29,14,48.85,0,3,1184,0.3194,0
25.75,3,43.74,0,1,1923,0.1952,0
23.64,0,4.83,0,1,2005,0.1296,0
22.88,7,33.95,0,0,2374,0.1705,0
34.87,8,38.53,0,3,2819,0.1973,0
96.91,13,22.43,0,1,2858,0.3452,0
15.42,13,12.77,0,2,903,0.3455,0
12.75,19,26.45,0,7,2505,0.4355,0
6.26,4,16.35,0,1,1904,0.1319,0
11.33,0,5.49,0,3,77,0.3928,0
80.56,19,17.2,0,4,2037,0.0894,0
27.42,21,21.85,0,2,2756,0.2571,0
13.28,10,6.94,0,3,1978,0.3924,0
21.98,19,24.13,0,3,167,0.0329,0
458.8,17,32.44,0,2,800,0.1955,0
38.67,8,15.99,0,0,320,0.2867,0
41.55,16,17.0,0,3,848,0.0746,0
19.23,19,25.17,0,1,1321,0.3948,0
22.83,5,3.78,0,4,960,0.2214,0
48.08,8,14.53,0,0,942,0.2221,0
21.8,8,9.33,0,2,1893,0.2993,0
62.3,5,36.86,0,4,856,0.2039,0
54.08,14,26.77,0,5,422,0.4019,0
54.55,8,27.55,0,4,2177,0.2254,0
54.78,1,36.42,0,2,1431,0.1665,0
16.18,21,14.0,0,1,2263,0.2223,0
66.3,10,10.92,0,4,1969,0.2252,0
32.49,17,16.7,0,2,1111,0.3241,0
31.84,12,4.88,0,6,738,0.2589,0
118.28,13,28.79,0,3,314,0.1174,0
111.74,18,24.09,1,2,2520,0.0799,0
43.81,23,44.15,0,3,2985,0.093,0
121.33,0,4.21,0,0,2370,0.0744,0
38.35,21,1.0,0,4,1923,0.1109,0
32.82,7,21.99,0,2,2572,0.3303,0
52.58,9,3.53,0,3,895,0.0462,0
278.73,1,19.43,0,5,2024,0.1489,0
14.16,8,27.45,0,2,2421,0.4637,0
64.73,13,29.42,1,2,425,0.1598,0
182.84,8,14.28,0,4,1813,0.2598,0
25.17,8,34.54,1,4,2922,0.1887,0
23.26,4,10.59,0,3,2118,0.3274,0
268.29,0,1.64,1,5,1990,0.1832,0
88.82,4,8.3,0,2,2914,0.3312,0
95.87,11,1.32,0,5,1080,0.1316,0
40.68,12,37.98,0,3,1152,0.1818,0
35.44,15,6.91,0,5,2459,0.1573,0
45.32,17,7.02,0,4,1018,0.3968,0
25.45,18,0.38,0,2,2101,0.1488,0
149.98,22,23.72,0,3,2960,0.1565,0
12.26,11,34.18,0,0,2243,0.1251,0
19.27,20,11.39,0,0,675,0.0772,0
18.29,20,-999.0,0,5,2277,0.1491,0
13.43,23,-999.0,1,4,2723,0.3742,0
46.73,12,6.22,0,2,67,0.1498,0
34.84,17,2.27,0,2,416,0.2172,0
287.11,3,39.79,0,7,714,0.0998,0
93.2,4,52.04,0,0,1832,0.0547,0
152.22,14,15.34,1,4,1245,0.1455,1
9.46,4,19.58,0,1,2156,0.2271,0
77.55,14,20.26,0,3,1268,0.0163,0
37.39,23,13.04,0,3,541,0.1798,0
21.44,7,10.97,1,2,1778,0.0813,0
32.29,1,25.86,0,2,2202,0.2396,0
43.8,17,-999.0,0,2,1037,0.1424,0
65.2,9,5.5,0,5,841,0.3235,0
20.8,15,39.09,0,3,2175,0.3389,0
9.24,20,31.84,0,2,87,0.1255,0
17.8,22,7.77,0,2,728,0.2406,0
155.7,9,18.32,0,1,689,0.3257,0
11.02,15,11.97,0,4,65,0.025,0
73.41,6,18.63,0,0,1732,0.3517,0
29.56,9,1.78,0,1,238,0.1061,0
33.88,9,8.9,0,2,2414,0.2259,0
640.54,5,20.86,0,6,360,0.2618,0
320.22,13,19.39,0,4,2811,0.2102,0
14.53,14,28.86,0,2,214,0.0797,0
237.68,12,15.17,0,5,269,0.1082,0
45.95,11,12.92,0,4,1078,0.269,0
545.92,0,-999.0,0,4,1633,0.0757,0
15.35,18,5.14,0,3,2439,0.1034,0
48.63,21,68.84,0,5,2457,0.1148,0
364.26,16,22.12,0,1,313,0.2399,0
14.23,11,23.55,0,6,2729,0.0769,0
27.12,22,10.52,0,1,1149,0.1364,0
55.31,8,28.75,0,2,386,0.2732,0
15.93,12,15.89,0,4,2836,0.4595,0
56.06,11,47.4,0,2,2139,0.0847,0
138.27,9,16.96,0,4,2116,0.0497,0
72.95,15,3.43,1,5,2374,0.1937,0
80.12,22,8.04,0,3,949,0.2051,0
6.76,14,39.96,0,3,648,0.0632,0
26.72,0,41.27,0,5,2002,0.434,0
16.31,5,7.65,0,3,363,0.3623,0
50.84,1,15.24,0,1,1892,0.2307,0
27.67,10,25.72,0,3,1062,0.3009,0
57.35,8,-999.0,0,3,1022,0.2642,0
20.01,23,19.24,0,6,2766,0.1584,0
58.89,17,2.52,1,1,1087,0.0539,0
14.75,18,32.58,1,4,1186,0.1205,0
94.25,8,31.1,0,4,2764,0.1752,0
111.52,14,15.98,0,5,2443,0.1545,0
31.58,14,14.33,0,3,2277,0.5245,0
244.42,4,7.21,1,5,303,0.3202,0
6.61,0,42.92,0,3,1754,0.0874,0
92.8,17,-999.0,0,3,2283,0.1686,0
39.39,11,14.45,0,4,890,0.0502,0
58.9,0,28.98,0,1,1930,0.393,0
40.19,13,17.18,1,3,1938,0.0672,0
116.18,1,43.8,0,1,233,0.1544,0
88.36,3,38.53,0,4,736,0.1208,0
69.17,7,6.71,0,3,2965,0.3108,0
43.05,6,27.0,0,3,1217,0.1554,0
86.41,9,15.96,0,2,109,0.1543,0
14.65,12,15.63,0,3,999,0.2846,0
100.98,3,25.93,0,0,2034,0.3067,0
22.06,7,12.87,0,2,290,0.4162,0
19.2,18,16.32,0,3,895,0.0728,0
30.17,4,3.31,0,3,2994,0.2337,0
26.8,7,5.39,0,4,187,0.3663,0
169.75,12,25.73,0,3,2009,0.2849,0
44.76,1,25.97,0,1,1451,0.1062,0
6.99,5,10.61,0,5,981,0.1573,0
26.79,9,25.27,0,4,1526,0.3687,0
43.28,5,8.51,0,4,2996,0.4961,0
11.17,20,8.66,0,4,510,0.2322,0
14.44,9,57.53,0,2,1705,0.0613,0
245.24,20,30.43,0,1,712,0.2677,0
60.61,14,24.75,0,2,1280,0.0405,0
59.22,4,13.11,0,2,2154,0.0519,0
37.53,2,11.65,0,2,1905,0.1523,0
26.22,3,68.36,0,2,2619,0.2178,0
82.99,13,2.54,0,4,1197,0.0992,0
162.87,9,6.35,0,4,1837,0.1236,0
1.83,15,36.8,0,2,1702,0.3685,0
32.33,15,-999.0,0,4,68,0.0663,0
13.04,1,6.19,0,2,842,0.1344,0
54.44,13,7.69,0,0,684,0.1759,0
104.63,10,11.6,0,1,2433,0.0301,0
36.83,21,10.56,0,6,2865,0.2055,0
37.35,4,27.21,1,1,1630,0.1145,0
9.76,0,8.99,0,4,1600,0.251,0
47.98,19,14.62,0,4,2867,0.1933,0
184.61,18,41.2,0,1,445,0.1313,0
378.02,5,35.26,0,2,2139,0.228,0
29.82,15,8.9,0,4,696,0.3673,0
310.82,13,16.28,0,1,1989,0.1944,0
15.37,1,11.87,1,3,2502,0.2639,0
14.66,23,8.25,0,0,498,0.2415,0
38.28,10,30.39,0,5,282,0.0704,0
37.84,17,24.86,0,2,2919,0.036,0
227.75,23,2.82,0,7,132,0.0775,0
23.17,15,30.95,0,1,519,0.2196,0
23.18,7,8.77,1,2,1377,0.3827,0
54.04,11,20.93,0,4,1474,0.0994,0
34.36,9,16.34,0,1,2327,0.0703,0
40.88,12,23.44,1,3,585,0.1004,0
286.61,15,27.52,0,2,2413,0.2735,0
16.37,7,3.25,0,1,2750,0.0402,0
21.36,10,-999.0,0,5,1610,0.2534,0
30.22,19,18.7,0,2,1514,0.0893,0
12.87,23,-999.0,0,5,1310,0.5406,0
40.83,12,91.15,0,3,1918,0.3213,0
7.05,13,13.62,1,2,866,0.0775,0
423.13,6,12.74,0,1,734,0.3489,0
38.03,0,12.01,0,10,1044,0.1287,0
106.49,16,12.01,1,2,1400,0.0634,0
11.11,18,22.55,0,5,573,0.1787,1
48.31,8,19.11,1,3,2115,0.2369,0
157.97,12,7.85,0,1,2752,0.2286,0
25.71,8,31.81,0,0,2583,0.3232,0
115.67,17,22.57,0,3,2805,0.213,0
60.3,3,21.46,0,2,1013,0.0912,0
3.87,2,49.55,0,3,1101,0.1051,0
34.25,8,43.58,0,1,1459,0.0423,0
38.91,20,34.26,0,4,2597,0.3497,0
83.53,7,26.42,0,4,1176,0.0642,0
278.37,16,48.87,0,1,2452,0.0825,0
137.49,7,16.68,0,1,1020,0.1494,0
31.55,11,31.07,0,6,27,0.008,0
59.93,6,17.18,0,4,2038,0.0639,0
65.22,15,15.02,1,3,2730,0.1509,0
113.48,7,52.32,0,5,1440,0.3323,1
64.27,19,26.0,0,3,668,0.1353,0
293.74,21,7.53,1,1,1435,0.0187,0
34.27,14,25.3,1,3,420,0.2277,0
31.08,5,29.63,0,1,2264,0.0602,0
39.92,2,3.3,0,3,766,0.3328,0
103.06,19,20.86,0,3,1604,0.0577,0
200.14,19,20.92,1,7,55,0.2629,0
292.0,11,12.45,0,1,1796,0.2672,0
346.83,5,39.64,0,5,1554,0.0749,0
29.66,15,76.72,0,4,2345,0.3592,0
69.21,19,35.43,0,4,1162,0.3186,0
28.61,8,9.56,0,5,2731,0.1785,0
34.5,9,49.3,0,3,2899,0.0119,0
51.99,18,20.49,0,6,2737,0.0293,0
43.48,7,40.12,0,5,1458,0.0225,0
11.81,1,45.39,0,1,2559,0.117,0
89.51,12,-999.0,0,4,2495,0.1802,0
10.61,5,25.28,0,6,1103,0.0376,0
29.18,20,62.43,0,3,2032,0.1262,0
79.18,10,35.43,0,6,396,0.171,0
89.1,23,9.83,0,3,1608,0.1596,0
66.67,21,10.0,0,2,979,0.4788,0
72.22,18,20.2,0,2,1587,0.0037,0
181.06,16,89.39,0,1,2411,0.0625,0
69.4,12,40.95,0,2,722,0.2929,0
11.67,18,5.72,0,2,2335,0.0702,0
13.5,20,4.58,0,2,713,0.2238,0
16.31,3,60.46,0,3,2960,0.0863,0
236.05,14,9.44,0,3,1870,0.1216,0
134.0,1,37.04,0,1,2120,0.205,0
67.44,11,29.16,0,0,1633,0.1706,0
13.35,2,9.87,0,1,2343,0.1162,0
169.32,9,15.57,0,6,551,0.0808,0
26.61,15,21.21,0,3,506,0.1561,0
7.63,11,12.32,0,3,729,0.268,0
55.3,8,25.62,0,4,2521,0.0776,0
23.63,14,20.74,0,2,1578,0.1657,0
37.22,10,1.88,0,3,2722,0.1239,0
9.33,23,13.84,0,4,1906,0.1511,0
38.17,5,19.84,0,3,2727,0.3329,0
11.4,19,5.5,0,4,1653,0.1368,0
69.91,6,18.73,0,2,2634,0.2098,0
34.42,21,7.26,0,4,1456,0.1005,0
54.26,6,28.51,0,2,573,0.2163,0
49.93,17,28.47,0,2,1426,0.178,0
48.46,13,3.6,0,5,956,0.1981,0
38.45,9,9.34,0,5,2647,0.2992,0
46.08,13,37.34,0,3,2207,0.1844,0
42.03,13,26.54,0,2,1981,0.1211,0
191.17,22,17.92,0,3,2401,0.2846,0
45.85,13,72.25,0,2,336,0.1318,0
318.91,16,16.36,0,1,1496,0.0871,0
83.56,15,19.06,0,4,2030,0.2701,0
15.75,15,15.41,0,3,149,0.0525,0
11.38,3,14.78,0,1,923,0.3622,0
160.38,8,10.16,0,2,2916,0.156,0
8.66,22,56.8,0,4,2107,0.0329,0
41.63,1,4.25,0,2,999,0.2857,0
93.72,18,27.81,1,2,420,0.129,0
79.33,10,15.4,0,3,591,0.2392,0
22.88,6,9.55,0,4,233,0.1248,0
37.38,12,23.12,0,2,2763,0.0134,0
88.89,0,10.8,0,1,981,0.1789,0
16.15,5,4.52,1,4,297,0.0999,0
53.39,16,11.06,0,1,2772,0.1924,0
30.84,14,-999.0,0,4,468,0.0808,0
201.05,12,-999.0,0,4,2372,0.1612,0
36.23,15,6.68,0,4,2750,0.0402,0
91.42,5,5.39,0,3,814,0.1458,0
136.75,12,33.67,0,5,184,0.5744,0
146.95,6,22.19,0,3,1493,0.2135,0
19.23,14,4.93,0,3,1433,0.0949,0
20.84,14,103.66,0,3,1873,0.0933,0
109.11,18,42.39,0,0,1930,0.289,0
12.1,20,40.67,0,4,858,0.0292,0
251.12,1,7.92,0,3,1203,0.286,0
22.4,9,46.02,0,4,448,0.3534,0
7.29,23,40.2,0,0,2220,0.3294,0
96.1,19,60.06,0,1,1168,0.3873,0
42.52,13,16.02,0,4,1903,0.1401,0
51.6,20,7.8,0,4,1676,0.1543,0
110.55,2,3.46,0,2,2100,0.4821,0
137.85,5,19.94,0,6,870,0.3645,0
64.93,19,11.47,0,1,1421,0.3468,0
20.31,6,2.05,0,3,857,0.291,0
29.21,19,10.81,0,2,437,0.0122,0
70.4,18,26.13,1,0,1136,0.2798,0
22.32,0,7.12,0,1,1359,0.1396,0
9.33,7,7.11,0,1,2313,0.3593,0
105.25,3,25.27,1,3,2915,0.3239,0
8.77,9,61.23,1,2,2925,0.2624,0
75.84,1,9.68,0,1,1487,0.2565,0
78.44,21,12.13,0,5,2502,0.1666,0
112.22,16,14.84,0,1,1558,0.0311,0
7.6,23,11.65,0,2,2991,0.2861,0
57.11,16,1.21,0,6,2537,0.2179,0
72.57,13,20.77,1,1,1927,0.1568,0
203.04,15,22.86,0,3,2539,0.1636,0
22.14,1,18.63,0,2,2337,0.1835,0
22.12,17,51.09,0,3,1585,0.256,0
8.44,22,6.97,0,4,1775,0.2829,0
201.43,10,56.74,1,3,2437,0.2366,1
6.51,15,14.78,0,2,2848,0.4978,0
52.7,7,31.98,1,4,2912,0.1825,0
14.63,22,28.9,0,1,2521,0.0567,0
45.05,18,23.75,0,2,2212,0.3659,0
476.97,8,34.74,0,5,1772,0.2498,0
109.04,18,88.48,0,6,2610,0.1786,0
36.96,23,24.57,0,4,1255,0.1675,0
48.74,20,28.63,0,3,114,0.1008,0
74.15,9,37.24,0,4,2457,0.2837,0
212.87,7,13.57,0,3,1458,0.2154,0
167.9,10,21.71,0,5,585,0.2123,0
64.3,6,26.36,0,5,994,0.2337,0
25.11,4,78.94,0,3,1323,0.097,0
129.97,13,44.44,0,6,2721,0.1625,0
5.12,13,18.44,0,2,2415,0.2899,0
55.71,20,16.23,0,3,1025,0.2232,0
7.24,18,20.66,0,2,904,0.2002,0
37.36,1,75.13,0,3,1315,0.477,0
111.48,5,15.35,0,4,1377,0.4771,0
28.7,16,13.76,0,4,2764,0.2792,0
19.06,18,17.22,0,8,940,0.1596,0
30.63,5,10.54,0,2,544,0.1817,0
65.06,14,70.83,0,3,2970,0.2399,0
198.35,7,15.13,0,2,2161,0.3724,0
629.99,7,5.73,0,2,2740,0.4488,1
103.59,0,6.74,0,2,1818,0.2323,0
32.21,13,19.64,0,0,723,0.2006,0
52.83,7,23.58,0,5,387,0.3576,1
12.05,12,-999.0,0,6,1232,0.3234,0
7.09,9,45.63,0,5,1974,0.2187,0
30.94,20,54.47,1,1,684,0.532,0
58.87,10,1.99,0,2,1624,0.07,0
173.34,2,18.46,0,1,2031,0.2301,0
51.36,11,10.93,0,4,2013,0.2045,0
60.58,17,10.84,0,1,2772,0.1124,0
13.19,22,27.13,0,4,940,0.1109,0
59.52,6,4.62,0,3,666,0.0395,0
18.39,20,15.87,0,1,2741,0.3431,0
42.53,5,10.04,0,3,1761,0.0536,0
18.2,11,6.47,0,1,2555,0.1703,0
101.74,3,25.56,0,5,1056,0.1526,0
12.6,13,32.94,0,4,2787,0.1474,0
28.35,14,45.27,0,4,287,0.2704,0
82.78,11,10.71,0,1,1387,0.0271,0
9.77,13,5.31,0,2,1882,0.5904,0
29.07,12,34.19,0,7,2945,0.0534,0
8.52,13,94.7,0,1,485,0.3968,0
158.56,4,11.88,0,3,1721,0.1835,0
180.99,10,13.18,1,1,139,0.0238,0
31.98,5,22.53,0,6,2642,0.0093,0
163.9,12,16.84,0,3,348,0.1752,0
16.14,11,6.25,0,4,886,0.2316,0
53.65,0,1.28,0,2,2994,0.1601,0
23.46,12,10.81,0,2,555,0.2043,0
10.82,21,1.88,0,1,1364,0.1989,0
38.59,10,15.0,0,7,2819,0.2456,0
69.83,10,19.29,0,3,1920,0.2623,0
78.65,4,10.58,0,3,2818,0.0856,0
49.43,9,13.94,0,4,715,0.1155,0
82.79,5,4.55,0,2,817,0.0373,0
22.66,5,4.98,0,3,172,0.2709,0
97.95,4,4.23,0,3,1466,0.1814,0
48.77,21,-999.0,0,0,2560,0.3192,0
28.4,7,14.06,0,4,878,0.1422,0
150.57,11,27.91,0,4,738,0.1658,0
682.99,13,29.53,0,6,2670,0.0661,0
54.43,9,16.0,0,4,2317,0.01,0
71.14,8,3.89,0,4,120,0.1157,0
40.61,5,10.22,0,3,2078,0.2238,0
10.51,6,6.87,1,3,272,0.2245,0
27.39,18,8.19,0,6,1614,0.297,0
177.46,9,31.5,0,3,1646,0.406,0
113.5,21,21.84,0,3,1115,0.146,0
15.42,19,10.62,1,1,218,0.1296,0
21.0,1,21.48,0,3,899,0.3443,0
4.7,6,7.62,0,1,2595,0.0355,0
19.37,18,9.08,0,3,263,0.0254,0
9.94,7,20.12,0,2,221,0.0556,0
83.99,15,11.07,0,1,879,0.2894,0
70.65,14,8.85,0,4,1911,0.2875,0
130.15,4,20.18,0,1,285,0.2031,0
51.8,15,26.75,0,4,83,0.2594,0
74.5,4,9.21,0,3,945,0.0827,0
42.86,13,8.7,0,5,1448,0.0525,0
19.38,23,32.92,0,2,102,0.2686,0
49.49,0,60.62,0,3,2896,0.1413,0
34.01,11,5.7,0,3,1514,0.1479,0
62.9,5,5.86,0,2,790,0.0505,0
53.1,23,6.79,0,3,1344,0.327,0
358.34,12,-999.0,0,2,1522,0.2856,0
266.66,20,6.11,0,6,2906,0.2218,0
353.17,5,4.95,0,3,2843,0.1454,0
35.76,16,13.33,0,2,984,0.2428,0
20.23,19,8.42,0,0,208,0.2471,0
191.68,0,5.4,0,5,886,0.1608,0
74.06,20,18.24,0,1,2732,0.0723,0
44.23,4,40.85,0,2,336,0.1429,0
93.1,2,23.53,0,4,521,0.0918,0
47.16,9,9.78,0,2,507,0.3226,0
14.44,16,8.92,0,6,2893,0.1018,0
212.51,5,17.28,0,4,298,0.1245,0
111.28,14,11.43,0,3,817,0.5262,0
102.58,9,32.04,0,6,1177,0.1715,0
57.11,13,13.42,0,4,1707,0.1777,0
35.3,9,84.26,0,6,295,0.0821,0
38.68,14,15.47,0,3,2911,0.1186,0
53.17,21,13.2,0,4,2535,0.1791,0
226.23,13,35.68,1,4,1780,0.0877,0
43.43,13,20.35,0,2,1849,0.2471,0
78.5,3,54.51,0,2,1530,0.1614,0
125.9,1,65.54,0,4,216,0.199,0
55.7,4,17.75,0,4,1172,0.055,0
40.24,5,23.22,0,5,268,0.2163,0
59.54,20,11.75,0,3,1604,0.1788,0
38.3,9,13.76,1,3,1509,0.2365,0
71.77,12,17.06,0,3,923,0.1971,0
39.26,11,53.35,0,1,1721,0.2412,0
32.94,18,5.51,0,3,2536,0.3382,0
8.86,2,7.46,0,3,1463,0.1515,0
15.53,0,7.21,0,1,2347,0.1975,0
22.74,20,5.64,0,3,1068,0.2033,0
51.83,2,7.26,0,5,181,0.1993,0
24.78,7,5.34,0,3,2737,0.2642,0
26.09,2,47.45,0,2,633,0.1598,0
379.04,20,16.86,0,1,2112,0.1451,0
27.52,12,25.3,0,2,278,0.2098,0
120.68,13,17.8,0,4,1388,0.2012,0
134.14,1,32.53,0,3,89,0.2836,0
50.77,1,6.13,0,4,1835,0.0587,0
16.63,19,12.3,0,4,2764,0.4128,0
25.98,19,9.27,0,5,1165,0.1492,0
13.68,13,-999.0,0,3,1941,0.2003,0
33.66,5,-999.0,0,5,2411,0.4345,0
29.2,0,-999.0,0,3,2342,0.4186,0
37.07,21,26.2,0,6,1689,0.4966,0
20.9,6,68.37,1,3,2492,0.1245,0
44.16,9,11.76,0,1,2203,0.2836,0
161.8,17,52.65,0,2,2983,0.3336,0
4.6,9,36.19,0,4,2049,0.1038,0
13.41,5,59.89,0,2,353,0.1257,0
471.98,4,8.52,0,1,2923,0.2874,0
38.2,14,24.49,0,2,2603,0.1451,0
61.22,1,-999.0,0,3,2860,0.2396,0
19.62,10,10.37,0,3,1616,0.1214,0
20.44,12,41.93,0,3,322,0.0646,0
25.26,8,4.22,0,0,342,0.0981,0
4.46,19,29.75,0,4,1028,0.2252,0
16.25,0,15.41,0,0,199,0.2792,0
24.31,8,18.55,0,3,2774,0.0555,0
6.75,14,60.81,0,1,2525,0.2132,0
123.49,22,16.72,0,3,2596,0.0881,0
47.06,9,38.14,0,1,1791,0.2736,0
92.58,9,23.37,0,3,2576,0.0626,0
11.89,15,18.04,0,1,631,0.106,0
3.86,17,23.71,0,4,1021,0.1818,0
28.55,16,55.67,0,3,2040,0.1397,0
104.29,9,4.77,0,2,2310,0.2465,0
18.91,8,75.7,0,6,1136,0.1149,0
13.68,15,17.75,0,2,244,0.292,0
226.04,19,40.55,0,1,1968,0.0473,0
92.29,18,20.9,1,3,2439,0.0915,0
42.22,14,21.65,0,3,2134,0.2322,0
21.17,21,29.17,0,4,1636,0.1666,0
113.16,15,3.89,1,1,1770,0.0891,0
24.04,12,35.54,0,6,2175,0.1236,0
14.08,21,13.84,0,3,1305,0.0698,0
53.22,2,10.44,0,2,2450,0.138,0
68.98,15,30.76,0,3,1889,0.1723,0
266.37,19,55.57,0,2,2432,0.0369,0
86.66,22,67.7,1,4,1023,0.1998,0
31.15,14,6.03,0,1,1399,0.3146,0
30.95,23,28.14,0,1,2179,0.3325,0
75.61,19,15.09,0,4,495,0.0615,0
7.08,20,52.95,0,4,2318,0.0889,0
43.99,2,21.03,0,3,578,0.2383,0
5.08,3,12.1,0,0,721,0.0499,0
36.05,3,1.36,1,3,966,0.1423,0
84.94,22,2.22,0,1,1190,0.0426,0
14.32,20,46.74,0,2,1750,0.2927,0
27.88,13,26.11,0,3,580,0.0634,0
81.34,11,16.33,0,6,2345,0.3283,0
19.56,6,-999.0,0,5,2957,0.1917,0
104.19,9,13.2,0,6,636,0.1965,0
69.72,7,17.11,0,3,744,0.1188,0
11.68,18,23.0,1,6,445,0.3264,0
22.15,22,76.22,0,5,1076,0.1649,0
61.38,4,30.6,0,4,2798,0.1019,0
11.51,22,13.99,0,5,914,0.2748,0
20.77,5,5.07,1,1,2248,0.3454,0
27.42,11,25.85,1,2,1518,0.0872,0
198.46,3,49.24,1,2,132,0.1906,0
22.55,15,13.43,0,4,666,0.1901,0
314.07,1,14.02,0,3,2695,0.2813,0
449.79,4,10.14,0,2,2238,0.2526,1
58.68,15,11.88,0,1,2246,0.1371,0
9.08,0,16.33,0,6,2559,0.2364,0
28.99,20,61.14,0,1,1208,0.345,0
242.46,0,10.83,0,6,423,0.1046,0
12.33,22,38.1,0,2,1724,0.1415,0
42.22,5,12.93,0,6,696,0.2854,0
15.54,4,17.8,0,4,661,0.0549,0
236.62,5,23.84,1,3,2287,0.3256,0
25.83,0,52.3,0,6,2741,0.0382,0
85.21,5,6.02,0,4,1329,0.4437,0
56.08,5,4.32,0,1,272,0.3342,0
27.72,3,5.51,0,0,267,0.4043,0
10.24,20,37.3,0,3,121,0.1103,0
49.95,3,11.08,0,1,1031,0.0939,0
69.45,8,6.15,0,0,2262,0.1835,0
140.02,10,57.26,0,2,2104,0.0849,0
215.54,10,22.87,0,4,1288,0.1833,0
9.58,2,60.13,0,2,2480,0.2469,0
7.58,12,5.29,0,4,2411,0.2282,0
43.72,23,25.44,0,1,1725,0.2112,0
194.77,12,22.31,0,5,88,0.0896,0
394.42,22,-999.0,0,2,1084,0.4125,0
54.58,7,19.91,0,4,38,0.1835,0
37.37,9,3.29,0,3,2624,0.3888,0
6.33,23,33.59,0,5,2648,0.2048,0
74.67,1,13.67,0,6,169,0.094,0
204.3,8,27.6,0,3,113,0.5946,0
24.78,1,-999.0,0,4,189,0.2527,0
523.64,0,16.31,0,4,1762,0.0419,0
38.69,22,17.62,0,3,2065,0.098,0
16.27,13,1.87,0,2,289,0.2185,0
156.78,4,5.78,0,1,1577,0.1245,0
29.25,23,5.95,0,1,2516,0.2823,0
85.3,11,12.41,0,1,2771,0.2673,0
52.48,22,8.42,0,5,1817,0.3768,0
24.05,1,3.36,0,2,168,0.0456,0
178.09,1,2.99,0,2,1499,0.1213,0
13.19,18,2.17,1,4,574,0.3096,0
206.94,19,28.97,0,3,1043,0.1322,0
78.91,3,-999.0,0,3,855,0.1768,0
92.18,10,5.23,0,4,792,0.1289,0
62.34,7,15.63,0,4,718,0.1506,0
50.81,19,-999.0,0,1,208,0.3426,0
60.06,4,24.9,1,1,2608,0.1353,0
11.51,7,21.11,1,6,896,0.1143,0
45.81,15,5.44,1,3,331,0.3419,0
55.77,12,4.55,0,4,1877,0.2664,0
9.58,22,25.68,0,4,2740,0.0547,0
49.28,3,19.07,0,2,2167,0.2683,0
2.2,11,2.82,0,2,1386,0.1408,0
48.26,17,35.95,0,3,411,0.0253,0
63.62,7,11.83,0,4,387,0.1598,0
52.22,13,22.35,0,3,2686,0.1149,0
10.08,3,16.78,0,6,1950,0.0548,0
26.71,16,47.6,0,6,1172,0.1407,0
32.46,1,2.09,0,1,1407,0.5316,0
237.7,23,33.49,0,1,416,0.405,1
97.05,19,3.68,0,0,2584,0.3527,0
35.43,17,6.58,0,2,442,0.1848,0
74.37,20,23.33,1,2,159,0.4468,0
18.32,8,36.43,0,2,1439,0.278,0
17.83,7,41.46,0,5,874,0.1056,0
69.06,2,24.94,0,4,1935,0.4256,0
53.79,11,13.4,0,4,2556,0.0536,0
51.14,9,-999.0,0,4,1875,0.3323,0
21.42,9,22.44,0,1,85,0.0251,0
29.36,14,11.07,0,2,2396,0.3285,0
11.93,16,16.64,0,2,2758,0.3178,0
2.99,22,41.72,0,3,1477,0.111,0
90.12,10,6.39,0,2,2572,0.1557,0
182.06,9,32.95,0,3,2684,0.4364,0
77.23,18,24.22,0,3,308,0.0886,0
23.16,4,22.06,0,3,1585,0.5045,0
7.9,20,14.93,0,4,1597,0.063,0
20.77,0,2.31,0,4,293,0.1561,0
16.4,13,16.21,0,2,1898,0.3138,0
18.34,18,9.22,0,2,173,0.2316,0
78.26,20,0.88,1,4,2074,0.2432,0
325.17,3,11.78,0,6,2248,0.0959,0
60.88,9,-999.0,0,5,2603,0.1434,0
193.4,2,8.41,0,4,779,0.4564,0
104.32,19,25.97,0,5,2223,0.2343,0
25.22,15,25.48,0,6,2788,0.0644,0
9.25,18,36.54,1,2,1499,0.1224,0
29.26,5,4.64,0,2,1232,0.1543,0
56.31,11,41.93,1,4,1411,0.1818,1
10.11,6,51.57,0,2,2425,0.0886,0
18.4,23,5.82,0,1,721,0.1877,0
82.51,11,12.12,1,7,2769,0.393,0
34.59,11,55.07,0,2,2865,0.1127,0
28.94,16,0.21,0,0,599,0.1196,0
74.98,13,12.54,0,5,1832,0.0217,0
83.27,7,16.08,0,5,1815,0.2151,0
85.24,14,61.2,0,2,714,0.1046,0
40.37,22,41.04,0,4,2748,0.2006,1
23.47,10,28.4,0,3,2534,0.1473,0
29.15,21,14.39,0,4,304,0.4486,0
110.28,10,37.12,0,1,2888,0.1712,0
24.15,22,3.84,0,4,1760,0.2511,0
22.53,8,3.59,0,1,2321,0.255,0
24.25,20,38.24,0,3,2124,0.1514,0
22.01,12,10.42,0,1,713,0.3097,0
7.68,7,13.08,0,2,2516,0.1728,0
128.7,5,94.16,1,3,879,0.0813,0
6.84,19,31.13,0,2,715,0.0316,0
27.39,13,5.92,0,5,2724,0.0914,0
51.43,13,33.61,0,4,2915,0.0341,0
46.81,23,8.97,0,0,2187,0.143,0
71.98,15,24.4,0,4,674,0.2708,0
33.8,11,12.45,0,4,1389,0.227,0
28.79,10,10.9,0,6,478,0.0337,0
110.13,23,24.59,0,3,276,0.2413,0
37.97,19,76.68,0,0,915,0.0283,0
240.19,7,27.93,0,5,732,0.2474,0
49.05,23,21.35,0,5,353,0.1047,0
140.56,12,14.24,1,1,2637,0.2518,0
67.29,11,48.58,0,1,1047,0.0699,0
132.4,20,50.9,0,4,748,0.0773,1
16.9,22,24.95,0,8,1033,0.171,0
66.12,19,14.08,0,3,1262,0.1012,0
115.88,8,3.6,0,3,1733,0.0753,0
16.51,4,-999.0,0,3,1927,0.5774,0
194.89,10,15.25,0,1,91,0.5505,0
81.96,13,6.32,0,7,2215,0.1846,0
2.46,10,51.37,0,7,633,0.1585,0
70.8,2,12.93,0,4,537,0.1293,0
149.09,19,0.08,0,2,57,0.2489,0
40.68,16,64.39,1,4,1886,0.2082,0
37.64,21,16.89,0,2,884,0.265,0
31.29,1,8.34,0,2,1661,0.3875,0
56.24,13,5.49,0,2,2347,0.0153,0
32.22,16,-999.0,0,3,1450,0.2314,0
48.75,21,2.72,0,4,2255,0.203,0
72.23,23,11.36,0,2,37,0.1589,0
13.71,18,3.05,0,3,970,0.3312,0
74.97,5,31.79,0,3,555,0.3694,0
30.0,3,29.97,0,3,1911,0.1882,0
20.0,23,23.44,0,7,2502,0.2678,0
95.04,0,12.95,0,6,943,0.0347,0
33.99,18,-999.0,1,2,196,0.289,0
446.52,16,16.51,0,4,1233,0.1531,0
21.47,8,5.33,0,2,709,0.0623,0
48.68,15,26.48,0,2,1961,0.0616,0
3.05,0,4.67,0,5,888,0.1276,0
67.79,1,2.49,0,3,321,0.0471,0
5.34,7,23.59,0,4,1484,0.3573,0
15.69,13,32.75,0,2,2446,0.3744,0
78.57,13,5.55,0,0,1724,0.1726,0
144.15,3,-999.0,0,3,941,0.2158,0
161.69,7,12.41,0,2,1617,0.2011,0
43.84,23,41.94,1,4,2813,0.0935,0
37.47,9,7.11,0,4,2316,0.2717,0
28.86,2,38.45,0,2,605,0.2764,0
37.48,0,8.06,0,6,2107,0.136,0
99.08,18,34.27,0,5,2892,0.1461,0
45.69,18,7.72,0,1,1541,0.2239,0
63.74,23,11.19,0,7,2977,0.2207,0
53.99,0,1.38,0,4,1016,0.0952,0
312.08,11,-999.0,0,4,785,0.2056,0
8.91,19,17.19,0,2,1146,0.4565,0
98.86,19,9.37,0,4,1537,0.1646,0
62.79,16,27.7,0,7,1114,0.1582,0
57.89,9,10.08,0,1,464,0.1429,0
27.94,22,44.3,0,3,294,0.2374,0
13.64,16,38.52,0,1,2194,0.0163,0
10.95,19,19.97,0,2,2007,0.0478,0
88.96,3,12.17,0,4,905,0.0584,0
64.76,3,9.73,0,1,21,0.0433,1
97.83,5,22.78,0,2,77,0.2255,0
14.84,5,24.3,0,7,389,0.0481,0
35.78,9,19.8,0,5,2921,0.1613,0
38.71,0,36.65,0,3,1893,0.1337,0
128.35,3,-999.0,0,4,2101,0.2084,0
28.98,15,38.82,0,1,1407,0.0718,0
73.82,13,33.88,0,4,1226,0.0881,0
49.7,12,6.3,0,2,2094,0.1193,0
10.34,9,18.51,0,5,552,0.0635,0
490.95,0,54.01,0,1,1985,0.2526,0
287.0,0,8.66,0,3,1926,0.0673,0
84.53,19,19.08,0,0,777,0.1018,0
16.16,22,15.2,0,2,2948,0.1587,0
78.44,14,24.58,0,3,2555,0.1469,0
3.09,4,6.41,0,4,273,0.1823,0
172.0,21,9.48,0,1,2196,0.5929,0
48.92,13,6.58,0,2,1816,0.2568,0
36.35,17,16.19,0,4,442,0.2242,0
233.43,18,34.55,0,4,1251,0.5023,0
17.86,10,57.6,0,5,1903,0.0585,0
11.26,9,50.03,0,5,1028,0.1748,0
33.68,20,45.23,0,5,1255,0.3219,0
531.78,12,45.04,0,2,363,0.271,0
102.47,21,26.49,1,3,44,0.0295,0
83.02,5,6.26,0,0,1947,0.1517,0
5.63,15,32.0,0,4,1573,0.2674,0
29.79,14,13.87,0,4,2830,0.1209,0
18.88,7,9.95,0,3,362,0.0755,0
37.91,14,28.26,0,0,405,0.023,0
55.25,12,4.22,0,8,1745,0.1998,0
25.95,23,9.58,1,4,92,0.0569,0
132.8,3,3.4,0,7,2039,0.1228,0
158.91,22,35.66,0,4,2833,0.1251,0
90.42,8,49.8,0,1,2816,0.0858,0
34.83,14,15.15,0,2,224,0.1832,0
65.6,0,13.47,0,5,1829,0.3057,0
73.71,5,19.78,0,0,1857,0.3367,0
15.03,12,-999.0,0,3,522,0.0991,0
89.15,15,45.34,0,2,381,0.4492,0
14.8,2,39.53,0,2,2807,0.2404,0
27.97,8,10.58,0,6,1760,0.2562,0
15.39,7,18.84,0,4,2384,0.1827,0
39.2,15,24.01,0,2,1534,0.0769,0
54.9,6,14.35,0,1,561,0.2389,0
36.3,5,31.64,0,3,1914,0.1612,0
101.87,21,3.12,0,3,2078,0.159,0
22.95,23,35.38,0,1,1965,0.4308,0
30.06,19,22.26,0,0,911,0.365,0
21.45,22,18.31,0,4,1024,0.1364,0
71.58,2,35.59,0,3,2202,0.1636,0
78.82,4,6.62,1,0,1457,0.231,1
14.69,11,6.83,0,6,270,0.1496,0
46.65,11,25.26,0,1,2100,0.2255,0
20.33,12,14.5,0,1,762,0.1921,0
32.71,15,14.72,0,5,848,0.1566,0
16.04,17,21.7,0,1,2242,0.2686,0
22.51,14,91.62,0,2,1696,0.07,0
43.82,7,42.22,1,2,1831,0.1994,0
19.22,2,47.13,0,0,270,0.5065,0
148.59,5,9.53,0,9,707,0.3912,0
297.65,2,15.86,0,2,2274,0.3564,0
32.04,7,13.52,0,2,1854,0.161,0
22.07,5,10.47,0,4,2161,0.2928,0
42.06,18,25.06,0,2,1490,0.2011,0
31.55,0,35.51,0,3,2359,0.1406,0
29.58,4,1.68,0,3,2863,0.0503,0
37.17,18,74.26,0,2,1786,0.1584,0
5.77,10,0.91,0,3,72,0.1931,0
24.85,13,21.15,0,1,2932,0.1285,0
53.14,18,4.65,0,2,106,0.2521,0
45.59,0,22.22,0,1,549,0.2407,0
27.16,23,39.08,0,1,268,0.22,0
71.45,14,16.35,0,2,567,0.2405,0
252.87,12,6.0,0,2,1154,0.2871,0
23.35,21,4.6,0,5,2196,0.1229,0
57.7,16,19.56,0,2,217,0.2857,0
160.3,18,22.91,0,1,2740,0.1931,0
9.33,8,31.1,0,3,2617,0.1939,0
85.38,4,7.89,0,3,2348,0.1214,0
70.45,14,4.7,0,3,1465,0.1051,0
21.46,15,64.96,0,3,2056,0.1901,0
25.17,0,11.01,0,2,1148,0.0718,1
49.45,0,22.32,0,2,2772,0.0338,0
86.57,18,45.69,0,2,116,0.1124,0
87.93,10,-999.0,0,2,1833,0.4705,0
565.97,5,11.94,0,2,550,0.1677,0
257.85,16,4.42,0,3,255,0.2993,0
138.18,9,25.52,0,2,2211,0.3059,0
322.91,14,5.75,0,2,2036,0.1339,0
167.93,5,25.69,0,0,205,0.1838,0
20.93,18,49.68,0,3,2187,0.0702,0
30.66,23,20.69,0,2,597,0.6347,0
115.73,18,69.32,1,3,1886,0.2444,1
41.43,10,8.47,0,4,2203,0.1332,0
24.6,8,19.97,1,1,1107,0.2348,0
175.24,5,30.94,0,2,2776,0.1807,0
146.27,13,35.75,0,2,1738,0.0823,0
44.33,3,59.21,0,1,2797,0.0481,0
103.36,5,2.11,0,4,1570,0.091,0
32.96,7,26.37,1,1,2797,0.2624,0
55.76,12,45.09,0,3,2709,0.2166,0
98.9,18,18.08,0,3,512,0.065,0
17.65,5,24.13,0,1,1147,0.1705,0
11.18,2,19.2,0,1,830,0.2213,0
176.88,18,31.86,1,3,48,0.0881,0
75.71,19,61.8,0,3,1104,0.1683,0
50.17,12,12.01,0,1,1635,0.1349,0
28.93,2,1.46,0,3,1275,0.0492,0
63.03,7,12.19,0,2,2862,0.0619,0
14.13,16,36.01,0,1,132,0.242,0
98.49,10,11.26,0,7,186,0.0477,0
12.41,23,16.73,0,2,2376,0.012,0
56.98,19,13.62,0,4,300,0.1913,0
31.99,11,1.68,1,4,1519,0.3215,0
24.84,16,9.85,0,1,2600,0.2491,0
18.46,19,21.05,0,1,880,0.0867,0
48.53,11,19.47,0,3,678,0.063,0
63.22,11,2.92,0,4,824,0.153,0
135.55,7,20.0,0,0,1895,0.2336,0
64.71,22,7.66,0,2,2492,0.1661,0
13.37,1,13.5,0,1,2021,0.1786,0
34.96,2,6.51,0,0,1051,0.5492,0
34.65,22,10.26,0,3,1381,0.0777,0
12.04,23,116.13,1,1,2731,0.1462,0
8.19,21,12.4,0,2,1691,0.1802,0
92.51,9,18.61,0,2,2084,0.0823,0
57.76,22,9.81,0,4,2413,0.1227,0
46.96,5,22.64,0,3,716,0.2388,0
42.15,0,39.42,1,4,693,0.1978,0
29.46,3,11.46,0,3,676,0.1335,0
40.26,22,12.37,0,2,620,0.258,0
11.64,1,8.21,0,1,540,0.1593,0
13.45,13,31.39,0,3,1486,0.5581,0
25.6,22,16.62,0,1,346,0.0358,0
30.6,12,42.35,0,6,668,0.202,0
17.98,12,11.37,0,3,113,0.1527,0
46.04,7,18.58,0,6,2157,0.0084,0
117.93,9,17.95,0,1,383,0.2908,1
5.89,0,14.46,0,0,1666,0.0901,0
105.48,14,14.69,0,2,1798,0.3699,0
32.69,16,22.08,0,1,2643,0.1889,0
79.78,12,27.97,0,1,1056,0.1161,0
53.77,12,28.62,1,4,91,0.076,0
30.2,6,18.79,0,4,580,0.0632,0
67.36,0,48.65,0,1,591,0.5833,0
45.2,7,11.27,0,3,2051,0.1355,0
13.06,3,10.55,0,1,583,0.1701,0
56.17,11,42.24,0,3,1029,0.3204,0
102.54,12,-999.0,0,7,169,0.4472,0
28.32,10,18.54,0,4,680,0.3564,0
859.46,23,23.08,0,2,207,0.1702,0
72.12,7,13.71,0,3,2055,0.1991,0
39.84,19,67.52,0,2,2373,0.1688,0
8.52,7,48.67,0,0,2644,0.3919,0
10.86,2,2.17,0,2,2164,0.2015,0
137.2,15,35.93,0,1,2720,0.1766,0
126.2,13,4.99,0,1,1041,0.1287,0
47.84,8,2.83,0,0,1764,0.0065,0
54.86,12,8.51,0,2,2250,0.1339,0
93.84,2,29.49,0,4,1184,0.3722,0
75.1,19,17.24,0,1,2725,0.0579,0
161.42,7,14.28,0,1,2925,0.4548,0
25.1,13,6.36,0,2,2129,0.2124,0
80.07,16,26.76,0,5,2911,0.3544,0
48.28,3,0.6,0,5,708,0.2157,0
85.87,23,31.79,0,4,2169,0.1267,0
42.96,6,9.25,0,1,2977,0.1391,0
47.14,18,3.99,0,3,2709,0.2799,0
7.57,9,27.71,0,5,2778,0.4388,0
44.64,5,77.4,0,2,2397,0.1996,0
32.49,15,16.46,0,4,435,0.1954,0
12.27,4,10.74,0,1,617,0.162,0
8.24,21,11.26,1,3,1313,0.1731,0
93.64,11,23.9,0,2,1903,0.2332,0
10.51,17,5.47,0,4,1822,0.1899,0
15.06,10,6.14,0,2,1696,0.1142,0
135.15,3,22.99,0,3,524,0.3965,0
84.13,23,32.89,1,2,1547,0.2836,0
115.89,3,6.23,1,3,147,0.2104,0
204.24,17,2.54,0,2,1498,0.1871,0
133.53,18,17.36,1,2,2376,0.3023,0
12.4,8,37.61,0,2,1783,0.2629,0
16.66,16,-999.0,0,4,892,0.0258,0
49.79,7,5.11,0,2,1617,0.2082,0
19.66,2,-999.0,0,8,778,0.2092,0
111.39,7,6.29,0,2,296,0.3135,0
129.23,12,20.19,0,0,2881,0.0847,0
25.64,16,11.97,0,4,2016,0.0885,0
46.9,7,61.23,0,2,772,0.1813,0
13.1,4,36.41,0,6,2521,0.0953,0
99.86,16,35.09,1,2,2029,0.2042,0
160.85,9,8.36,0,3,206,0.0942,0
38.8,11,14.24,0,3,2611,0.1392,0
87.06,1,3.82,0,6,438,0.2774,0
39.42,11,1.17,0,2,1647,0.2141,0
131.3,4,10.85,0,4,669,0.1723,0
58.54,22,24.71,0,4,143,0.0839,0
88.81,13,12.17,0,3,1436,0.5551,0
191.96,11,18.53,0,1,1999,0.1838,0
22.1,2,9.29,0,1,481,0.0392,0
39.31,0,12.44,0,1,2116,0.1766,0
361.58,16,2.05,0,3,815,0.3845,0
15.88,10,11.34,0,6,1650,0.3608,0
24.53,10,15.29,0,4,2197,0.3439,0
26.36,5,44.26,0,6,2990,0.1279,0
60.63,13,-999.0,0,1,2762,0.0601,0
24.93,10,29.62,0,3,2518,0.3118,0
14.51,15,27.37,0,3,1288,0.3338,0
101.19,5,17.96,0,3,2406,0.2395,0
12.37,10,19.76,0,2,1443,0.2378,0
363.99,9,39.1,0,3,2262,0.2216,0
26.15,11,16.45,0,3,559,0.3658,0
11.06,6,9.11,0,4,1092,0.3867,0
32.76,18,43.93,0,1,1532,0.1362,0
27.54,3,33.26,0,4,1196,0.4203,0
98.56,8,8.0,0,0,2087,0.2197,0
323.87,9,13.61,0,4,520,0.338,0
126.66,14,26.82,0,2,2881,0.2728,0
59.45,19,9.28,0,5,2127,0.2397,0
37.89,4,23.56,0,4,100,0.0649,0
147.89,17,3.06,0,4,1147,0.027,0
32.4,10,-999.0,0,2,436,0.4026,0
82.56,18,84.66,0,2,1430,0.2391,0
72.1,6,24.34,1,4,2698,0.3058,0
8.54,11,31.16,0,4,2572,0.2146,0
8.32,22,36.6,0,4,378,0.2985,0
56.2,4,27.23,0,1,2674,0.411,0
13.2,2,4.41,0,3,2129,0.1986,0
70.58,4,22.39,0,5,1744,0.0397,0
13.25,4,10.37,0,3,2746,0.1661,0
97.34,4,2.69,0,3,2760,0.1791,0
322.78,0,14.51,0,1,857,0.1711,0
13.3,1,6.32,0,5,2271,0.3581,0
75.68,8,0.85,0,1,1900,0.0458,0
712.69,15,-999.0,0,2,147,0.0344,0
61.17,15,8.26,0,1,1765,0.163,0
399.55,7,35.26,0,2,2103,0.2422,0
170.29,19,5.53,0,7,207,0.2027,0
36.12,2,1.02,0,3,1167,0.1016,0
83.07,3,78.53,0,6,1689,0.0709,0
33.81,1,18.25,0,5,1991,0.3647,0
41.9,10,-999.0,0,3,152,0.2559,0
40.2,15,20.0,0,3,2196,0.0975,0
23.26,13,26.61,0,2,2999,0.2434,0
19.79,18,-999.0,0,4,517,0.2618,0
40.35,11,13.01,0,5,866,0.3477,0
29.79,20,13.62,0,4,1665,0.2114,0
44.52,18,7.03,1,3,1232,0.1757,0
133.42,16,13.29,0,2,1973,0.0486,0
42.55,0,2.04,0,2,1156,0.1269,0
96.66,1,7.79,0,4,1596,0.1183,0
54.87,11,8.92,0,2,2244,0.1406,0
15.37,19,3.74,0,1,1443,0.0659,0
28.99,18,64.87,0,3,96,0.2498,0
14.7,3,12.86,0,7,1523,0.1385,0
340.14,13,8.2,0,5,132,0.1344,0
41.71,1,16.21,0,5,582,0.1706,0
53.78,11,11.51,0,2,1781,0.1798,0
11.55,10,6.34,1,1,371,0.0243,0
22.47,17,19.45,0,7,2121,0.0713,0
32.6,2,36.66,0,3,2385,0.1934,0
262.7,15,29.47,0,1,1662,0.3076,0
36.7,21,5.62,1,4,779,0.2511,0
9.18,8,14.8,0,3,762,0.1173,0
143.7,20,29.85,0,3,2055,0.2281,0
13.37,12,18.64,0,2,1762,0.522,0
34.66,5,2.31,1,2,2098,0.1325,0
43.01,4,29.39,0,6,1257,0.0544,0
8.89,15,84.47,1,3,796,0.0779,0
182.83,3,58.16,0,3,285,0.2095,0
73.0,23,14.03,0,6,2784,0.0827,0
32.91,21,34.28,0,2,870,0.0555,0
51.75,13,-999.0,0,3,1144,0.0399,0
262.38,23,76.34,0,2,971,0.3191,0
35.94,16,7.83,0,6,1194,0.1074,0
23.76,15,21.97,1,7,1463,0.1712,0
48.59,2,9.51,0,1,1063,0.0912,0
43.8,15,32.21,0,0,2574,0.1806,0
15.69,17,3.89,0,2,322,0.387,0
459.21,12,-999.0,0,1,2614,0.1987,0
195.78,2,17.53,0,0,2931,0.4453,0
75.01,4,2.41,0,3,1969,0.1781,0
33.72,11,12.41,0,3,152,0.2181,0
101.6,17,2.76,1,3,2420,0.2042,0
43.61,13,-999.0,0,3,2039,0.3889,0
284.99,16,15.09,0,6,2485,0.1404,0
26.82,19,-999.0,0,0,538,0.4277,0
37.49,8,14.34,0,1,2528,0.2201,0
33.11,11,16.18,0,3,2829,0.3129,0
62.03,18,33.67,0,6,2417,0.26,0
30.27,23,1.02,0,1,70,0.2181,0
258.17,5,50.66,0,4,294,0.1057,0
210.08,15,28.57,0,2,1816,0.3304,1
18.72,21,20.27,0,1,2949,0.1352,0
93.65,8,25.9,0,2,2648,0.0597,0
37.86,23,21.48,0,2,2470,0.2047,0
22.85,6,61.69,0,2,2697,0.2273,0
26.36,1,6.74,0,3,273,0.2448,0
15.42,6,12.9,0,4,1734,0.323,0
13.59,5,7.4,0,0,365,0.3789,0
134.35,4,17.17,0,4,1327,0.2672,0
7.26,0,21.53,0,2,1287,0.2544,0
69.95,5,2.48,0,2,2219,0.2241,0
40.59,15,15.54,0,5,2663,0.0712,0
20.34,9,14.99,0,3,2886,0.1169,0
255.34,12,13.95,0,4,2466,0.2172,0
48.27,10,3.98,0,5,1717,0.1687,0
175.35,8,15.9,0,4,561,0.1204,0
89.76,3,4.91,0,6,1348,0.0395,0
171.9,8,25.78,0,4,1740,0.4921,0
550.82,21,22.12,0,2,2837,0.4595,0
213.42,3,21.28,0,1,1148,0.2048,0
107.23,0,-999.0,1,2,298,0.0789,0
71.74,18,5.25,0,1,483,0.214,0
135.95,20,-999.0,0,1,956,0.0582,0
92.62,14,21.6,0,0,1438,0.0862,0
97.2,8,20.78,0,1,870,0.3257,0
162.95,0,57.06,0,2,834,0.2196,0
29.47,11,51.52,0,1,91,0.1019,0
11.64,14,8.47,1,3,936,0.1748,0
43.34,21,11.4,0,1,1092,0.1502,0
81.56,11,4.31,0,3,2171,0.185,0
20.28,19,6.97,0,3,1567,0.0549,0
20.04,6,37.94,0,2,1371,0.3066,0
34.53,10,6.14,0,5,380,0.2221,0
10.13,0,25.67,0,5,2406,0.2431,0
23.75,0,10.88,0,2,942,0.137,0
214.16,20,17.69,0,1,1260,0.1066,0
20.05,1,8.56,0,1,1101,0.1757,0
30.46,12,55.84,0,5,1071,0.0549,0
22.77,17,-999.0,0,6,831,0.0198,0
85.14,11,5.85,0,0,1415,0.2604,0
75.68,17,32.06,0,2,2562,0.1807,0
168.41,14,10.33,0,3,2956,0.2747,0
59.0,6,19.49,0,3,2431,0.197,0
123.53,5,11.56,1,2,674,0.2343,0
273.32,14,38.67,0,4,824,0.2718,0
37.52,2,23.54,0,4,2169,0.0243,1
47.91,3,69.04,0,3,2720,0.1716,0
436.5,3,28.85,1,3,293,0.1957,1
397.6,22,34.92,0,3,1244,0.1762,0
47.58,16,22.26,0,3,1476,0.1584,0
4.49,23,15.96,0,2,2147,0.3232,0
28.22,18,3.96,1,4,234,0.122,0
464.52,7,-999.0,0,3,390,0.1305,0
849.85,4,11.37,1,3,712,0.0483,1
95.21,5,8.97,0,2,2765,0.1707,0
14.58,6,34.56,0,2,1536,0.037,0
64.98,0,28.23,0,3,2079,0.1965,0
73.64,22,20.49,0,4,1789,0.1225,0
25.64,10,40.21,0,5,2884,0.2289,0
78.28,1,11.7,1,5,1681,0.1261,0
107.19,14,32.33,0,2,650,0.456,0
12.9,20,14.29,0,0,809,0.2761,0
43.22,18,56.22,0,5,525,0.1831,0
46.78,12,17.1,1,4,1006,0.1849,0
90.26,2,17.56,0,2,2443,0.0523,0
30.19,0,39.15,0,4,289,0.1511,0
43.11,15,12.46,0,4,2287,0.3373,0
22.23,1,20.67,0,4,2273,0.4067,0
23.31,21,2.89,0,1,269,0.2427,0
43.7,20,29.6,0,2,2282,0.1793,0
107.54,10,6.3,0,5,1681,0.1543,0
28.78,1,9.97,0,4,492,0.1291,0
26.03,8,15.07,0,2,2679,0.127,0
18.06,3,27.13,0,5,2349,0.2217,0
62.76,15,51.93,0,3,2536,0.1801,0
21.04,2,19.46,0,2,1108,0.0082,0
339.55,17,5.17,0,5,1384,0.1077,0
47.94,19,60.87,1,2,2863,0.23,0
61.4,11,53.97,0,2,82,0.1128,0
4.14,18,13.36,0,2,1575,0.1677,0
48.86,5,32.37,0,3,132,0.2839,0
6.76,1,21.16,0,4,2635,0.1521,0
103.68,20,12.64,0,2,1782,0.1534,0
25.69,6,20.04,0,3,1547,0.2486,0
35.8,18,11.72,0,5,2800,0.0728,0
16.74,0,5.6,0,0,2041,0.2217,0
26.62,6,4.35,0,3,1970,0.099,0
99.28,5,50.93,0,2,80,0.1484,0
77.22,21,22.54,0,4,2991,0.0838,0
172.27,11,24.59,0,4,2904,0.1278,0
12.27,14,7.23,0,5,234,0.2132,0
71.05,7,5.34,0,1,409,0.3086,0
13.31,12,45.79,0,3,80,0.1674,0
20.45,4,78.54,0,3,2399,0.0524,0
187.38,7,18.11,0,3,1368,0.0243,0
193.03,19,21.29,0,5,2194,0.3373,0
20.27,3,30.45,0,5,1849,0.2159,0
51.04,3,27.32,0,2,2695,0.2384,0
27.84,16,3.94,0,1,2844,0.1903,0
29.42,2,18.2,0,0,2897,0.1354,0
3.5,3,7.32,0,3,2302,0.0111,0
69.58,8,66.13,0,2,1833,0.1655,0
46.79,16,6.21,0,3,1239,0.167,0
50.77,21,13.26,0,2,1659,0.0884,0
8.82,17,5.02,0,2,128,0.1428,0
57.63,10,12.26,0,1,1820,0.389,0
77.43,17,30.82,0,7,455,0.0865,0
41.54,12,3.79,0,2,2706,0.2299,0
286.2,22,17.63,0,4,2255,0.1416,0
440.16,1,12.99,0,4,284,0.0265,0
142.29,18,87.56,0,5,186,0.3292,0
108.96,2,14.53,0,3,1635,0.1025,0
20.88,11,1.88,1,2,961,0.0582,0
23.94,21,14.95,1,0,973,0.1852,0
56.8,17,11.57,0,2,2045,0.4221,0
298.17,13,36.67,0,2,1771,0.1239,0
5.64,6,27.52,0,2,2960,0.1697,0
57.05,20,9.33,0,7,2201,0.0842,0
47.48,13,1.85,0,3,1711,0.1349,0
109.47,13,13.51,0,4,2487,0.2438,0
35.13,20,17.46,0,2,2432,0.1427,0
7.36,16,47.1,0,1,2462,0.2012,0
120.14,8,14.99,0,4,2696,0.0939,0
90.22,10,38.49,0,3,51,0.0752,0
21.02,2,43.0,0,4,467,0.4572,0
85.9,23,13.55,0,1,2383,0.0854,0
9.82,3,7.31,1,1,428,0.0817,0
45.56,10,2.17,0,3,2166,0.3148,0
47.69,22,10.82,0,4,1699,0.2008,0
726.56,5,3.83,0,4,1949,0.2248,0
12.83,3,48.64,0,5,1300,0.1561,0
42.25,12,55.64,0,5,2460,0.0185,0
45.38,17,13.14,0,1,669,0.2432,0
64.48,7,41.83,0,3,2980,0.0641,0
63.84,16,1.28,0,2,2571,0.2238,0
38.36,4,18.88,0,1,2329,0.2211,0
496.72,8,34.24,0,5,1398,0.3574,0
52.94,7,9.72,0,3,2412,0.3262,0
106.32,18,27.69,0,4,1548,0.1984,0
61.95,14,3.78,0,2,2038,0.0587,0
21.38,15,78.22,0,3,1813,0.4193,0
13.82,21,15.54,0,2,285,0.188,0
14.52,16,25.18,0,6,226,0.2448,0
14.52,13,31.8,0,4,2380,0.2897,0
65.6,7,-999.0,0,3,2256,0.1881,0
55.74,10,28.55,0,1,143,0.0584,0
36.93,16,22.12,0,3,1668,0.3623,0
10.95,3,20.22,0,5,670,0.2306,0
89.65,10,40.21,0,3,1811,0.1122,0
50.24,6,9.25,0,1,166,0.0629,0
34.85,20,6.92,0,5,946,0.0586,0
196.7,20,16.15,0,2,789,0.0977,0
23.07,21,29.8,0,4,1704,0.1863,0
49.3,22,13.38,0,3,939,0.4962,0
54.02,12,13.48,0,6,1434,0.5371,0
193.08,22,9.24,0,2,1290,0.3458,0
83.53,6,6.82,0,4,47,0.0089,0
43.36,5,9.02,0,6,1002,0.3412,0
45.56,14,29.58,0,4,929,0.1139,0
18.3,21,30.3,0,4,1381,0.4671,0
34.28,0,7.84,0,2,1280,0.0807,1
8.49,11,39.81,0,3,1816,0.4443,0
194.74,6,8.84,0,6,1111,0.6213,0
20.55,20,17.83,0,7,2392,0.127,0
94.36,8,28.51,0,1,1396,0.1008,0
82.38,2,13.04,0,5,1589,0.1882,0
181.12,2,9.39,0,2,1703,0.307,0
76.12,19,20.3,1,3,1787,0.3477,0
33.46,5,4.51,0,2,2552,0.2195,0
117.2,10,4.82,0,3,615,0.1209,0
16.33,10,59.48,0,3,815,0.3767,0
90.32,1,15.39,0,2,497,0.0904,0
99.67,15,10.43,0,1,929,0.2025,0
5.76,10,7.74,0,2,2766,0.1566,0
11.84,18,95.05,0,2,2904,0.2812,0
12.02,19,36.78,0,3,2517,0.1842,0
6.0,5,25.31,0,5,510,0.1515,0
7.79,19,27.11,0,0,539,0.3684,0
124.47,10,17.92,0,3,2576,0.0774,0
312.13,1,12.6,0,3,406,0.2848,0
62.48,4,79.13,0,4,2586,0.2524,0
172.58,1,6.71,0,0,716,0.0915,1
21.44,17,23.91,0,3,2193,0.078,0
151.54,11,3.16,0,2,2533,0.1062,0
61.01,9,30.51,0,3,708,0.1579,0
23.38,1,8.66,0,0,769,0.0457,0
7.54,9,25.09,0,3,2600,0.2103,0
22.48,2,3.03,0,4,2271,0.0929,0
111.15,20,33.59,0,3,2726,0.33,0
100.3,11,8.11,0,4,509,0.2154,0
30.85,9,16.42,0,2,314,0.4351,0
51.99,13,7.92,0,5,1940,0.0086,0
89.58,6,11.43,0,1,28,0.3125,0
53.74,7,57.89,0,4,2637,0.0958,0
168.32,20,12.14,0,1,2030,0.1256,0
28.95,13,19.06,0,2,1826,0.0717,0
134.89,22,21.73,1,4,1710,0.1418,0
34.44,11,17.94,0,4,48,0.259,1
74.83,8,34.53,0,2,369,0.1993,0
37.8,2,29.72,0,6,476,0.1054,0
9.88,15,-999.0,0,4,1447,0.0868,0
41.51,3,-999.0,0,0,1665,0.1401,0
10.35,21,14.79,0,1,755,0.0268,0
16.75,8,3.09,0,4,269,0.1427,0
162.63,16,33.36,0,4,2468,0.0381,0
49.27,8,16.98,0,3,1594,0.1718,0
7.18,8,18.58,0,2,2327,0.2225,0
122.73,17,53.75,0,3,322,0.2421,0
16.88,8,11.47,0,5,2806,0.325,0
10.32,12,20.17,0,4,669,0.2037,0
6.82,23,54.84,0,0,1745,0.4821,0
9.64,21,3.48,0,1,1706,0.0958,0
53.24,8,-999.0,0,1,729,0.4078,0
162.07,10,20.8,0,3,2475,0.0112,0
30.97,21,16.23,0,3,1397,0.3629,0
24.5,17,4.8,0,0,292,0.3029,0
166.12,9,18.58,0,4,1668,0.1453,0
25.7,19,29.84,0,3,465,0.1612,0
72.09,14,2.94,0,2,2035,0.1684,0
4.1,7,70.06,0,4,819,0.0588,0
60.94,23,15.99,0,6,2087,0.0783,0
124.07,20,31.27,0,0,1762,0.2918,0
35.65,12,18.83,0,4,2611,0.0494,0
25.39,5,4.32,0,7,291,0.4446,0
65.56,17,14.88,0,2,479,0.1466,0
93.84,14,2.83,0,4,605,0.2218,0
55.11,8,38.12,1,1,951,0.0974,0
13.81,7,-999.0,0,3,1802,0.5034,0
55.47,4,2.42,0,7,575,0.0486,0
109.03,19,21.56,1,0,2006,0.0547,0
73.04,14,13.63,0,2,2196,0.1852,0
65.88,18,10.38,0,5,1894,0.5343,0
14.45,11,54.11,0,3,146,0.3975,0
27.75,2,9.15,0,1,659,0.093,0
137.06,23,36.16,0,6,1907,0.2506,0
100.27,10,21.25,0,3,2792,0.1331,0
6.38,22,10.15,0,7,433,0.1416,0
56.45,10,10.54,0,3,2731,0.1507,0
15.62,21,2.63,0,3,207,0.2157,0
205.15,21,11.02,0,8,1506,0.1247,0
55.14,19,14.01,0,1,2625,0.0467,0
76.49,21,12.29,0,2,870,0.2209,0
19.81,14,21.4,0,2,2908,0.2903,0
289.3,4,20.15,0,1,640,0.2122,0
47.11,2,32.34,0,4,2376,0.3583,0
464.68,4,18.21,0,1,1846,0.0748,0
6.44,6,41.53,0,3,1360,0.2229,0
45.63,17,6.27,0,6,411,0.1286,0
99.51,16,15.4,0,5,1122,0.0695,0
29.49,16,-999.0,0,3,153,0.1684,0
28.36,18,13.63,0,2,2854,0.2252,0
72.31,5,1.59,0,3,1360,0.3896,0
129.53,10,65.37,1,2,2855,0.3616,1
62.27,10,-999.0,0,3,417,0.1281,0
6.38,1,22.12,0,4,2773,0.5524,0
51.1,12,18.26,0,4,1164,0.1064,0
86.97,16,6.54,0,1,304,0.0444,0
44.42,19,18.8,0,0,367,0.0565,0
117.45,0,66.71,0,1,1807,0.2764,1
257.71,14,18.94,0,2,2666,0.1764,0
31.46,10,5.49,0,1,2874,0.1077,0
43.7,16,39.61,0,2,1869,0.1922,0
24.79,5,29.73,0,6,52,0.1296,0
150.77,20,4.03,0,1,1435,0.2757,0
483.67,11,75.75,0,4,2414,0.1475,0
212.15,1,27.32,0,2,2321,0.1524,0
101.12,22,67.94,0,1,1065,0.1106,0
33.02,6,-999.0,0,3,1592,0.3349,0
58.16,20,11.65,0,2,115,0.1013,0
61.1,13,8.9,0,3,381,0.0809,0
77.28,16,46.16,0,0,2445,0.1153,0
30.04,4,3.05,0,2,2682,0.3725,0
26.73,12,-999.0,0,2,1317,0.5193,0
230.55,13,12.93,0,4,2441,0.0907,0
22.46,1,3.31,0,5,2677,0.1083,0
13.84,17,19.85,0,3,2363,0.2151,0
85.26,15,20.92,0,2,1398,0.5238,0
26.47,7,17.56,0,3,1989,0.1539,0
21.91,16,54.14,0,1,2429,0.3461,0
41.65,17,8.84,0,3,2077,0.1619,0
55.46,17,5.59,0,4,1680,0.1067,0
98.04,4,7.16,0,5,2028,0.0437,0
21.52,2,32.57,0,1,1730,0.2065,0
58.72,6,14.55,0,0,2357,0.1964,0
22.9,19,10.58,0,4,1379,0.3389,0
13.71,17,6.98,0,3,404,0.0441,0
99.99,3,8.07,0,2,649,0.3281,0
37.42,1,12.01,0,2,2196,0.0463,0
12.0,10,67.88,0,1,338,0.1297,0
3.0,8,27.86,0,4,2429,0.0808,0
76.85,12,72.9,0,1,1733,0.2368,0
53.06,0,22.83,0,2,1404,0.1256,0
84.66,11,9.82,0,5,2121,0.2304,0
29.05,18,3.08,0,3,395,0.2818,0
54.54,19,16.21,1,4,938,0.3148,0
25.57,1,35.59,0,4,600,0.1538,0
3.92,6,5.71,0,3,1977,0.3202,0
348.82,2,21.64,0,3,501,0.2422,0
65.71,18,2.09,0,4,1696,0.0575,0
157.02,18,28.49,0,5,410,0.2666,0
27.11,6,1.58,0,2,2020,0.0582,0
11.53,13,1.32,1,3,776,0.1732,0
69.1,7,46.59,0,2,2077,0.0742,0
47.1,2,18.33,0,3,2635,0.2171,0
64.86,1,60.04,0,6,2754,0.1271,0
13.39,22,27.61,0,3,1494,0.3579,0
76.38,20,7.58,0,2,1102,0.3428,0
60.98,6,61.74,0,2,1310,0.1338,0
14.33,12,6.15,0,2,2378,0.0694,0
47.6,17,35.97,0,1,2641,0.1965,0
18.17,15,3.0,0,4,775,0.3308,0
48.22,16,9.9,0,2,1608,0.0268,0
30.47,11,22.02,0,4,2176,0.0971,0
21.17,14,-999.0,0,5,2272,0.2317,0
42.82,5,13.65,0,2,463,0.065,0
24.75,19,64.59,0,2,2137,0.1585,0
156.4,9,13.55,0,1,62,0.1124,0
12.93,19,8.4,0,4,2151,0.3026,0
131.8,16,11.93,0,4,1336,0.2229,0
169.01,8,37.54,0,4,2195,0.1993,0
173.51,2,-999.0,0,6,592,0.2406,0
41.37,6,8.54,0,3,159,0.3778,0
14.93,14,23.35,0,1,30,0.0988,0
31.38,22,12.37,0,5,664,0.0577,0
52.94,19,25.2,1,2,1324,0.1456,0
110.33,14,24.88,0,6,1139,0.1888,0
79.4,19,22.03,1,2,2249,0.3659,1
25.26,6,14.53,0,2,2921,0.1193,0
51.72,8,46.71,0,6,273,0.1225,0
40.06,21,72.12,0,2,2270,0.1955,0
67.31,17,19.77,0,2,1307,0.1573,0
48.89,14,10.75,0,4,1128,0.4583,1
27.38,2,18.43,0,6,2832,0.3719,0
73.2,21,25.83,0,2,442,0.074,0
83.76,15,22.08,1,3,583,0.2132,0
94.78,11,9.51,0,6,729,0.3103,0
42.51,13,-999.0,0,2,1360,0.1062,0
31.06,15,4.41,0,0,980,0.1995,0
16.51,12,17.22,0,3,1534,0.217,0
29.72,6,21.66,1,3,2920,0.5381,0
14.73,4,11.67,1,3,2372,0.2244,0
74.13,9,20.01,0,5,183,0.4106,0
17.1,19,4.81,0,2,2674,0.161,0
12.24,7,10.01,0,5,114,0.164,0
34.07,12,20.81,0,4,2357,0.0555,0
132.87,6,17.69,0,1,807,0.1486,0
97.35,1,20.58,0,9,2786,0.0287,0
26.37,10,14.64,1,3,219,0.1032,0
108.64,8,15.81,1,5,1350,0.3143,0
52.25,23,8.31,0,2,1434,0.688,0
64.86,5,17.01,0,4,2940,0.243,0
146.17,15,1.23,0,1,2644,0.3126,0
129.03,21,16.39,0,11,1870,0.1107,0
14.95,15,44.76,0,8,1445,0.2328,0
93.65,3,17.36,0,5,2940,0.029,0
147.31,13,15.46,0,2,649,0.1229,0
107.23,6,34.58,0,3,1525,0.3014,0
65.25,18,55.54,0,3,2453,0.1555,0
17.51,17,10.06,0,2,2089,0.2238,0
47.48,19,9.54,0,5,2923,0.1898,0
123.75,12,13.52,0,3,2514,0.0723,0
124.69,2,2.28,0,5,2775,0.0589,0
16.64,9,15.97,1,3,1208,0.129,0
72.0,18,20.47,1,0,155,0.3239,0
12.79,23,71.68,0,2,657,0.0421,0
13.72,1,6.09,0,4,1782,0.2524,0
42.0,6,21.05,0,1,2554,0.0961,0
32.73,3,83.79,0,0,1681,0.2831,0
36.47,6,39.2,0,3,1317,0.0152,0
147.55,23,10.0,0,1,2078,0.1645,0
74.65,10,1.25,0,5,835,0.211,0
45.96,1,5.58,0,2,315,0.1068,0
37.45,20,-999.0,0,4,1494,0.2089,0
16.01,19,61.66,0,4,1779,0.1456,0
24.31,11,4.58,0,2,1473,0.1907,0
66.92,21,26.73,0,1,743,0.1619,0
31.49,12,2.61,0,2,1161,0.0819,0
17.25,0,22.86,1,1,1138,0.275,0
18.81,18,10.33,0,3,2658,0.2647,0
8.57,20,7.15,0,3,2450,0.0119,0
24.15,6,50.04,1,3,2218,0.0225,0
31.28,13,15.47,0,2,956,0.0684,0
66.18,6,17.78,0,6,141,0.1189,0
47.91,11,3.36,0,1,1614,0.1148,0
34.46,11,21.32,0,2,592,0.2087,0
236.95,20,19.08,0,6,2598,0.2996,0
29.49,10,14.23,0,2,1293,0.0875,0
27.42,21,6.93,0,5,610,0.4374,0
113.24,2,26.98,0,2,2691,0.4099,0
129.12,10,15.14,0,3,2450,0.439,0
29.74,13,45.59,0,4,2321,0.1485,0
41.38,5,3.57,0,0,89,0.0702,0
29.41,8,11.52,0,3,1797,0.3129,0
108.36,6,14.57,0,2,2058,0.325,0
137.99,16,13.55,0,2,2866,0.1017,0
127.21,2,21.91,1,3,500,0.0975,0
28.7,7,24.7,0,2,1867,0.2289,0
54.67,20,6.51,0,4,2546,0.0392,0
40.62,21,7.82,0,4,1067,0.0667,0
16.01,15,44.73,0,3,1920,0.5992,0
15.71,3,6.36,1,3,781,0.2633,0
45.12,10,12.18,0,2,1572,0.2822,0
2.84,12,7.17,0,8,1809,0.2852,0
17.56,2,10.85,0,0,2562,0.2732,0
93.04,17,5.31,0,2,2320,0.5879,0
45.15,13,37.26,0,5,931,0.3597,0
44.45,16,11.46,0,3,2306,0.107,0
86.97,22,9.87,0,3,1512,0.2295,0
71.03,14,10.22,0,1,1536,0.1092,0
27.75,22,42.51,0,2,735,0.3879,0
104.68,20,35.54,0,0,337,0.1187,0
17.99,0,7.42,0,1,1962,0.1059,0
4.98,17,7.7,0,5,2900,0.1266,0
181.8,10,1.99,0,2,1156,0.0809,0
186.71,9,-999.0,1,0,1372,0.3436,0
97.15,1,15.1,0,5,1439,0.2118,0
65.29,22,26.41,0,1,373,0.2764,0
110.41,5,21.83,0,5,1732,0.3415,0
114.19,10,-999.0,0,3,567,0.209,0
28.56,14,21.92,0,1,2910,0.2678,0
22.59,15,23.64,0,1,1903,0.1555,0
32.55,3,-999.0,0,3,606,0.1396,0
5.98,16,10.27,0,5,1503,0.1803,0
65.21,2,22.41,0,2,2681,0.1354,0
46.55,3,29.79,0,2,1356,0.4602,0
28.51,13,21.6,0,0,172,0.1519,0
20.81,12,16.21,0,8,557,0.3514,0
37.98,2,16.04,1,4,1398,0.1311,0
119.33,12,19.56,0,2,90,0.2732,0
43.31,16,9.44,0,6,1309,0.1659,0
66.39,17,3.54,0,2,1880,0.1825,0
22.15,20,1.11,0,1,2210,0.2855,0
378.34,16,58.62,0,8,394,0.145,0
98.02,13,39.36,0,0,1405,0.0317,0
43.66,12,19.07,0,1,1995,0.0911,0
90.77,0,39.81,1,6,482,0.412,1
7.38,22,47.98,0,1,2598,0.0561,0
32.93,11,19.57,0,2,2930,0.0983,0
33.59,5,23.32,0,4,49,0.4053,0
17.2,6,28.97,0,1,2536,0.1122,0
13.67,19,19.94,0,5,2117,0.0824,0
41.81,3,32.78,0,2,615,0.209,0
36.24,10,19.29,0,4,1694,0.0764,0
127.03,14,53.81,1,1,570,0.1678,1
26.6,17,3.44,0,2,2051,0.1787,0
86.83,17,30.08,1,0,718,0.2958,0
70.5,12,9.32,0,3,195,0.2115,0
13.4,0,29.29,0,6,1417,0.0602,0
26.46,17,23.39,0,3,1926,0.2103,0
28.11,6,22.75,0,5,2351,0.1886,0
73.66,22,33.85,1,0,1579,0.4034,0
55.26,4,25.39,0,2,2834,0.2041,0
141.46,12,10.47,0,3,2982,0.2578,0
565.96,2,17.85,0,1,1711,0.2248,0
72.83,10,42.23,0,2,1277,0.2108,0
134.27,0,6.83,0,4,2836,0.0958,0
330.26,15,17.89,0,4,2665,0.3701,0
43.15,6,59.94,0,3,2988,0.1429,0
124.35,16,1.17,0,3,2714,0.3787,0
120.34,16,49.83,0,2,510,0.122,0
70.13,19,16.81,0,3,1664,0.1893,0
39.28,23,16.4,0,3,2921,0.3098,0
83.8,8,20.69,0,0,977,0.0683,0
11.47,17,13.55,0,1,478,0.1273,0
66.9,8,5.74,0,3,1113,0.1881,0
22.02,16,53.43,1,2,1455,0.3794,0
9.63,12,6.31,0,5,1483,0.2465,0
68.74,20,23.06,0,1,2854,0.3654,0
59.63,17,1.89,0,1,358,0.5006,0
24.07,8,8.12,0,6,2049,0.296,0
29.96,15,54.45,0,4,1906,0.13,0
189.09,4,44.93,0,3,2192,0.3012,0
24.35,19,23.88,0,2,1855,0.1485,0
55.58,11,13.34,0,3,452,0.2093,0
41.52,11,42.28,0,4,1150,0.4135,0
14.57,7,39.68,0,2,2852,0.0983,0
41.77,7,17.15,0,1,2420,0.3995,0
36.57,3,-999.0,0,2,980,0.2431,0
53.42,14,50.66,0,2,2381,0.2017,0
15.08,12,18.13,0,3,517,0.2982,0
58.45,19,-999.0,0,1,625,0.1783,0
12.87,11,14.44,0,6,1235,0.1787,0
45.0,10,4.95,0,4,2692,0.0708,0
26.95,19,8.93,0,4,2979,0.1652,0
107.24,13,3.44,0,4,1097,0.1456,0
36.4,9,66.12,0,2,2640,0.4168,0
23.71,21,19.38,0,1,2533,0.3084,0
66.15,6,33.02,0,2,691,0.1935,0
11.64,11,27.23,0,1,1212,0.0856,0
74.56,10,11.86,0,2,478,0.0497,0
18.98,14,31.56,0,3,314,0.2244,0
137.53,7,81.84,0,2,572,0.1939,0
43.83,7,7.65,1,4,2330,0.1027,0
11.89,16,5.94,0,6,2606,0.3024,0
46.72,9,5.32,0,9,786,0.2046,0
51.34,19,9.7,0,1,1317,0.4168,0
50.01,15,47.29,0,2,53,0.0835,0
94.45,2,4.99,0,7,1702,0.3345,0
89.7,20,20.94,0,2,150,0.039,0
80.02,8,-999.0,0,4,313,0.1784,0
96.72,4,8.2,0,2,2025,0.2435,0
67.79,18,6.99,1,6,2158,0.1052,0
27.2,0,22.38,0,1,212,0.1086,0
56.48,1,12.84,0,6,1675,0.0913,0
34.53,15,19.97,0,3,1256,0.0813,0
6.97,6,23.64,0,2,1258,0.2051,0
19.97,4,4.51,0,2,1278,0.5275,0
52.68,4,32.5,0,3,1317,0.1685,0
4.98,22,7.17,0,1,638,0.2712,0
175.08,15,12.14,0,3,1189,0.1079,0
26.93,19,21.17,0,3,1758,0.1549,0
44.66,9,31.51,0,4,2171,0.4434,0
56.33,12,-999.0,0,5,635,0.2059,0
476.15,1,29.49,0,4,1842,0.0611,0
30.19,11,9.3,0,5,1349,0.0825,0
92.8,12,73.72,0,1,2646,0.3981,0
251.55,10,6.1,0,2,1060,0.2492,0
192.26,5,12.75,0,0,2034,0.2406,0
32.24,14,2.64,0,6,82,0.0528,0
27.25,22,32.28,1,5,2545,0.2942,0
135.78,4,24.77,0,3,2928,0.0917,0
13.91,21,-999.0,0,1,1799,0.3356,0
83.12,5,32.57,0,5,796,0.1537,0
6.83,6,2.26,0,2,2796,0.2492,0
40.35,2,28.31,0,2,363,0.4368,1
4.75,3,8.62,0,3,2863,0.1974,0
99.41,4,36.37,0,2,1818,0.2518,0
380.33,19,8.67,0,5,558,0.1844,0
47.16,15,22.68,0,3,2382,0.3269,0
22.79,10,10.3,0,3,1921,0.1815,0
41.86,10,2.97,0,4,286,0.4261,0
34.93,9,33.37,0,2,1475,0.0483,0
5.63,9,19.76,0,4,2484,0.0716,0
58.33,22,25.21,0,5,583,0.2482,0
9.57,15,73.2,0,4,2843,0.0979,0
30.51,18,25.44,0,3,1612,0.1329,0
13.25,11,2.35,0,4,1234,0.1249,0
50.21,11,23.79,0,4,560,0.1867,0
7.59,11,6.28,0,1,2246,0.4962,0
54.6,13,15.86,1,2,2356,0.2289,0
21.53,19,5.98,0,1,2645,0.304,0
77.12,5,4.42,0,5,1755,0.1023,0
55.8,20,10.69,0,4,2770,0.2698,0
187.82,22,15.12,0,3,239,0.3983,1
56.51,19,52.49,0,0,157,0.1382,0
55.25,0,26.12,1,2,1873,0.1165,0
75.67,5,42.98,0,2,1887,0.2737,0
123.25,16,31.9,0,4,989,0.1872,0
39.9,20,19.2,0,2,1571,0.5941,0
90.79,3,29.44,0,0,2832,0.2144,0
200.42,4,34.67,0,1,1081,0.4258,0
53.43,21,14.28,0,4,1254,0.1013,0
55.88,4,8.88,0,5,2781,0.1125,0
18.88,21,13.74,0,1,1650,0.2976,0
25.32,20,28.11,0,2,2009,0.0568,0
118.26,20,-999.0,0,1,36,0.3472,0
24.84,9,48.12,0,2,1474,0.2157,0
272.82,11,16.57,0,4,1330,0.2238,0
129.05,14,42.38,0,3,1392,0.3838,0
37.52,8,13.84,0,2,83,0.0592,0
38.24,8,25.44,0,5,950,0.263,0
33.31,2,-999.0,0,2,986,0.4988,0
24.09,12,1.65,0,3,2384,0.2434,0
13.44,9,6.12,1,1,2746,0.2247,0
782.97,21,6.54,1,2,2389,0.1028,0
23.19,17,24.11,0,5,2166,0.3868,0
29.74,5,44.92,0,6,29,0.0818,0
56.68,4,3.46,0,7,1363,0.0904,0
11.26,14,19.1,0,1,247,0.0911,0
130.27,1,8.82,0,6,2104,0.1826,0
121.54,12,13.52,0,3,495,0.0978,0
65.19,7,15.57,0,1,1919,0.2009,0
22.51,9,59.97,0,2,2404,0.2058,0
49.27,10,3.35,0,2,1848,0.3486,0
18.27,12,6.57,0,3,434,0.0419,0
92.09,11,40.35,0,3,544,0.1673,0
55.05,11,9.66,0,6,2037,0.3392,0
79.76,8,30.23,0,0,2150,0.1182,0
12.16,11,12.05,0,1,2178,0.0691,0
22.5,7,16.15,1,2,784,0.0657,0
61.37,14,27.48,0,2,2571,0.4406,0
108.84,0,0.96,0,2,1903,0.2788,0
38.79,18,29.18,0,5,1628,0.1407,0
75.18,18,2.83,0,2,2720,0.1051,0
53.58,10,6.04,0,3,1116,0.3572,0
11.6,17,13.91,0,0,2897,0.2256,0
27.68,13,37.38,0,5,2306,0.2528,0
22.93,21,2.83,1,4,350,0.1619,0
142.82,2,7.4,0,1,1346,0.2495,0
35.0,0,25.08,0,1,2047,0.0829,0
41.55,20,31.2,0,3,1846,0.2074,0
67.37,18,82.21,0,2,2751,0.306,0
96.09,8,42.53,0,5,1128,0.0837,0
28.0,13,12.16,0,4,2214,0.0817,0
12.46,2,8.26,0,2,1815,0.0716,0
190.31,8,3.11,0,7,766,0.0809,0
35.47,4,3.59,0,3,1624,0.0766,0
36.25,14,26.47,0,1,1920,0.3845,0
24.42,20,70.78,0,5,2771,0.2929,0
49.13,7,6.0,0,1,2156,0.355,0
21.23,19,16.82,0,5,2232,0.0851,0
164.83,6,20.9,0,2,1985,0.0422,0
11.31,8,13.22,0,5,851,0.1967,0
40.91,2,58.22,0,6,534,0.1556,0
47.15,21,23.18,0,6,2278,0.2098,0
70.41,10,30.97,0,5,431,0.5513,1
78.52,7,20.85,0,1,2318,0.3057,0
45.39,16,34.15,0,0,2142,0.1639,0
364.79,19,-999.0,0,0,333,0.1747,0
144.67,17,6.77,0,1,1260,0.5171,0
25.08,9,9.78,0,3,1121,0.1364,0
108.47,19,10.5,0,1,2744,0.4056,0
68.22,13,24.2,0,1,1205,0.1957,0
18.13,15,51.69,0,1,2011,0.2405,0
162.1,23,31.5,0,1,1351,0.2834,0
178.76,4,4.58,0,2,993,0.4123,0
9.73,10,19.31,0,1,427,0.1831,0
19.37,20,22.35,0,1,2949,0.0731,0
136.47,17,8.42,0,4,1043,0.0809,0
21.24,10,15.48,0,3,2410,0.2919,0
156.26,22,21.67,1,2,1214,0.1859,0
57.76,0,16.58,0,1,800,0.2394,0
67.24,14,160.41,0,2,1548,0.1079,0
23.94,9,42.35,0,6,415,0.4302,0
32.26,5,11.5,0,4,1798,0.1152,0
64.02,2,58.73,0,3,994,0.1014,0
27.89,0,56.03,1,3,2296,0.1961,0
20.16,19,8.38,0,3,776,0.126,0
178.96,9,-999.0,0,3,1842,0.3192,0
149.85,16,26.33,0,3,1509,0.1668,0
10.28,6,12.25,0,5,1471,0.1256,0
17.65,6,36.23,0,2,555,0.1584,0
20.92,7,11.37,0,2,1720,0.0191,0
202.61,11,10.58,0,1,2204,0.1608,0
8.19,5,19.4,0,3,1203,0.1722,0
25.0,4,36.5,0,6,806,0.2516,0
219.74,23,20.5,0,3,608,0.3879,0
72.05,9,49.07,0,5,2017,0.0699,0
14.97,5,-999.0,0,2,2837,0.3447,0
7.52,2,28.73,0,3,2873,0.0598,0
26.11,22,7.61,0,2,710,0.0958,0
93.13,3,45.72,0,2,2062,0.2316,0
57.61,6,16.75,0,5,486,0.2602,0
27.83,17,1.25,0,3,1021,0.2066,0
109.64,10,18.74,0,2,2066,0.1413,0
12.8,11,42.61,1,5,1183,0.0706,0
13.65,21,24.75,0,5,2763,0.087,0
54.03,8,19.58,0,5,1166,0.2884,0
101.8,10,28.27,0,2,874,0.0826,0
16.35,3,-999.0,0,1,2169,0.1312,0
36.57,15,56.56,0,1,2573,0.2217,0
29.53,1,-999.0,0,1,1375,0.0319,0
396.49,7,13.14,0,2,1298,0.0613,0
50.92,3,10.65,0,4,243,0.1679,0
21.06,8,1.51,0,3,702,0.0259,0
20.5,6,-999.0,0,3,324,0.2168,0
39.75,10,44.38,0,2,2760,0.0195,0
176.7,1,41.17,0,2,1183,0.1044,0
23.15,22,28.21,0,3,295,0.5392,0
80.14,17,34.6,0,3,1976,0.2581,0
45.52,19,17.28,0,5,2905,0.2265,0
67.38,10,18.84,0,2,2432,0.1785,0
23.83,12,6.72,0,3,1991,0.1466,0
64.77,9,40.66,0,6,293,0.6495,0
337.34,15,23.17,0,5,908,0.0712,0
36.49,4,14.85,0,2,1317,0.088,0
6.51,5,56.61,0,5,2392,0.0974,0
73.49,6,1.97,1,1,817,0.0688,0
353.91,7,23.07,0,3,252,0.1519,1
23.64,1,37.88,0,2,1877,0.0816,0
78.35,15,17.36,0,3,2955,0.2371,0
20.52,10,51.0,0,2,652,0.0843,0
131.47,11,5.74,0,2,2650,0.2094,0
15.54,10,4.84,0,2,102,0.4619,0
43.52,1,32.17,0,3,1959,0.4728,0
53.17,21,25.21,0,4,919,0.3041,0
36.4,3,9.3,0,4,1262,0.2963,0
15.71,5,9.61,1,2,2696,0.2057,0
10.59,20,21.16,0,1,125,0.1937,0
122.76,12,7.4,0,4,248,0.1892,0
9.86,5,5.99,0,3,269,0.2288,0
59.14,10,39.54,0,6,2842,0.113,0
96.87,18,10.09,0,3,1513,0.1377,0
36.28,5,13.06,1,4,2177,0.2125,0
15.45,2,19.43,0,4,1049,0.0638,0
41.65,20,8.32,0,3,1742,0.0898,0
18.43,0,17.09,0,5,2343,0.1522,0
2.39,2,29.4,1,0,1978,0.2434,0
140.81,20,3.95,1,5,735,0.1863,0
94.27,3,6.99,0,3,896,0.1076,0
79.2,6,29.86,0,4,272,0.137,0
23.33,9,38.24,1,1,1076,0.2757,0
40.82,19,39.3,0,1,155,0.1533,0
883.82,4,27.06,0,1,289,0.256,0
24.74,18,28.67,0,6,1505,0.2846,0
212.13,14,14.6,0,2,818,0.2521,0
89.05,9,4.01,0,0,1909,0.1311,0
22.76,19,22.45,0,4,1124,0.2154,0
47.0,18,2.44,0,2,1247,0.2083,0
39.22,21,27.67,0,4,369,0.1117,0
72.42,17,15.11,0,3,2089,0.0348,0
16.99,3,11.25,0,3,673,0.3805,0
193.7,19,19.22,1,3,795,0.3113,0
22.01,7,49.71,0,5,2043,0.0679,0
109.93,23,30.11,0,3,625,0.2228,0
52.87,16,7.39,0,3,21,0.0875,0
33.11,7,16.26,0,2,2137,0.0313,0
24.45,19,16.44,0,2,878,0.0813,0
44.69,6,28.02,0,2,2186,0.2133,0
65.1,4,15.56,0,3,2615,0.2221,0
18.22,15,24.67,0,2,2932,0.1344,0
272.99,0,1.39,0,3,2420,0.1163,0
53.42,17,32.21,0,4,2735,0.2688,0
17.12,12,20.68,0,3,1580,0.2067,0
41.94,4,-999.0,0,4,2681,0.3494,0
105.75,15,59.15,0,2,2362,0.0811,0
20.02,8,7.68,0,2,564,0.3346,0
28.85,3,32.32,0,4,649,0.097,0
155.45,0,8.88,0,2,2036,0.0499,0
16.36,13,60.43,0,3,2579,0.0019,0
51.87,5,11.73,0,5,809,0.1867,0
31.41,17,11.15,0,7,300,0.0769,0
4.03,0,39.8,0,7,2712,0.092,0
130.42,6,19.84,0,1,2773,0.0896,0
50.74,10,103.58,1,3,2095,0.2794,0
79.84,16,21.79,0,5,261,0.4379,0
27.38,11,-999.0,0,1,2332,0.0686,0
48.45,20,7.45,0,1,450,0.3064,0
28.5,20,20.23,0,2,2357,0.2173,0
16.76,5,15.77,0,5,2429,0.1143,0
32.97,10,11.09,0,4,2131,0.1145,0
14.89,2,3.92,0,2,520,0.2418,0
31.14,19,23.38,0,5,2954,0.1121,0
801.03,22,17.91,0,3,912,0.0862,0
173.35,17,50.32,0,4,2149,0.1898,0
70.28,3,4.55,0,1,2597,0.3192,0
74.14,7,24.68,0,0,113,0.0678,0
49.55,15,-999.0,0,3,435,0.2016,0
81.2,15,15.49,0,1,1362,0.2372,0
19.55,12,42.8,0,6,2218,0.0575,0
80.4,10,10.02,0,1,113,0.0261,0
36.09,16,18.42,0,4,2972,0.1052,0
137.13,12,2.01,0,1,2221,0.3684,0
46.33,2,1.8,0,3,1734,0.1061,0
404.72,19,33.39,0,3,2803,0.212,0
6.29,6,13.47,1,3,1005,0.0878,0
8.15,5,26.08,0,3,627,0.2087,0
34.57,8,20.54,0,2,904,0.0807,0
16.74,0,28.13,0,2,2466,0.113,0
23.48,21,25.97,0,2,2518,0.1142,0
10.16,1,14.23,1,3,985,0.0774,0
61.85,8,-999.0,0,4,1188,0.226,0
57.68,6,14.38,0,3,470,0.1619,0
41.99,8,34.67,0,3,1491,0.2547,0
107.03,3,8.41,0,4,2367,0.2375,0
66.91,7,27.47,0,0,2870,0.0482,0
276.48,12,-999.0,0,2,1850,0.1586,0
47.06,19,42.1,1,2,2993,0.4138,0
47.74,7,10.88,1,2,2537,0.3204,0
37.87,13,24.38,0,5,2447,0.0878,0
234.24,7,15.22,0,5,1405,0.0493,0
23.65,8,49.31,0,3,192,0.1498,0
46.69,8,62.21,0,4,2706,0.1887,0
31.0,7,27.84,0,2,1810,0.2053,0
43.63,0,37.08,0,6,243,0.1182,0
39.85,23,37.62,0,3,378,0.1056,0
13.68,14,15.0,0,2,2116,0.3093,0
73.3,11,-999.0,0,6,1154,0.1656,0
53.58,12,49.33,0,2,475,0.2868,0
45.15,15,7.36,0,1,2263,0.1437,0
19.03,23,35.23,0,7,1480,0.2935,0
355.87,19,37.55,0,2,933,0.0498,0
49.71,11,10.3,0,1,2288,0.6066,0
21.39,1,3.72,0,1,1298,0.1847,0
26.14,23,13.8,0,3,1287,0.1577,0
20.43,5,21.2,0,3,1382,0.2744,0
153.59,4,50.77,0,1,2147,0.1018,0
7.66,21,26.56,0,3,2085,0.0498,0
28.71,8,51.0,0,3,657,0.0849,0
55.45,23,15.45,0,3,91,0.1858,0
23.04,6,-999.0,0,0,1534,0.3154,0
96.66,11,26.5,1,0,2003,0.3911,0
305.65,14,42.82,0,1,1793,0.2661,0
84.21,16,30.38,0,4,2672,0.2561,0
85.92,16,13.3,0,4,2661,0.1174,0
37.62,23,118.5,0,1,2719,0.3475,0
406.78,22,8.42,0,2,1453,0.1047,0
24.64,20,16.32,0,1,1988,0.2724,0
34.07,19,-999.0,0,1,1697,0.2468,0
34.81,19,21.93,0,5,1977,0.0289,0
23.8,7,15.69,0,5,1770,0.2039,0
17.74,13,6.43,0,4,951,0.1239,0
18.18,17,7.55,0,2,1457,0.1479,0
31.54,20,24.87,0,4,1402,0.0568,0
37.72,22,56.89,0,1,1935,0.4027,0
251.09,4,17.44,1,4,967,0.0942,0
102.73,21,19.32,0,5,2876,0.1574,0
137.62,15,11.73,0,6,2541,0.1601,0
21.45,9,11.68,0,4,280,0.2025,0
7.29,14,46.87,1,4,465,0.3617,0
68.51,7,64.9,0,1,336,0.1092,0
70.09,11,32.57,0,8,2553,0.0473,0
16.33,5,39.76,1,5,2094,0.107,0
11.98,20,34.11,0,3,1599,0.3097,0
50.79,15,4.72,0,3,1873,0.3345,0
6.66,1,31.67,0,0,1336,0.0999,0
23.21,14,13.43,0,3,1913,0.2572,0
12.77,8,31.05,0,2,28,0.0505,0
50.36,18,10.01,0,4,2659,0.0916,0
50.76,3,12.54,0,2,2266,0.1834,0
55.72,10,20.06,0,5,1867,0.1705,0
35.4,22,28.47,0,6,1798,0.3246,1
64.47,9,28.67,0,3,747,0.3648,0
5.88,21,25.27,0,3,1459,0.2305,0
65.04,3,0.56,0,2,1190,0.2157,0
176.8,17,45.35,1,3,840,0.0945,0
72.13,19,14.52,0,2,142,0.1055,0
42.41,0,17.69,0,1,1503,0.0792,0
28.39,14,33.22,0,4,1061,0.1705,0
147.41,15,9.35,0,4,2889,0.1608,0
88.32,23,61.16,0,4,1291,0.4441,0
5.67,5,11.02,0,3,2039,0.1644,0
154.06,20,1.44,0,2,2670,0.1197,0
25.09,17,5.66,1,3,469,0.0653,0
58.58,3,7.32,0,2,2673,0.0745,0
135.44,13,26.21,0,0,2818,0.0569,0
103.11,14,27.35,0,2,1784,0.1539,0
69.48,17,15.79,0,6,761,0.0503,0
29.08,17,0.16,0,3,113,0.1002,0
27.17,8,8.83,0,3,560,0.2945,0
51.2,21,35.24,0,4,2564,0.529,0
41.01,22,19.65,0,0,1640,0.2023,0
20.09,16,126.79,0,0,1966,0.4053,0
21.61,23,-999.0,0,2,812,0.0117,0
84.19,1,38.09,0,5,1290,0.3488,0
11.36,20,13.44,0,6,87,0.2414,0
51.62,3,8.25,0,3,387,0.4162,0
12.17,20,6.52,0,2,1453,0.0651,0
22.52,1,10.28,0,3,200,0.0166,0
35.3,8,22.62,1,2,2422,0.305,0
220.89,10,9.77,0,4,2821,0.4204,0
31.03,22,21.33,0,2,1052,0.1545,0
57.2,17,27.08,0,3,1561,0.2221,0
58.79,8,63.16,1,4,584,0.2601,0
36.67,23,12.68,0,4,1351,0.4897,0
312.26,13,1.53,0,3,1211,0.3214,0
45.11,23,30.25,0,4,2382,0.1172,0
3.6,18,3.93,0,2,2917,0.1918,0
8.24,1,56.54,0,7,194,0.3052,0
26.99,10,21.81,1,2,2622,0.137,0
29.28,17,1.4,0,2,1877,0.1563,0
28.73,9,16.84,1,2,1139,0.3236,0
27.63,18,36.31,0,1,2499,0.1631,0
20.77,23,13.44,0,4,232,0.2021,0
12.32,13,11.3,0,3,1911,0.1202,0
56.41,0,20.09,0,4,1918,0.138,0
17.81,3,42.6,0,2,687,0.3312,0
119.87,13,39.42,0,5,2746,0.0452,0
92.41,20,-999.0,0,6,415,0.1543,0
58.87,16,-999.0,0,2,147,0.1533,0
45.16,3,63.65,0,2,525,0.0855,0
119.35,17,38.49,0,7,2908,0.2103,0
34.22,12,15.25,0,3,1005,0.1027,0
13.45,17,34.47,0,1,2995,0.3491,0
211.89,14,23.64,0,4,2059,0.2314,0
56.16,3,5.91,0,3,206,0.172,0
17.42,15,0.84,0,7,319,0.4116,0
22.32,3,8.15,0,1,2843,0.1042,0
57.47,12,12.2,0,4,2813,0.0273,0
68.45,5,18.1,0,4,102,0.1067,0
13.36,19,86.33,0,1,333,0.1432,0
21.06,3,7.83,0,5,1261,0.0398,0
109.12,8,17.56,0,3,2791,0.1453,0
125.37,2,7.97,0,2,99,0.1231,0
37.93,3,10.69,0,3,931,0.0145,0
51.06,7,3.89,0,0,643,0.1104,0
54.89,12,15.79,0,2,587,0.1704,1
35.62,2,2.67,0,2,2905,0.3973,0
95.95,0,13.49,0,7,373,0.1698,0
10.95,20,25.06,0,1,1709,0.2154,0
32.76,8,19.31,0,5,1369,0.1072,0
26.51,6,47.22,0,4,430,0.2894,0
96.88,19,35.85,0,1,1818,0.0547,0
76.63,21,17.29,0,4,1270,0.174,0
63.17,17,50.51,0,8,2439,0.3442,0
26.42,19,5.01,0,3,751,0.157,0
252.17,1,47.56,0,2,2675,0.1212,0
66.93,12,7.91,0,1,62,0.1174,0
18.35,7,17.59,0,2,747,0.0931,0
21.6,10,24.71,0,3,2385,0.1787,0
15.0,3,26.71,0,1,1186,0.1326,0
52.65,5,6.42,0,1,1302,0.1663,0
19.18,22,8.59,0,4,1568,0.0125,0
114.64,22,6.85,0,5,2156,0.2181,0
14.87,21,6.88,0,4,2936,0.2434,0
38.4,5,8.36,0,2,1740,0.4502,0
44.54,14,6.78,0,4,2265,0.0239,0
17.35,13,77.76,1,3,2110,0.11,0
308.0,14,68.54,0,4,52,0.128,0
44.83,3,29.78,0,3,2364,0.0655,0
4.65,12,11.62,0,5,2379,0.1454,0
13.38,15,101.47,0,0,2959,0.2444,0
16.53,16,28.68,0,5,936,0.0865,0
30.52,7,21.03,0,3,1365,0.1161,0
314.51,21,15.19,0,5,183,0.1316,0
67.99,2,10.87,0,2,1805,0.215,0
20.73,5,41.34,0,3,797,0.7416,0
107.4,17,21.13,1,5,1302,0.2844,0
38.63,6,1.93,0,5,2614,0.1537,0
149.12,7,12.8,0,1,2684,0.0394,0
82.64,4,24.39,0,3,540,0.3128,0
153.18,19,2.99,0,0,1052,0.2629,0
81.78,4,0.49,0,6,2304,0.1259,0
54.63,17,9.06,0,3,1423,0.0246,0
129.71,1,5.41,0,3,1921,0.1613,0
7.44,8,20.89,0,2,2070,0.1874,0
138.02,7,54.3,0,3,1912,0.2557,0
67.14,10,15.59,0,4,2817,0.2102,0
29.29,3,5.26,0,4,1362,0.194,0
7.46,7,23.63,0,4,449,0.1598,0
42.6,19,37.55,1,0,902,0.0487,0
8.52,2,-999.0,0,5,1591,0.2875,0
40.48,10,56.41,0,4,1608,0.0916,0
20.57,22,-999.0,0,3,446,0.1022,0
10.22,17,11.69,0,2,2980,0.134,0
147.64,10,20.54,0,1,2415,0.1008,0
30.19,20,1.57,0,2,1649,0.1051,0
1.75,8,3.5,0,6,2898,0.1497,0
8.26,19,13.69,0,5,253,0.3369,0
15.57,22,36.62,0,4,2181,0.1297,0
13.71,5,26.95,0,1,842,0.1698,0
13.03,10,46.04,0,2,2265,0.2348,0
83.21,7,14.78,0,4,1026,0.204,0
58.55,5,44.1,0,2,814,0.3382,0
62.72,1,44.04,0,1,1709,0.1283,0
76.26,8,30.0,0,2,1004,0.2519,0
24.7,9,63.78,0,6,190,0.0545,0
68.78,21,44.72,0,4,2365,0.1621,0
62.08,21,2.26,0,6,2929,0.1722,0
175.94,14,19.71,0,2,2568,0.2746,0
7.69,15,12.65,0,4,1700,0.3652,0
17.46,9,5.04,0,7,2919,0.0775,0
24.72,13,16.07,0,4,2715,0.2826,0
22.01,11,16.63,0,2,2458,0.442,0
33.25,7,27.98,0,2,145,0.0788,0
52.97,5,2.27,0,2,2675,0.2531,0
38.96,22,4.56,0,2,2003,0.0976,0
102.87,10,98.19,0,4,2620,0.016,0
5.97,2,34.71,0,2,2955,0.5165,0
106.26,19,24.33,0,5,1948,0.2392,0
34.91,4,17.67,0,1,2827,0.0686,0
66.15,16,-999.0,0,1,1960,0.075,0
25.33,13,20.31,0,2,1013,0.0444,0
22.37,1,6.93,0,5,1867,0.1017,0
36.02,17,20.52,0,4,2975,0.1961,0
36.19,6,-999.0,0,1,1027,0.2233,0
17.04,8,21.46,0,2,918,0.2923,0
80.29,17,28.82,0,1,2047,0.0467,0
155.26,17,34.0,0,0,1627,0.1093,0
19.18,16,41.75,0,9,1937,0.446,0
95.63,13,8.94,0,2,1863,0.1344,0
12.95,10,9.98,0,4,1827,0.0507,0
145.38,21,32.57,1,2,1708,0.1267,0
112.67,21,24.3,0,3,1755,0.3293,0
55.92,16,66.26,0,1,821,0.0993,0
86.05,0,-999.0,0,2,1397,0.0849,0
468.72,7,4.94,0,0,2838,0.3329,0
3.04,15,27.27,0,4,2727,0.445,0
64.76,22,14.62,0,4,362,0.2539,0
172.74,11,3.73,0,6,1602,0.2289,0
134.74,0,24.78,0,2,1257,0.1232,0
31.97,21,42.12,1,5,1325,0.0745,0
14.34,14,19.24,0,3,1667,0.4265,0
27.92,4,20.6,0,1,2607,0.1315,0
32.17,6,0.93,0,4,2987,0.2425,0
62.67,19,35.07,0,6,1945,0.6284,0
43.04,5,21.93,1,6,1198,0.2154,1
261.59,23,8.62,0,6,2106,0.3013,0
148.49,22,25.59,0,1,1730,0.1448,0
219.35,4,35.96,0,3,1115,0.0912,0
48.1,8,38.35,0,2,1151,0.4145,0
64.46,16,1.94,0,2,2288,0.0707,0
18.77,4,35.79,0,0,1349,0.3329,0
30.64,9,4.06,0,4,2132,0.0931,0
30.18,14,24.76,0,4,1513,0.4698,0
52.8,11,43.21,0,3,1845,0.4435,0
15.83,1,10.88,0,1,2116,0.199,0
85.87,12,8.39,0,7,1372,0.2441,0
15.61,18,32.43,0,0,609,0.3661,0
375.39,14,18.68,0,6,356,0.2138,0
21.72,2,12.44,0,2,1570,0.0062,0
36.63,19,23.53,0,2,275,0.101,0
176.02,21,-999.0,0,2,395,0.1774,0
55.07,7,9.82,1,1,1651,0.2264,0
57.18,0,31.73,0,3,308,0.2303,0
58.6,16,4.78,0,3,2121,0.3598,0
50.88,0,67.74,0,3,594,0.2325,0
9.48,12,15.54,0,5,1459,0.0495,0
20.27,6,15.94,0,3,805,0.1707,0
120.83,11,14.37,0,4,1661,0.2366,0
97.35,5,11.27,0,0,1486,0.1277,0
5.29,10,18.14,0,3,236,0.0812,0
72.93,2,30.26,0,3,360,0.3625,0
20.01,22,24.45,1,2,2791,0.1203,0
117.22,10,26.34,0,4,1418,0.2263,0
36.31,0,36.64,0,3,2301,0.1942,0
43.78,16,24.31,0,2,157,0.2143,0
60.28,1,9.61,0,5,1768,0.202,0
26.48,3,29.03,0,5,2933,0.2196,0
37.55,8,-999.0,0,7,1027,0.0734,0
49.79,16,46.59,0,5,911,0.1533,0
43.37,21,15.65,0,3,2164,0.2194,0
144.14,14,59.94,0,3,49,0.3782,0
140.49,15,22.54,0,4,839,0.0507,0
44.2,9,41.76,0,6,1021,0.2682,0
57.34,12,18.85,0,1,455,0.2127,0
34.42,2,9.12,0,2,618,0.2595,0
20.74,6,29.37,1,8,1074,0.1245,0
172.62,14,19.06,0,2,971,0.3018,0
74.17,18,5.74,0,2,2220,0.2199,0
32.53,22,45.65,0,2,2072,0.3573,0
58.43,20,6.76,0,4,1282,0.335,0
45.74,1,18.35,0,3,1454,0.2213,0
26.22,9,17.72,0,4,1784,0.2008,0
35.63,21,19.89,0,1,1529,0.0146,0
17.7,7,0.96,0,2,691,0.2214,0
5.38,23,10.91,0,3,1903,0.0612,0
38.04,21,29.71,0,3,2646,0.6475,0
2.43,16,20.6,0,1,2553,0.1103,0
2.04,6,46.01,0,1,2127,0.1709,0
121.33,5,16.1,0,3,1529,0.1909,0
55.27,1,23.56,0,3,349,0.0308,0
29.92,4,16.71,0,7,2811,0.0794,0
59.85,11,49.64,0,1,832,0.1452,0
14.32,11,10.25,0,4,1922,0.2004,0
16.69,6,9.48,0,2,26,0.0772,0
109.95,8,24.02,0,3,1872,0.0917,0
12.29,12,-999.0,0,8,93,0.0787,0
34.19,22,36.62,0,3,426,0.1483,0
75.75,13,9.48,0,4,2221,0.0676,0
231.97,9,15.43,0,2,2353,0.1411,0
16.05,5,-999.0,0,2,117,0.0334,0
109.26,7,35.57,0,2,87,0.1327,0
126.22,10,106.26,0,2,2209,0.3128,0
158.76,21,47.56,0,3,2260,0.2905,0
107.24,11,29.84,0,2,2612,0.3181,0
91.89,17,38.18,0,6,1416,0.1422,0
82.38,11,8.35,0,5,935,0.4567,0
6.71,10,27.68,0,3,474,0.183,0
29.15,23,49.07,0,3,2986,0.2942,0
22.07,15,14.06,0,4,2053,0.3425,0
17.4,17,29.69,0,1,1681,0.0826,0
16.86,0,22.58,0,1,2791,0.1131,0
17.72,19,97.22,0,2,2274,0.4444,0
43.4,9,23.53,0,5,628,0.2077,0
54.3,21,16.74,0,5,302,0.3574,0
190.36,6,22.38,0,3,1616,0.0301,0
378.88,6,4.06,0,3,2249,0.1916,0
73.75,16,6.19,0,2,1889,0.1555,0
43.2,1,22.01,0,2,2650,0.238,0
26.82,1,13.86,0,3,2470,0.0684,0
48.52,5,15.26,0,4,1020,0.0966,0
79.1,8,70.25,0,4,908,0.3517,0
138.76,22,14.01,0,4,1129,0.1553,0
38.09,13,21.03,0,3,1799,0.0772,0
37.55,17,17.45,0,7,836,0.1527,0
58.28,5,5.47,1,2,1091,0.1861,0
71.11,10,31.46,0,3,451,0.1622,0
51.44,20,8.18,0,0,2496,0.1009,0
26.93,13,49.69,0,3,833,0.4349,0
69.3,9,27.06,1,2,2297,0.2253,0
15.96,23,9.0,0,1,449,0.1148,0
18.62,3,23.46,0,8,557,0.0491,0
12.02,8,1.17,0,4,536,0.1488,0
32.01,8,4.61,0,0,1366,0.0617,0
83.16,21,13.7,0,5,632,0.1459,0
72.38,4,42.37,0,3,640,0.35,0
38.7,20,29.22,0,0,248,0.4108,0
26.43,5,33.1,0,1,1341,0.2336,0
26.61,16,-999.0,0,2,2781,0.1793,0
40.35,22,4.13,0,0,2512,0.1717,0
3.98,18,43.1,0,3,2800,0.42,0
12.48,15,11.62,1,2,71,0.0797,0
23.5,3,30.77,0,1,427,0.235,0
92.56,5,59.55,0,1,1426,0.1343,0
11.58,13,56.79,0,1,2640,0.4236,0
43.55,4,8.03,0,0,799,0.1008,0
9.23,10,16.09,0,3,2129,0.1645,0
87.86,13,13.15,0,1,2336,0.0435,0
77.57,3,31.13,0,0,2186,0.2049,0
15.07,13,27.55,0,3,1016,0.194,0
53.07,7,9.46,0,5,1425,0.2766,0
32.01,7,20.87,0,6,1694,0.1097,0
4.2,15,23.52,0,4,2989,0.1631,0
83.63,17,-999.0,0,3,473,0.2277,0
133.4,19,6.45,0,8,1599,0.145,0
37.42,0,12.97,0,5,739,0.3711,0
10.67,14,24.68,0,1,2129,0.1474,0
30.98,8,2.59,1,1,498,0.1993,0
75.14,3,24.2,0,2,215,0.1382,0
116.78,20,36.98,0,3,1863,0.1685,0
16.27,20,4.81,0,5,1104,0.2462,0
85.86,14,7.96,0,3,2613,0.1912,0
180.91,12,20.57,0,4,1716,0.1156,0
22.68,2,19.3,0,2,2206,0.3287,0
127.54,11,7.37,0,4,133,0.263,0
22.71,0,18.26,0,5,2218,0.254,0
27.83,3,36.21,0,3,2198,0.0512,0
137.91,6,41.23,0,2,569,0.1458,0
90.8,18,1.01,0,5,2894,0.0885,0
17.34,12,9.85,0,6,1098,0.2243,0
115.2,9,47.12,1,6,83,0.0705,0
37.89,18,18.07,0,3,1579,0.121,0
115.83,16,24.12,0,7,2268,0.1019,0
12.03,8,1.86,0,2,85,0.1247,0
74.51,17,4.65,0,2,2210,0.2237,0
138.28,17,11.52,0,3,657,0.4258,0
114.97,20,13.51,0,1,1864,0.3005,0
30.59,18,6.14,0,2,1541,0.247,0
20.27,16,17.86,0,1,2721,0.0233,0
15.35,6,21.83,0,5,1408,0.1256,0
51.43,0,53.05,0,4,1476,0.245,0
37.3,12,4.72,0,2,1226,0.1334,0
91.84,11,23.42,0,2,2548,0.4804,0
13.74,5,50.44,0,1,1036,0.1961,0
515.79,8,20.73,0,2,506,0.3703,0
98.21,15,30.91,0,2,434,0.1513,0
101.88,8,29.52,0,2,189,0.135,0
11.91,21,31.42,0,7,1174,0.3805,0
108.92,11,8.96,0,6,1315,0.0166,0
22.47,9,15.13,0,2,2128,0.0828,0
54.8,17,2.96,0,3,1652,0.124,0
20.43,3,11.86,0,3,760,0.2265,0
104.14,21,18.78,0,2,1502,0.2348,0
338.49,14,-999.0,0,3,2229,0.2283,0
45.05,17,8.18,0,3,1531,0.069,0
27.83,8,17.36,0,2,2439,0.0524,0
43.62,16,14.59,0,3,2045,0.155,0
23.34,17,19.84,0,2,1739,0.1938,0
77.36,14,17.6,0,1,2359,0.3075,0
21.06,7,47.24,1,3,594,0.2836,0
22.56,23,48.59,0,1,641,0.0863,0
94.61,1,14.94,0,3,938,0.0958,0
12.21,0,4.58,0,5,650,0.5152,0
23.53,8,21.97,0,2,98,0.099,0
60.23,1,17.91,0,2,456,0.0844,0
60.74,0,20.52,0,2,1293,0.0513,0
26.87,1,2.01,0,1,1518,0.4005,0
8.01,23,5.22,1,3,624,0.0958,0
39.62,5,13.65,0,5,2493,0.3169,0
89.51,2,4.97,0,5,1842,0.1657,0
73.1,0,4.01,0,3,2032,0.2946,0
71.52,4,35.61,0,1,1641,0.0353,0
33.41,14,13.59,0,2,2231,0.1283,0
23.11,2,19.32,0,1,607,0.5569,0
31.56,1,8.86,0,1,1023,0.2108,0
92.99,20,14.88,0,2,32,0.1781,0
39.48,2,38.39,0,1,1689,0.2774,0
124.05,23,3.17,0,2,1102,0.1003,0
43.48,14,15.13,0,5,2382,0.0951,0
17.52,19,6.56,0,7,140,0.2427,0
15.47,5,10.46,0,5,2390,0.3671,0
64.34,18,41.48,0,6,1575,0.2641,0
35.33,0,18.37,0,4,2481,0.354,0
88.17,14,27.59,0,2,1285,0.1646,0
25.95,15,48.32,0,4,816,0.4129,0
97.17,9,-999.0,0,3,1964,0.0975,0
120.78,5,16.32,0,2,1790,0.2648,0
304.39,7,39.31,0,1,160,0.0554,0
16.01,22,20.46,0,3,2308,0.0713,0
123.11,12,30.63,0,2,552,0.0846,0
489.37,0,50.71,0,5,2496,0.1544,0
40.52,14,26.22,0,1,2319,0.1946,0
11.19,20,2.81,0,3,1351,0.0533,0
19.96,13,36.12,0,2,1345,0.028,0
7.3,18,-999.0,0,2,133,0.0645,0
63.41,5,17.18,0,3,1101,0.3848,0
97.03,7,30.06,0,4,2077,0.1156,0
19.69,9,8.21,0,3,456,0.1635,0
92.64,15,5.47,0,3,1827,0.1167,0
77.98,4,24.83,0,2,62,0.0913,0
20.13,9,7.17,0,6,2765,0.2685,0
97.7,20,36.82,0,7,1339,0.1374,0
36.76,21,0.33,0,3,2523,0.1683,0
27.3,5,5.73,0,3,884,0.2673,0
29.83,16,6.67,0,4,1405,0.3312,0
109.61,16,16.65,0,4,2697,0.0755,0
8.21,8,11.73,1,2,487,0.2345,1
41.55,1,66.61,0,1,1799,0.1447,0
165.83,4,20.49,0,2,581,0.1596,0
7.6,1,26.47,0,4,2759,0.2338,0
11.39,11,14.51,0,1,325,0.1352,0
36.19,17,9.69,0,3,949,0.1419,0
27.79,21,27.32,0,3,680,0.2343,0
53.77,11,8.4,0,2,2528,0.178,0
11.96,16,24.47,0,4,1877,0.0498,0
79.87,1,54.97,0,6,1957,0.0688,0
207.71,9,62.64,0,4,333,0.0923,0
77.56,2,16.19,0,3,650,0.1754,0
5.7,9,4.04,0,6,2974,0.2197,0
150.94,3,41.94,0,4,2328,0.3247,0
142.94,2,2.46,0,1,1853,0.2278,0
15.03,5,11.2,0,6,1539,0.0835,0
37.82,0,12.19,0,3,151,0.0826,0
26.29,17,36.5,0,6,381,0.3256,0
29.81,8,44.27,0,4,2490,0.2761,0
48.87,8,37.7,0,5,829,0.2102,0
80.48,9,5.39,0,1,2429,0.057,0
9.22,15,42.13,0,2,691,0.0539,0
12.08,3,43.96,0,4,2690,0.1891,0
30.68,11,32.82,1,1,2936,0.1608,0
135.91,21,10.17,0,7,1321,0.1331,0
67.78,18,-999.0,0,2,1692,0.0645,0
242.68,19,20.45,0,3,2522,0.0414,0
35.5,2,-999.0,0,1,130,0.0318,0
310.43,8,25.69,1,2,2259,0.0494,0
62.96,22,26.47,0,2,824,0.2516,0
81.68,19,5.8,0,4,2316,0.2441,0
86.32,21,18.78,0,2,435,0.1506,0
26.44,14,35.49,0,6,1349,0.1863,0
18.11,11,5.56,0,4,1872,0.1982,0
38.96,2,10.2,0,3,169,0.1714,0
19.45,20,12.25,0,2,1650,0.2033,0
10.7,9,19.55,0,1,2540,0.1853,0
133.68,4,18.64,0,4,2407,0.1398,0
18.85,2,9.04,0,2,1156,0.072,0
28.54,23,13.62,0,4,2306,0.2974,0
7.86,6,20.7,0,1,296,0.2107,0
10.26,17,5.66,0,5,797,0.2524,0
37.61,6,2.52,1,5,1389,0.2158,0
17.31,8,13.17,0,3,1603,0.1,0
61.95,14,5.54,0,4,164,0.049,0
43.76,22,24.29,0,3,1005,0.4874,0
137.74,7,47.91,0,2,1863,0.4276,0
71.32,3,42.11,1,2,2473,0.1642,0
123.68,9,4.47,0,2,1580,0.2753,0
68.48,0,9.91,0,5,2386,0.228,0
7.88,19,4.45,0,5,1184,0.2978,0
10.67,20,30.16,1,4,1205,0.0719,1
51.0,21,5.56,0,2,2503,0.1457,0
321.18,2,12.36,1,4,25,0.2395,1
35.19,21,4.91,0,5,353,0.2492,0
11.21,23,-999.0,0,0,1915,0.5514,0
183.27,14,10.21,0,7,2584,0.3251,0
86.55,1,10.3,0,5,1142,0.1884,0
17.54,5,13.37,1,6,1289,0.1509,0
44.65,6,13.05,0,3,1072,0.0504,0
16.58,2,13.76,0,3,1755,0.0803,0
165.31,12,11.83,0,2,2853,0.1318,0
29.2,21,8.37,1,2,504,0.3049,0
44.33,13,16.0,0,3,2693,0.1155,0
131.05,23,58.48,0,5,1362,0.3571,0
20.73,17,25.72,0,3,1805,0.0843,0
37.11,3,4.64,0,1,1286,0.1226,0
146.78,1,10.43,0,2,1807,0.2897,0
59.91,2,20.5,0,3,1890,0.4061,0
113.52,17,3.58,0,1,581,0.1199,0
46.54,21,7.96,0,5,1469,0.3319,0
88.14,1,8.71,1,5,1275,0.0496,0
18.45,21,10.41,0,2,1741,0.1571,0
44.84,1,64.89,0,5,1243,0.0327,0
46.71,9,24.76,0,0,24,0.1812,0
74.6,16,11.14,0,1,945,0.4252,1
12.99,7,77.41,0,4,2311,0.1282,0
19.52,21,-999.0,0,2,1827,0.4897,0
77.14,19,42.55,0,5,814,0.1053,0
49.94,20,16.37,0,1,457,0.099,0
128.92,20,7.48,0,1,796,0.2015,0
52.68,19,39.02,0,4,457,0.1956,0
46.56,9,8.85,0,4,2701,0.0593,0
261.79,15,2.43,0,3,619,0.2398,0
51.52,12,12.34,0,2,1406,0.1945,0
31.1,15,27.11,0,2,1363,0.0527,0
5.82,23,7.15,0,4,2741,0.2389,0
42.45,0,6.14,0,7,1640,0.1365,0
19.55,0,65.1,0,0,1244,0.2207,0
19.1,5,4.37,0,5,1982,0.1452,0
35.08,7,3.53,0,1,1122,0.3244,0
35.79,8,11.01,0,4,881,0.209,0
20.56,13,28.17,0,3,676,0.0911,0
6.09,3,2.72,0,3,2823,0.0905,0
51.08,0,50.76,0,4,23,0.0185,0
20.9,2,7.93,0,3,2621,0.0661,0
75.54,23,12.23,0,1,1963,0.1542,0
18.93,0,21.34,0,3,778,0.242,0
17.75,23,10.01,0,1,2498,0.3081,0
20.47,8,21.03,0,3,2718,0.0714,0
264.1,19,27.43,0,7,20,0.2711,0
11.16,17,8.48,1,4,170,0.5506,0
70.86,6,10.69,0,6,2623,0.1299,0
68.56,17,30.11,0,3,1889,0.119,0
2.16,0,48.68,0,3,782,0.0423,0
5.36,5,44.7,0,1,1900,0.5885,0
36.34,20,10.14,0,3,337,0.0847,0
36.65,1,19.92,0,2,1967,0.071,0
4.55,14,34.32,0,3,2890,0.232,0
40.7,8,13.1,0,3,1648,0.3142,0
96.95,6,17.69,1,5,1768,0.069,0
31.53,23,34.35,0,1,1269,0.076,0
29.01,14,28.2,0,2,811,0.3801,0
346.75,16,116.73,0,1,1327,0.2028,0
91.2,2,57.04,0,3,2035,0.1013,0
14.65,10,26.2,0,1,2341,0.0574,0
33.48,10,40.84,0,4,2459,0.1895,0
40.65,23,10.75,0,2,1557,0.1905,0
40.04,18,60.46,0,2,2676,0.1397,0
137.65,0,25.79,0,3,741,0.1434,0
13.05,9,0.67,0,4,1829,0.0042,0
35.68,13,5.52,0,3,1298,0.1692,0
32.18,14,17.15,1,0,2159,0.018,0
69.96,8,27.38,0,0,227,0.3382,0
143.51,23,21.49,0,0,2714,0.5139,0
171.36,4,3.45,0,2,2509,0.3136,0
9.17,21,28.33,0,1,169,0.46,0
167.65,18,20.07,1,5,471,0.2203,0
23.71,18,58.92,0,1,2806,0.1475,0
23.47,16,7.98,1,1,1606,0.1221,0
164.78,1,8.58,0,5,1096,0.0893,0
16.95,1,53.56,0,4,1955,0.2452,0
47.19,12,-999.0,0,2,1473,0.078,0
91.56,18,-999.0,1,1,2269,0.3746,0
40.53,6,6.85,0,1,1115,0.1598,0
26.32,19,2.52,0,3,1848,0.0919,0
38.35,15,9.97,0,2,2672,0.1989,0
223.1,15,15.96,0,1,1706,0.4128,0
36.3,23,15.85,0,6,884,0.1093,0
45.78,3,94.5,0,2,999,0.1863,0
177.46,16,4.2,0,2,2505,0.3908,0
20.34,3,12.48,0,3,2393,0.3824,0
24.21,22,16.2,0,4,786,0.0824,0
69.39,18,36.45,1,3,999,0.1302,0
20.96,22,16.75,0,4,1933,0.4866,0
287.85,14,80.98,0,2,2281,0.1252,0
12.44,10,25.7,0,6,1655,0.2796,0
45.9,6,5.51,0,4,1440,0.1847,0
67.61,17,31.9,0,4,1869,0.3617,0
28.59,22,44.3,1,0,2541,0.0758,0
114.06,0,12.12,0,6,1324,0.2779,0
62.67,4,15.92,1,3,153,0.1845,0
35.72,19,13.38,0,4,1514,0.0832,0
18.95,21,59.78,0,1,849,0.5385,0
9.72,2,21.86,0,3,1396,0.1857,0
92.77,3,2.17,0,5,2861,0.1468,0
17.22,5,51.0,0,1,2375,0.1189,0
48.64,0,14.53,0,6,648,0.2317,0
73.94,15,12.4,0,2,1584,0.1776,0
19.25,19,39.87,0,2,166,0.1014,0
33.11,4,7.88,0,2,1913,0.1259,0
3.98,9,32.09,0,1,71,0.0332,0
15.51,10,1.4,0,6,354,0.1084,0
25.22,0,19.41,0,1,2898,0.2653,0
14.6,2,40.2,0,1,1487,0.2717,0
5.62,20,2.81,0,1,2275,0.1408,0
274.2,6,25.23,0,5,361,0.0263,0
18.02,16,58.02,0,3,2142,0.0635,0
69.12,3,7.86,0,2,844,0.3378,0
31.01,17,5.34,0,4,276,0.2827,0
802.07,15,6.55,1,3,533,0.3358,1
20.44,15,19.94,0,4,2814,0.1553,0
44.93,20,4.44,0,2,1567,0.2208,0
80.89,23,-999.0,0,1,1945,0.3053,0
57.9,23,22.84,0,1,1182,0.2605,0
22.74,1,-999.0,0,2,2801,0.1605,0
29.67,22,6.4,0,2,1965,0.3236,0
88.56,21,38.17,0,3,30,0.1613,0
56.17,11,1.24,0,7,2769,0.1719,0
76.41,22,14.85,0,4,404,0.0594,0
41.86,12,25.94,0,4,424,0.4061,0
11.18,6,40.11,0,4,2565,0.2557,0
117.65,12,30.02,0,6,2754,0.097,0
67.15,20,10.53,0,3,1015,0.1755,0
216.66,2,57.49,0,4,2246,0.2545,1
30.85,11,8.48,0,2,459,0.1222,0
101.96,17,15.63,0,1,566,0.2534,0
4.4,10,17.12,0,1,1385,0.3084,0
108.33,4,8.41,0,3,1457,0.2596,0
5.26,1,34.27,0,2,2784,0.1612,0
7.19,9,29.74,0,2,1069,0.1562,0
157.21,5,59.07,0,3,272,0.2727,0
34.3,19,43.24,0,4,963,0.1691,0
29.34,2,1.61,0,6,927,0.168,0
11.81,10,3.0,0,0,2782,0.1197,0
143.76,1,25.05,1,2,1998,0.3131,0
20.55,6,52.6,0,4,1469,0.2557,0
30.34,2,25.27,0,2,2904,0.0347,0
14.55,3,10.62,0,3,2690,0.1102,0
41.29,16,34.83,1,4,2585,0.0324,0
37.04,21,20.59,0,2,1216,0.3198,0
40.97,3,49.13,0,3,934,0.2141,0
15.55,9,24.26,0,3,196,0.359,0
31.96,18,18.93,1,2,1251,0.1697,0
47.52,4,-999.0,0,5,1929,0.3412,0
19.07,2,30.09,0,3,2431,0.0462,0
53.99,21,39.16,1,3,189,0.3006,0
23.65,22,9.88,0,1,1246,0.1563,0
73.3,23,20.6,0,3,1409,0.1879,0
37.38,18,21.77,0,2,134,0.0149,0
176.99,16,51.51,0,3,2945,0.1638,0
67.1,9,5.95,0,2,542,0.012,0
156.78,21,-999.0,0,3,2355,0.3889,0
43.83,23,17.19,1,2,1662,0.0563,0
168.2,2,22.56,0,3,1284,0.2941,0
21.83,20,5.75,1,1,1928,0.1497,0
382.28,5,13.64,0,4,2270,0.0187,0
69.87,14,15.78,0,0,889,0.0969,0
69.93,9,84.05,0,2,2923,0.1483,0
111.23,3,15.25,0,3,1169,0.2205,0
40.32,16,15.6,0,2,1644,0.2029,0
53.16,18,18.87,0,3,982,0.3678,0
112.01,19,55.52,0,1,1013,0.2285,0
651.29,5,-999.0,1,1,1089,0.0804,0
55.29,20,29.02,0,1,1588,0.0965,0
88.82,2,9.4,0,0,2323,0.1592,0
42.9,18,15.71,1,1,94,0.4202,0
59.17,16,35.47,0,2,1397,0.0393,0
54.58,10,3.98,0,6,699,0.2629,0
102.68,21,5.63,1,2,2370,0.0826,0
12.13,14,50.06,0,5,414,0.4477,0
72.88,16,27.73,0,4,2992,0.2214,0
48.36,14,9.22,0,3,1898,0.1654,0
33.42,7,9.46,0,7,244,0.1,0
48.62,8,2.68,0,4,1154,0.1505,0
25.09,17,9.52,0,3,1153,0.1332,0
7.95,16,26.14,0,4,1025,0.2293,0
103.15,6,6.97,0,2,1603,0.0422,0
192.02,5,1.33,0,5,1307,0.3852,0
223.6,21,22.24,0,1,1961,0.195,0
93.75,17,10.51,1,5,2159,0.1733,0
43.73,20,14.71,0,1,2827,0.2321,0
36.28,8,5.43,0,3,973,0.1709,0
124.76,14,32.39,0,5,405,0.1213,0
78.18,14,4.8,0,4,2198,0.0805,0
57.1,9,8.78,1,3,1485,0.1399,0
38.04,21,20.54,0,4,1945,0.3683,0
22.68,1,40.47,0,3,2645,0.0953,0
121.96,11,4.95,1,4,1210,0.0864,0
33.97,23,0.52,0,5,335,0.1701,0
176.85,1,-999.0,0,7,708,0.3259,0
99.85,22,16.77,0,3,1412,0.1477,0
145.32,7,25.71,0,1,902,0.3631,0
383.08,16,5.92,0,1,434,0.2245,1
56.04,21,29.47,0,4,251,0.1948,0
30.21,10,10.11,0,7,359,0.2015,0
31.89,13,2.54,0,2,1597,0.3278,0
8.98,6,15.22,0,2,139,0.0203,0
20.68,17,4.08,0,4,2471,0.2505,0
179.89,9,41.3,0,3,2028,0.0426,0
102.07,11,15.26,0,3,1895,0.2236,0
48.15,18,12.76,0,7,2426,0.0558,0
14.42,22,35.13,0,2,2396,0.0937,0
5.86,7,7.21,0,1,244,0.4349,0
74.91,0,25.59,0,4,2853,0.2646,0
28.62,2,5.0,0,5,777,0.1474,0
20.19,14,16.98,0,6,1625,0.4158,0
63.47,8,11.2,0,3,585,0.0506,0
23.32,5,18.74,0,4,1202,0.0258,0
33.57,0,9.49,0,5,1754,0.0617,0
66.54,12,21.03,0,3,1503,0.3131,0
115.64,2,17.6,0,4,2834,0.1471,0
36.69,17,51.13,1,3,1010,0.3171,0
14.3,18,14.97,0,1,1859,0.2536,0
65.86,22,9.55,0,2,2788,0.0677,0
12.08,11,-999.0,0,4,2557,0.2303,0
19.92,23,64.69,0,0,1974,0.3047,0
17.8,14,14.68,0,5,2886,0.1634,0
201.38,23,11.77,0,2,72,0.4165,0
57.34,20,5.74,0,4,769,0.0807,0
16.96,4,5.13,0,3,2833,0.1628,0
23.98,11,67.49,0,4,648,0.2205,0
47.01,22,17.49,0,3,2850,0.2503,0
31.12,4,8.41,0,6,407,0.1709,0
95.87,10,34.55,0,5,966,0.2159,0
34.38,3,15.12,0,0,1870,0.207,0
72.61,6,2.15,0,2,183,0.2187,0
108.16,0,5.18,0,3,690,0.2273,0
65.93,4,4.74,0,6,2220,0.1024,0
92.26,20,76.22,0,1,357,0.1531,0
28.39,15,38.45,0,1,1606,0.4615,0
21.8,1,17.39,0,2,302,0.1842,0
39.55,18,69.74,0,6,1896,0.2645,0
9.68,0,7.21,0,3,309,0.2994,0
15.64,3,14.93,0,3,2767,0.0959,0
144.77,15,78.24,0,2,2077,0.0693,0
28.49,14,10.84,0,3,2737,0.3294,0
35.35,11,19.25,0,2,1508,0.2444,0
54.55,5,29.67,0,4,2779,0.1561,0
9.48,6,1.53,0,5,2440,0.1663,0
53.37,0,34.98,0,5,2871,0.2773,0
10.91,3,20.95,0,2,2064,0.4585,0
79.38,17,59.62,0,4,2464,0.4833,0
61.55,0,29.07,1,2,250,0.1973,0
24.3,23,22.78,0,2,2200,0.2272,0
46.21,11,-999.0,0,2,2762,0.4097,0
81.78,0,41.88,0,1,121,0.05,0
10.81,9,23.42,1,3,2243,0.523,0
108.98,5,7.7,0,2,2651,0.0406,0
8.72,5,30.65,0,1,1551,0.2015,0
22.27,19,18.0,0,3,840,0.2172,0
92.57,21,10.78,1,2,1342,0.1659,0
16.54,14,7.53,0,2,299,0.2218,0
144.08,2,18.09,1,5,56,0.3257,0
9.48,5,39.76,0,4,450,0.2726,0
22.64,3,12.41,1,2,2624,0.2264,0
22.45,23,22.41,1,3,305,0.1456,0
42.62,16,5.94,0,6,452,0.2579,0
22.64,11,29.41,0,5,547,0.4899,0
50.76,0,22.2,1,3,2324,0.1066,1
128.69,18,29.59,0,4,501,0.101,0
11.41,11,31.12,0,9,227,0.3738,0
121.52,6,25.53,0,2,2233,0.3423,0
779.78,12,20.44,1,4,1665,0.0806,0
24.08,16,8.85,1,3,1535,0.2787,0
104.99,3,34.77,0,2,756,0.2686,0
78.27,5,22.06,0,1,1829,0.0716,0
18.81,3,17.94,0,2,2048,0.1217,0
55.0,21,21.88,0,4,2874,0.5787,0
34.13,3,5.44,0,0,136,0.0703,0
47.93,12,13.64,0,3,1960,0.3277,0
29.54,12,29.18,0,4,1204,0.0473,0
88.37,13,16.45,0,2,1855,0.3134,0
34.06,12,11.17,0,1,2873,0.1538,1
13.25,18,20.07,0,1,1876,0.3312,0
10.35,4,13.99,0,0,352,0.3418,0
81.08,6,17.5,0,3,120,0.1699,0
13.42,13,26.74,0,5,1584,0.3146,0
182.68,9,8.19,0,5,1521,0.3646,0
10.79,15,-999.0,0,5,706,0.342,0
16.83,17,20.07,0,2,929,0.1342,0
93.97,22,3.55,0,1,1920,0.4644,0
101.41,8,36.87,0,9,159,0.2509,1
23.46,17,-999.0,0,2,513,0.1264,0
25.24,20,7.21,0,4,1896,0.2814,0
49.89,18,8.05,0,4,1238,0.2579,0
17.73,14,17.32,0,2,366,0.2404,0
11.57,17,17.11,1,0,703,0.1887,0
16.53,18,6.39,0,4,154,0.5417,0
35.23,22,14.48,0,3,2813,0.2333,0
43.66,1,26.98,0,3,1857,0.2389,0
113.35,19,8.98,0,6,1414,0.172,0
8.45,2,22.69,0,2,2684,0.1555,0
34.24,2,8.89,0,2,2750,0.0597,0
15.38,3,52.79,0,5,2685,0.2611,0
25.45,7,7.59,0,3,870,0.1771,0
1429.39,15,6.1,0,1,90,0.2198,0
108.45,8,52.59,0,3,237,0.1924,0
99.22,22,32.01,0,1,84,0.2015,0
48.78,10,17.97,0,4,1484,0.3573,0
22.91,9,20.5,0,2,2348,0.2513,0
17.83,10,40.91,1,4,2548,0.0771,0
45.71,19,7.45,0,9,510,0.1612,0
20.34,1,64.49,0,6,665,0.468,0
33.11,23,12.48,0,4,406,0.0601,0
101.47,12,5.37,0,3,2769,0.2162,0
47.66,8,23.93,0,7,495,0.1034,0
20.62,4,9.19,0,2,1771,0.1818,0
29.95,10,27.27,0,4,2883,0.2083,0
127.72,18,4.87,0,3,828,0.0477,0
30.86,0,19.76,0,0,2183,0.0812,0
105.66,22,0.9,0,4,887,0.2456,0
25.95,9,36.51,0,3,79,0.1522,0
110.88,13,29.52,0,3,1218,0.2498,0
116.38,10,29.91,0,3,1855,0.3523,0
68.61,4,25.63,0,4,144,0.6605,0
36.94,4,23.14,0,3,2070,0.0683,0
12.17,8,19.95,0,1,2130,0.1569,0
55.77,21,27.1,0,5,2540,0.4002,0
8.84,7,14.01,0,4,653,0.3445,0
109.06,6,35.74,0,7,2110,0.2865,0
12.59,1,-999.0,0,0,1144,0.2269,0
63.25,1,7.95,0,2,2310,0.1382,0
70.54,5,19.28,0,2,2754,0.2077,0
211.65,18,14.04,0,3,2900,0.3039,0
67.67,22,37.63,0,2,572,0.1781,0
112.53,13,32.75,0,3,1561,0.0955,0
129.23,0,33.48,0,3,1977,0.0948,0
22.39,18,12.43,0,2,1602,0.396,0
14.03,16,44.28,1,2,751,0.0959,0
81.52,12,7.82,0,1,2138,0.1448,0
13.92,11,7.81,0,1,788,0.0334,0
104.37,19,15.28,0,4,1062,0.102,0
12.52,1,25.58,0,5,1616,0.1403,0
32.17,18,14.53,0,5,1976,0.1722,0
55.2,1,15.96,0,2,1594,0.3491,0
43.01,5,8.07,1,8,2906,0.0907,0
19.97,2,-999.0,0,2,1794,0.3817,0
162.52,9,2.55,0,5,2045,0.3255,0
57.19,2,44.34,0,0,1673,0.1903,0
72.41,17,14.14,0,0,2657,0.3177,0
11.7,19,5.14,0,3,54,0.1107,0
18.49,6,19.5,0,4,2613,0.0827,0
32.63,1,28.02,1,1,804,0.0907,0
27.33,3,23.92,0,3,1560,0.2291,0
106.98,2,46.79,0,3,1320,0.2615,0
21.47,0,7.23,0,2,22,0.0567,0
12.91,12,23.16,0,4,704,0.1414,0
60.27,6,14.19,0,2,1661,0.1102,0
26.45,12,29.87,0,1,1997,0.1399,0
11.19,13,2.89,0,3,730,0.1545,0
17.54,8,1.52,1,5,71,0.1066,0
66.15,22,34.19,0,3,451,0.4097,1
47.86,18,4.56,0,2,398,0.0757,0
9.68,7,27.56,0,5,590,0.0785,0
1.6,14,28.35,1,0,1802,0.2147,0
78.14,14,13.76,0,5,2363,0.1736,0
248.95,19,7.5,0,4,2800,0.2589,0
324.01,2,3.06,0,3,2959,0.2145,0
27.36,11,19.21,0,3,1775,0.2089,0
104.63,3,0.45,0,3,155,0.1223,1
46.03,5,38.01,0,5,1132,0.1393,0
10.12,5,29.18,0,2,2684,0.0237,0
65.16,8,28.83,0,4,1235,0.2784,0
45.23,18,5.05,0,4,2659,0.0618,0
102.76,22,15.77,0,3,315,0.1197,0
83.74,12,8.29,0,2,2813,0.3433,0
71.88,7,-999.0,1,5,1343,0.3841,0
38.31,15,6.95,0,2,349,0.0895,0
30.8,7,9.04,1,4,596,0.2499,0
94.11,23,27.98,0,4,762,0.2024,0
34.7,0,59.71,0,2,2869,0.0882,0
52.05,1,11.67,1,1,1276,0.3368,0
13.21,5,12.44,0,1,1877,0.099,0
52.56,6,1.54,0,3,705,0.2988,0
15.92,3,6.18,0,2,2046,0.2858,0
55.77,7,64.47,0,5,2192,0.236,0
10.73,6,0.45,0,3,2022,0.3846,0
7.8,19,6.99,0,2,2717,0.0969,0
21.1,16,4.45,0,3,1357,0.4837,0
6.79,23,16.6,0,5,808,0.4351,0
30.67,16,3.76,1,3,1030,0.0571,0
100.54,16,3.13,0,3,2570,0.1509,0
12.89,5,9.14,0,1,708,0.0655,0
83.0,11,2.57,0,3,127,0.117,0
28.11,21,9.78,0,7,172,0.1119,0
77.23,18,1.38,0,2,473,0.4347,0
127.72,16,-999.0,0,3,2317,0.1802,0
35.7,12,9.08,0,3,1108,0.1801,0
25.82,16,17.0,0,2,108,0.0561,0
55.37,9,20.42,0,3,697,0.0946,0
63.76,11,6.19,0,2,2155,0.2742,0
18.2,8,22.61,1,3,1942,0.1711,0
77.82,3,16.0,0,1,1226,0.1531,0
318.77,4,8.86,0,5,2090,0.1478,0
24.76,9,29.11,0,1,2085,0.2171,0
110.33,14,38.07,0,2,450,0.1619,0
37.03,2,-999.0,0,3,983,0.1053,0
30.3,19,15.86,0,3,1338,0.1682,0
39.29,5,12.39,0,2,1588,0.1318,0
146.48,22,2.04,0,3,109,0.177,0
231.16,10,61.4,0,3,1324,0.1639,0
47.17,18,15.35,0,1,1788,0.1371,0
282.21,7,23.53,0,3,2813,0.0719,0
97.89,3,14.04,1,3,2709,0.3146,0
13.74,22,1.55,0,3,1970,0.2565,0
15.16,3,17.61,0,3,913,0.252,0
13.83,15,18.37,0,2,1366,0.2269,0
169.76,8,11.2,0,2,257,0.1244,0
54.3,6,29.46,0,1,2682,0.0879,0
8.0,13,148.04,0,4,2592,0.2855,0
55.66,17,4.6,0,1,1656,0.102,0
51.53,7,7.38,0,1,340,0.0582,0
137.09,22,61.11,0,0,804,0.1503,0
13.21,21,47.52,0,2,2667,0.2309,0
124.29,19,17.21,1,0,2324,0.1045,0
8.21,15,24.07,1,4,2143,0.1207,0
195.52,9,54.39,0,3,1547,0.1447,0
118.45,21,33.17,0,2,2451,0.3143,0
19.5,16,34.64,1,3,913,0.2411,0
7.89,22,40.14,0,3,195,0.1775,0
22.44,12,3.14,0,1,451,0.2309,0
38.34,1,49.88,0,1,88,0.2111,0
100.61,22,19.84,0,2,1364,0.2948,0
19.62,0,15.54,0,1,1305,0.2104,0
168.91,15,12.64,0,2,2022,0.2869,0
31.56,10,32.9,0,4,22,0.0722,0
80.47,16,26.93,0,1,2449,0.0394,0
155.71,8,22.85,0,1,2673,0.236,0
21.65,20,14.2,0,3,822,0.0845,0
20.14,4,30.65,0,0,2259,0.2061,0
20.9,11,12.51,0,5,229,0.1856,0
354.77,23,21.59,0,4,816,0.4008,0
34.14,18,46.86,0,1,2609,0.0249,0
23.03,0,13.11,0,5,1695,0.1953,0
20.01,2,4.69,0,6,1244,0.2826,0
19.52,18,81.3,0,6,2801,0.4899,0
48.13,12,3.52,0,2,1513,0.0504,0
293.96,13,16.72,0,2,1224,0.203,0
99.7,14,46.93,0,3,184,0.2581,0
65.46,3,54.89,0,5,38,0.1049,0
7.83,7,26.96,0,2,371,0.1426,0
64.29,7,13.4,0,5,60,0.1206,0
71.83,17,1.83,0,2,2997,0.3609,0
70.12,13,13.42,0,3,2713,0.3093,0
4.96,16,9.63,0,1,856,0.3241,0
162.92,18,6.42,0,4,2100,0.151,0
69.79,14,35.78,0,2,1135,0.1404,0
38.37,19,5.3,0,6,1134,0.1479,0
291.91,17,1.26,0,6,1050,0.2321,0
154.66,9,76.96,0,1,2541,0.2911,0
35.71,2,26.22,0,4,844,0.1294,0
113.23,13,17.82,0,3,466,0.1687,0
17.08,17,26.17,0,6,2462,0.2054,0
138.72,14,8.08,0,1,2966,0.1609,0
59.72,8,17.73,0,4,371,0.2455,0
22.23,4,30.95,0,2,2598,0.1225,0
40.53,1,25.66,0,2,945,0.1135,0
35.46,13,62.07,0,5,642,0.1937,0
75.96,7,23.42,0,5,2395,0.0477,0
16.85,11,2.29,0,7,2091,0.0313,0
252.27,4,40.44,0,7,779,0.1485,0
52.92,20,13.94,0,3,2726,0.0613,0
49.93,9,6.28,0,2,1695,0.1238,0
124.1,11,40.23,0,0,468,0.3304,0
20.64,19,37.51,0,6,2577,0.1595,0
7.66,20,27.58,0,6,2026,0.0994,0
14.01,0,-999.0,0,4,885,0.3805,0
10.38,17,49.86,0,3,1702,0.0982,0
50.94,16,26.22,0,2,2946,0.017,0
134.49,13,-999.0,0,0,664,0.052,0
10.34,23,9.61,0,7,2092,0.4288,0
30.12,19,22.8,1,3,1397,0.0909,0
15.68,4,10.45,0,2,1124,0.1958,0
64.4,23,83.26,0,5,2013,0.3735,0
28.42,12,27.9,0,1,992,0.3216,0
89.97,13,33.09,0,1,1491,0.2067,0
156.59,5,13.92,0,3,1422,0.1571,0
30.84,4,13.29,0,5,1311,0.115,0
47.36,2,16.55,0,6,1149,0.2378,0
37.35,9,29.74,0,5,1086,0.5138,0
145.66,6,12.47,0,4,2612,0.5037,1
25.39,0,18.29,0,4,685,0.3111,0
13.69,9,7.4,0,4,551,0.2259,0
11.92,18,34.8,0,3,2431,0.2364,0
95.86,4,16.58,0,4,2711,0.138,0
170.72,21,2.61,0,5,1113,0.37,0
13.13,13,23.03,0,4,1555,0.1453,0
103.76,23,6.82,0,4,296,0.1438,0
109.38,22,16.35,0,3,1731,0.1401,0
34.38,9,41.5,0,3,390,0.4106,0
12.31,17,7.12,0,2,783,0.1158,0
16.95,22,4.08,0,1,1631,0.0972,0
19.01,1,-999.0,0,3,1035,0.3105,0
16.13,1,-999.0,1,1,2008,0.3259,0
122.72,5,66.85,0,1,2794,0.3609,0
65.24,6,9.77,0,5,2821,0.0701,0
115.39,8,29.43,0,4,2464,0.3602,0
45.48,6,36.74,0,4,2083,0.2424,0
104.18,9,31.12,1,1,2729,0.15,0
127.39,17,13.2,0,1,2885,0.1396,0
13.63,15,11.96,0,2,492,0.0879,0
72.81,2,32.39,0,2,2318,0.3009,0
10.89,22,46.49,1,5,2267,0.2522,0
51.99,1,34.71,0,1,2530,0.0954,0
5.95,6,22.83,0,0,2533,0.1683,0
101.87,4,10.34,0,3,366,0.1331,0
12.59,18,106.65,0,8,2051,0.2662,0
14.78,7,16.88,1,1,1868,0.2438,0
142.3,7,31.1,0,1,1672,0.183,0
31.94,1,6.27,0,4,1628,0.1695,0
28.76,20,14.34,0,5,401,0.3806,0
70.86,15,48.7,0,3,2944,0.1731,0
16.5,6,50.05,0,4,2818,0.0981,0
79.5,16,26.44,0,1,2003,0.229,0
24.29,12,7.58,0,3,281,0.0892,0
105.0,12,43.85,0,3,2787,0.1248,0
9.55,5,9.17,1,2,1093,0.2598,0
23.69,5,43.7,0,2,1866,0.2098,0
39.59,22,4.9,0,6,2473,0.2057,0
68.68,16,5.08,0,4,2919,0.3843,0
26.17,3,23.06,1,2,2321,0.0905,0
63.91,2,16.01,0,1,907,0.2607,0
179.1,5,30.21,0,4,1578,0.0462,0
27.97,11,4.68,0,3,614,0.2344,0
105.89,16,24.39,0,1,409,0.0124,0
95.89,0,39.32,0,5,2347,0.1199,0
21.25,14,14.38,0,6,137,0.1685,0
47.11,4,18.36,0,2,875,0.4305,0
23.29,23,34.14,1,4,1653,0.2756,0
111.24,8,34.98,0,3,1071,0.1746,0
5.21,19,5.52,0,4,2905,0.3618,0
8.25,0,-999.0,0,1,2499,0.1614,0
61.72,17,10.54,0,1,142,0.2682,0
21.01,3,3.02,0,3,313,0.1068,0
62.93,4,2.96,0,3,984,0.0387,0
9.09,11,7.09,0,2,639,0.2056,0
244.78,7,3.68,0,4,643,0.3663,0
42.1,0,17.48,1,3,2776,0.3659,0
202.2,16,3.31,0,2,1575,0.1316,0
123.38,10,40.63,0,2,1188,0.2084,0
68.44,10,2.47,0,3,2470,0.2598,0
3.97,14,19.26,0,5,209,0.3831,0
43.24,12,15.98,0,1,1269,0.0941,0
43.01,9,2.14,0,1,328,0.3743,0
211.39,0,7.61,0,2,2397,0.1822,0
86.52,1,17.74,0,4,1950,0.1513,0
80.42,20,57.33,0,6,1869,0.1891,0
32.43,14,11.28,0,2,1872,0.1634,0
6.65,11,34.24,0,2,2256,0.2629,0
17.39,2,99.69,0,5,959,0.0569,0
13.99,4,28.66,0,3,2515,0.247,0
29.66,18,29.95,0,2,2571,0.129,0
43.62,20,15.64,0,4,49,0.1744,0
103.07,14,24.91,0,7,1142,0.1697,0
11.02,7,6.34,0,3,108,0.2433,0
27.16,16,23.33,0,2,723,0.2454,0
47.98,16,8.26,0,2,1240,0.2318,0
87.51,15,41.56,0,1,1888,0.308,0
37.67,20,8.41,0,2,630,0.2969,0
15.08,22,14.63,0,3,826,0.175,0
22.0,0,10.73,0,6,623,0.0279,0
25.06,3,14.9,0,1,2637,0.066,0
133.83,23,78.54,0,3,28,0.2144,0
310.63,3,12.89,1,4,852,0.2948,0
83.83,8,3.46,0,2,1479,0.1483,0
35.77,14,-999.0,0,1,375,0.0143,0
75.36,14,8.15,0,0,1591,0.0579,0
162.01,7,19.51,0,3,2269,0.4603,0
56.35,18,9.93,1,1,900,0.0791,0
30.86,1,22.92,0,4,2726,0.2239,0
87.61,7,-999.0,0,3,2195,0.0192,0
25.48,12,36.44,0,3,2725,0.2297,0
78.71,12,13.23,0,0,1986,0.2404,0
42.75,9,2.13,0,4,1710,0.367,0
223.03,16,4.64,0,1,2633,0.0812,0
14.97,4,7.39,0,7,2194,0.2876,0
48.83,21,3.2,0,3,588,0.1024,0
451.6,20,20.9,0,4,485,0.1916,0
36.61,23,30.51,0,3,2929,0.1699,0
26.63,5,9.58,0,4,2576,0.3629,0
84.33,10,63.25,0,4,2724,0.2905,0
173.97,12,19.06,0,3,2704,0.1443,0
61.93,17,13.29,0,1,617,0.3143,0
146.68,5,-999.0,0,1,933,0.3992,0
27.26,19,27.26,0,1,1099,0.0677,0
41.11,9,28.27,0,1,102,0.1267,0
13.57,14,8.15,0,1,441,0.452,0
19.04,16,10.51,0,1,94,0.2112,0
67.94,8,6.89,0,6,223,0.1584,0
19.67,11,12.52,1,4,1912,0.1409,0
360.84,18,10.05,0,5,2734,0.0781,0
93.61,15,18.63,1,6,2819,0.1865,0
117.33,18,7.8,0,3,694,0.3257,0
65.63,10,34.98,1,1,2483,0.4434,0
29.34,21,6.35,1,4,230,0.1208,0
128.3,10,6.19,0,4,457,0.3766,0
85.26,5,17.38,0,5,684,0.1593,0
26.41,20,14.35,0,0,1868,0.254,0
45.22,10,31.56,0,1,2754,0.3936,0
26.75,13,33.71,0,6,2692,0.1818,0
131.77,6,6.6,0,4,2389,0.1163,0
18.31,21,10.87,0,3,159,0.1683,0
45.38,8,19.87,0,4,1605,0.0817,0
19.97,8,20.8,0,1,1789,0.1033,0
122.14,6,19.02,0,3,379,0.3594,0
5.91,20,26.57,0,3,1012,0.4266,0
58.98,1,22.15,0,4,1453,0.2157,0
41.05,16,12.0,0,2,2177,0.1806,0
11.81,14,18.53,0,2,1627,0.0696,0
17.68,14,10.45,0,5,918,0.1076,0
34.35,4,6.17,0,2,454,0.4129,0
29.01,0,17.09,1,3,566,0.3377,0
28.45,20,8.49,0,6,1210,0.1781,0
37.97,17,14.67,0,3,650,0.1274,0
15.74,9,16.52,0,8,1818,0.2303,0
51.62,5,8.03,0,2,364,0.2946,0
9.07,3,32.6,0,0,2790,0.0398,0
60.74,11,44.18,0,4,1333,0.275,0
29.9,6,4.65,0,3,467,0.2712,0
21.66,4,26.52,0,4,206,0.1035,0
11.85,11,6.79,1,1,2416,0.4807,0
15.26,5,17.6,0,5,704,0.1262,0
94.6,10,10.16,0,3,1198,0.2058,0
12.09,0,35.32,0,3,764,0.2336,0
357.38,5,25.43,0,3,683,0.1908,0
103.45,7,6.76,0,1,1567,0.222,0
70.61,19,54.02,1,7,2754,0.1242,0
179.08,6,9.6,0,5,1409,0.1413,0
29.11,8,57.89,0,3,855,0.3003,0
245.23,8,14.59,1,3,2666,0.3721,0
30.99,5,68.85,0,6,2702,0.1749,0
163.62,4,35.43,1,2,80,0.3868,1
32.19,11,40.45,1,3,801,0.0905,0
24.0,16,16.79,0,4,1915,0.0096,0
200.5,10,46.28,0,5,2375,0.1225,0
40.23,7,35.8,0,3,762,0.1216,0
100.56,9,27.98,0,0,153,0.2018,0
26.81,8,28.14,0,1,1819,0.0377,0
74.08,2,64.62,0,3,1699,0.0795,0
31.28,14,127.23,0,4,2720,0.3315,0
100.76,7,25.47,0,10,2256,0.3836,0
203.96,10,0.29,0,3,1033,0.0226,0
45.91,23,11.97,0,1,1017,0.1086,0
33.13,2,13.03,1,1,1287,0.0994,0
352.37,21,25.97,1,0,1004,0.3854,0
53.67,8,39.39,0,3,2808,0.139,0
77.34,20,5.3,1,5,2877,0.133,0
41.91,20,16.81,0,3,373,0.1838,0
36.18,14,18.65,0,1,232,0.2886,0
47.36,7,5.2,0,3,1319,0.1432,0
80.07,5,7.62,0,5,2918,0.1585,0
10.21,12,18.11,0,3,2897,0.2203,0
111.32,5,16.86,0,2,2536,0.2564,0
79.29,10,24.99,0,3,735,0.2307,0
78.37,4,34.84,0,4,539,0.025,0
99.94,6,31.44,0,3,2540,0.2462,0
53.4,21,1.56,0,4,1260,0.2272,0
114.47,3,4.33,0,6,33,0.5405,0
28.48,21,0.53,0,5,222,0.3454,0
60.63,0,3.9,0,5,1460,0.2908,0
15.67,18,33.95,0,1,813,0.3277,0
110.07,8,-999.0,0,4,2865,0.1681,0
42.9,6,19.39,0,3,2570,0.1018,0
90.6,19,-999.0,0,4,1142,0.3037,0
1.14,3,2.82,0,3,1540,0.2077,0
28.17,22,0.38,0,2,2301,0.1771,0
470.12,21,5.86,0,4,114,0.1115,0
29.23,5,1.87,0,3,2933,0.0724,0
21.04,4,5.28,0,4,558,0.0738,0
51.39,1,25.15,0,4,2737,0.3558,0
22.56,3,17.84,0,5,1241,0.2579,0
45.63,13,30.02,0,2,2779,0.1364,0
112.47,20,25.65,0,1,2513,0.3029,0
119.32,3,26.57,0,3,180,0.2461,0
13.35,18,10.66,0,5,1428,0.0335,0
155.91,6,13.44,0,3,1862,0.0196,0
8.42,9,1.6,0,7,2167,0.1502,0
33.62,8,97.2,0,3,2675,0.0657,0
132.27,21,33.02,1,0,751,0.2594,1
38.39,0,49.92,0,3,1616,0.1423,0
37.97,16,3.59,0,3,914,0.1922,0
143.22,19,11.05,0,2,1909,0.4357,0
10.22,9,18.7,0,1,2779,0.487,0
36.31,10,27.89,0,2,2736,0.3597,0
46.66,7,20.55,1,3,1385,0.0382,0
28.44,15,38.02,0,2,1704,0.3698,0
34.25,11,29.0,0,2,1252,0.2783,0
6.12,15,109.87,0,2,1676,0.1645,0
155.55,1,16.6,0,4,1086,0.0969,0
6.73,1,6.79,0,1,348,0.2607,0
55.95,8,7.6,1,6,497,0.1081,0
56.87,7,4.81,0,2,664,0.2758,0
13.77,23,12.9,0,4,1460,0.2158,0
94.52,1,36.39,0,0,1737,0.0928,0
73.08,22,10.26,0,7,454,0.1435,0
91.22,10,44.92,0,5,900,0.1087,1
26.83,22,2.72,0,3,1242,0.1178,0
218.25,19,34.66,0,4,1564,0.1038,0
38.39,7,18.45,0,3,2364,0.0873,0
41.44,2,24.76,0,2,807,0.1662,0
58.72,1,11.69,0,3,1605,0.0975,0
201.18,9,33.68,1,4,53,0.3887,1
25.29,22,13.46,0,5,795,0.1433,0
30.0,0,18.52,0,3,1048,0.12,0
92.64,22,24.2,0,2,2240,0.1431,0
6.96,4,22.4,0,5,1607,0.1851,0
61.3,13,22.58,0,3,2286,0.1773,0
52.76,18,6.28,0,2,726,0.1157,0
31.71,10,24.81,0,3,2933,0.1857,0
230.35,8,0.56,0,4,2554,0.1683,0
29.55,0,-999.0,0,3,2687,0.1823,0
36.77,0,8.94,0,2,796,0.3581,0
15.75,21,64.95,0,6,1745,0.1312,0
20.28,4,11.78,0,3,1048,0.437,0
92.46,13,12.21,0,2,1318,0.3393,0
27.47,5,2.92,0,1,2567,0.0366,0
66.77,1,28.1,0,4,2174,0.378,0
22.38,1,13.9,0,1,523,0.0517,0
76.42,23,48.16,0,5,2868,0.2603,0
28.97,14,51.47,0,5,2553,0.1854,0
88.23,6,0.52,0,5,112,0.0652,0
54.08,1,23.34,0,0,2814,0.1592,0
35.02,0,16.45,0,1,1161,0.1045,0
19.22,1,13.23,0,2,1632,0.0624,0
184.27,17,10.11,0,0,2585,0.2947,0
46.67,23,1.96,0,3,1759,0.1459,0
19.46,13,4.67,0,1,854,0.3689,0
34.39,9,32.88,0,2,2332,0.1724,0
76.7,19,33.85,0,2,637,0.1667,0
39.26,3,10.12,0,3,2894,0.3511,0
28.45,8,21.26,1,1,2663,0.1933,0
22.15,22,6.08,0,0,236,0.4197,0
42.7,7,19.01,0,3,1289,0.1229,0
20.0,19,46.7,0,6,2880,0.0411,0
121.61,20,12.93,0,4,478,0.2067,0
35.09,22,2.22,0,4,84,0.1454,0
76.97,15,27.53,0,2,1465,0.4072,0
11.17,21,18.22,0,0,441,0.1221,0
9.63,13,7.95,0,0,526,0.1206,0
190.56,13,76.8,0,3,1004,0.1742,0
8.48,11,17.6,0,3,1972,0.043,0
59.73,16,6.53,0,2,195,0.0223,0
60.78,18,19.77,0,3,1548,0.1578,0
12.86,3,28.75,0,4,980,0.1716,0
68.94,15,25.07,0,5,788,0.0578,0
43.34,16,21.62,0,3,1522,0.1277,0
19.42,5,-999.0,0,2,1550,0.3353,0
39.74,3,13.15,0,6,1005,0.2407,0
22.58,21,22.11,0,1,1501,0.1326,0
21.45,16,-999.0,0,1,745,0.3576,0
164.72,2,23.78,0,3,1719,0.1486,0
133.08,9,10.44,0,3,979,0.1344,0
24.15,9,42.87,0,2,2990,0.3085,0
133.4,2,30.27,0,4,1566,0.0011,0
46.37,2,20.91,0,1,1091,0.3921,0
123.23,10,1.46,0,1,1000,0.1933,0
43.15,20,9.09,0,7,1082,0.1345,0
5.82,2,56.06,0,3,758,0.2629,0
220.38,14,59.14,0,1,2477,0.1384,0
17.57,12,19.84,0,2,1116,0.0881,0
69.76,6,9.53,0,2,2452,0.4345,0
43.75,9,32.57,0,0,421,0.1101,0
12.56,20,15.56,0,3,2851,0.2312,0
5.99,6,3.48,0,4,97,0.2782,0
22.19,15,22.75,0,1,2429,0.2664,0
172.23,15,24.4,0,0,2946,0.1147,0
26.41,17,-999.0,0,3,694,0.0114,0
37.08,5,22.13,0,4,1336,0.0773,0
129.87,12,15.05,0,2,1941,0.3865,0
1.65,10,16.11,0,2,2824,0.506,0
35.64,4,10.53,0,2,1325,0.1777,0
108.52,21,110.83,0,3,2967,0.1084,0
143.33,15,30.1,0,4,335,0.2307,0
45.93,21,16.18,0,3,238,0.3452,0
271.19,18,7.59,0,2,1535,0.3838,0
89.66,9,0.35,0,3,185,0.2173,0
40.03,14,22.23,0,0,920,0.1785,0
10.69,15,13.87,0,3,271,0.2355,0
11.41,13,13.58,0,4,901,0.3262,0
89.09,1,29.2,0,3,46,0.0282,0
128.06,2,8.15,0,7,1248,0.2624,0
10.24,18,56.53,0,8,1713,0.3211,0
431.71,8,-999.0,0,3,2157,0.0474,0
66.55,7,57.54,0,1,1749,0.1806,0
16.1,10,11.92,0,6,1940,0.2454,0
4.8,20,28.55,0,2,1366,0.2259,0
50.09,6,30.44,1,3,1944,0.0451,0
62.49,13,4.74,0,5,286,0.3756,0
84.77,4,10.41,0,4,66,0.0379,0
112.57,5,9.88,0,5,2051,0.3802,0
51.96,17,76.02,0,0,1941,0.2634,0
19.26,13,8.47,0,0,2245,0.2531,0
32.33,22,11.0,0,5,1373,0.4089,0
415.27,2,8.82,0,3,2302,0.3351,0
223.14,10,-999.0,0,1,1438,0.0326,0
31.62,15,40.2,0,1,2454,0.3647,0
41.86,20,6.73,0,3,955,0.1704,0
115.17,10,-999.0,0,1,694,0.5201,0
91.39,0,13.08,0,3,731,0.1138,0
38.35,13,23.45,0,3,1094,0.1309,0
40.02,2,3.48,0,5,1600,0.3556,0
184.5,17,22.32,1,4,2403,0.1077,0
43.4,11,5.75,0,2,178,0.2898,0
34.06,4,37.29,0,2,1456,0.2858,0
27.76,23,30.97,0,5,1012,0.0174,0
9.34,23,1.13,0,3,1955,0.1006,0
37.22,5,7.0,0,3,1671,0.1832,0
128.7,18,38.59,0,1,202,0.5219,0
70.83,14,23.29,0,0,965,0.5227,0
148.78,10,4.63,0,4,176,0.0645,0
70.7,18,123.26,0,5,228,0.0963,0
155.17,19,23.58,0,4,1027,0.1432,0
55.03,8,15.93,0,2,2569,0.148,0
16.01,10,29.34,0,1,2781,0.3338,0
104.94,8,21.86,0,3,1872,0.3961,0
89.81,19,20.57,0,7,256,0.1678,1
20.31,18,50.32,0,1,2034,0.1541,0
45.34,2,11.24,0,2,319,0.5447,0
38.93,7,37.97,0,3,102,0.1654,0
60.86,5,6.61,0,3,1774,0.1239,0
33.94,9,0.53,0,0,1889,0.2489,0
198.59,17,44.24,0,3,213,0.107,0
188.23,5,15.95,0,3,646,0.108,0
41.53,23,12.82,0,4,1047,0.1652,0
106.23,16,67.29,0,2,2643,0.2738,0
64.62,9,52.98,0,1,588,0.1964,0
28.07,19,10.26,0,1,2068,0.0538,0
58.21,11,78.66,0,2,2224,0.2339,0
49.17,22,37.63,0,4,2294,0.1967,0
64.99,23,5.84,0,1,1227,0.0942,0
95.14,15,25.77,0,4,2401,0.0716,0
7.15,7,3.95,0,5,2707,0.4009,0
27.14,1,14.64,0,8,865,0.1248,0
28.24,7,7.27,1,3,1741,0.1201,0
83.55,23,8.24,0,4,1769,0.1989,0
8.35,20,30.34,0,4,603,0.2277,0
11.05,20,19.51,0,3,173,0.1458,0
173.56,6,3.61,0,1,74,0.1972,0
128.38,17,7.48,0,1,88,0.1577,1
28.88,3,8.42,0,0,2382,0.3679,0
21.61,23,20.82,0,1,2708,0.1809,0
135.64,2,21.21,0,2,276,0.1322,0
90.35,0,6.62,1,4,2973,0.4541,0
36.75,7,79.3,0,1,2692,0.1598,0
32.32,8,23.28,0,4,1415,0.1719,0
27.48,4,-999.0,0,4,2699,0.1313,0
11.04,3,37.8,1,5,2204,0.1224,0
220.75,9,28.17,0,4,1190,0.0614,0
101.8,14,25.71,0,4,2402,0.1065,0
169.31,9,36.18,0,3,1377,0.2736,0
57.75,12,5.85,0,0,290,0.0214,0
142.51,23,36.09,0,1,1440,0.0534,0
36.9,5,5.12,0,3,1014,0.0643,0
341.76,20,16.36,0,2,2941,0.4844,0
144.86,18,46.49,0,3,888,0.3161,0
32.58,6,-999.0,0,2,2178,0.0733,0
54.0,14,9.46,0,4,292,0.181,0
34.71,5,34.98,0,4,1994,0.1491,0
97.45,17,30.42,0,2,2062,0.3788,0
20.65,15,21.25,0,3,464,0.3076,0
19.22,15,-999.0,0,1,554,0.4875,0
44.82,23,18.96,0,1,1158,0.2328,0
72.95,22,78.86,0,2,2484,0.2915,0
26.64,5,5.81,0,2,1065,0.0925,0
58.12,3,36.85,0,6,2856,0.1486,0
175.39,18,24.68,0,1,181,0.0721,0
38.59,14,8.97,0,1,1463,0.3314,0
27.52,19,23.74,0,2,952,0.1108,0
100.8,0,13.15,0,5,2528,0.1134,0
32.85,10,60.29,0,4,2677,0.1053,0
12.78,0,2.69,0,6,1504,0.2462,0
329.49,3,45.28,0,3,2061,0.2564,0
27.47,22,5.46,0,2,2309,0.257,0
182.84,20,25.74,0,4,203,0.2381,0
157.64,23,3.07,1,2,1819,0.075,0
197.01,4,13.37,0,5,2915,0.1814,0
85.35,3,15.61,0,4,1214,0.0432,0
145.03,9,3.1,0,4,2441,0.3367,0
37.25,4,2.2,0,4,768,0.1258,0
269.27,23,11.25,0,2,1102,0.3604,0
7.41,5,7.66,0,2,799,0.0646,0
52.32,14,1.85,0,2,2361,0.1671,0
38.4,15,14.27,0,1,927,0.0782,0
25.29,14,21.69,0,3,1398,0.2557,0
22.17,11,87.71,0,3,2110,0.0944,0
13.67,8,31.32,0,2,1155,0.2718,0
220.35,20,12.95,0,3,1859,0.1149,0
2.12,13,17.86,0,1,1598,0.0903,0
119.53,9,6.6,0,4,1696,0.1944,0
27.72,3,36.91,0,3,725,0.132,0
302.62,11,29.81,0,2,881,0.4433,0
189.63,6,13.17,0,4,1518,0.3912,0
19.12,11,4.22,0,1,2042,0.2726,0
50.49,3,55.78,1,2,1313,0.1435,0
19.16,12,10.11,0,3,1859,0.1738,0
48.21,6,15.25,0,6,95,0.2615,0
16.02,13,8.12,0,3,1097,0.1978,0
58.18,23,5.75,0,4,2484,0.2659,0
13.97,10,27.64,0,3,911,0.2222,0
28.2,22,8.76,0,3,1200,0.4813,0
27.1,19,4.47,0,3,2445,0.1491,0
56.23,21,19.6,0,6,2702,0.1151,0
31.31,10,65.44,0,3,1094,0.2543,0
17.16,9,28.06,0,2,907,0.2849,0
120.97,16,84.0,0,6,390,0.0913,0
251.44,9,43.84,0,3,2157,0.2637,0
63.43,3,42.61,1,2,547,0.0965,0
8.27,14,50.58,0,2,2833,0.3082,0
56.24,8,76.85,0,4,2819,0.0611,0
19.4,8,13.68,0,4,2971,0.3675,0
70.3,14,12.13,0,3,356,0.434,0
15.92,0,18.87,0,3,2647,0.0936,0
37.9,17,3.65,0,1,2736,0.2886,0
511.48,6,10.81,0,2,2441,0.1044,0
184.86,2,4.55,0,3,824,0.1345,0
198.87,0,19.63,0,3,2002,0.2035,0
27.23,14,53.48,0,0,1408,0.1668,0
20.51,13,32.93,0,9,907,0.0584,0
68.04,6,13.46,0,3,1905,0.3323,0
65.82,1,10.57,0,4,2510,0.2928,0
117.32,3,20.29,0,3,2115,0.1914,0
67.66,21,33.29,0,4,234,0.1318,0
18.04,14,21.25,0,3,2392,0.1768,0
66.09,11,44.79,0,2,1131,0.1367,0
342.99,14,1.52,0,6,2379,0.0856,0
23.01,1,50.37,0,3,1015,0.1483,0
58.09,20,2.76,0,3,2134,0.1927,0
221.3,19,32.21,0,2,344,0.1005,0
44.54,17,20.96,0,3,1184,0.1064,0
6.38,3,6.66,0,2,2406,0.0924,0
46.14,15,62.11,0,2,1470,0.1883,0
58.8,0,2.42,0,2,1629,0.398,0
101.6,1,113.11,0,2,1573,0.2941,0
154.42,15,25.79,0,5,2255,0.0827,0
130.27,1,-999.0,1,6,795,0.0981,0
23.96,20,4.41,0,5,2630,0.1445,0
132.49,12,7.59,0,3,1900,0.1013,0
96.13,1,19.2,0,2,1069,0.4157,0
51.95,2,3.0,0,3,1594,0.142,0
20.5,6,78.24,0,2,220,0.102,0
134.4,0,14.94,0,3,2905,0.0432,0
60.48,11,18.93,0,3,1946,0.1924,0
34.96,13,6.65,0,7,1494,0.2344,0
38.21,6,12.28,0,1,1175,0.1351,0
168.97,12,27.97,0,3,2894,0.0772,0
51.16,4,6.86,0,5,1155,0.2935,0
80.41,17,20.28,0,0,1772,0.1096,0
40.86,11,3.38,0,5,2289,0.167,0
90.39,10,15.21,0,3,234,0.1059,0
84.38,22,4.39,0,0,2422,0.1239,0
52.51,6,20.96,0,4,2894,0.0714,0
59.95,1,13.41,0,2,2488,0.5548,0
25.04,16,6.85,0,1,655,0.1352,0
47.49,21,-999.0,0,3,1160,0.1546,0
228.85,22,35.22,0,1,436,0.1659,0
164.81,6,9.74,0,3,1664,0.1436,0
111.38,16,64.5,0,6,936,0.3492,0
82.82,1,28.24,0,3,289,0.0427,0
31.77,23,28.86,0,4,469,0.3803,0
48.55,22,5.14,0,4,2921,0.1618,0
15.32,23,-999.0,0,3,656,0.062,0
39.54,1,10.64,0,5,314,0.0795,0
38.24,13,12.76,0,0,2006,0.025,0
127.69,19,38.64,1,1,147,0.193,0
36.93,4,6.01,1,5,337,0.1876,0
31.55,1,28.96,0,2,1196,0.1972,0
168.6,18,13.62,0,5,1105,0.1214,0
75.95,22,14.51,0,4,1528,0.2063,0
73.12,4,32.79,0,0,2116,0.3286,0
99.04,17,7.75,0,4,2405,0.1046,0
9.25,16,35.67,0,2,293,0.299,0
8.58,23,60.45,0,1,174,0.2145,0
21.48,21,14.95,0,3,1481,0.4403,0
42.68,17,14.77,0,2,1473,0.1183,0
46.19,22,15.13,0,5,2829,0.2015,0
61.41,0,15.27,0,1,1719,0.2516,0
24.13,8,21.03,0,1,1696,0.129,0
36.67,14,7.48,0,2,2916,0.18,0
30.94,0,1.15,0,2,667,0.0688,0
22.39,11,19.83,0,3,2866,0.3695,0
27.9,1,19.82,0,0,39,0.1436,0
30.64,14,38.07,0,2,1160,0.2444,0
12.38,10,28.13,0,5,351,0.1749,0
125.24,13,22.23,0,3,2340,0.1144,0
532.96,19,8.69,0,2,295,0.5013,0
10.6,9,9.13,0,4,2451,0.3752,0
41.44,21,3.01,0,2,1836,0.166,0
141.39,6,61.8,0,2,386,0.2939,0
10.42,3,21.64,0,3,1881,0.2262,0
25.8,10,17.18,0,6,2278,0.0437,0
173.48,8,9.88,0,1,345,0.2706,0
39.96,9,4.14,0,4,693,0.0609,0
56.14,22,38.36,0,2,21,0.0777,0
60.44,11,51.69,0,2,339,0.3707,0
50.38,5,3.91,0,1,1248,0.0666,0
36.97,8,31.54,0,6,2024,0.1477,0
94.08,21,60.43,0,6,475,0.4745,0
62.18,23,25.69,0,5,190,0.1142,0
25.44,2,19.63,0,2,558,0.5013,0
74.04,16,8.2,0,2,2706,0.0807,0
54.82,20,12.37,0,3,1797,0.0286,0
65.88,0,51.43,1,2,2449,0.1409,0
37.4,19,25.71,0,4,507,0.0947,0
44.14,22,7.24,0,4,2645,0.0828,0
615.07,14,64.83,0,3,2232,0.0289,0
35.56,15,53.52,0,2,969,0.2255,0
37.09,23,23.59,0,2,2155,0.0991,0
30.6,3,13.1,0,7,2705,0.3312,0
3.85,19,21.27,0,6,1332,0.1858,0
6.87,8,28.57,0,3,1640,0.1011,0
39.06,12,3.51,0,4,2874,0.0593,0
50.81,11,30.23,0,3,1801,0.3996,0
85.31,3,17.94,0,4,2448,0.0822,0
32.48,3,9.52,0,1,2398,0.2778,0
51.33,12,8.32,0,5,2219,0.0947,0
33.85,11,34.56,0,2,2218,0.0543,0
67.38,22,6.53,0,2,1028,0.1849,0
12.68,1,13.75,0,2,1674,0.2944,0
134.78,14,6.95,0,3,133,0.1334,0
135.2,13,6.25,0,2,2592,0.3027,0
9.39,12,25.35,0,3,1597,0.1387,0
18.07,3,11.52,0,1,682,0.3572,0
135.53,9,7.58,0,3,2541,0.1989,0
165.72,11,15.38,0,3,2547,0.1191,0
17.97,0,5.73,0,0,219,0.083,0
11.04,17,10.22,0,3,1306,0.056,0
12.6,1,14.65,1,1,1530,0.2195,0
24.87,15,16.96,0,5,415,0.2207,0
158.34,19,40.43,0,4,2897,0.1004,0
21.96,16,24.44,0,3,1696,0.3348,0
22.56,20,28.99,0,0,1264,0.2098,0
10.57,5,3.2,0,4,1518,0.3381,0
13.81,23,34.94,0,3,2901,0.2197,0
49.1,19,6.15,0,3,311,0.1663,0
17.95,18,7.32,0,5,2446,0.1684,0
9.76,8,26.15,0,1,1076,0.1845,0
7.89,18,16.77,0,5,2917,0.1702,0
79.52,18,69.38,0,2,2089,0.0964,0
38.96,11,35.11,1,3,1510,0.0419,0
61.66,0,12.77,0,4,1192,0.0541,0
73.23,13,29.55,0,2,2416,0.1616,0
71.91,1,6.19,0,6,887,0.3454,0
19.17,16,-999.0,0,4,21,0.0764,0
18.33,16,30.43,0,3,456,0.033,0
86.27,22,13.52,0,1,1710,0.3853,0
123.86,1,32.25,0,7,1887,0.075,0
182.12,5,5.56,0,2,2810,0.1262,0
38.71,0,10.49,0,4,1428,0.2438,0
368.46,12,6.8,0,4,1285,0.2331,0
157.04,20,9.82,0,7,2089,0.0378,0
28.81,14,26.16,0,2,2934,0.207,0
41.17,23,10.1,0,4,626,0.1537,0
384.74,2,8.5,0,1,1260,0.2443,0
7.41,16,13.85,0,4,1539,0.1131,0
120.29,2,30.56,0,0,657,0.3041,0
107.37,2,42.14,0,4,1952,0.0863,0
40.06,6,7.71,0,5,650,0.2166,0
57.09,5,7.37,0,3,396,0.0496,0
119.47,19,12.79,0,5,2353,0.2976,0
65.05,20,5.95,0,3,929,0.0869,0
33.53,2,15.28,0,2,602,0.0534,0
83.62,7,-999.0,0,7,2695,0.2328,0
147.31,6,2.99,0,2,1456,0.1656,0
30.01,20,14.4,0,0,657,0.1384,0
91.15,10,55.24,0,6,997,0.1852,0
31.29,7,35.52,0,0,2372,0.0821,0
79.78,5,11.62,0,2,1015,0.0867,0
40.0,5,27.59,0,4,1511,0.0646,0
78.82,10,0.5,1,2,2354,0.3722,0
94.88,8,24.57,0,0,2377,0.3977,0
41.73,0,11.5,0,3,509,0.1267,0
9.07,18,0.1,0,4,56,0.0547,0
111.58,1,27.03,0,2,2583,0.128,0
40.93,5,34.64,0,4,27,0.14,0
50.33,12,4.01,0,4,997,0.1175,0
184.44,12,-999.0,1,1,2716,0.1137,0
8.69,9,15.87,0,3,1228,0.4465,0
79.73,17,30.61,0,3,963,0.1174,0
17.54,1,2.94,0,1,2185,0.1339,0
50.12,16,0.35,0,3,1960,0.1334,0
44.43,21,38.29,0,4,282,0.2638,0
67.71,5,15.86,0,0,334,0.0895,0
172.12,4,20.23,0,2,2022,0.1492,0
71.64,5,11.94,0,1,311,0.0361,0
36.13,8,7.83,0,3,2757,0.0754,0
5.22,1,16.39,0,2,2736,0.2655,0
205.8,18,2.18,0,2,1157,0.3338,0
52.1,11,16.07,0,7,706,0.1123,0
77.0,9,24.62,0,2,2729,0.1513,0
18.88,3,23.89,0,4,1374,0.4166,0
23.78,10,12.92,0,2,2406,0.3959,0
233.01,7,27.04,0,4,2883,0.0492,0
75.07,8,9.59,1,6,2668,0.1691,0
7.89,7,53.59,0,3,1587,0.2113,0
200.98,9,37.11,0,3,312,0.109,0
16.71,12,2.38,0,2,955,0.4324,0
300.41,10,27.15,0,2,1642,0.0985,0
8.4,15,11.66,0,3,2785,0.2036,0
25.46,21,13.91,0,2,2748,0.1389,0
19.21,2,29.56,0,4,1364,0.3081,0
34.82,14,11.53,0,1,2439,0.093,0
127.85,12,21.17,0,9,1642,0.2796,0
14.39,23,48.35,0,5,860,0.0538,0
66.14,4,-999.0,0,7,1886,0.3331,0
121.2,23,26.95,0,5,1395,0.0529,0
49.08,4,29.52,0,6,266,0.1945,0
68.69,11,3.17,0,2,594,0.1819,0
102.33,18,51.65,1,3,260,0.0835,0
58.56,2,13.17,0,1,247,0.0639,0
36.89,8,25.31,0,3,1797,0.1708,0
36.54,12,14.6,0,5,392,0.2748,0
52.68,13,14.68,0,1,2623,0.2097,0
7.75,21,31.95,0,6,681,0.0791,0
119.89,18,22.28,0,4,1128,0.3358,0
244.49,11,7.1,0,3,97,0.2077,0
76.16,6,23.74,0,1,1949,0.0456,0
88.98,8,3.54,0,2,1413,0.1693,0
9.21,17,11.92,0,3,1863,0.4315,0
15.14,19,8.67,1,2,697,0.3734,0
24.25,5,21.93,0,5,811,0.2791,0
82.78,21,-999.0,0,4,468,0.2946,0
60.84,12,30.95,0,6,1288,0.1352,0
106.95,22,29.69,0,2,330,0.0713,0
6.68,20,7.11,0,3,2905,0.1146,0
61.23,15,13.09,0,3,1492,0.0433,0
30.75,2,9.8,0,0,2834,0.0909,0
32.8,7,11.04,0,5,1293,0.1779,0
74.57,11,20.39,0,2,2328,0.3437,0
31.38,20,17.59,0,3,1786,0.1359,0
142.05,17,3.23,0,5,363,0.1163,0
80.52,12,10.26,0,2,1027,0.0838,0
161.12,10,15.75,0,6,2864,0.0722,0
18.47,12,4.63,0,4,1957,0.0243,0
124.73,22,41.89,0,4,534,0.2137,0
47.26,8,31.27,0,1,1911,0.2647,0
53.17,15,54.3,0,0,70,0.3302,0
121.72,6,28.02,0,2,753,0.0655,0
14.87,5,0.8,0,3,1540,0.2925,0
204.4,19,10.56,0,4,1277,0.1748,0
559.75,12,46.47,1,1,446,0.0098,0
40.07,20,22.23,0,3,2153,0.304,0
15.57,19,12.47,0,3,797,0.1969,0
24.48,3,12.01,0,2,2143,0.3362,0
19.03,0,43.71,0,3,296,0.1577,0
21.28,6,5.66,0,1,102,0.1446,0
711.87,16,18.21,0,3,2784,0.3147,0
21.69,23,13.45,0,2,836,0.0847,0
416.18,19,8.6,0,2,670,0.1991,0
5.67,22,26.85,0,7,2703,0.1599,0
86.53,21,2.94,0,8,1446,0.2284,0
8.8,12,12.53,0,5,2908,0.2048,0
27.96,3,12.05,0,1,320,0.2856,0
9.14,1,34.71,0,6,1512,0.5425,0
93.96,21,53.05,0,2,1891,0.2264,0
16.43,23,59.03,1,4,2989,0.2488,0
54.12,17,50.31,0,3,2161,0.0369,0
27.8,12,89.43,0,3,2683,0.3242,0
40.62,5,24.99,0,3,728,0.2698,0
189.85,8,23.74,1,0,849,0.0411,0
14.73,3,52.3,0,7,1583,0.2361,0
19.91,15,10.78,0,6,1243,0.1205,0
353.97,1,32.63,0,0,2980,0.1223,0
20.11,6,-999.0,0,5,2957,0.0848,0
18.24,11,6.96,0,1,2329,0.2688,0
75.87,19,4.02,0,5,1353,0.4834,0
27.87,21,19.15,0,1,352,0.0341,0
62.64,22,4.57,0,3,1860,0.2521,0
24.64,5,13.13,0,2,1772,0.1676,0
142.08,16,4.7,0,4,1989,0.0866,0
27.63,7,7.85,1,1,1907,0.1387,0
36.59,11,3.32,0,4,35,0.2046,0
6.61,9,40.31,1,3,1242,0.0694,0
4.74,4,14.11,0,5,2512,0.2121,0
14.44,11,-999.0,0,3,680,0.2722,0
32.77,12,26.04,0,4,1238,0.2362,0
24.99,13,25.68,1,0,2326,0.3102,0
36.6,6,22.87,1,3,1260,0.221,0
11.87,17,45.69,0,3,944,0.0478,0
34.56,0,0.37,0,4,1197,0.2353,0
138.63,4,-999.0,0,3,2286,0.3906,0
231.42,12,44.74,1,2,1835,0.0868,0
43.98,19,6.86,0,4,1526,0.1362,0
24.37,12,36.4,0,3,2533,0.1449,0
19.63,2,7.08,0,0,2660,0.3181,0
39.16,2,3.97,0,8,1886,0.2237,0
50.69,18,15.08,0,5,2837,0.2267,0
44.2,13,27.47,0,3,1037,0.209,0
65.42,11,91.58,0,6,2725,0.3298,0
32.7,10,46.36,0,4,1774,0.581,0
52.8,14,10.49,0,2,2802,0.1653,0
69.18,15,3.85,0,2,1618,0.0511,0
32.14,12,-999.0,0,3,189,0.2531,0
4.14,7,25.07,0,1,944,0.211,0
113.68,10,9.87,0,3,1877,0.1215,0
4.44,13,11.54,0,5,1363,0.2405,0
241.72,0,28.7,0,2,2789,0.3003,0
41.66,9,7.95,0,9,1070,0.1948,0
15.53,8,6.46,0,5,36,0.1795,0
22.25,0,6.96,0,3,2037,0.1705,0
62.53,21,10.61,0,3,2079,0.3115,0
26.39,17,9.23,0,7,1309,0.2652,0
41.59,0,3.06,0,2,628,0.2296,0
11.71,23,6.15,1,4,850,0.1116,0
98.74,15,15.77,0,2,241,0.1366,0
134.66,10,9.62,0,1,919,0.2555,0
24.31,23,13.85,0,4,396,0.1207,0
14.33,17,0.72,0,5,1780,0.1141,0
35.35,5,15.8,0,3,2851,0.0549,0
35.65,22,32.57,0,2,686,0.1894,0
73.96,8,31.67,0,3,2176,0.3082,0
54.0,8,3.04,0,3,1688,0.1094,0
120.97,17,4.03,0,3,2569,0.2366,0
39.08,17,9.18,0,1,2258,0.3868,0
17.33,13,15.29,0,5,1160,0.2074,0
33.73,8,21.16,0,3,1795,0.3851,0
36.3,12,36.46,0,4,1341,0.2372,0
40.29,13,9.74,0,4,2930,0.2697,0
23.47,16,15.8,0,7,2025,0.4383,0
48.08,1,6.55,0,1,2422,0.1282,0
41.55,13,14.74,0,2,849,0.0374,0
66.2,10,34.66,0,2,863,0.051,0
55.84,12,72.57,1,5,269,0.0228,0
39.33,16,24.89,0,5,2903,0.711,0
20.98,8,21.28,0,3,520,0.0685,0
147.19,21,48.04,0,3,2677,0.2756,0
91.22,17,9.91,0,3,1618,0.4266,0
8.3,2,4.2,0,0,1852,0.1362,0
10.96,3,30.22,0,3,1181,0.0949,0
42.84,4,10.15,0,7,173,0.4003,0
87.26,16,39.79,0,4,796,0.2557,0
26.18,3,11.12,0,4,1670,0.3206,0
13.91,7,1.8,0,2,197,0.3105,0
34.43,1,57.75,0,1,1925,0.1765,0
79.54,3,19.42,0,5,796,0.1945,0
36.22,3,8.61,0,3,2040,0.1427,0
90.99,2,8.18,0,3,80,0.2394,1
70.89,9,26.57,0,2,1454,0.264,0
72.88,11,46.35,0,2,1318,0.0267,0
14.43,11,31.84,0,4,1573,0.1749,0
22.2,2,8.33,0,2,1406,0.0901,0
28.96,19,24.4,0,3,387,0.1128,0
117.65,14,9.72,0,5,314,0.0945,0
32.36,17,8.46,0,0,1557,0.0538,0
42.45,3,54.51,0,4,445,0.1547,0
26.1,7,56.1,0,2,808,0.2324,0
18.16,5,21.54,0,2,1833,0.3122,0
42.06,13,5.85,0,5,1573,0.2194,0
48.62,14,6.34,0,6,2582,0.2072,0
57.71,10,44.96,0,3,2758,0.2807,0
23.2,5,53.89,0,2,129,0.236,0
47.56,21,19.98,0,5,2226,0.2022,0
116.02,2,22.46,0,3,648,0.0545,0
47.61,19,15.07,0,3,907,0.2059,0
39.75,16,3.66,0,3,1643,0.1485,0
6.44,18,10.73,0,1,2663,0.1052,0
17.37,15,9.97,0,4,2829,0.1814,0
23.67,22,22.85,0,6,180,0.061,0
63.7,16,59.94,1,6,2567,0.117,0
63.31,3,17.96,0,7,2281,0.046,0
126.05,15,16.3,0,6,2691,0.2183,0
33.99,21,12.16,0,6,1340,0.3703,0
56.05,18,-999.0,0,5,1656,0.1797,0
16.3,3,8.55,0,5,585,0.1947,0
6.95,4,9.34,0,2,625,0.2476,0
30.7,3,11.5,0,5,2275,0.1135,0
10.26,12,7.13,0,0,2966,0.2282,0
31.47,12,36.03,0,9,2224,0.1563,0
100.66,7,2.81,0,4,2009,0.0521,0
51.11,2,8.18,0,2,354,0.4122,0
11.37,10,5.61,0,4,57,0.234,0
158.01,6,18.24,0,1,2415,0.2858,0
30.89,16,13.87,0,3,2961,0.2667,0
157.45,18,12.03,0,2,51,0.2727,0
27.89,20,18.53,0,4,1126,0.1423,0
21.63,17,3.44,0,6,973,0.1122,0
7.11,11,51.8,0,4,690,0.21,0
19.47,3,49.36,0,2,1188,0.0711,0
124.91,15,29.05,1,2,1476,0.0801,0
22.58,20,19.67,0,0,2857,0.2101,0
43.49,10,6.89,0,4,2445,0.1958,0
15.65,7,14.4,0,0,2813,0.0747,0
30.1,23,15.62,0,3,1127,0.1412,0
121.39,22,18.3,0,5,1013,0.2246,0
37.73,12,8.15,0,1,869,0.1147,0
104.05,1,3.63,0,3,823,0.1415,0
52.77,18,20.88,0,1,2335,0.1113,0
30.12,13,10.48,0,2,1358,0.2948,0
48.81,19,4.37,0,2,295,0.4071,0
163.61,2,20.55,0,4,2036,0.2003,0
13.78,12,36.05,0,2,2557,0.0628,0
37.82,22,90.26,0,2,769,0.0935,0
150.88,2,28.62,1,3,1512,0.1577,0
103.08,14,46.84,0,6,1406,0.1584,0
125.83,16,45.19,0,6,822,0.419,0
15.54,5,7.29,0,1,2927,0.0579,0
129.17,16,25.69,0,4,2364,0.1837,0
239.53,1,32.51,0,6,2745,0.03,0
30.73,10,49.51,0,0,1508,0.2949,0
20.87,2,32.72,0,4,333,0.2612,0
61.04,6,4.25,0,6,313,0.1363,0
36.19,7,8.97,0,2,646,0.4426,0
76.79,0,30.27,0,1,443,0.1784,0
74.93,23,13.36,0,3,384,0.2802,0
6.93,17,7.95,0,3,2363,0.0214,0
46.65,17,40.25,0,4,2551,0.2827,0
39.52,22,33.36,0,2,981,0.0632,0
23.73,3,26.8,0,4,2745,0.4757,0
32.24,21,13.31,0,7,1029,0.2132,0
117.38,20,26.9,0,1,1257,0.1534,0
38.61,20,98.38,0,3,2449,0.2772,0
18.19,21,66.05,0,2,165,0.5989,0
8.75,12,15.37,0,1,700,0.1068,0
11.23,8,-999.0,0,1,746,0.1319,0
28.87,15,16.0,0,4,830,0.109,0
28.92,15,29.98,0,3,1295,0.3001,0
38.05,18,46.5,0,4,1299,0.1514,0
36.62,16,29.1,0,4,1152,0.2102,0
51.5,15,21.0,0,4,835,0.4429,0
29.51,18,47.5,0,4,894,0.0813,0
37.13,13,29.66,1,4,779,0.2785,0
5.75,23,10.06,0,6,1182,0.3675,0
7.19,15,21.8,0,8,1786,0.1493,0
15.36,3,-999.0,0,5,851,0.1792,0
64.14,12,35.7,0,3,2848,0.4645,0
8.61,18,23.2,0,2,2785,0.3743,0
290.44,4,48.16,0,4,1742,0.3527,1
11.54,21,25.41,0,6,1580,0.2992,0
29.12,12,23.05,0,3,1005,0.3479,0
397.56,6,16.03,0,8,2984,0.2762,0
31.57,18,32.12,0,4,2127,0.1683,0
18.54,17,41.4,0,1,1959,0.1367,0
66.1,8,10.83,0,3,492,0.3523,0
43.05,0,15.21,0,3,1894,0.2698,0
82.89,4,16.85,0,1,430,0.0697,0
25.75,9,86.33,0,7,1343,0.3196,0
80.7,2,21.61,0,2,802,0.3601,0
79.65,19,31.66,0,5,1266,0.2772,0
114.11,1,14.96,0,3,945,0.0351,0
26.65,23,96.03,1,2,1969,0.3736,0
11.95,0,7.94,0,3,791,0.4935,0
60.53,22,13.26,1,3,489,0.329,1
36.36,22,64.5,0,2,2228,0.0413,0
92.45,4,28.16,0,3,1576,0.2943,0
127.75,11,10.68,1,4,74,0.3481,0
5.91,8,-999.0,0,7,457,0.034,0
29.35,18,3.03,0,3,2979,0.2886,0
28.16,20,26.89,0,4,2979,0.0512,0
6.21,1,5.4,0,3,1446,0.1243,0
132.78,5,22.6,0,4,1528,0.2725,0
119.89,5,39.88,1,2,1331,0.3423,0
93.77,17,19.92,0,1,778,0.0689,0
28.06,19,5.31,1,2,158,0.1507,0
16.03,6,32.9,0,4,86,0.1746,0
112.58,7,4.92,0,1,1666,0.2887,0
67.44,14,35.14,0,3,1755,0.1201,0
88.05,0,10.67,0,2,1198,0.2125,0
19.35,16,4.89,1,3,1190,0.4275,0
12.47,3,37.14,0,1,1732,0.1101,0
91.52,15,28.03,0,2,337,0.127,0
121.34,11,8.94,0,0,983,0.329,0
8.75,10,23.52,0,5,834,0.2492,0
38.33,20,15.5,0,1,1996,0.0445,0
9.84,21,31.15,0,6,1814,0.0818,0
55.14,5,6.28,0,3,2510,0.1123,0
9.14,0,16.19,1,5,450,0.3154,0
8.1,3,4.11,0,4,2143,0.0829,0
204.51,1,2.86,0,3,2347,0.3486,0
34.54,14,14.26,0,2,2661,0.2557,0
67.13,16,2.59,0,2,2918,0.226,0
100.31,3,-999.0,0,4,1223,0.1433,0
113.82,1,42.93,0,3,1612,0.3044,0
64.49,10,7.24,0,5,1762,0.3016,0
38.27,6,9.27,0,6,312,0.034,0
40.26,10,1.97,0,4,46,0.1694,0
350.29,2,23.77,0,3,2915,0.2161,0
26.2,15,1.32,0,1,1765,0.4162,0
18.72,16,27.96,0,2,472,0.1246,0
113.79,13,21.75,0,0,2800,0.1215,0
163.7,7,10.26,0,3,1040,0.2105,0
106.03,22,10.2,0,4,1813,0.1762,0
29.07,11,29.17,0,3,773,0.0979,0
35.28,8,28.45,0,3,2565,0.1142,0
36.17,15,33.02,1,1,438,0.0697,0
441.84,7,2.36,0,7,1846,0.2926,0
52.33,22,101.59,0,1,210,0.0997,0
12.73,17,131.43,0,2,1904,0.2589,0
39.31,23,4.82,0,2,2770,0.1137,0
12.84,20,11.58,0,2,1734,0.0605,0
74.94,12,20.55,0,3,2087,0.4102,0
56.55,18,43.04,0,4,1633,0.0925,0
10.69,12,6.33,0,0,2721,0.2402,0
40.16,16,2.15,1,1,2036,0.2263,0
28.1,11,27.2,0,2,2914,0.0765,0
75.14,4,-999.0,0,2,1904,0.4938,0
41.29,9,31.48,0,3,1826,0.4661,0
109.07,21,34.75,0,5,852,0.2343,0
75.53,7,5.21,0,2,551,0.2304,0
40.47,7,16.36,0,2,840,0.0483,0
15.38,15,35.26,1,3,1477,0.2826,0
17.33,22,7.24,0,4,59,0.247,0
59.21,17,16.74,0,4,251,0.0887,0
148.09,0,66.93,0,0,721,0.0734,0
12.78,7,11.74,0,4,687,0.2685,0
148.98,9,-999.0,0,2,2054,0.2439,0
42.99,23,31.09,0,3,2748,0.3073,0
139.56,12,24.63,0,2,2304,0.1303,0
9.62,15,30.07,0,4,1973,0.3772,0
18.36,23,24.32,0,7,755,0.5961,0
83.24,17,29.47,1,7,2585,0.2937,0
27.93,14,3.34,0,2,2552,0.1142,0
238.51,2,7.31,0,2,2735,0.6125,0
58.87,14,29.62,0,2,265,0.2891,0
90.33,11,-999.0,0,6,2219,0.0302,0
33.14,0,6.37,0,6,1272,0.3798,0
21.05,19,9.08,0,3,665,0.2861,0
12.39,10,21.23,0,3,1147,0.2841,0
37.62,18,9.89,0,4,1156,0.1704,0
21.63,1,52.18,0,2,2940,0.3253,0
68.96,17,23.84,0,2,357,0.1566,0
72.33,6,51.07,0,7,2969,0.1502,0
11.35,5,7.02,0,2,1251,0.0244,0
11.5,11,17.57,0,0,449,0.1819,0
19.34,22,30.32,0,1,647,0.1276,0
20.09,15,3.61,0,7,845,0.1338,0
21.73,4,19.11,0,1,774,0.1191,0
118.76,16,29.32,0,0,201,0.3567,0
70.09,16,34.58,0,1,2612,0.1315,0
43.45,19,13.27,0,3,1570,0.1963,0
40.43,17,22.04,0,0,1537,0.3427,0
52.05,15,15.45,0,5,1303,0.0819,0
64.75,8,-999.0,0,7,1697,0.5182,0
21.55,0,27.41,0,3,2143,0.213,0
131.41,11,52.33,0,6,341,0.0287,0
22.86,16,3.01,0,4,1604,0.096,0
92.08,18,30.24,0,2,2315,0.3336,0
147.89,6,3.2,0,0,1467,0.4008,0
35.96,1,78.02,0,3,2442,0.328,0
122.02,2,67.94,0,4,2462,0.0444,0
28.13,21,8.67,0,3,1084,0.0302,0
47.02,13,39.03,0,5,2519,0.2337,0
29.09,13,12.25,0,3,1926,0.0465,0
115.28,14,27.52,0,3,2622,0.0903,0
31.03,4,2.93,0,1,2011,0.0592,0
77.54,11,21.18,0,5,1016,0.3812,0
91.44,8,32.82,0,6,2862,0.3599,0
24.62,19,3.92,0,2,2792,0.122,0
37.22,15,16.38,0,5,1841,0.1309,0
17.52,17,42.33,0,1,1720,0.3085,0
11.45,19,-999.0,0,4,2826,0.1759,0
554.88,11,42.78,1,0,1956,0.1327,0
33.25,4,22.06,0,4,1876,0.2175,0
15.03,8,23.34,0,4,2710,0.1174,0
45.26,0,4.22,0,0,718,0.2369,0
112.16,7,2.38,0,4,431,0.4669,0
121.75,0,21.65,0,3,2898,0.382,0
45.85,8,13.72,0,1,1711,0.27,0
30.61,11,53.87,0,3,1765,0.0577,0
18.41,8,44.91,0,2,1221,0.0481,0
134.26,2,4.87,0,3,465,0.0832,0
39.71,1,39.98,0,3,230,0.4024,0
40.1,7,3.48,0,2,2380,0.6099,0
25.33,23,9.46,0,5,213,0.1271,0
32.69,3,21.33,0,5,591,0.1288,0
14.53,6,37.77,0,4,765,0.0765,0
25.06,9,38.44,0,5,465,0.1739,0
136.51,5,18.4,1,1,1938,0.1495,0
230.67,9,26.07,0,4,185,0.2062,0
80.95,23,10.39,0,2,2006,0.091,0
143.76,23,-999.0,0,1,141,0.2365,0
30.06,11,29.94,1,2,2815,0.5061,0
31.7,7,4.14,0,6,1912,0.068,0
177.89,11,33.51,0,1,2930,0.0394,0
59.74,7,-999.0,0,0,2096,0.3074,0
61.54,22,49.09,0,0,2389,0.2088,0
10.01,2,28.83,0,3,543,0.1609,0
20.51,17,5.38,0,3,2297,0.1583,0
44.66,8,3.06,0,3,2404,0.1864,0
51.79,7,33.7,1,1,1255,0.4732,1
12.98,10,24.7,1,3,626,0.0966,0
105.53,16,18.46,0,3,1871,0.1461,0
119.96,9,9.32,0,3,569,0.1158,0
172.37,5,18.32,0,3,890,0.0468,0
61.87,20,37.49,0,3,1451,0.0684,0
67.15,19,2.48,0,10,2720,0.1732,0
173.39,1,32.55,0,1,602,0.4186,0
26.6,12,7.32,0,2,335,0.5182,0
38.61,14,24.04,0,4,2100,0.0609,0
46.18,19,-999.0,0,1,2609,0.1834,0
17.54,2,19.32,0,0,2133,0.4222,0
49.46,22,4.19,0,2,1756,0.1415,0
95.05,22,23.11,0,3,808,0.2219,0
59.44,0,3.71,0,5,821,0.2649,0
39.32,13,-999.0,0,0,1877,0.1275,0
374.16,8,-999.0,0,1,2484,0.1739,0
70.22,17,44.39,0,2,831,0.2081,0
141.58,0,6.52,0,1,1444,0.2639,0
17.61,5,54.65,1,5,1766,0.3857,0
81.19,5,31.49,0,3,2599,0.1084,0
88.01,21,19.14,0,2,1332,0.1754,0
19.47,20,31.75,0,0,1482,0.2883,0
3.98,11,13.79,0,2,2096,0.4269,0
75.35,7,59.16,0,3,460,0.2815,0
103.45,13,22.9,1,2,735,0.2222,0
250.07,0,29.33,1,2,2016,0.0278,0
76.7,14,22.32,0,3,1005,0.1121,0
32.78,7,36.44,0,1,2189,0.1372,0
162.42,0,14.2,0,4,2216,0.1117,0
68.46,6,35.23,0,3,1390,0.2495,0
63.67,9,17.03,0,1,1570,0.244,0
59.7,3,25.46,0,6,2455,0.1774,0
34.43,7,17.46,0,6,1774,0.1112,0
12.3,14,7.67,0,3,720,0.1346,0
15.49,17,-999.0,0,3,2767,0.235,0
77.0,22,-999.0,0,3,2593,0.0353,0
172.63,0,3.95,0,1,783,0.0465,0
29.56,5,55.01,0,1,1717,0.1156,0
54.47,16,30.97,0,2,934,0.1627,0
308.67,0,25.48,0,2,707,0.0919,0
12.12,2,12.59,0,1,1864,0.0134,0
34.14,14,7.16,0,4,673,0.3385,0
64.92,9,37.73,0,3,2382,0.106,0
46.1,15,6.26,0,4,1736,0.074,0
29.83,16,9.16,0,3,351,0.3795,0
16.64,20,18.28,0,1,300,0.0966,0
84.88,1,69.46,0,6,896,0.1348,0
25.01,10,43.99,0,2,2606,0.2681,0
31.59,1,21.82,0,5,958,0.1014,0
38.67,15,19.9,0,3,1663,0.158,0
46.7,18,2.46,0,4,1083,0.1807,0
59.42,8,32.56,0,3,2963,0.325,0
115.44,4,8.95,0,3,1150,0.0387,0
210.85,19,29.11,0,5,1625,0.1839,0
188.9,12,19.14,0,2,985,0.1979,0
36.09,15,1.4,0,4,538,0.1992,0
86.86,16,19.74,0,1,341,0.0812,0
84.27,18,3.75,0,3,2648,0.2392,0
21.75,22,26.47,0,2,1089,0.3429,0
73.09,16,18.74,0,3,2902,0.2503,0
85.8,7,40.48,0,1,1067,0.1437,0
38.4,20,9.37,0,2,170,0.0908,0
34.3,1,16.95,0,4,2904,0.2288,0
79.6,17,32.75,0,6,333,0.3047,0
293.1,13,22.75,0,4,2308,0.07,0
32.73,8,14.29,0,4,1908,0.0752,0
23.71,16,46.24,0,4,2364,0.0353,0
142.01,1,24.4,0,2,2060,0.1912,0
11.55,8,4.78,1,7,2687,0.1068,0
34.51,9,35.18,0,4,2907,0.2175,0
73.48,16,19.51,0,3,2310,0.2976,0
38.76,2,23.14,0,5,2537,0.2714,0
27.41,6,14.49,0,0,1255,0.0928,0
131.02,21,2.58,0,1,641,0.1417,0
41.53,20,3.27,0,3,99,0.2311,0
16.52,19,51.6,0,2,2395,0.3134,0
55.13,14,0.76,0,3,1874,0.225,0
61.36,12,20.86,0,2,2098,0.1116,0
106.68,12,16.89,0,1,2980,0.2828,0
55.94,9,4.36,0,2,564,0.0725,0
90.83,17,11.41,0,4,1190,0.1125,0
38.84,1,13.42,0,1,1238,0.33,0
27.67,19,14.05,1,2,1576,0.4028,0
32.45,12,30.66,0,6,2022,0.0742,0
128.51,16,5.78,1,3,401,0.2046,0
32.28,2,22.0,0,2,1530,0.1074,0
45.77,2,44.86,0,1,237,0.3489,0
57.83,23,17.04,0,4,1372,0.1033,0
122.68,3,2.82,0,3,2059,0.1062,0
34.37,6,48.3,0,5,183,0.3788,0
27.13,16,6.85,0,2,2734,0.5021,0
8.21,17,4.44,0,2,1331,0.1305,0
84.66,19,27.38,0,2,1367,0.3635,0
92.19,12,7.29,0,1,1898,0.2221,0
10.51,1,27.55,0,3,30,0.0146,0
15.22,16,19.75,0,3,844,0.073,0
19.55,11,50.51,0,5,2965,0.3608,0
68.82,0,9.41,0,3,2563,0.1053,0
121.33,15,21.53,0,1,1648,0.1338,0
30.39,15,1.87,0,4,1013,0.1988,0
51.58,11,26.71,0,5,937,0.1621,0
31.99,20,22.16,0,1,279,0.3535,0
110.48,18,25.67,0,3,632,0.1054,0
11.79,7,42.46,0,5,502,0.3549,0
463.0,6,22.78,0,5,2181,0.1178,0
25.28,9,3.05,0,2,1337,0.0871,0
23.34,5,41.59,0,0,436,0.1569,0
495.87,0,23.65,0,0,838,0.2631,0
78.41,21,3.49,0,3,1288,0.1683,0
810.6,16,31.65,0,2,1176,0.1189,0
58.61,17,19.69,0,2,873,0.1622,0
27.57,19,48.14,0,3,192,0.3916,0
184.22,10,10.0,0,0,2295,0.0282,0
22.42,17,25.71,0,2,323,0.1248,0
6.54,14,87.84,0,3,1523,0.2174,0
39.74,1,32.35,0,5,2763,0.2575,0
60.27,17,-999.0,0,2,1253,0.4103,0
51.79,17,21.11,0,4,2003,0.3702,0
131.43,16,39.83,0,5,2087,0.2162,0
99.33,14,2.7,0,6,1852,0.1552,0
428.46,21,4.85,0,3,2293,0.2182,0
41.37,3,2.54,0,3,2358,0.2478,0
34.59,12,5.46,0,3,1758,0.099,0
13.66,13,20.94,0,4,683,0.2071,0
39.67,4,14.85,0,5,1406,0.107,0
5.67,3,21.21,0,2,1139,0.1631,0
48.12,6,1.49,0,3,1128,0.105,0
39.55,17,4.12,0,3,458,0.2387,0
98.54,8,1.65,1,3,1897,0.1647,0
38.99,0,9.14,0,1,230,0.1286,0
37.42,21,10.83,0,6,2018,0.2591,0
117.7,20,1.75,0,4,2929,0.3999,0
91.48,4,31.76,0,3,932,0.1641,0
23.01,15,13.94,0,5,731,0.1699,0
152.0,4,31.69,0,1,1732,0.3026,0
13.56,14,0.7,0,5,1119,0.0722,0
77.82,8,5.33,0,1,2749,0.1988,0
125.19,18,26.19,0,1,1324,0.3572,0
76.55,19,9.72,0,5,2055,0.1841,0
53.1,10,11.95,0,6,663,0.1537,0
51.06,8,32.01,0,3,932,0.3738,0
118.24,5,34.53,0,4,309,0.5025,0
6.86,15,5.77,0,2,2976,0.0618,0
99.09,2,16.25,0,0,679,0.1,0
6.37,15,-999.0,0,6,2779,0.1607,0
106.58,16,9.34,1,3,741,0.2245,0
74.87,10,48.78,0,3,1369,0.1137,0
67.09,15,61.94,0,0,1295,0.1326,0
86.63,18,6.01,0,1,2779,0.1466,0
7.57,9,10.43,0,3,1153,0.6292,0
28.94,20,4.19,0,1,2440,0.1902,0
27.29,11,28.61,1,7,2328,0.1594,0
94.6,15,63.42,0,1,1489,0.0757,0
36.27,15,16.8,0,4,1203,0.0757,0
17.63,0,33.58,0,3,686,0.2305,0
55.56,4,12.71,1,3,2181,0.1702,0
30.88,13,13.36,0,5,1549,0.1688,0
24.23,4,19.4,0,2,788,0.2144,0
71.02,13,21.07,0,2,1033,0.0842,0
30.4,11,8.75,0,7,2137,0.207,0
113.27,6,5.25,0,0,2845,0.0437,0
6.16,6,25.53,1,0,1222,0.086,0
190.55,14,5.26,0,5,244,0.2198,0
84.82,10,28.87,0,4,1753,0.3031,0
31.16,22,49.31,0,3,2675,0.155,0
100.38,2,2.22,0,0,1785,0.1559,0
115.42,15,7.64,0,6,1334,0.3355,0
125.66,1,20.28,0,2,1885,0.1127,0
192.91,4,7.45,0,5,2532,0.6483,0
14.37,22,5.97,0,2,28,0.1882,0
11.68,9,25.04,1,3,45,0.5365,1
20.88,18,11.82,0,4,1200,0.2478,0
35.13,0,13.39,0,4,2979,0.3499,0
61.58,21,9.89,0,3,918,0.1192,0
16.9,0,54.9,0,1,698,0.2109,0
65.36,8,55.37,0,3,20,0.1304,0
99.38,14,39.81,0,1,320,0.0503,0
172.81,21,7.07,0,6,2080,0.288,0
177.65,19,14.68,0,4,2621,0.1893,0
17.9,22,68.0,0,4,2533,0.0445,0
7.76,15,13.88,0,4,2589,0.3645,0
20.64,21,6.83,1,0,1386,0.458,0
29.32,3,23.58,0,3,1308,0.155,0
105.84,9,25.83,0,4,2621,0.3965,0
69.98,9,6.38,0,3,967,0.0859,0
83.68,1,1.91,0,4,2773,0.3896,0
91.15,16,16.19,0,1,2747,0.1431,0
47.96,8,18.85,0,4,2066,0.046,0
66.73,5,11.59,1,1,275,0.2095,0
16.54,11,25.4,0,4,633,0.1083,0
9.51,7,23.83,0,1,2452,0.2264,0
23.19,13,13.21,0,5,995,0.26,0
301.17,20,18.08,0,4,2287,0.2426,0
7.55,14,12.88,0,0,93,0.1369,0
178.62,0,27.09,0,4,1809,0.026,0
175.09,3,33.5,0,5,400,0.0369,0
22.63,8,22.26,0,6,1660,0.1999,0
22.29,21,10.92,0,2,818,0.0759,0
69.05,23,-999.0,0,4,2505,0.1946,0
27.64,10,48.82,0,1,787,0.1585,0
9.97,14,17.31,0,1,2152,0.0883,0
12.49,1,8.18,0,2,1838,0.1358,0
73.9,23,55.84,0,5,1415,0.2532,0
58.94,7,8.57,0,8,907,0.2975,0
115.55,0,19.16,0,3,975,0.121,0
14.24,13,41.28,0,4,2795,0.17,0
236.28,2,34.18,0,2,2928,0.0621,0
36.5,4,12.72,0,1,2349,0.1452,0
75.08,15,3.17,0,4,664,0.0749,0
22.06,18,11.72,1,2,1192,0.2047,0
9.64,6,39.76,0,4,703,0.1824,0
129.31,18,4.89,0,3,1809,0.0559,0
14.5,5,6.71,0,0,2774,0.0427,0
232.66,11,11.76,0,3,2849,0.1869,0
39.36,17,69.15,0,1,1798,0.3059,0
7.28,8,11.58,0,3,2647,0.1182,0
50.36,20,16.82,0,3,361,0.1112,0
60.7,6,16.14,0,3,1823,0.1172,0
70.99,9,6.47,0,2,1008,0.14,0
28.41,19,10.27,0,2,1641,0.0279,0
123.3,9,2.34,0,1,2423,0.0916,0
43.99,20,15.32,0,1,750,0.0755,0
64.6,3,16.69,0,4,2237,0.0831,0
20.23,23,45.71,0,7,1566,0.0934,0
16.24,4,13.02,0,5,1983,0.4412,0
11.51,20,-999.0,0,4,2241,0.1099,0
91.1,1,10.93,0,6,1637,0.2984,0
49.76,5,1.06,0,5,2765,0.105,0
23.93,12,8.39,0,3,260,0.375,0
34.7,10,20.02,0,2,2575,0.3519,0
37.6,23,-999.0,0,0,2444,0.2258,0
31.71,6,33.24,0,3,2240,0.2632,0
431.7,17,18.64,0,5,2797,0.2996,0
50.36,8,6.83,1,2,1837,0.3836,0
224.9,14,7.94,0,3,2882,0.1036,0
27.23,20,18.9,0,5,1847,0.1127,0
26.49,20,65.33,0,1,1503,0.2499,0
21.21,1,-999.0,0,4,733,0.0371,0
153.96,19,32.37,0,7,2038,0.1147,0
99.79,15,12.87,0,8,1173,0.1526,0
19.16,3,5.46,0,4,2793,0.2412,0
16.01,10,6.37,0,1,2924,0.1788,0
47.0,23,17.63,0,2,2054,0.2879,0
561.57,10,6.42,0,2,2964,0.1331,0
63.81,13,68.45,0,3,576,0.1762,0
29.63,14,21.56,0,2,2928,0.0843,0
110.7,9,9.71,0,2,1942,0.282,0
57.46,3,33.02,0,4,737,0.1009,0
146.41,14,46.68,0,4,865,0.1011,0
46.59,11,31.85,0,1,483,0.3632,0
30.68,1,8.71,0,2,2581,0.4316,0
90.0,0,8.65,0,2,1025,0.2914,0
35.63,13,46.65,0,6,1536,0.1549,0
17.56,10,29.06,0,2,2295,0.2385,0
106.6,10,2.46,0,2,2062,0.1338,0
24.14,14,14.23,1,3,1809,0.1932,0
116.71,7,0.74,0,0,728,0.2265,0
49.17,21,27.38,0,1,2827,0.2716,0
6.17,1,10.81,0,1,1372,0.1464,0
18.86,12,4.89,0,0,2371,0.1332,0
23.33,11,15.24,0,4,518,0.0273,0
26.03,2,15.23,0,2,689,0.1529,0
121.17,4,99.43,0,1,758,0.1376,1
87.47,17,25.39,0,2,192,0.1323,0
179.46,6,15.26,0,1,1784,0.2638,0
16.55,11,7.51,0,4,375,0.1756,0
34.53,23,6.02,0,1,1167,0.0504,0
23.44,17,1.72,0,5,2011,0.0798,0
18.41,20,6.64,0,3,1342,0.2121,0
39.63,6,6.78,0,8,2819,0.2364,0
116.82,0,19.33,0,3,1003,0.0998,0
10.49,15,22.55,0,2,1140,0.1236,0
43.11,1,38.8,1,4,2370,0.1658,0
14.54,13,14.88,0,2,2956,0.309,0
253.56,2,32.36,0,2,1811,0.3392,0
10.19,3,10.02,0,1,156,0.0947,0
60.24,9,2.71,0,2,942,0.5639,0
38.13,4,3.12,1,2,1045,0.0719,0
108.87,17,30.8,0,3,1914,0.2366,0
8.26,21,34.89,0,3,1403,0.3022,0
47.24,12,-999.0,0,3,1105,0.2016,0
9.94,7,34.82,0,3,1060,0.1812,0
11.35,11,19.33,0,2,617,0.1473,0
154.75,6,14.53,0,3,1240,0.3078,0
83.24,0,2.85,0,3,2965,0.285,0
101.22,14,5.78,0,4,582,0.1494,0
102.77,5,-999.0,0,5,360,0.1701,0
56.51,4,18.67,1,1,1133,0.107,0
2.63,8,-999.0,0,3,2866,0.3897,0
516.11,2,24.9,0,3,2974,0.142,0
15.6,5,25.98,0,2,1299,0.0221,0
10.75,14,11.92,0,0,2005,0.2401,0
197.18,1,2.49,0,4,1881,0.3446,0
39.08,3,-999.0,0,1,2184,0.1011,0
60.42,15,26.09,0,2,70,0.0094,0
44.5,10,18.77,0,5,27,0.2307,0
158.09,13,-999.0,0,5,1307,0.3675,0
17.23,6,27.95,0,3,984,0.072,0
18.22,5,10.52,0,3,2154,0.2003,0
143.33,23,6.49,0,5,2794,0.2649,0
204.11,2,-999.0,0,3,2941,0.0616,0
29.6,22,2.71,0,1,2379,0.0656,0
85.28,13,28.8,0,4,874,0.1922,0
59.84,1,27.18,1,3,391,0.3195,0
74.31,5,31.74,0,5,1647,0.1845,0
15.04,21,50.45,0,5,2174,0.0349,0
74.3,4,25.75,0,0,289,0.3498,0
57.72,17,11.26,0,3,1276,0.1305,0
203.96,18,32.47,0,1,1232,0.2293,0
65.96,10,29.15,0,6,151,0.2079,0
6.17,20,3.22,0,6,1621,0.4636,0
14.05,13,10.14,0,2,858,0.2249,0
133.2,23,12.68,0,5,640,0.1051,0
66.49,23,3.48,0,3,1122,0.1439,0
195.25,6,24.59,0,4,248,0.1532,0
29.25,1,38.17,0,3,521,0.1172,0
28.55,17,33.03,0,2,2933,0.3716,0
65.26,9,16.98,0,3,2844,0.015,0
67.14,5,-999.0,0,1,1724,0.1355,0
113.12,6,34.13,0,8,2776,0.1329,0
89.96,1,33.08,0,4,1659,0.3983,0
78.31,4,15.0,0,4,2123,0.0132,0
43.62,5,18.33,0,2,955,0.2485,0
4.69,6,0.74,0,3,210,0.0067,0
14.51,1,25.21,0,6,1470,0.0314,0
124.53,16,-999.0,0,1,2310,0.0857,0
56.49,10,12.91,0,3,818,0.3473,0
13.01,5,55.09,0,5,2086,0.0851,0
209.2,22,19.92,0,1,1175,0.1568,0
10.76,9,-999.0,1,5,2410,0.1086,0
148.22,16,38.37,0,4,2099,0.1661,0
375.85,0,1.3,0,0,257,0.2206,0
50.91,8,7.55,0,5,1932,0.0369,0
19.51,5,10.45,0,3,2175,0.3026,0
31.25,21,44.82,0,3,191,0.5396,0
57.1,9,47.23,0,3,386,0.551,0
50.77,23,12.48,0,3,2919,0.585,0
59.59,11,21.93,0,2,472,0.1622,0
36.14,11,60.16,0,6,1388,0.5168,0
12.59,20,15.96,0,5,1305,0.2334,0
31.71,15,6.03,0,3,1853,0.267,0
7.69,14,17.94,0,3,1191,0.4392,0
32.24,12,2.78,0,0,329,0.2147,0
54.61,21,5.7,0,7,2009,0.387,0
27.59,9,-999.0,0,2,2825,0.0263,0
35.18,1,2.65,0,2,1415,0.3723,0
34.12,10,23.89,0,4,2441,0.0806,0
126.68,11,30.67,0,5,2706,0.1279,0
36.28,6,0.08,1,6,30,0.3674,0
211.62,7,8.1,0,5,2113,0.0969,0
102.68,1,24.85,0,2,949,0.1462,0
6.85,23,2.67,0,1,541,0.4095,0
137.3,11,44.79,0,2,74,0.4176,0
45.54,11,74.11,0,5,1508,0.2432,0
40.38,22,20.07,1,3,1250,0.274,0
27.78,12,25.52,0,6,1071,0.1966,0
6.96,17,23.07,0,2,2488,0.1907,0
123.16,4,47.34,0,1,1799,0.3497,0
97.77,7,14.08,0,2,1664,0.1293,0
73.7,23,30.21,0,1,2624,0.1296,0
79.66,23,71.15,0,1,2087,0.2732,0
57.87,23,14.91,0,3,1738,0.2705,0
114.97,20,14.68,0,2,2396,0.1319,0
3.04,5,33.27,0,2,170,0.1905,0
81.16,8,15.47,0,2,382,0.0819,0
141.63,2,31.83,0,5,2894,0.056,0
117.44,21,32.73,0,1,1103,0.1307,0
45.56,20,26.07,0,5,1869,0.126,0
12.02,6,10.65,0,2,2859,0.2655,0
151.52,14,51.66,0,1,338,0.2588,0
31.62,9,11.69,0,5,574,0.1244,0
165.98,20,26.7,0,1,2453,0.3725,0
117.77,16,13.85,0,3,2480,0.0697,0
34.29,18,17.55,0,3,1406,0.0688,0
19.46,7,38.16,0,1,65,0.0844,0
34.13,8,12.28,0,4,626,0.3774,0
11.67,2,16.06,0,5,743,0.1479,0
54.11,21,27.09,0,3,2512,0.0536,0
151.57,0,21.0,1,5,1548,0.0759,1
17.73,12,7.6,0,4,2185,0.15,0
805.42,22,14.06,1,0,1969,0.1444,0
38.49,16,3.08,0,2,2760,0.2634,0
29.21,5,11.0,0,1,1688,0.2209,0
289.35,9,22.79,0,3,2723,0.1146,0
28.37,22,29.94,0,2,1272,0.2635,0
20.98,0,41.41,0,5,601,0.1894,0
242.88,20,8.25,0,2,1460,0.2404,0
8.29,7,64.91,0,4,1184,0.1671,0
4.94,0,39.38,0,2,2947,0.049,0
29.34,2,10.58,0,4,1213,0.0333,0
110.17,7,12.95,0,2,746,0.2481,0
171.37,14,12.01,0,7,84,0.0411,0
76.26,19,18.77,0,2,1533,0.6085,0
52.35,7,18.67,0,0,1353,0.4796,0
16.82,11,7.69,0,1,1825,0.2158,0
28.46,9,3.03,0,1,2650,0.5184,0
46.69,1,29.36,0,1,2626,0.129,0
27.03,9,-999.0,0,4,768,0.1831,0
60.17,14,27.15,0,1,1664,0.0597,0
192.36,18,72.19,0,4,405,0.021,0
34.6,8,17.87,0,3,1397,0.5415,0
5.25,17,11.22,0,1,2806,0.2259,0
48.48,19,34.16,0,2,820,0.0622,0
70.99,15,3.39,0,3,388,0.1624,0
44.86,14,13.29,0,2,314,0.2086,0
82.3,16,-999.0,0,4,1148,0.1344,0
69.82,3,29.32,0,3,1160,0.0793,0
43.82,16,8.24,0,5,2398,0.0751,0
123.38,23,5.5,0,1,2028,0.1778,0
39.08,7,33.48,0,3,2835,0.2204,0
118.63,17,19.65,0,7,2770,0.229,0
23.37,9,3.79,0,6,2585,0.1844,0
20.93,6,4.12,0,3,605,0.1778,0
267.11,20,23.2,0,4,2241,0.1201,0
32.73,6,10.27,0,7,2832,0.0602,0
28.5,17,10.61,0,3,1530,0.1151,0
34.0,5,-999.0,0,6,875,0.4128,0
139.46,12,11.26,0,0,1180,0.1127,0
39.95,18,49.1,0,4,796,0.4466,0
35.94,18,15.72,0,3,806,0.1934,0
19.88,22,11.64,0,4,944,0.1589,0
24.44,17,22.92,0,7,2503,0.2266,0
48.03,19,37.97,0,4,2586,0.1577,0
55.84,1,63.6,0,1,2918,0.1421,0
13.02,21,36.43,0,6,2740,0.1621,0
107.68,3,2.72,0,5,598,0.3791,1
103.86,16,18.42,0,3,2523,0.2912,0
6.97,13,5.06,0,2,69,0.0385,0
91.8,13,3.11,0,3,1045,0.2874,0
201.33,1,31.77,0,4,2949,0.1674,0
8.95,21,26.2,0,3,1919,0.0763,0
96.17,4,11.07,0,4,1939,0.1542,0
245.67,9,30.56,1,1,2322,0.0623,0
29.29,2,9.51,0,6,1685,0.0626,0
28.86,19,14.71,0,5,1516,0.3084,0
67.44,13,2.81,0,1,1550,0.0921,0
11.49,17,-999.0,0,2,542,0.0501,0
15.37,4,56.14,1,2,1317,0.1211,0
2.76,15,12.5,1,6,1644,0.1368,0
28.48,20,29.01,0,3,266,0.2137,0
63.86,6,25.66,0,3,196,0.0584,0
84.12,16,20.16,0,4,574,0.1267,0
256.58,6,3.87,0,1,920,0.3593,0
128.2,18,2.67,0,4,147,0.1253,0
68.15,13,22.04,0,2,2817,0.2641,0
14.09,4,23.51,0,4,2999,0.2971,0
10.22,22,13.37,0,3,669,0.3604,0
21.91,19,54.76,0,1,463,0.2063,0
35.85,18,23.11,0,4,1367,0.3346,0
48.42,20,2.51,0,1,1082,0.1793,0
2.48,14,41.56,0,3,385,0.2993,0
63.59,22,6.03,0,3,1067,0.2899,0
59.79,15,18.71,0,4,1312,0.0908,0
326.99,4,1.55,0,2,1504,0.1789,0
74.3,5,5.81,0,2,2059,0.4425,0
18.1,1,8.38,0,1,2225,0.0673,0
20.48,19,1.54,0,4,879,0.0551,0
13.04,16,31.52,0,3,2369,0.2127,0
66.76,11,19.92,0,4,1642,0.1941,0
117.12,4,11.09,0,2,2426,0.1701,0
456.98,10,44.63,0,6,1427,0.5885,0
14.03,14,38.86,0,2,374,0.1812,0
95.83,13,50.78,0,1,2950,0.3646,0
115.67,19,59.13,0,3,2020,0.2036,0
192.66,11,23.19,0,2,830,0.2333,0
26.78,8,24.04,0,2,1484,0.2793,0
17.01,10,27.97,0,2,1362,0.1693,0
31.05,19,74.62,0,1,513,0.1552,0
79.11,16,-999.0,0,5,936,0.4562,0
15.02,6,5.85,0,0,392,0.1122,0
27.5,7,60.15,0,2,114,0.4613,0
131.29,13,9.11,1,5,2921,0.3186,0
26.8,22,9.88,1,2,1856,0.2441,0
7.53,13,28.93,0,0,1781,0.2927,0
34.9,3,-999.0,0,5,73,0.1355,0
124.17,16,-999.0,0,3,1852,0.4272,0
57.69,19,16.06,0,2,1775,0.2276,0
21.46,21,54.01,0,7,2003,0.0458,0
19.52,14,30.03,1,4,677,0.2544,0
67.48,19,11.38,0,6,116,0.1029,0
11.62,15,24.42,1,2,946,0.2229,0
72.63,21,11.82,0,5,2035,0.3575,0
252.04,14,2.77,0,4,2627,0.3156,0
10.72,12,49.78,0,8,334,0.1263,0
27.93,14,25.7,0,3,2256,0.2312,0
40.09,20,5.01,0,5,2918,0.1311,0
27.67,12,78.59,0,1,632,0.0907,0
10.81,20,29.36,0,2,2363,0.341,0
52.1,16,41.22,0,4,2922,0.121,0
43.77,11,22.11,0,2,686,0.2126,0
49.69,7,7.63,0,3,1435,0.3592,0
50.33,15,46.58,0,3,2715,0.1214,0
290.23,6,24.67,0,6,379,0.2454,0
28.69,22,48.59,0,4,1101,0.1552,0
63.87,19,23.83,0,4,1543,0.174,0
31.98,18,12.66,0,4,2303,0.2772,0
238.29,18,23.41,0,4,1276,0.2121,0
84.96,16,8.49,1,0,231,0.3203,0
42.36,0,9.38,0,2,1110,0.3699,0
202.72,15,14.38,0,5,2456,0.2036,0
122.07,16,8.15,0,2,1728,0.2563,0
102.22,15,29.65,1,3,2919,0.1617,0
59.78,8,49.05,1,4,628,0.1557,0
13.01,13,11.02,0,4,2133,0.0529,0
63.22,22,20.24,0,4,2869,0.3014,0
53.34,19,12.22,0,5,902,0.1333,0
20.67,16,11.83,0,5,1838,0.0873,0
30.82,22,96.79,0,2,2592,0.0773,0
37.36,9,-999.0,0,0,1592,0.0413,0
19.93,10,20.01,1,5,486,0.0458,0
64.86,5,22.41,0,4,1983,0.1,0
5.09,17,21.71,0,2,423,0.0845,0
602.85,8,8.12,0,4,2969,0.1508,0
148.47,2,5.38,0,2,2912,0.2174,0
100.43,13,10.88,0,2,1281,0.0922,0
22.32,5,29.73,0,5,534,0.0412,0
56.36,11,35.58,0,3,2394,0.3685,0
114.14,9,16.09,0,5,1796,0.1755,0
141.9,6,39.35,0,5,364,0.0486,0
48.12,10,28.45,0,1,2522,0.0868,0
61.89,8,5.21,0,5,2162,0.2001,0
41.71,17,5.61,0,1,2298,0.2049,0
27.22,4,32.08,0,5,1619,0.3864,0
98.75,19,46.82,0,1,1864,0.0675,0
97.51,21,30.1,0,3,761,0.339,0
60.43,16,23.48,0,5,1815,0.3709,0
151.7,20,7.36,0,6,984,0.4529,0
45.65,22,14.56,0,0,302,0.2544,0
37.32,16,47.15,0,2,2587,0.1413,0
50.63,10,10.96,0,5,2676,0.3139,0
32.52,17,32.27,0,2,1482,0.0841,0
11.18,9,30.78,0,2,1403,0.1936,0
251.58,3,11.55,0,6,1891,0.1337,0
17.0,4,25.85,0,3,2687,0.0708,0
110.01,18,19.02,0,6,2452,0.4172,0
241.05,14,39.86,0,5,2784,0.138,0
29.28,17,11.42,0,0,1916,0.3511,0
160.33,6,80.96,1,2,1109,0.3515,0
26.15,1,27.46,0,3,826,0.4175,0
11.56,10,1.93,0,1,1029,0.109,0
96.38,7,40.59,0,2,1096,0.3681,0
137.65,17,11.99,0,1,1462,0.2122,0
21.65,15,61.1,0,1,1648,0.0292,0
38.94,19,9.59,0,2,2701,0.0235,0
137.28,5,23.86,0,3,1151,0.1223,1
13.79,10,24.92,0,2,2565,0.2855,0
218.29,17,39.63,0,5,735,0.2388,0
53.3,19,24.31,1,2,667,0.175,0
11.11,23,25.81,0,6,2920,0.1866,0
34.24,0,8.19,0,4,236,0.0864,0
36.25,1,36.53,0,1,2615,0.281,0
25.21,8,54.35,0,4,2143,0.5707,0
44.06,22,9.71,0,3,1709,0.2681,0
34.59,4,14.8,0,3,1850,0.4675,0
18.25,19,38.53,1,2,1221,0.4722,0
57.28,11,-999.0,0,3,2230,0.0377,0
216.21,14,12.05,0,4,1561,0.2439,0
151.96,17,22.09,0,3,494,0.0719,0
45.77,14,2.65,0,2,2477,0.0925,0
87.68,1,6.47,0,1,2794,0.2235,0
76.81,19,9.66,0,4,510,0.1515,0
324.63,1,12.55,0,4,2680,0.3561,0
171.16,2,24.58,0,3,2273,0.2622,0
23.71,15,36.49,0,5,1767,0.1101,0
27.14,6,10.77,0,3,1148,0.2035,0
31.72,3,76.28,0,1,1815,0.2018,0
33.69,2,39.19,0,3,2417,0.1369,0
14.34,23,32.05,0,2,1993,0.212,0
77.78,1,8.35,1,1,488,0.2415,0
19.61,4,24.05,0,1,437,0.1503,0
31.17,5,8.55,0,3,2731,0.2231,0
53.79,4,7.04,0,3,2734,0.0589,0
30.93,13,14.86,0,2,90,0.1527,0
31.82,2,9.59,0,6,429,0.1165,0
92.35,21,39.21,0,3,2099,0.0829,0
9.18,4,25.31,0,1,228,0.1694,0
55.44,18,8.08,0,4,2960,0.3266,0
38.02,16,33.49,0,2,2286,0.2173,0
98.92,16,12.29,0,1,546,0.169,0
84.25,4,44.15,1,2,818,0.3428,0
24.28,11,7.2,0,4,895,0.1048,0
32.01,5,66.87,0,5,651,0.2274,0
46.77,14,16.24,0,1,845,0.2238,0
19.2,5,51.33,0,3,1013,0.1089,0
97.22,11,7.43,0,0,1192,0.2123,0
8.68,1,17.02,0,3,364,0.1439,0
24.92,15,40.28,0,4,1641,0.145,0
47.64,12,11.63,0,4,960,0.1583,0
22.85,13,53.61,0,1,829,0.1419,0
24.6,0,29.58,0,3,596,0.0578,0
96.14,15,26.49,0,3,217,0.2114,0
108.91,18,20.28,0,0,2899,0.083,0
19.64,18,23.95,0,2,2294,0.0314,0
51.79,7,57.83,0,2,1851,0.4151,0
269.36,5,-999.0,0,3,482,0.5431,0
16.31,15,-999.0,1,2,2176,0.3524,0
72.0,22,12.95,0,5,765,0.1301,0
93.84,13,15.34,0,7,717,0.0854,0
85.74,1,60.8,1,3,1436,0.043,1
27.25,10,26.31,1,3,2287,0.1536,0
41.69,4,5.43,0,2,430,0.0875,0
47.16,12,79.0,0,2,2496,0.4134,0
115.89,19,23.9,0,4,443,0.1989,0
11.3,7,49.38,0,4,179,0.1368,0
150.8,0,92.93,0,3,440,0.1562,0
28.16,4,-999.0,0,1,2655,0.2241,0
16.84,12,9.63,0,0,1684,0.0928,0
95.55,6,10.15,0,2,2274,0.1913,0
55.5,8,14.07,0,3,583,0.0433,0
68.76,13,29.36,0,3,2064,0.4092,0
149.17,6,18.26,0,5,218,0.2095,0
18.17,13,60.6,0,3,101,0.126,0
61.52,1,-999.0,0,5,552,0.4446,0
253.39,10,12.9,0,3,2426,0.1882,0
114.57,23,31.96,0,4,1672,0.1171,0
50.25,10,18.03,0,0,2408,0.27,0
140.64,1,64.1,0,3,55,0.1268,0
71.36,22,11.88,0,6,2266,0.1803,0
98.96,20,18.48,0,4,2226,0.1637,0
92.71,11,5.24,0,0,364,0.3306,0
55.84,15,1.19,0,5,1500,0.1983,0
25.19,19,5.04,0,4,1687,0.1192,0
12.49,17,24.07,0,1,444,0.231,0
127.3,21,57.8,0,5,1573,0.1623,0
11.78,1,3.6,0,7,928,0.0707,0
28.93,8,37.47,0,3,1823,0.2773,0
33.77,14,52.82,0,5,82,0.16,0
98.95,11,5.48,0,6,2001,0.1413,0
32.89,7,7.49,0,3,2338,0.1434,0
4.6,8,23.78,0,4,1850,0.2379,0
101.43,19,1.56,0,5,1982,0.1659,0
39.61,2,3.99,0,1,1758,0.2819,0
45.83,18,29.99,0,6,1847,0.302,0
89.5,1,1.1,0,2,457,0.3552,0
37.25,14,51.81,0,3,1253,0.1365,0
24.64,23,11.67,0,3,1143,0.0223,0
29.32,23,-999.0,0,5,881,0.4468,0
57.83,5,11.53,0,3,32,0.2763,0
75.53,13,84.61,0,5,946,0.1322,0
86.27,4,1.1,0,5,1030,0.169,0
86.17,8,16.79,0,2,2240,0.1492,0
52.52,13,12.31,0,4,2949,0.4647,0
66.74,12,10.13,0,1,2062,0.0164,0
64.43,1,16.51,1,2,754,0.088,0
75.85,2,9.61,0,2,532,0.1582,0
58.44,22,6.04,0,5,1155,0.1404,0
83.71,20,5.69,1,2,526,0.2807,0
124.03,9,40.78,0,2,2311,0.0618,0
12.79,5,3.62,0,8,62,0.5304,0
131.5,5,5.67,0,3,2522,0.2322,0
83.22,6,10.92,1,3,863,0.5436,0
32.41,12,17.03,0,2,910,0.17,0
27.01,13,9.49,0,4,1114,0.5644,0
65.82,2,37.96,0,4,1746,0.1169,0
283.98,21,34.36,0,6,1241,0.2034,0
40.87,19,13.23,0,2,2689,0.281,0
22.4,3,12.53,0,2,1782,0.2321,0
46.25,6,55.48,0,3,1400,0.3334,0
78.6,3,1.46,0,2,271,0.1605,0
227.09,6,17.76,1,3,729,0.0788,0
111.04,16,5.11,0,2,2405,0.4339,0
56.98,1,10.36,0,5,106,0.2328,0
126.05,14,-999.0,1,2,2664,0.2612,0
16.53,12,25.52,1,4,1837,0.358,0
55.8,13,33.45,0,3,2827,0.0931,0
66.91,12,28.0,0,6,2358,0.0308,0
79.58,7,22.85,0,3,2137,0.1895,0
143.75,22,10.33,0,2,291,0.3025,0
25.04,14,69.51,0,0,1679,0.0553,0
150.21,10,34.18,0,3,95,0.227,0
6.76,2,17.62,1,4,2913,0.085,0
62.51,1,9.31,1,3,2467,0.0461,0
30.12,13,23.3,0,3,55,0.2617,0
7.23,22,6.24,0,3,2042,0.3871,0
5.39,12,21.63,0,4,2805,0.1532,0
74.72,7,27.27,0,1,2685,0.2777,0
39.1,4,10.0,0,4,783,0.2542,0
21.24,5,2.29,0,2,2714,0.0936,0
81.43,8,27.65,1,3,561,0.1779,0
40.45,13,14.99,0,2,717,0.1177,0
11.88,0,16.07,0,2,1311,0.6845,0
19.04,3,-999.0,0,3,1919,0.0313,0
58.96,13,30.96,0,2,1922,0.3029,0
47.01,13,85.2,0,5,304,0.0439,0
82.51,3,3.25,0,4,1623,0.3391,0
34.64,7,1.12,0,4,1418,0.1571,0
17.06,9,3.39,0,1,515,0.0596,0
98.81,21,32.72,0,2,816,0.5165,0
44.84,14,61.57,0,3,573,0.328,0
122.69,16,34.61,0,1,2124,0.2628,0
47.74,19,18.17,0,1,1285,0.1705,0
24.75,1,-999.0,0,4,1708,0.1355,0
60.35,11,19.83,1,7,1857,0.093,0
463.96,20,7.01,0,5,2035,0.2783,0
5.31,12,30.22,0,2,2421,0.1714,0
55.85,4,43.28,0,6,1821,0.15,0
30.03,10,15.03,0,2,2907,0.1664,0
55.52,12,13.46,0,4,634,0.0507,0
23.58,6,6.6,0,1,631,0.1843,0
62.34,20,3.99,1,1,551,0.1001,0
18.93,18,7.54,0,2,2935,0.1992,0
14.99,1,19.94,0,0,2598,0.3049,0
42.53,19,21.08,0,1,779,0.2888,0
28.9,23,33.39,0,4,1851,0.1044,0
10.6,12,13.41,0,3,49,0.2203,0
45.81,11,15.26,0,5,1645,0.1412,0
20.27,20,19.55,0,2,2029,0.1581,0
132.56,20,13.87,0,3,2633,0.0131,0
12.71,2,13.01,0,5,1740,0.2108,0
22.59,1,4.8,0,8,77,0.2305,0
42.57,23,1.85,0,8,290,0.1611,0
108.43,21,-999.0,0,2,1879,0.1052,0
128.45,16,8.67,0,5,2465,0.0355,0
144.61,17,2.99,0,4,2746,0.0885,0
45.11,2,23.87,0,2,63,0.189,0
22.28,12,11.82,0,3,1091,0.3476,0
11.31,20,12.4,0,1,1481,0.0409,0
124.65,7,11.62,0,1,1735,0.1798,0
77.63,19,64.87,1,0,492,0.2633,0
23.58,17,12.06,0,4,343,0.2469,0
117.85,6,47.27,0,4,108,0.4792,0
52.46,8,10.33,0,2,1291,0.1893,0
168.45,1,52.83,0,5,2471,0.0191,0
22.22,2,7.29,0,3,2924,0.1393,0
23.53,17,16.98,0,2,2412,0.4049,0
76.4,12,9.73,0,0,1096,0.1503,0
9.84,7,-999.0,0,4,519,0.0722,0
134.05,1,32.89,0,3,2679,0.2155,0
24.1,3,67.17,0,7,1452,0.365,0
118.76,14,68.55,0,2,2322,0.2502,0
190.47,18,16.16,0,4,901,0.3186,0
26.41,5,8.14,0,5,2936,0.1403,0
82.83,1,3.72,0,5,1201,0.2335,0
30.44,2,-999.0,0,2,1757,0.4403,0
40.68,22,9.19,0,1,1215,0.2237,0
37.2,9,13.36,0,2,2139,0.3782,0
68.38,3,14.73,0,4,970,0.2007,0
58.12,18,20.15,0,4,316,0.066,0
35.25,8,17.27,0,3,1451,0.1544,0
14.19,2,25.16,0,4,799,0.1758,0
89.43,8,25.9,0,8,446,0.1378,0
75.75,6,27.74,0,5,2693,0.3158,0
31.13,20,18.63,0,2,2499,0.3082,0
10.4,4,9.45,1,2,457,0.0103,0
30.82,21,8.11,1,2,1160,0.1266,0
115.59,7,23.64,0,4,384,0.3517,0
21.29,10,56.0,0,4,596,0.1462,0
31.74,6,5.03,0,0,579,0.4528,0
28.35,19,10.02,0,3,482,0.1298,0
20.14,19,20.36,0,0,2842,0.1884,0
12.27,0,16.42,0,5,996,0.1627,0
29.49,1,25.7,0,2,1210,0.2195,0
50.87,2,8.97,0,3,1918,0.1254,0
28.35,15,11.23,0,4,616,0.3103,0
63.83,10,18.93,0,3,46,0.1585,0
93.36,11,16.45,0,5,108,0.1209,0
31.82,18,-999.0,0,5,2882,0.1315,0
40.72,5,20.87,0,4,111,0.1622,0
115.49,6,12.17,0,2,463,0.1015,0
25.01,10,4.99,0,0,602,0.4192,0
22.95,19,15.96,0,6,151,0.0759,0
91.0,22,5.11,0,2,1841,0.2394,0
68.43,10,28.22,0,3,502,0.2731,0
30.86,16,19.15,0,3,643,0.1117,0
31.8,2,16.8,0,3,1704,0.066,0
51.41,8,29.54,0,1,2060,0.1626,0
54.7,18,16.54,0,1,93,0.2184,0
6.29,7,53.89,0,4,1701,0.1451,0
33.17,2,12.3,0,6,573,0.1175,0
93.26,11,76.91,0,3,2820,0.2543,0
7.16,19,10.21,0,4,1681,0.1662,0
276.41,10,12.59,0,1,829,0.0971,0
24.71,3,15.98,0,2,2825,0.0382,0
67.73,18,2.13,0,1,1108,0.4493,0
21.64,18,-999.0,0,2,799,0.0844,0
101.96,23,22.96,0,1,400,0.0587,0
60.52,23,6.92,0,4,2270,0.1048,0
145.67,0,30.8,0,3,1693,0.1151,0
54.01,13,19.78,0,3,1921,0.0629,0
27.84,12,51.65,0,4,765,0.1366,0
4.65,8,19.33,0,2,2800,0.2418,0
124.86,10,2.89,0,4,1978,0.2571,0
99.19,6,28.78,0,1,1797,0.3643,0
35.41,5,18.59,0,2,995,0.257,0
18.94,23,24.97,0,2,556,0.1428,0
34.11,20,15.55,0,5,1230,0.2811,0
146.62,6,-999.0,0,6,968,0.3891,0
118.27,15,54.33,0,0,2874,0.0212,0
36.33,10,22.01,0,4,2615,0.1927,0
30.46,21,29.92,0,4,185,0.2293,0
8.67,1,40.51,0,7,1485,0.3091,0
15.33,18,7.86,0,2,2764,0.2747,0
78.3,19,17.87,0,4,307,0.1958,0
11.28,10,14.14,0,2,255,0.2884,0
32.59,22,20.15,0,5,1863,0.0321,0
14.42,0,12.63,0,2,1326,0.125,0
58.72,13,5.53,0,0,1619,0.1465,0
29.49,19,18.23,0,2,2474,0.3121,0
41.89,1,7.23,1,1,1183,0.0445,0
66.21,21,13.53,0,4,1899,0.1191,0
71.18,0,6.02,0,3,400,0.3225,0
5.17,9,15.36,0,5,2397,0.0662,0
24.76,10,32.01,0,2,1864,0.2992,0
3.56,21,35.65,0,4,2393,0.2936,0
14.67,13,-999.0,0,2,1354,0.1048,0
34.1,5,36.17,0,1,1095,0.1277,0
31.79,15,8.35,0,2,2859,0.0388,0
67.39,20,7.47,0,2,388,0.2538,0
16.55,12,16.61,0,4,1248,0.3874,0
26.65,9,24.26,0,5,1384,0.2051,0
46.86,15,7.07,0,3,1124,0.1687,0
53.66,21,14.71,0,3,695,0.1033,0
31.42,0,9.27,0,6,189,0.3672,0
79.2,17,23.0,1,3,2056,0.1471,0
37.09,14,19.26,0,5,150,0.3099,0
84.94,1,6.94,0,2,2995,0.3168,0
24.29,9,125.69,0,4,2778,0.5073,0
175.51,13,30.5,1,1,2212,0.3383,1
73.12,0,52.44,0,2,1845,0.2918,0
13.9,21,25.33,0,4,2893,0.2536,0
19.81,14,7.61,0,5,1890,0.253,0
23.26,19,71.14,0,5,880,0.11,0
220.9,7,95.17,0,4,470,0.1484,0
18.49,11,11.53,0,2,447,0.1846,0
40.56,16,3.59,0,4,159,0.3553,0
98.7,5,38.48,0,3,627,0.3401,0
11.5,8,11.58,0,6,2289,0.2077,0
397.01,14,60.72,0,0,2072,0.2128,0
98.79,5,46.02,0,4,2765,0.2624,0
84.78,2,28.14,0,6,2106,0.0693,0
71.99,17,67.68,0,2,2342,0.1891,0
32.7,19,43.37,0,4,1312,0.3705,0
23.03,8,98.11,0,1,1362,0.2085,0
15.05,3,18.85,0,2,2798,0.0995,0
16.48,13,74.42,0,2,2048,0.0943,0
15.62,0,19.83,0,6,1330,0.218,0
146.4,9,30.73,0,1,1987,0.0491,0
229.13,17,1.13,0,0,402,0.1522,0
6.02,14,11.18,0,2,1249,0.4753,0
18.07,13,45.42,1,3,1512,0.3698,0
291.72,5,74.35,0,1,2679,0.3144,0
13.19,11,46.62,0,0,595,0.194,0
63.0,0,32.41,0,1,993,0.2113,0
104.42,16,17.39,0,2,2650,0.0273,0
20.76,4,22.69,0,3,552,0.1261,0
298.24,18,36.01,0,4,1270,0.2531,0
235.69,23,0.66,0,13,232,0.0806,0
13.67,18,20.06,0,5,2467,0.0883,0
22.36,0,1.62,0,0,2610,0.3142,0
17.83,18,11.75,1,2,675,0.4273,0
51.4,7,21.94,0,5,784,0.3843,0
70.02,13,28.4,0,4,395,0.161,0
108.74,17,10.04,0,2,1291,0.2898,0
126.56,23,23.31,1,1,365,0.0342,0
156.58,6,6.44,0,3,191,0.1626,0
27.78,13,40.12,0,1,2520,0.185,0
6.45,14,7.91,0,3,2686,0.35,0
85.05,7,17.6,0,3,700,0.263,0
43.28,9,70.48,0,1,1112,0.0866,0
16.08,0,0.92,0,4,2678,0.0949,0
10.2,22,5.69,0,3,891,0.2549,0
57.5,19,10.84,0,2,2541,0.2498,0
506.88,0,3.29,1,5,2764,0.1736,0
44.25,17,36.89,0,2,2071,0.1022,0
101.9,3,3.6,1,5,1048,0.2276,0
18.49,0,5.04,0,3,760,0.1229,0
17.3,4,61.91,0,2,1436,0.3003,0
112.73,2,24.22,0,5,1852,0.0373,0
13.85,12,27.37,0,3,152,0.2588,0
10.03,7,45.12,0,2,706,0.0811,0
28.45,11,4.63,0,5,2423,0.137,0
24.58,12,12.35,0,1,1481,0.2922,0
89.02,15,33.26,0,2,1954,0.3801,0
14.12,15,53.46,0,3,1547,0.4084,0
7.85,21,8.42,0,3,1025,0.1697,0
115.31,22,34.53,0,4,1341,0.3961,0
66.71,6,57.19,0,1,2445,0.2693,0
15.99,2,23.56,0,1,38,0.0107,0
118.46,6,38.94,0,2,387,0.2274,0
9.18,16,10.69,0,2,2577,0.2031,0
96.59,1,32.66,0,3,1077,0.3758,0
213.03,14,8.32,0,2,291,0.0512,0
7.84,17,5.78,0,5,1884,0.4597,0
26.47,4,28.94,1,2,2555,0.3222,0
20.58,22,29.11,0,3,2841,0.0261,0
43.3,13,42.76,0,5,2526,0.2633,0
119.09,6,21.41,0,0,721,0.0912,0
28.53,12,28.61,0,5,2967,0.1949,0
26.28,6,16.44,0,0,2326,0.352,0
871.35,7,4.06,0,2,2499,0.2422,0
115.83,18,4.06,0,3,1903,0.2689,0
78.4,10,23.69,0,3,2410,0.187,0
15.14,2,44.31,0,2,1741,0.1203,0
28.6,12,31.97,1,5,1025,0.3389,0
87.65,14,81.9,0,3,121,0.226,0
56.46,9,-999.0,0,0,1367,0.105,0
62.75,13,23.14,0,3,361,0.1422,0
103.88,23,38.62,0,2,1822,0.1567,0
4.71,14,14.37,0,2,394,0.4491,0
27.04,17,90.83,0,5,442,0.07,0
28.92,23,50.94,0,2,164,0.3153,0
19.44,7,15.87,0,2,2182,0.3263,0
17.64,3,16.07,0,2,2350,0.2281,0
34.26,7,15.44,0,0,1971,0.027,0
23.61,12,59.37,0,6,2726,0.2156,0
31.54,9,5.25,0,4,376,0.0577,0
13.07,6,3.14,0,4,2371,0.0684,0
112.72,22,-999.0,0,5,2521,0.0908,0
149.86,2,16.3,0,3,1891,0.2826,0
42.82,21,1.96,0,3,110,0.025,0
93.38,14,28.23,1,3,1312,0.4199,0
54.84,13,2.06,0,1,2629,0.1911,0
15.61,6,-999.0,0,2,1427,0.2536,0
96.17,16,12.98,0,4,1403,0.1056,0
74.91,2,32.39,0,2,1991,0.1443,0
71.55,8,2.98,0,0,760,0.2213,0
12.75,3,1.68,0,3,1607,0.2583,0
27.88,6,13.82,0,1,1636,0.4547,0
51.33,13,19.46,0,6,2526,0.2152,0
27.2,21,38.44,0,1,577,0.1255,0
76.91,12,3.76,0,2,1204,0.2203,0
7.64,12,24.32,0,7,2467,0.1624,0
6.39,16,20.76,0,3,2576,0.2154,0
49.82,19,39.51,0,1,1268,0.1449,0
20.61,6,7.54,0,9,2390,0.0268,0
32.23,9,9.3,1,4,2529,0.1974,0
46.12,21,0.57,0,3,579,0.1839,0
345.19,12,26.73,0,1,2127,0.1322,0
9.78,1,48.82,0,3,2731,0.123,0
139.94,5,22.45,0,2,405,0.1612,0
150.13,23,24.08,0,2,2441,0.0881,0
13.39,3,18.68,0,4,2136,0.4669,0
16.65,12,50.29,0,5,563,0.2699,0
158.79,23,-999.0,0,6,488,0.1613,0
59.57,20,66.51,0,3,2031,0.1911,0
824.22,12,30.19,0,3,1830,0.1143,0
12.96,8,11.29,0,2,472,0.0735,0
24.64,17,30.94,1,6,2988,0.1218,0
19.51,1,12.27,0,3,1143,0.2105,0
166.12,5,34.39,0,4,729,0.3228,0
40.75,12,50.73,0,5,22,0.2414,0
32.14,6,3.87,0,4,627,0.2624,0
5.3,4,25.43,0,5,591,0.2174,0
117.95,3,48.79,0,1,1379,0.155,0
17.53,18,12.91,0,4,2394,0.0965,0
106.63,15,33.55,0,1,1914,0.1415,0
57.07,9,20.29,0,6,2095,0.0712,0
23.46,19,11.87,0,1,2580,0.2073,0
20.9,4,14.92,0,0,2529,0.2133,0
71.29,5,26.35,0,6,981,0.4028,0
13.63,17,96.86,0,4,1807,0.2271,0
74.22,7,15.22,0,4,464,0.2497,0
90.95,9,52.81,0,1,2200,0.304,0
369.46,0,2.56,1,3,2456,0.145,0
18.04,18,68.21,0,6,178,0.2838,0
59.63,14,25.9,0,2,2492,0.237,0
99.54,17,21.76,0,2,2557,0.6409,0
89.38,9,23.52,0,3,2837,0.2054,0
7.33,5,13.58,0,2,1901,0.0335,0
17.98,19,8.14,0,1,1438,0.2808,0
35.16,16,14.81,0,4,936,0.1363,0
174.55,0,13.01,1,0,2668,0.0712,0
6.29,1,-999.0,1,3,1929,0.1278,0
30.44,3,8.22,0,5,2849,0.3366,0
47.79,17,20.35,0,1,463,0.2373,0
57.6,12,46.38,0,4,338,0.3245,0
62.63,1,18.4,0,5,1252,0.1342,0
60.19,12,26.21,0,7,2660,0.1958,0
57.63,19,27.99,0,5,540,0.5916,0
46.96,12,24.46,0,4,2282,0.345,0
34.03,11,5.9,0,3,1466,0.3989,0
7.9,18,35.22,0,4,452,0.3203,0
141.87,5,17.21,0,3,2895,0.5207,0
42.05,10,9.13,0,6,54,0.1965,0
9.53,7,55.12,0,1,1410,0.1255,0
13.84,5,13.08,0,7,491,0.4506,0
43.76,9,42.11,1,3,2615,0.478,0
16.33,12,11.27,0,2,509,0.1068,0
20.93,4,3.39,0,1,2686,0.1458,0
34.8,22,19.61,0,1,327,0.3268,0
54.06,23,20.28,0,1,365,0.1046,0
340.87,0,5.35,0,4,2142,0.2652,0
34.27,12,18.55,0,5,2661,0.1848,0
29.14,13,-999.0,0,0,2042,0.0288,0
30.31,15,18.26,0,1,1697,0.104,0
73.5,3,8.44,0,4,1559,0.0951,0
8.11,20,116.96,0,4,2827,0.1704,0
27.41,6,28.07,0,1,1285,0.1392,0
96.22,15,35.4,0,1,2171,0.4658,0
14.85,15,48.08,0,3,621,0.1415,0
15.69,18,24.45,0,4,1183,0.0741,0
42.58,21,8.55,0,1,567,0.3914,0
35.38,19,10.78,0,2,1347,0.173,0
38.8,2,8.62,0,1,2326,0.4916,0
58.37,13,-999.0,0,2,1630,0.0649,0
70.29,1,5.72,0,2,2569,0.121,0
22.26,7,10.02,0,5,2268,0.3694,0
42.56,8,11.21,0,3,1182,0.124,0
11.17,23,20.17,0,3,485,0.0366,0
69.49,21,6.24,0,8,524,0.0178,0
22.22,10,4.16,0,5,1807,0.1284,0
102.1,5,2.88,0,3,2381,0.0408,0
60.95,2,16.34,0,3,1173,0.0585,0
62.45,13,59.76,0,4,2627,0.2338,0
53.67,20,19.01,0,4,312,0.3714,0
15.92,16,8.19,0,2,2214,0.0559,0
40.54,18,3.96,0,1,137,0.126,0
65.96,5,8.57,0,1,638,0.1618,0
12.45,2,16.45,1,4,1198,0.2501,0
138.58,15,28.48,0,2,1054,0.2426,0
84.34,6,22.29,1,3,2152,0.4458,0
129.77,20,11.55,0,4,2440,0.1126,0
5.13,17,20.37,0,0,2914,0.0674,0
34.37,16,28.41,1,6,84,0.0703,0
13.6,17,4.37,0,2,1810,0.1285,0
41.47,5,34.46,0,3,2354,0.199,0
176.25,15,38.81,0,2,387,0.0898,0
99.8,3,7.42,0,2,573,0.0538,0
103.36,5,15.5,1,4,2869,0.0833,0
189.91,19,2.31,0,2,106,0.185,0
41.16,23,11.64,0,2,2146,0.2393,0
30.43,6,18.36,0,4,1031,0.4254,0
121.61,14,27.24,0,1,2141,0.0741,0
77.6,15,1.18,0,2,655,0.1817,0
52.11,18,7.86,0,5,444,0.2475,0
49.54,8,16.99,0,2,925,0.205,0
61.17,14,9.0,1,1,1272,0.0513,0
6.74,13,9.49,0,3,1401,0.1338,0
18.22,22,9.31,0,6,2815,0.0972,0
42.91,18,-999.0,0,5,771,0.0956,0
33.62,13,1.6,0,4,749,0.1468,0
40.74,10,32.83,0,0,537,0.4963,0
12.18,15,-999.0,0,2,874,0.4642,0
36.83,14,27.07,0,3,981,0.2398,0
7.78,10,19.51,0,2,570,0.294,0
21.43,21,4.17,0,3,1366,0.3482,0
11.78,8,34.39,1,1,1195,0.0606,0
34.25,1,29.47,0,3,1684,0.0949,1
49.23,20,-999.0,0,3,1100,0.1544,0
22.06,14,28.88,0,3,819,0.0997,0
85.97,15,11.26,0,5,67,0.0676,0
110.19,20,19.85,0,5,1477,0.2745,0
87.77,8,27.22,0,2,1738,0.1296,0
66.52,20,36.81,0,7,871,0.2793,0
56.25,1,52.39,0,2,715,0.0974,0
24.74,8,-999.0,1,3,859,0.4743,0
40.18,4,18.69,0,2,2828,0.1234,0
15.26,19,6.53,0,1,2237,0.1045,0
79.76,16,19.25,0,0,819,0.2082,0
20.83,8,9.44,0,0,896,0.2894,0
29.07,12,42.42,0,2,510,0.2259,0
168.72,6,43.4,0,0,986,0.0537,0
63.72,22,3.4,0,2,2710,0.2261,0
48.91,23,56.12,0,2,637,0.0729,0
20.78,4,34.06,0,3,1869,0.0588,0
49.88,6,25.75,0,1,425,0.1509,1
98.55,11,1.3,0,1,767,0.1846,0
7.44,9,33.28,0,4,50,0.2096,0
67.52,3,20.63,0,4,1745,0.3111,0
14.15,9,21.52,0,2,2573,0.1098,0
19.2,22,6.09,0,3,1459,0.2464,0
45.46,16,23.22,0,4,2766,0.1539,0
89.27,5,10.21,0,4,2478,0.271,0
44.23,9,25.31,0,2,2068,0.2635,0
52.33,5,34.87,0,5,1902,0.2233,0
27.44,12,19.87,0,2,2284,0.0263,0
51.8,5,21.83,0,1,1973,0.4368,0
78.56,8,-999.0,0,5,1738,0.1232,0
32.55,3,-999.0,0,4,713,0.1845,0
17.93,22,19.77,0,3,2412,0.0727,0
5.19,21,16.63,0,6,958,0.2321,0
37.03,14,30.71,0,3,2833,0.2426,0
44.92,10,11.11,1,1,2193,0.147,0
42.9,5,19.96,0,5,2626,0.2846,0
23.34,16,12.14,0,3,861,0.1338,0
213.07,11,30.96,0,5,1831,0.2964,0
34.01,14,12.72,0,1,1012,0.1766,0
44.61,3,24.51,0,4,205,0.0227,0
35.38,13,22.28,0,2,288,0.1164,0
5.56,17,7.5,0,1,1868,0.0864,0
40.8,17,5.01,0,4,1193,0.1705,0
25.89,14,-999.0,0,4,569,0.1659,0
82.9,10,15.87,0,2,1470,0.1182,0
61.48,1,56.51,0,6,2544,0.2203,0
16.35,7,53.31,1,5,2215,0.112,0
55.21,23,14.77,0,2,1731,0.2621,0
31.21,4,6.88,0,4,2231,0.1715,0
3.58,11,-999.0,0,5,1517,0.109,0
333.86,11,7.63,0,2,1920,0.1243,0
12.05,6,12.17,0,5,2937,0.1669,0
86.26,20,-999.0,0,0,2383,0.1107,0
142.45,16,4.05,0,2,516,0.273,0
12.28,17,14.69,0,1,1593,0.1347,0
45.37,19,21.89,1,4,46,0.1712,0
25.61,11,34.55,0,3,175,0.3063,0
302.04,6,13.9,1,3,864,0.0862,0
22.69,20,26.52,0,2,1463,0.0147,0
64.73,19,15.12,0,2,1668,0.1482,0
378.42,10,8.83,0,3,2571,0.1148,0
121.95,19,23.27,0,3,1518,0.5099,0
10.22,10,-999.0,0,1,1895,0.3217,0
334.9,6,4.56,0,3,2994,0.1506,0
58.09,10,24.92,0,4,2155,0.0172,0
4.6,10,17.4,0,2,933,0.0393,0
11.52,19,34.08,0,3,468,0.5847,0
35.38,17,35.48,0,3,580,0.2395,0
105.94,22,96.2,0,2,119,0.0197,0
42.0,17,15.79,0,2,2386,0.1411,0
3.01,20,-999.0,1,5,1875,0.1361,0
106.42,6,34.45,0,2,2935,0.0246,0
12.63,7,8.02,0,1,703,0.2924,0
48.87,21,9.13,0,6,2278,0.0993,0
254.53,3,31.45,0,3,2732,0.4077,0
17.34,6,26.91,0,2,830,0.1267,0
49.07,8,29.6,0,2,1341,0.1595,0
23.13,9,53.49,0,4,1234,0.3622,0
20.65,12,48.5,0,3,1601,0.335,0
697.07,4,-999.0,0,5,943,0.1796,0
24.86,1,4.19,0,5,175,0.1546,0
166.01,8,41.36,0,4,2677,0.1522,0
40.18,17,15.85,0,3,2692,0.1939,0
144.16,13,21.98,0,4,1351,0.0406,0
68.95,23,62.28,0,5,2527,0.1529,0
15.4,10,42.09,1,7,1391,0.2925,0
16.65,23,48.47,0,3,2339,0.2336,0
19.78,11,30.49,1,4,721,0.2367,0
49.84,2,30.92,0,3,567,0.4391,0
5.91,12,28.39,0,6,2844,0.1249,0
42.96,6,18.46,0,2,2352,0.0807,0
29.74,10,96.35,1,2,2407,0.5527,0
136.2,21,34.71,0,2,2056,0.0774,0
45.69,17,21.76,1,4,2429,0.2279,0
109.92,11,56.64,0,4,2150,0.5098,0
116.55,10,12.0,0,3,229,0.359,0
14.83,13,3.47,0,3,675,0.1001,0
48.26,11,88.61,0,5,227,0.4404,0
140.25,14,11.71,0,7,937,0.1313,0
144.75,10,28.11,0,4,1788,0.1436,0
6.67,18,31.83,0,5,1154,0.3226,0
53.32,4,11.85,0,2,1843,0.1247,0
68.94,5,19.18,0,3,1585,0.5309,0
51.63,15,26.66,0,3,842,0.1053,0
188.95,4,44.99,0,1,1433,0.1965,0
203.08,19,6.7,0,3,2086,0.0937,0
7.33,16,13.94,0,6,2390,0.0714,0
110.53,0,8.44,0,1,1676,0.2926,0
85.56,9,6.16,0,1,104,0.57,0
19.56,5,28.75,0,5,212,0.0853,0
39.36,9,41.08,1,6,2692,0.2154,0
6.51,9,4.18,0,5,1349,0.218,0
33.78,12,10.44,0,4,553,0.3927,0
122.39,23,2.75,0,3,2093,0.1963,0
217.63,22,7.57,0,2,515,0.139,0
36.89,20,10.76,0,4,2528,0.0846,0
53.71,22,34.1,0,7,531,0.3397,0
11.08,6,36.44,0,3,2730,0.3136,0
20.03,23,2.57,0,4,1050,0.0504,0
31.5,8,15.16,0,4,1405,0.282,0
24.24,2,9.43,0,3,2155,0.1169,0
56.52,2,10.83,0,1,2244,0.3628,0
94.28,14,28.91,0,5,1552,0.1198,0
51.29,5,51.22,0,2,2414,0.0933,0
70.81,13,13.46,0,3,246,0.3815,0
21.64,23,14.31,0,3,792,0.0239,0
23.31,12,1.91,0,3,1236,0.2046,0
30.01,19,8.31,0,1,2787,0.0931,0
33.46,10,7.76,0,2,900,0.1119,0
25.93,0,4.07,0,3,2745,0.1685,0
64.78,13,95.43,0,0,2255,0.2705,0
43.64,19,82.41,0,5,265,0.1026,0
12.96,7,6.5,0,2,2312,0.0418,0
111.08,14,4.9,0,2,156,0.221,0
40.92,2,51.99,0,6,340,0.3103,0
26.37,4,23.92,0,2,1437,0.5582,0
24.98,16,-999.0,0,0,1485,0.1935,0
57.19,0,54.65,0,2,1726,0.0294,0
109.75,3,39.41,0,4,1724,0.0199,0
1.99,2,17.4,0,3,1675,0.1334,0
33.57,8,41.04,0,5,78,0.048,0
79.21,22,44.02,1,2,2793,0.2167,0
125.39,11,15.11,0,2,1114,0.22,0
15.4,12,3.87,0,3,93,0.2542,0
35.23,20,16.87,0,2,2125,0.1156,0
74.68,9,6.94,0,6,2640,0.1455,0
63.72,11,16.63,0,3,84,0.0553,0
64.86,1,12.11,0,4,1202,0.2072,0
30.09,1,22.0,0,7,2864,0.3071,0
84.95,14,48.14,0,3,850,0.0869,0
50.36,5,23.13,0,3,1686,0.2114,0
34.36,5,12.01,0,1,2837,0.0928,0
146.41,20,38.68,0,3,1992,0.3235,0
53.78,23,15.68,0,4,1033,0.4296,0
13.08,12,15.61,0,7,889,0.0532,0
274.92,5,6.53,0,6,1125,0.1477,0
45.64,14,7.83,0,2,1055,0.1037,0
63.18,17,9.66,0,2,1167,0.0667,0
6.06,20,22.71,0,1,2341,0.2279,0
38.33,8,39.7,0,3,358,0.38,1
52.52,21,24.06,0,0,2390,0.3288,0
3.52,6,13.18,0,6,2659,0.529,0
130.13,3,7.64,0,4,2674,0.2199,0
46.89,13,6.3,0,4,194,0.0879,0
22.04,2,2.84,0,1,2639,0.1004,0
41.3,13,-999.0,0,1,768,0.1249,0
50.63,1,22.84,0,2,650,0.2107,0
72.21,9,29.93,0,4,522,0.2319,0
102.9,1,2.1,0,4,38,0.228,0
51.9,4,18.12,0,3,110,0.2458,0
80.21,13,48.76,0,2,2516,0.0574,0
16.62,22,6.91,0,2,1170,0.0676,0
5.71,14,35.2,0,0,2648,0.1795,0
681.92,17,52.4,0,4,1458,0.3624,0
33.72,3,23.89,0,4,119,0.0952,0
11.9,14,58.21,0,1,413,0.7705,0
25.15,16,38.27,0,4,481,0.2242,0
38.12,2,24.66,0,5,127,0.2161,0
14.18,9,11.44,0,4,2457,0.3175,0
14.92,22,9.62,0,2,2290,0.2534,0
83.83,1,27.44,0,1,1102,0.3832,0
34.31,1,10.38,0,2,603,0.2972,0
194.05,23,23.27,0,2,37,0.13,0
188.91,13,18.86,0,4,2369,0.1145,0
17.2,17,7.29,0,1,2230,0.3182,0
9.06,16,13.31,0,5,1511,0.1862,0
19.1,20,12.54,1,6,2446,0.1914,0
302.56,11,8.35,0,1,2526,0.1596,0
128.21,15,34.38,0,2,2479,0.1384,0
175.62,5,36.16,0,2,1718,0.149,0
46.66,18,20.76,0,4,1792,0.2787,0
48.67,4,8.1,1,3,648,0.1781,0
55.71,20,37.0,0,4,1830,0.3721,0
34.13,1,7.11,0,4,2550,0.0655,0
66.97,23,3.14,0,6,2144,0.3594,0
23.89,13,4.01,0,3,2950,0.3469,0
117.24,13,0.99,0,4,1212,0.1987,0
250.32,9,6.89,0,3,2506,0.174,0
20.64,20,10.09,0,5,2529,0.3339,0
10.24,23,0.6,0,1,2608,0.0599,0
235.84,15,20.04,0,3,2496,0.1958,0
11.52,12,55.6,0,2,2092,0.065,0
28.88,16,41.55,0,4,2900,0.1852,0
50.37,14,-999.0,0,4,2515,0.2667,0
52.96,16,9.71,0,1,1253,0.0255,0
53.9,11,-999.0,0,2,2591,0.1001,0
135.84,5,2.91,0,4,735,0.5591,0
16.31,12,77.17,0,3,522,0.2148,0
7.29,0,26.14,0,2,972,0.2454,0
98.96,22,-999.0,0,0,2022,0.1931,0
25.25,3,8.51,0,2,2633,0.2822,0
28.33,5,65.36,0,1,2806,0.2084,0
59.7,3,26.32,0,0,487,0.0745,0
42.95,0,67.68,0,1,1736,0.1246,0
18.63,14,2.62,0,1,243,0.2637,0
35.62,20,13.03,0,3,1095,0.0866,0
53.08,16,16.78,0,3,1708,0.1476,0
25.48,6,36.04,0,4,1095,0.1396,0
32.85,6,24.24,0,2,987,0.0614,0
15.35,20,25.52,0,3,2484,0.1442,0
74.45,16,64.3,0,4,1435,0.2253,0
49.45,0,48.42,0,3,314,0.2804,0
64.01,2,25.71,0,2,507,0.1563,0
54.78,19,16.1,0,6,2676,0.2523,0
21.04,12,6.4,0,4,2779,0.3683,0
55.34,6,44.96,0,3,533,0.1316,0
41.06,9,30.82,0,4,1641,0.0156,0
217.54,2,4.42,0,1,2081,0.1842,0
94.82,11,8.49,0,1,1916,0.2894,0
93.91,13,12.1,0,2,2619,0.0655,0
181.85,10,75.2,0,3,1081,0.0692,0
30.11,17,0.68,0,5,1186,0.2592,0
20.18,7,51.03,1,5,1638,0.2731,0
13.15,9,26.15,0,2,2915,0.2289,0
79.93,11,41.79,0,5,624,0.1901,0
11.38,23,17.41,0,1,2492,0.1422,0
555.99,20,12.78,0,5,2229,0.0995,0
25.37,14,6.9,0,2,1977,0.16,0
46.38,10,27.9,0,3,1448,0.1622,0
60.37,15,49.04,0,3,825,0.4352,0
47.59,13,23.68,0,0,2788,0.253,0
14.33,15,12.39,0,1,2855,0.3054,0
60.65,19,1.83,0,0,2582,0.0072,0
19.42,9,51.05,0,3,1515,0.1685,0
51.94,4,17.97,0,2,2119,0.2059,0
150.27,20,6.0,0,0,2717,0.1497,0
161.45,9,7.88,0,2,1195,0.0825,0
43.3,8,21.95,0,4,1714,0.1141,0
66.77,22,18.24,0,3,1684,0.113,0
58.84,5,9.89,0,4,2613,0.1654,0
36.67,16,11.3,0,2,2188,0.0151,0
1.14,21,12.54,0,3,1746,0.1141,0
19.08,8,19.03,0,2,1531,0.2501,0
41.98,23,13.29,0,2,503,0.3851,0
20.91,23,9.39,0,3,1458,0.2695,0
154.03,22,9.05,0,2,1926,0.2342,0
62.25,0,11.43,0,3,1149,0.1387,0
90.96,2,22.98,0,1,427,0.2203,1
78.65,3,22.17,0,4,696,0.1077,0
28.49,0,17.33,0,2,252,0.2359,0
13.95,22,32.36,1,3,2014,0.2947,0
17.51,15,4.6,0,2,2544,0.1069,0
128.97,12,4.18,0,1,1828,0.1403,0
67.56,0,19.44,0,6,1915,0.6298,0
65.79,20,21.5,0,3,2750,0.2152,0
5.72,22,11.32,0,5,82,0.2309,0
6.24,3,12.61,0,5,2584,0.4835,0
71.46,20,10.35,0,3,1856,0.266,0
72.95,20,19.81,0,3,1821,0.1223,0
1306.21,16,12.81,0,3,1714,0.3227,0
78.9,11,57.64,1,4,521,0.1534,0
16.77,1,42.37,0,6,2034,0.0353,0
272.05,16,3.3,0,4,2168,0.6013,0
165.58,0,6.31,0,5,2715,0.2635,0
59.7,17,5.13,1,1,793,0.187,0
37.61,6,18.3,0,2,2812,0.3311,0
37.71,3,1.43,0,2,967,0.0448,0
30.23,11,12.35,0,2,1532,0.0406,0
45.51,0,19.37,0,1,2509,0.197,0
16.75,0,5.19,0,4,1894,0.0243,0
14.48,5,19.75,0,3,2139,0.5304,0
8.62,15,28.97,0,2,2737,0.2357,0
58.67,18,39.04,1,2,2702,0.1012,0
161.26,18,-999.0,0,1,1699,0.1822,0
9.62,11,47.48,1,3,2060,0.4226,0
185.6,9,18.61,0,4,2570,0.149,0
79.23,10,38.35,0,5,1421,0.2335,0
17.42,1,12.2,0,4,2365,0.1595,0
39.52,9,31.73,0,2,1901,0.1238,0
17.66,18,22.75,0,3,2398,0.1705,0
216.88,18,29.95,0,3,1725,0.5525,0
19.42,11,22.31,0,3,2518,0.1925,0
65.13,14,29.55,0,3,1108,0.0963,0
32.68,19,13.08,1,2,1235,0.2541,0
6.01,17,16.03,0,0,2480,0.1113,0
78.46,14,26.15,0,2,1126,0.2189,0
23.69,9,19.7,0,3,1301,0.1488,0
10.56,9,49.53,0,1,779,0.0702,0
71.99,6,56.59,0,3,46,0.282,0
36.43,14,8.13,0,2,916,0.2214,0
48.75,1,6.71,0,3,1882,0.0418,0
24.98,10,3.83,0,2,2841,0.1747,0
122.03,3,10.98,0,5,886,0.2991,0
111.7,21,30.76,0,5,437,0.2034,0
61.27,2,4.6,0,4,227,0.3433,0
49.62,2,26.69,0,4,2533,0.1829,0
25.75,18,6.75,0,1,1897,0.1881,0
84.7,5,28.9,1,1,810,0.132,0
18.08,17,11.66,0,3,2643,0.3149,0
107.18,16,26.98,0,3,2573,0.1852,0
35.11,19,28.44,0,3,1147,0.3354,0
7.06,23,12.75,0,4,1267,0.3546,0
26.63,0,14.63,0,4,1739,0.048,0
107.55,1,2.84,0,2,2249,0.1391,0
158.91,3,15.34,0,3,401,0.3389,0
5.88,23,25.65,0,1,2320,0.1898,0
50.2,12,18.79,0,1,1285,0.1794,0
66.5,18,17.45,0,4,996,0.2215,0
115.75,20,11.29,0,1,1509,0.1056,0
11.08,20,4.69,0,2,2683,0.1126,0
47.95,23,5.85,0,0,441,0.1245,0
16.37,12,5.12,0,2,2990,0.4171,0
7.18,12,10.18,0,3,172,0.0659,0
22.12,6,3.03,0,2,193,0.0992,0
279.81,9,4.8,0,1,2615,0.1706,0
142.03,21,3.96,0,3,317,0.2902,0
85.04,10,54.54,0,4,1930,0.2552,0
48.04,20,16.69,0,6,2873,0.0641,0
25.38,19,16.82,0,2,2554,0.1667,0
717.32,13,-999.0,0,7,495,0.3493,0
9.34,5,16.66,0,2,1302,0.1566,0
48.26,0,28.35,0,1,630,0.1148,0
99.28,12,19.39,0,1,2458,0.2379,0
10.11,10,12.14,0,5,1689,0.138,0
107.41,23,7.11,0,2,2336,0.6105,0
100.6,10,37.96,0,2,2116,0.0686,0
139.51,9,8.58,0,0,2170,0.4313,0
181.93,12,10.3,0,2,1230,0.204,0
14.36,18,37.57,0,2,579,0.2504,0
34.23,15,37.02,0,1,2599,0.1628,0
27.35,11,41.83,0,1,812,0.0885,0
84.61,21,13.26,0,4,982,0.4313,0
144.85,22,5.35,0,3,2415,0.1053,0
4.88,6,38.44,0,2,2835,0.1739,0
42.99,4,17.85,0,9,663,0.177,0
152.28,4,7.36,0,2,96,0.0805,0
66.2,2,18.58,0,2,502,0.3862,0
36.93,7,22.67,0,3,259,0.1497,0
34.61,21,7.26,0,0,87,0.2238,0
153.55,4,14.56,0,4,1960,0.1981,0
318.61,1,36.16,0,3,1500,0.4162,0
17.23,18,23.66,0,2,2938,0.2405,0
81.02,4,24.74,1,2,1155,0.2002,0
11.64,21,64.72,0,3,1327,0.1201,0
75.42,16,1.21,0,1,2783,0.1749,0
32.6,18,4.29,0,4,2336,0.2155,0
196.64,20,32.24,0,4,2692,0.1375,0
153.53,15,36.71,0,5,761,0.5804,1
39.29,14,4.72,0,2,645,0.2117,0
9.57,17,7.66,0,3,1174,0.0362,0
8.98,7,41.17,1,0,2785,0.4315,0
28.41,15,11.41,0,4,89,0.0336,0
75.13,5,9.66,1,5,2657,0.1528,0
17.53,2,6.81,0,4,1587,0.4601,0
41.83,10,2.67,0,1,839,0.2574,0
113.75,8,-999.0,0,4,2698,0.2542,0
57.12,13,15.2,0,4,2991,0.0475,0
45.51,18,14.17,0,4,1333,0.258,0
35.72,8,34.71,0,1,2105,0.1395,0
21.24,8,46.75,0,5,27,0.4151,0
10.71,14,21.57,0,3,263,0.2604,0
87.26,20,49.2,0,4,2241,0.1353,0
7.09,8,22.55,0,5,414,0.1936,0
30.2,10,22.98,0,3,1048,0.1255,0
102.64,18,13.66,1,6,529,0.0914,0
11.28,19,12.52,0,6,2556,0.3194,0
79.97,17,9.27,0,2,2634,0.1521,0
44.57,20,-999.0,0,5,203,0.2081,0
66.48,3,24.17,0,2,394,0.2596,0
26.43,15,75.27,0,3,1928,0.3097,0
27.81,0,1.71,0,2,1120,0.031,0
45.05,5,8.13,1,1,156,0.3973,0
106.36,20,35.75,0,7,2995,0.2894,0
66.98,10,36.73,0,1,1286,0.1604,0
80.28,11,7.44,0,4,1693,0.1923,0
32.37,9,39.37,0,0,1887,0.3722,0
81.89,18,3.73,0,3,2929,0.1673,0
10.05,18,-999.0,0,4,448,0.1609,0
14.67,19,37.8,0,3,1184,0.0815,0
113.09,0,7.38,0,3,1304,0.2668,0
17.21,2,18.21,0,2,903,0.2127,0
30.12,2,100.34,0,2,2003,0.4041,0
195.52,17,47.41,0,4,1092,0.2759,0
8.13,6,19.07,0,1,331,0.3891,0
171.16,20,19.52,0,4,2421,0.3012,0
4.31,20,-999.0,0,5,2573,0.3118,0
50.74,2,72.69,0,1,864,0.2221,0
58.59,8,1.53,0,3,47,0.2399,0
567.85,6,29.97,0,3,1195,0.0878,0
33.64,20,27.61,0,1,2440,0.1409,0
113.16,23,15.96,0,3,245,0.0696,0
113.1,23,-999.0,0,3,94,0.2297,0
99.01,19,-999.0,0,6,53,0.4675,0
100.67,7,90.73,0,5,459,0.0403,0
40.8,3,23.72,0,0,433,0.2089,0
173.23,15,9.52,0,4,384,0.1039,0
41.25,13,41.67,0,2,228,0.2605,0
20.35,10,52.97,0,6,1304,0.0978,0
26.87,18,18.33,0,1,949,0.1224,0
16.1,22,9.79,0,3,949,0.3917,0
17.96,19,71.01,1,3,53,0.1472,0
158.07,22,26.41,0,3,2355,0.1263,0
19.37,3,8.87,0,2,1260,0.2217,0
241.31,19,36.71,0,6,2736,0.2486,0
46.33,19,19.19,0,4,189,0.1938,0
13.25,4,17.63,0,2,854,0.3665,0
18.29,9,15.89,0,6,265,0.1792,0
183.35,11,34.53,0,1,855,0.4314,1
68.28,2,63.38,0,2,2986,0.0471,0
32.57,16,5.56,0,2,877,0.0366,0
5.58,22,21.13,0,1,1792,0.1839,0
94.21,3,16.3,0,1,193,0.2427,0
13.17,22,20.97,0,5,324,0.1404,0
60.97,22,11.09,0,0,2270,0.0847,0
85.44,22,-999.0,0,7,2186,0.1595,0
75.93,16,12.45,0,2,1899,0.106,0
295.15,6,9.68,1,7,2770,0.1358,0
49.27,18,26.78,0,1,1374,0.285,0
98.38,18,8.59,0,0,2986,0.2644,0
41.27,14,31.82,0,1,1578,0.1023,0
19.78,6,20.47,0,4,2855,0.3211,0
80.63,22,24.12,0,4,1447,0.1327,0
21.17,3,27.47,0,3,889,0.202,0
27.25,20,7.79,0,1,2641,0.4181,0
185.3,20,10.65,0,3,995,0.2054,0
130.34,8,45.68,0,3,1123,0.2445,0
100.97,9,10.73,0,3,1865,0.2511,0
30.22,4,31.22,1,3,2638,0.31,0
23.48,4,32.29,0,3,2744,0.0792,0
142.96,0,22.48,0,3,614,0.0687,0
62.52,6,22.05,0,4,2194,0.1013,0
80.16,1,14.47,0,6,326,0.474,0
282.69,14,32.81,0,3,894,0.3337,1
104.62,20,36.33,0,1,493,0.2761,0
37.49,10,7.88,0,2,668,0.0803,0
22.53,2,23.34,0,1,1323,0.2846,0
264.54,16,12.59,1,2,132,0.1575,0
22.11,20,30.34,0,1,2429,0.2358,0
37.11,1,23.19,0,2,953,0.2694,0
58.95,2,7.66,0,2,1934,0.1097,0
121.78,15,32.34,1,5,2336,0.2345,0
18.62,18,36.1,0,4,2051,0.1461,0
75.58,21,1.98,0,3,706,0.2351,0
56.35,4,6.01,0,2,2656,0.1255,0
234.25,5,43.59,0,2,1862,0.2715,0
6.96,9,50.58,0,1,1482,0.2686,0
43.81,15,17.17,0,5,2770,0.0422,0
32.3,1,2.09,0,1,152,0.3622,0
26.66,23,14.73,0,2,1773,0.0597,0
24.91,14,71.07,0,3,2283,0.4067,0
72.5,6,8.34,0,2,429,0.2872,0
36.69,17,42.64,0,1,66,0.1906,0
12.33,11,24.24,0,3,265,0.0952,0
35.15,13,9.82,0,4,2032,0.2425,0
43.56,23,34.01,0,5,1948,0.1479,0
69.93,15,29.17,0,4,496,0.1285,0
17.34,18,22.02,0,2,1220,0.1419,0
86.82,13,6.66,0,1,437,0.2102,0
32.54,0,5.03,0,5,1779,0.1814,0
73.97,18,10.83,0,4,305,0.0907,0
32.95,1,5.95,0,3,1348,0.2126,0
104.74,22,9.2,0,2,1985,0.1479,0
97.64,18,13.27,0,5,2651,0.1874,0
30.31,10,18.51,0,2,57,0.1783,0
40.66,12,-999.0,1,4,2664,0.0721,0
16.52,11,24.0,0,0,2453,0.2099,0
22.47,3,8.59,0,4,396,0.208,0
7.85,6,24.27,0,4,1604,0.3341,0
30.41,5,4.13,0,1,2471,0.2767,0
35.58,6,39.81,0,3,72,0.2212,0
54.31,5,13.22,0,2,488,0.3549,0
178.69,17,7.87,0,0,2413,0.0968,0
88.14,7,14.24,0,3,1103,0.0769,0
270.07,6,24.32,0,3,2885,0.1824,0
64.7,12,6.3,0,4,1656,0.0179,0
43.78,3,11.67,0,7,2402,0.3478,0
6.4,0,24.71,0,5,2678,0.0091,0
15.36,12,33.74,0,1,1440,0.0587,0
220.25,2,10.77,0,5,1033,0.1462,0
143.81,1,13.28,0,5,470,0.1376,0
94.55,4,24.99,0,4,2335,0.4535,0
32.76,1,6.45,0,7,611,0.2334,0
17.51,15,7.03,0,4,664,0.2567,0
50.44,13,3.22,0,4,1170,0.2048,0
82.44,23,38.3,0,6,2508,0.183,0
60.67,7,15.24,0,3,2944,0.2176,0
16.97,7,10.64,0,1,2429,0.3388,0
29.85,3,61.59,0,2,2943,0.2446,0
45.19,20,3.75,0,4,598,0.076,0
24.25,13,9.39,0,4,254,0.202,0
175.6,2,25.56,0,1,2108,0.1848,0
235.56,8,1.23,0,4,832,0.169,0
100.68,16,-999.0,0,3,728,0.1268,0
16.06,10,12.55,0,7,2797,0.199,0
108.68,5,6.8,0,4,2491,0.1325,0
255.23,5,4.23,1,2,2973,0.0717,0
35.66,1,33.39,0,2,1126,0.2362,0
20.89,22,6.98,0,1,1503,0.3451,0
46.58,22,36.44,0,5,1404,0.1784,0
67.44,0,6.34,0,2,2089,0.1444,0
14.37,3,33.78,0,2,623,0.2605,0
36.3,2,27.64,1,1,1344,0.2071,0
30.72,5,3.97,0,4,2577,0.0714,0
45.53,13,47.61,0,8,571,0.1368,0
43.08,11,17.13,0,2,1122,0.4816,0
6.02,8,5.68,0,7,1712,0.0371,0
30.17,0,10.31,0,3,759,0.157,0
38.65,4,15.72,0,2,2147,0.0965,0
103.98,1,8.98,0,3,2127,0.1457,0
103.53,2,6.77,0,4,1545,0.1126,0
34.0,15,7.54,0,3,384,0.1754,0
66.51,10,20.52,0,4,1863,0.2586,0
23.72,20,22.24,0,4,2651,0.375,0
34.05,10,20.52,0,3,1877,0.0216,0
99.75,15,39.41,0,2,2232,0.0495,0
61.02,1,2.25,0,5,1661,0.3457,0
43.93,9,30.38,0,4,2239,0.2083,0
9.68,9,11.22,0,3,1793,0.1364,0
297.56,8,33.31,0,3,2657,0.3311,0
10.95,4,62.09,0,3,1326,0.1636,0
82.74,17,71.11,0,2,2821,0.035,0
44.03,5,32.49,0,1,2300,0.3893,0
49.73,14,48.83,0,3,2953,0.0857,0
33.45,12,45.2,1,6,1503,0.4789,0
67.37,2,38.42,0,4,214,0.1108,0
41.76,9,11.74,0,3,174,0.2906,0
117.63,13,24.6,0,1,2219,0.2112,0
10.26,20,18.68,0,2,2702,0.2961,0
103.14,0,8.85,0,0,918,0.1749,0
213.97,21,17.63,0,3,2852,0.2027,0
4.71,7,11.02,0,5,1301,0.151,0
215.51,19,11.85,0,2,2934,0.271,0
27.38,3,16.23,0,2,2216,0.0853,0
6.2,10,10.56,0,3,977,0.1982,0
58.73,5,36.89,0,5,266,0.0205,0
75.93,7,17.76,0,2,2868,0.1509,0
73.22,15,11.97,0,6,1457,0.2282,0
10.41,0,9.09,0,2,781,0.0748,0
101.11,14,36.27,0,3,2067,0.2103,0
58.79,7,34.75,0,2,901,0.2516,0
19.07,15,16.87,0,1,1746,0.1435,0
27.0,3,4.95,0,3,2188,0.3545,0
37.31,15,6.05,0,3,423,0.251,0
15.46,14,13.03,0,1,809,0.0527,0
142.19,23,12.3,0,1,53,0.2749,0
49.26,22,8.81,0,2,1445,0.0926,0
37.06,16,21.41,0,3,82,0.413,0
141.16,16,12.39,0,5,2743,0.4607,0
8.42,19,-999.0,0,6,2453,0.1519,0
18.54,7,5.25,0,1,613,0.1511,0
45.9,8,19.07,0,5,2127,0.3409,0
216.95,20,33.97,0,2,887,0.0505,0
60.72,10,11.29,0,3,2347,0.1443,0
30.16,16,3.31,0,4,837,0.5189,0
40.05,17,5.68,0,4,2350,0.2339,0
3.09,14,3.41,0,3,2491,0.1346,0
51.95,15,10.08,0,0,1895,0.1033,0
34.51,9,18.95,0,1,648,0.0627,0
61.8,11,40.16,0,2,767,0.2697,0
55.6,1,15.42,0,1,1058,0.4025,0
80.17,14,25.16,0,0,1753,0.2425,0
73.28,7,10.96,0,3,2523,0.2976,0
22.77,9,18.0,0,2,2740,0.0561,0
29.0,8,7.31,0,3,1908,0.1409,0
4.45,21,36.0,0,2,822,0.1511,0
74.71,5,13.51,0,4,2051,0.0151,0
156.74,6,16.56,0,2,307,0.1001,0
63.56,13,5.3,0,2,788,0.2425,0
88.71,2,19.62,0,3,1120,0.1708,0
109.33,5,-999.0,0,2,345,0.3116,0
88.64,22,24.08,1,3,862,0.1566,0
14.63,18,11.2,0,9,1845,0.1329,0
17.9,14,1.8,0,2,892,0.2375,0
7.07,23,27.56,1,4,330,0.0624,0
73.26,3,29.79,0,1,707,0.2594,0
20.82,10,9.48,0,1,1297,0.1672,0
38.26,20,14.49,0,7,2434,0.2656,0
621.73,7,40.34,0,2,1468,0.4457,1
112.43,14,14.91,0,3,203,0.1674,0
75.2,5,10.15,0,3,2280,0.3716,0
99.2,21,0.08,0,3,992,0.1681,0
9.77,2,29.25,0,7,2683,0.1911,0
113.68,14,11.63,0,1,2991,0.7222,0
43.95,13,7.76,0,2,255,0.0465,0
60.18,2,25.7,0,4,2098,0.1003,0
11.74,10,31.31,0,4,1254,0.1489,0
40.07,1,5.17,0,8,1252,0.0307,0
160.9,22,35.39,0,0,207,0.1136,1
30.63,5,5.39,0,4,2575,0.1271,0
10.92,18,10.69,0,3,1152,0.1167,0
14.19,18,3.33,0,5,916,0.075,0
119.88,0,-999.0,0,2,2655,0.1984,0
12.29,3,42.69,0,6,1366,0.1411,0
50.27,22,11.98,0,7,1286,0.5592,0
168.1,7,21.66,0,1,1675,0.3525,0
5.63,7,23.4,0,6,2919,0.1211,0
45.37,18,29.81,0,2,407,0.1561,0
51.24,5,24.95,0,4,2251,0.0732,0
18.61,4,7.78,0,2,2318,0.4561,0
65.99,15,17.48,0,3,1551,0.3432,0
35.59,8,18.63,0,2,2272,0.1848,0
92.06,11,16.47,0,3,831,0.3206,0
583.7,18,52.97,0,0,2961,0.0363,0
22.56,7,0.54,0,1,2602,0.1162,0
18.91,0,18.31,0,2,621,0.0852,0
59.37,5,24.31,0,4,2940,0.1616,0
44.2,13,3.26,0,2,1913,0.0965,0
25.84,9,5.72,0,4,998,0.0968,0
127.98,10,42.66,0,1,1372,0.5158,0
60.67,23,19.55,0,1,154,0.1277,0
13.85,3,25.68,1,4,658,0.2711,0
110.38,20,12.8,0,3,1730,0.1963,0
28.47,0,49.27,0,1,785,0.2163,0
60.0,11,36.89,0,1,1064,0.1893,0
51.89,10,23.54,0,4,904,0.1251,0
28.64,21,17.98,1,2,1207,0.0722,0
111.63,10,42.12,0,4,2083,0.1221,0
22.43,14,2.27,0,3,1642,0.1161,0
49.39,6,13.47,0,3,112,0.3305,0
100.63,5,47.52,0,1,2164,0.0914,0
75.08,15,22.39,0,7,1116,0.0312,0
52.31,2,18.04,0,1,1663,0.1219,0
63.99,15,41.82,0,4,895,0.1197,0
25.36,14,11.35,1,7,2477,0.4182,0
160.43,21,6.64,0,1,753,0.1743,0
21.09,20,9.54,0,0,1871,0.2777,0
13.68,15,35.76,0,2,1898,0.336,0
48.44,19,7.11,0,1,1627,0.0587,0
61.46,4,27.43,1,3,1350,0.1557,0
64.91,5,9.92,0,1,1908,0.4563,0
35.68,21,25.45,0,3,810,0.0271,0
18.05,3,17.95,0,0,988,0.1656,0
71.33,15,56.86,0,4,504,0.3865,0
49.24,2,22.13,0,3,2867,0.1355,0
617.81,22,25.05,0,0,2915,0.4206,0
47.37,22,73.17,0,3,2395,0.341,0
255.01,1,5.03,1,1,984,0.2794,0
32.69,3,72.15,0,4,1648,0.2701,0
41.47,22,36.47,1,0,2208,0.3908,0
91.31,4,15.32,0,2,1124,0.1952,0
72.55,19,22.7,0,3,375,0.2002,0
24.27,15,16.3,0,1,142,0.2748,0
23.75,6,63.83,0,3,1625,0.1749,0
76.33,18,4.04,0,2,2213,0.1587,0
15.73,20,19.21,0,2,1263,0.0832,0
49.43,23,30.47,0,3,1185,0.1966,0
117.93,5,8.56,0,6,1514,0.3018,0
129.08,3,8.26,1,4,2160,0.1427,0
124.3,15,4.28,0,2,2102,0.0766,0
4.24,15,25.15,0,6,390,0.071,0
40.77,22,33.74,0,1,1826,0.3568,0
4.46,14,8.43,0,3,2903,0.1317,0
41.24,2,11.66,0,2,2786,0.4598,0
793.06,21,10.91,0,5,943,0.1613,0
26.59,22,16.18,0,4,39,0.2438,0
31.2,1,34.02,0,6,1372,0.1127,0
74.29,12,8.35,0,4,255,0.1317,0
31.41,5,15.15,0,2,2859,0.0897,0
8.0,10,11.45,0,3,996,0.0274,0
12.21,7,1.73,0,6,225,0.1693,0
39.78,21,26.16,0,3,1629,0.2741,0
312.71,16,16.4,0,1,1670,0.0661,0
16.98,2,33.07,1,1,676,0.3168,0
14.16,23,67.2,0,4,2414,0.2198,0
121.37,6,20.44,0,4,2051,0.0801,0
33.97,18,19.86,0,1,1673,0.0714,0
5.5,21,-999.0,0,6,2406,0.3311,0
20.78,12,4.76,0,1,328,0.0657,0
6.38,13,12.72,0,4,426,0.0735,0
19.47,18,23.03,0,5,1617,0.1222,0
89.21,8,6.09,1,5,2809,0.111,0
34.58,18,19.98,0,4,886,0.2193,0
52.57,19,6.96,0,1,2494,0.4047,0
65.86,0,21.46,0,3,2902,0.2806,0
66.19,0,16.29,0,3,2994,0.3097,0
38.54,21,5.07,0,6,2216,0.2021,0
32.6,13,7.83,0,2,1948,0.1579,0
34.55,12,9.42,0,2,836,0.1262,0
16.5,1,30.32,0,2,1638,0.0345,0
27.19,11,28.67,0,1,376,0.2458,0
137.42,11,14.56,0,1,676,0.1246,0
21.2,0,23.54,0,4,862,0.1991,0
46.19,13,48.31,0,4,236,0.1602,0
11.17,20,9.12,0,1,914,0.2145,0
16.55,9,21.62,0,2,2203,0.159,0
39.33,9,34.4,0,1,921,0.2547,0
4.88,21,29.1,0,1,564,0.1363,0
148.9,11,12.25,1,1,345,0.1154,1
83.62,14,18.17,0,3,2954,0.1922,0
16.12,18,1.35,0,5,944,0.2845,0
21.2,15,33.28,0,1,2643,0.2264,0
3.56,14,37.7,0,3,70,0.3343,0
49.83,1,3.02,0,4,491,0.017,0
139.3,4,6.58,0,0,1463,0.4378,0
26.5,15,9.9,0,1,2072,0.2737,0
33.97,22,10.71,0,4,671,0.0857,0
53.94,18,8.66,0,4,968,0.4434,0
28.99,0,14.43,0,1,493,0.2516,0
36.36,10,20.76,0,4,853,0.1224,0
4.71,8,36.4,0,4,1992,0.0975,0
42.08,23,3.5,0,4,141,0.1459,0
71.53,22,-999.0,0,0,215,0.3,0
12.9,2,12.44,0,4,2442,0.1191,0
84.05,12,11.76,0,5,1436,0.2972,0
68.38,1,13.28,1,5,1308,0.382,0
29.87,6,25.26,0,4,2194,0.169,0
68.6,4,13.79,0,2,1068,0.202,0
67.07,17,-999.0,0,7,2003,0.3098,0
21.06,1,3.53,1,1,2113,0.0588,0
208.64,3,28.24,0,2,1222,0.214,0
28.57,6,11.43,0,4,559,0.0659,0
41.53,15,64.72,0,0,2854,0.0679,0
21.48,2,16.92,0,4,2393,0.1959,0
20.82,2,11.39,0,0,543,0.1584,0
37.69,7,7.74,0,5,644,0.0995,0
45.65,18,1.87,0,3,1704,0.3326,0
52.0,18,78.26,0,0,1791,0.1153,0
69.06,22,19.13,0,2,162,0.0552,0
27.2,17,28.75,0,3,702,0.0538,0
23.31,8,-999.0,0,2,290,0.1218,0
28.13,9,53.69,0,6,1993,0.3241,0
98.62,3,16.6,0,5,513,0.1757,0
34.02,19,10.91,0,3,845,0.0964,0
88.99,13,25.82,0,2,1365,0.25,0
17.32,5,11.11,0,3,1960,0.0873,0
38.54,18,64.42,0,4,1595,0.088,0
89.05,15,35.41,0,5,2876,0.2741,0
42.8,23,0.56,0,7,2708,0.285,0
122.41,11,1.15,0,3,2476,0.2773,0
20.24,20,45.81,0,4,996,0.1493,0
68.19,17,4.39,0,3,372,0.1033,0
150.25,8,23.44,0,3,2113,0.0534,0
65.27,14,16.84,0,2,1468,0.2936,0
96.51,9,15.01,0,4,2303,0.2616,0
24.01,4,26.32,0,1,405,0.1501,0
49.49,5,23.66,0,2,1735,0.1878,0
21.66,16,5.61,0,2,1854,0.3626,0
70.27,2,4.85,1,2,2200,0.1177,0
24.2,3,8.41,0,3,1169,0.212,0
60.73,21,55.98,0,1,1949,0.3299,0
80.78,7,65.06,0,4,1021,0.0483,0
52.45,11,41.14,0,2,2007,0.0653,0
28.56,22,4.63,0,6,1874,0.2889,0
7.55,23,43.94,0,2,2995,0.4458,0
19.01,3,22.58,0,4,2541,0.0444,0
11.72,9,83.29,0,4,2657,0.171,0
16.1,19,44.21,0,3,1574,0.4561,0
164.68,11,23.96,0,2,1207,0.3619,0
73.75,18,9.18,0,4,26,0.0278,0
17.42,17,2.92,0,5,1307,0.1459,0
40.79,4,9.75,1,4,1189,0.1531,0
23.09,13,5.93,0,4,2621,0.0926,0
52.76,19,19.74,0,5,2560,0.3334,0
74.88,19,16.23,0,3,765,0.1056,0
69.95,2,42.69,0,3,1727,0.3088,0
49.08,5,40.17,0,3,2664,0.6037,0
63.34,16,5.84,0,3,2977,0.1106,0
27.82,15,18.66,0,4,1092,0.2104,0
30.1,11,23.36,0,2,479,0.0653,0
27.97,8,44.52,0,4,2505,0.054,0
60.71,3,43.38,0,3,55,0.2513,0
271.28,7,2.98,0,2,1644,0.2255,0
39.28,16,55.21,0,1,700,0.2052,0
18.46,11,6.3,0,3,526,0.0497,0
110.63,0,28.66,0,3,209,0.3595,0
69.84,2,3.55,1,3,87,0.1822,0
84.35,10,19.42,0,7,1515,0.2947,0
18.19,15,-999.0,0,2,256,0.0708,0
27.88,7,23.21,0,2,2573,0.5095,0
49.13,2,73.32,0,0,1580,0.1942,0
176.74,6,32.04,0,6,2403,0.0795,0
7.81,23,0.59,0,5,1873,0.3164,0
99.49,7,3.55,0,2,2506,0.3877,0
25.3,2,4.18,0,3,1962,0.1438,0
21.84,10,9.98,0,2,860,0.1509,0
11.57,0,24.67,0,2,2019,0.1194,0
221.69,3,10.04,0,2,2297,0.0145,0
76.5,11,19.23,0,4,1038,0.2125,0
80.35,21,24.18,0,2,1522,0.1492,0
53.28,4,3.08,0,2,690,0.2379,0
71.85,18,30.13,0,1,2278,0.2148,0
54.1,10,31.8,0,5,1389,0.4885,0
47.72,8,2.41,0,3,80,0.2405,0
34.03,6,30.1,0,3,1228,0.1681,0
93.18,12,20.6,1,5,2613,0.2557,0
119.07,2,11.82,0,4,1535,0.4049,0
120.86,23,-999.0,0,7,46,0.1633,0
38.8,15,11.78,0,3,583,0.1888,0
83.98,22,33.06,0,1,2437,0.3969,0
37.7,10,104.96,0,4,1800,0.1966,0
18.63,5,22.3,0,3,1338,0.2064,0
73.4,10,19.43,0,0,1629,0.262,0
188.4,3,4.71,0,2,1429,0.289,0
140.43,21,31.16,0,5,539,0.1363,0
26.0,19,8.72,0,4,2953,0.2572,0
44.92,15,9.75,0,3,897,0.1665,0
67.52,7,13.82,0,5,2412,0.1937,0
33.44,20,14.59,0,4,2797,0.0736,0
64.32,17,8.81,0,1,1248,0.1706,0
41.6,1,40.58,0,5,1681,0.2029,0
28.53,22,44.73,0,3,23,0.1422,0
15.11,20,12.79,0,4,888,0.2384,0
62.57,6,18.51,0,2,1549,0.0982,0
55.35,7,23.17,0,2,142,0.129,0
116.15,14,7.88,0,2,2073,0.2384,0
104.15,23,27.61,0,2,279,0.0112,0
76.73,9,38.93,1,6,1615,0.2156,0
59.96,3,10.7,0,3,2157,0.2562,0
92.99,23,39.54,0,5,543,0.3707,0
13.41,10,7.07,0,3,1569,0.2936,0
25.62,16,25.17,1,1,1683,0.2572,0
387.3,14,41.53,0,1,1619,0.2073,0
38.29,19,-999.0,0,2,631,0.137,0
28.25,6,5.09,0,3,2178,0.1855,0
9.18,21,33.83,0,2,410,0.2063,0
88.61,20,18.62,0,2,1649,0.1807,0
119.12,16,25.88,0,1,1942,0.187,0
18.55,19,35.4,0,2,1994,0.2361,0
164.59,22,30.25,0,5,235,0.2546,0
38.07,5,34.5,0,3,2545,0.1653,0
72.75,10,18.07,1,3,778,0.1628,0
38.36,14,6.61,0,3,1460,0.3236,0
10.74,16,2.86,0,5,2004,0.3187,0
234.38,7,4.33,0,1,2375,0.2556,0
48.31,4,35.42,0,3,1674,0.0218,0
89.21,8,60.38,0,3,1648,0.0586,0
28.68,22,12.24,0,1,1891,0.278,0
8.4,4,33.08,0,3,2430,0.1801,0
54.18,11,12.84,0,1,2351,0.1256,0
122.75,1,40.5,0,0,1311,0.0776,0
90.84,17,44.67,0,4,1859,0.1365,0
16.59,14,26.35,1,4,576,0.0512,0
12.24,21,19.18,0,6,1813,0.3322,0
6.51,10,0.76,0,2,2883,0.3206,0
23.81,18,40.17,0,7,625,0.1418,0
51.28,3,-999.0,0,5,2865,0.08,0
70.71,5,9.64,0,3,502,0.1868,0
27.48,13,16.2,0,3,2040,0.1214,0
59.69,14,5.55,0,5,335,0.0401,0
170.16,0,65.64,0,4,2642,0.3282,0
48.32,21,14.46,0,3,2006,0.109,0
5.76,3,16.28,0,2,852,0.1339,0
43.54,21,35.87,0,2,2883,0.1059,0
103.37,14,27.07,0,2,2768,0.1642,0
162.33,7,26.45,0,2,787,0.0747,0
21.96,12,15.53,0,0,1764,0.107,0
30.14,2,15.54,0,1,1107,0.1874,0
131.79,1,25.16,0,3,830,0.4394,0
6.92,12,16.25,0,5,1228,0.1547,0
83.32,11,7.39,0,8,1667,0.1365,0
8.74,17,10.38,0,4,2457,0.0854,0
49.41,19,8.61,0,3,771,0.4128,0
160.79,19,47.68,0,1,1418,0.3771,0
3.8,4,1.55,0,1,2111,0.1389,0
30.88,13,5.04,0,4,2420,0.1115,0
4.98,2,10.84,0,2,88,0.1475,0
25.95,4,8.66,0,4,2393,0.1671,0
48.72,3,1.16,0,4,1711,0.0311,0
22.93,7,8.44,0,3,726,0.0455,0
185.08,18,5.28,1,1,2498,0.1463,0
12.92,13,45.14,0,3,804,0.0878,0
29.67,3,41.34,0,4,681,0.1277,0
16.22,3,-999.0,0,4,217,0.0683,0
18.79,5,4.59,0,2,985,0.095,0
68.57,6,-999.0,0,4,2851,0.1178,0
90.63,19,25.52,0,5,292,0.0363,0
36.91,0,31.53,0,2,2974,0.1106,0
160.29,23,11.85,0,2,2934,0.3342,0
9.3,11,5.95,0,3,774,0.1485,0
129.33,0,4.83,0,5,515,0.0356,0
390.62,6,5.55,0,3,2316,0.3259,0
94.25,11,21.21,0,4,1634,0.0576,0
36.12,22,21.47,0,3,1291,0.0954,0
61.05,23,17.05,0,3,1429,0.0903,0
44.58,20,15.05,0,5,360,0.1008,0
43.1,6,38.34,0,1,1551,0.5656,0
69.27,13,63.11,0,2,371,0.2027,0
32.32,11,2.58,0,4,2118,0.3715,0
111.62,11,11.96,0,5,2725,0.2052,0
261.46,21,29.72,0,3,1383,0.1148,0
302.0,2,46.41,0,4,1640,0.1246,0
112.94,4,1.92,0,3,581,0.1796,0
21.63,5,3.49,0,6,1094,0.1414,0
18.81,3,10.88,0,4,2839,0.1939,0
29.36,22,-999.0,1,6,1190,0.4605,0
114.36,21,12.66,0,3,1502,0.177,0
48.07,2,50.41,0,1,134,0.0321,0
35.83,16,43.57,0,3,2037,0.0382,0
40.15,7,44.38,0,3,549,0.3001,0
164.66,4,4.76,0,2,483,0.1665,0
50.41,7,6.04,0,2,1233,0.2824,0
26.74,11,19.28,0,7,2791,0.1937,0
35.79,1,19.04,0,3,967,0.0934,0
25.21,4,28.42,0,2,2659,0.0281,0
79.08,20,37.34,0,2,478,0.2861,0
5.46,7,30.26,0,1,47,0.1696,0
53.4,21,38.37,0,2,1049,0.3001,0
22.82,12,12.71,0,2,1818,0.1161,0
289.65,2,8.38,0,0,668,0.4091,1
111.39,18,20.52,0,4,1899,0.1517,0
38.49,16,49.91,0,3,2514,0.0649,0
513.19,22,5.36,0,3,248,0.1853,0
91.39,13,44.15,0,3,405,0.2703,0
172.71,16,11.68,0,3,643,0.2612,0
10.25,13,33.45,0,4,2958,0.0778,0
93.23,3,41.82,0,4,2016,0.1164,0
59.83,1,2.0,0,2,2322,0.1415,0
43.99,7,42.17,0,5,404,0.0749,0
137.06,12,11.79,0,5,2378,0.1581,0
65.23,8,19.13,0,3,2433,0.0749,0
18.53,13,16.91,0,1,43,0.2853,0
106.0,22,9.79,0,1,1657,0.1144,0
77.66,10,53.04,0,1,1736,0.3564,0
34.66,9,34.39,0,2,915,0.1467,0
206.83,16,22.04,0,3,166,0.039,0
11.28,8,36.73,0,2,1902,0.3682,0
80.05,5,16.56,0,1,1472,0.0901,0
12.61,17,11.95,0,4,471,0.1743,0
7.14,9,11.94,1,7,2082,0.3771,0
8.79,5,5.0,0,1,1910,0.227,0
89.52,5,22.44,0,2,242,0.3318,0
53.94,3,28.75,0,3,627,0.1652,0
84.79,3,6.22,0,4,1333,0.027,0
100.51,1,27.71,0,0,766,0.1615,0
13.13,8,82.1,0,4,600,0.1711,0
23.93,3,43.84,0,4,1193,0.2038,0
55.11,8,31.68,0,5,1145,0.2106,0
60.02,20,15.04,0,4,2680,0.3975,0
108.71,0,17.98,0,1,1892,0.0196,0
382.08,18,12.04,0,1,471,0.0629,0
255.88,23,19.05,0,1,1815,0.3214,0
62.74,5,26.61,1,3,846,0.195,0
123.62,21,7.82,0,3,1235,0.1165,0
28.43,4,51.95,0,1,1645,0.0533,0
29.47,17,2.78,0,1,2373,0.4112,0
6.53,11,13.34,1,1,1450,0.1384,0
44.72,11,2.99,0,1,2078,0.1634,0
527.46,5,80.73,0,2,2002,0.1064,0
40.97,16,23.11,0,5,975,0.2351,0
50.27,9,12.72,0,4,165,0.1344,0
93.38,20,40.94,0,5,901,0.2459,0
23.16,9,54.57,0,2,476,0.1805,0
137.33,9,3.16,1,2,1048,0.2378,1
42.55,8,55.16,0,7,402,0.039,0
38.28,16,13.07,0,3,2468,0.3634,0
35.32,20,5.41,0,1,2079,0.0594,0
17.62,10,41.54,0,2,1944,0.2522,0
53.42,13,-999.0,0,2,2215,0.2996,0
94.27,15,8.51,0,2,2624,0.2185,0
19.65,9,15.3,0,2,1106,0.0816,0
8.91,13,6.57,0,2,2172,0.4518,0
7.35,0,12.42,0,4,1935,0.3864,0
85.27,15,161.05,0,4,2946,0.1158,0
99.13,19,12.11,0,2,1627,0.3789,0
11.01,14,33.97,0,7,123,0.1195,0
73.79,21,77.18,0,3,2181,0.0368,0
32.27,12,1.09,0,2,2304,0.0635,0
31.24,21,6.98,0,3,2894,0.0802,0
10.84,1,10.65,0,2,1049,0.0757,0
154.15,12,29.63,0,2,1593,0.2089,0
34.53,13,30.96,0,2,1558,0.1869,0
69.66,19,7.99,0,2,2752,0.0467,0
124.07,15,48.57,0,3,2043,0.3132,0
3.19,14,20.5,0,4,2115,0.0774,0
49.69,20,12.47,0,5,2759,0.1023,0
31.16,4,7.96,0,3,1200,0.2622,0
182.29,17,20.48,0,2,2720,0.3429,0
20.02,1,11.89,0,4,2974,0.403,0
141.46,7,7.58,0,4,2557,0.0455,0
347.13,7,80.77,0,4,1383,0.1112,0
125.39,17,0.78,0,4,1784,0.1634,0
13.8,17,44.1,0,2,734,0.1376,0
13.09,13,8.44,0,3,2817,0.2152,0
72.49,1,11.99,1,1,790,0.1708,0
17.43,21,2.66,0,4,697,0.2126,0
45.88,7,18.27,1,2,2680,0.0798,0
120.0,9,22.52,0,3,435,0.1357,0
20.76,4,12.66,0,3,2004,0.1865,0
161.67,14,49.32,0,3,1399,0.2318,0
193.83,14,38.36,0,1,2679,0.1076,0
142.29,7,37.61,0,6,2464,0.3423,0
29.58,7,6.13,0,1,1548,0.1755,0
137.27,19,37.31,0,4,794,0.0088,0
16.43,9,18.61,0,6,1645,0.2506,0
109.73,21,56.93,0,5,1561,0.2626,0
86.31,5,-999.0,0,2,1608,0.1143,0
21.69,17,7.0,0,3,2517,0.0847,0
15.34,23,18.74,0,3,1030,0.1385,0
204.73,17,34.22,0,4,163,0.2445,0
73.94,14,17.3,0,4,2822,0.2601,0
13.17,21,16.87,0,3,1981,0.1273,0
135.56,0,11.73,0,2,1750,0.0511,0
55.32,19,44.31,0,3,2093,0.0545,0
59.41,13,19.06,0,4,621,0.2212,0
155.48,9,33.37,0,2,1768,0.1173,0
31.3,10,15.85,0,2,1405,0.189,0
178.19,17,7.04,0,6,1114,0.2451,0
2477.87,19,5.18,0,5,1694,0.2837,0
9.82,3,10.81,0,7,1451,0.0136,0
101.55,13,0.42,0,0,2905,0.0893,0
20.74,23,19.19,1,4,2823,0.161,0
47.38,10,60.34,0,3,2812,0.3002,0
33.57,1,12.16,0,2,60,0.3712,0
127.21,19,-999.0,0,2,2741,0.0769,0
37.85,16,26.33,0,3,825,0.1003,0
47.19,0,88.28,0,2,1680,0.0466,0
50.95,22,11.26,0,3,2901,0.1385,0
52.66,16,64.55,0,4,2529,0.0842,0
110.88,17,2.0,0,4,2463,0.2394,0
37.36,19,8.3,0,3,1645,0.3194,0
316.51,12,61.22,0,3,2431,0.1705,0
7.62,6,10.86,0,3,1639,0.0883,0
42.93,1,9.01,0,3,2124,0.1132,0
21.62,2,25.23,0,3,917,0.2898,0
10.14,13,9.69,0,3,1480,0.417,0
19.99,16,11.1,0,3,1944,0.2847,0
295.87,8,16.74,0,6,869,0.2172,0
71.07,2,61.7,1,2,1800,0.2429,0
8.4,2,43.72,0,2,2566,0.098,0
24.27,1,1.82,0,4,1421,0.0472,0
271.55,22,-999.0,0,3,620,0.0033,0
65.59,21,3.92,0,1,2971,0.0523,0
97.87,0,14.48,0,3,374,0.2644,0
213.62,7,39.8,0,1,248,0.1612,0
24.92,3,6.92,0,1,2143,0.0693,0
14.05,19,15.99,1,1,665,0.24,0
118.4,12,7.24,1,2,2373,0.2352,1
7.44,6,1.04,0,4,312,0.1153,0
70.05,5,58.12,0,2,2292,0.2837,0
6.97,18,4.49,0,3,2505,0.3173,0
39.25,11,16.12,0,2,2607,0.1215,0
66.65,10,25.07,0,4,2277,0.3599,0
15.21,3,2.39,0,1,1636,0.0721,0
118.4,22,95.84,0,2,2675,0.1841,0
155.34,2,2.22,0,0,392,0.3008,0
36.56,17,6.13,0,0,799,0.195,0
1323.21,12,29.67,0,5,1036,0.1437,0
3.95,6,1.86,1,4,278,0.3041,0
12.96,1,8.06,0,1,1575,0.3468,0
72.42,6,21.88,0,4,2321,0.1973,0
18.55,13,31.22,0,3,1374,0.0529,0
132.87,1,6.84,0,3,318,0.0927,1
28.38,22,33.7,1,5,2142,0.1649,0
155.59,21,7.39,0,2,2179,0.6086,0
80.85,23,10.87,0,4,958,0.2095,0
76.77,14,-999.0,1,3,2642,0.331,0
77.62,23,29.51,0,2,1276,0.3279,0
61.77,10,24.5,0,2,2441,0.0806,0
50.69,18,16.96,0,1,2845,0.135,0
37.67,4,51.51,1,4,2723,0.1348,0
37.29,2,12.39,0,1,1975,0.6109,0
15.17,1,5.92,0,3,133,0.0243,0
76.58,17,14.23,0,3,519,0.154,0
4.01,19,30.39,0,1,2354,0.1999,0
10.99,11,12.4,0,0,1925,0.4518,0
96.36,21,14.08,0,2,1450,0.2333,0
27.99,4,24.07,0,3,1590,0.1519,0
123.2,8,47.09,0,4,2794,0.1574,0
8.91,21,2.06,0,4,618,0.0987,0
74.46,1,8.91,0,5,157,0.146,0
53.0,10,10.27,1,3,2502,0.1957,0
28.81,1,29.77,0,2,620,0.1471,0
136.18,6,64.48,0,0,907,0.3625,0
39.75,14,10.7,0,4,1254,0.2611,0
42.11,23,0.06,0,2,718,0.2243,0
68.5,0,-999.0,0,3,1294,0.1565,0
28.68,15,19.5,0,8,102,0.2768,0
10.25,20,30.8,0,5,1019,0.1762,0
29.06,7,14.16,1,4,1999,0.1777,0
40.24,6,-999.0,1,5,2567,0.1458,0
11.03,6,31.84,0,2,2016,0.0201,0
14.19,7,32.13,0,5,2062,0.1453,0
103.41,6,28.73,0,3,2770,0.2572,0
172.05,5,6.64,0,5,824,0.1034,0
10.72,7,61.26,0,2,2245,0.2997,0
4.49,1,11.77,0,1,1283,0.3217,0
154.91,9,19.12,0,1,960,0.1945,0
108.86,2,39.4,0,4,2379,0.0436,0
34.57,10,20.62,0,1,2202,0.3631,0
25.29,22,5.94,0,1,2806,0.1215,0
139.95,12,3.93,0,4,2948,0.2756,0
82.37,14,-999.0,0,4,808,0.1322,0
72.24,16,4.18,0,3,23,0.1395,0
11.36,5,2.39,0,4,1246,0.3631,0
33.93,2,45.86,1,2,2531,0.2413,0
71.37,10,23.64,0,4,2320,0.4763,0
165.2,15,17.11,0,3,2804,0.1411,0
8.64,12,6.11,0,2,440,0.1271,0
66.81,21,43.29,0,2,88,0.3957,0
15.61,1,16.78,0,2,1909,0.1947,0
250.64,11,1.55,0,3,2888,0.4306,0
9.32,11,8.22,0,3,2119,0.0825,0
347.71,5,24.02,0,3,482,0.1893,0
125.82,12,47.4,0,4,1295,0.1489,0
14.04,3,4.97,0,4,2260,0.0549,0
91.15,12,4.17,0,3,2385,0.0499,0
31.89,12,0.81,0,4,1699,0.4878,0
35.05,4,45.19,0,2,427,0.3777,0
23.32,16,24.7,0,9,152,0.016,0
4.58,17,14.56,0,3,1370,0.1207,0
172.1,9,9.6,0,0,406,0.1437,0
9.31,10,11.73,0,0,1264,0.1141,0
13.67,20,11.99,0,0,1240,0.1809,0
48.95,0,40.16,0,2,937,0.1684,0
9.06,9,15.74,0,4,603,0.1625,0
45.22,0,2.58,0,2,2602,0.0772,0
218.55,15,10.76,0,1,2099,0.0384,0
15.19,13,85.67,0,7,1057,0.026,0
16.08,10,43.7,0,2,2623,0.1598,0
170.09,16,79.4,0,4,758,0.5872,0
74.69,17,12.35,0,5,1680,0.1095,0
72.19,7,48.66,0,1,629,0.4014,0
61.02,3,-999.0,0,1,496,0.4687,0
88.71,3,29.8,0,4,331,0.0319,0
30.68,15,11.22,0,3,2816,0.3336,0
71.6,4,32.66,0,6,2216,0.2814,0
15.63,2,31.1,0,1,1908,0.2353,0
112.83,10,18.03,0,4,1936,0.1413,0
47.5,2,12.82,0,1,2876,0.0851,0
17.12,8,-999.0,0,5,2472,0.3805,0
113.42,0,8.84,0,5,308,0.1987,0
7.86,6,0.98,0,3,85,0.2884,0
40.57,5,25.39,0,3,787,0.1535,0
58.38,10,11.18,0,4,2801,0.5965,0
16.38,19,6.92,0,0,2239,0.3519,0
61.99,12,-999.0,0,2,2290,0.0404,0
65.24,17,28.93,0,0,2555,0.1464,1
11.8,21,6.88,0,6,1180,0.2401,0
119.2,7,2.91,0,3,1688,0.4451,0
92.43,20,8.15,0,4,1271,0.4015,0
559.5,22,-999.0,1,4,476,0.3322,1
150.44,8,3.73,0,5,1405,0.0649,0
11.68,1,15.35,0,6,903,0.0377,0
102.01,22,-999.0,0,4,1088,0.1091,0
13.81,3,9.18,0,6,1590,0.2115,0
15.62,6,5.04,0,6,1404,0.1545,0
71.32,22,14.41,0,2,491,0.2234,0
26.25,23,29.32,0,6,479,0.3831,0
55.5,14,35.57,0,4,328,0.257,0
142.47,4,8.23,0,4,2031,0.1098,0
59.69,19,18.33,0,3,2910,0.2499,0
126.14,18,24.86,0,3,1101,0.0817,0
24.89,22,5.11,0,6,1359,0.1014,0
93.61,4,3.11,1,1,2858,0.1695,0
28.34,22,65.77,0,3,1199,0.1075,0
168.91,8,11.4,0,4,1658,0.2472,0
355.71,23,17.14,0,2,843,0.3595,0
8.76,12,6.94,0,6,2773,0.1937,0
30.73,1,74.89,0,1,725,0.308,0
25.23,14,29.95,0,4,783,0.1512,0
23.83,20,25.7,0,4,2037,0.5451,0
155.95,21,5.14,0,3,1021,0.2234,0
54.06,3,21.27,0,4,2560,0.1021,0
96.48,5,16.05,0,1,968,0.2144,0
42.83,8,65.29,0,2,2223,0.2895,0
143.88,19,19.71,0,2,1443,0.053,0
64.85,15,7.88,0,3,1167,0.3079,0
65.63,3,21.45,0,3,1047,0.1336,0
38.22,16,10.57,0,4,2549,0.0268,0
10.24,0,12.71,1,1,246,0.2156,0
28.58,23,20.33,0,2,2729,0.4309,0
48.78,15,-999.0,0,2,2638,0.128,0
132.87,13,-999.0,0,5,2726,0.3051,0
319.25,4,69.23,0,2,1327,0.1671,1
101.21,16,15.97,0,5,1799,0.1926,0
15.67,3,50.71,0,4,1406,0.2392,0
50.11,11,16.6,0,1,1467,0.2989,0
26.91,8,4.38,0,2,2330,0.1073,0
325.86,11,11.94,0,6,2414,0.2054,0
32.97,14,19.76,0,2,123,0.2165,0
150.54,19,8.95,0,7,1838,0.0522,0
53.66,9,45.09,0,4,1766,0.1542,0
81.74,20,13.49,0,4,2087,0.1788,0
86.96,6,1.59,0,3,33,0.5141,0
47.7,9,9.29,0,8,1422,0.1679,0
56.91,19,8.07,0,3,698,0.1487,0
326.75,14,4.71,1,2,2676,0.2353,0
36.31,3,29.75,0,3,1519,0.1252,0
22.03,20,1.31,0,3,219,0.1026,0
93.57,19,43.15,0,2,2522,0.4635,0
16.86,7,0.99,0,6,1047,0.2563,0
90.35,5,76.77,0,3,1987,0.2044,0
45.83,4,19.95,0,2,2981,0.1788,0
43.65,6,7.06,0,3,2099,0.1882,0
3.89,22,2.42,0,5,2393,0.2283,0
52.77,11,20.41,0,3,1724,0.1289,0
83.17,1,24.8,0,1,1750,0.2192,0
48.1,22,12.26,0,3,82,0.3482,0
15.72,20,25.22,0,3,2434,0.3635,0
23.26,8,16.57,0,1,2661,0.3735,0
61.35,19,2.33,0,3,1745,0.096,0
54.85,6,7.15,0,2,2795,0.3567,0
7.95,1,9.25,0,3,1487,0.1778,0
43.78,8,13.1,0,6,1063,0.1187,0
130.33,9,12.43,0,2,1221,0.5841,0
10.1,14,-999.0,0,3,2161,0.1031,0
43.96,18,-999.0,0,4,1778,0.2402,0
92.0,7,11.29,0,5,2180,0.136,0
66.64,15,19.1,0,4,964,0.5524,0
56.2,19,88.24,0,1,1119,0.3691,0
76.89,15,23.92,0,2,2920,0.1025,0
21.33,8,50.43,0,3,940,0.3011,0
142.56,4,9.18,0,3,143,0.465,0
18.39,6,18.3,0,3,554,0.143,0
163.73,11,6.92,0,3,1844,0.3083,0
86.35,22,13.35,0,3,1056,0.134,0
20.33,4,23.33,0,5,140,0.403,0
35.83,13,16.7,0,3,2113,0.4835,0
30.61,11,17.75,0,2,2089,0.1244,0
612.04,5,20.8,0,2,1854,0.3624,0
271.65,20,55.44,0,3,798,0.0191,0
18.8,17,11.96,0,2,2974,0.3021,0
94.16,5,39.72,0,2,1796,0.2023,0
51.93,2,20.68,0,3,1086,0.2998,0
87.72,18,2.81,0,3,2584,0.0245,0
3.77,22,5.03,0,3,1528,0.3039,0
26.53,18,3.72,0,5,1658,0.0296,0
38.78,13,9.8,0,2,1923,0.3387,0
136.14,9,13.17,0,4,322,0.0094,0
7.23,21,28.1,0,1,2670,0.0776,0
46.12,16,13.42,0,5,277,0.1194,0
18.72,8,41.26,0,3,1483,0.2882,0
23.47,15,5.57,0,4,2936,0.2,0
51.28,20,25.81,0,3,1246,0.2215,0
74.78,1,23.57,0,2,1312,0.3989,0
11.1,18,9.96,0,2,397,0.1812,0
24.75,11,7.17,0,4,24,0.121,0
71.12,7,16.58,0,6,741,0.3261,0
9.67,3,33.16,0,6,2732,0.2702,0
52.54,8,22.57,0,4,405,0.3133,0
63.82,8,-999.0,0,0,146,0.1386,1
3.66,12,5.53,0,1,1188,0.0863,0
40.33,17,75.69,0,6,310,0.0386,0
108.63,16,9.11,0,3,950,0.2001,0
332.64,20,34.51,0,2,592,0.3105,0
156.84,4,51.82,0,3,2876,0.2152,0
42.76,18,52.04,0,4,1022,0.4336,0
29.91,15,24.22,0,3,419,0.0912,0
23.17,23,16.44,0,3,958,0.2385,0
11.97,0,37.11,0,3,1020,0.1975,0
48.65,16,30.94,1,5,2679,0.055,0
156.54,4,14.43,0,1,735,0.2521,0
35.39,19,10.75,0,3,1759,0.0726,0
21.29,8,8.56,0,2,2403,0.0181,0
396.46,3,5.03,0,6,2600,0.0106,0
16.27,17,42.72,0,5,260,0.0508,0
17.88,5,24.68,0,3,999,0.0287,0
428.16,13,15.88,0,3,2157,0.2809,0
47.09,17,9.21,0,1,489,0.3714,0
33.31,3,15.31,0,5,2777,0.3775,0
42.46,7,5.71,0,1,586,0.0648,0
40.21,22,37.24,0,2,30,0.2653,0
8.85,4,14.57,0,6,443,0.096,0
5.35,6,21.0,0,5,2125,0.068,0
4.74,6,17.4,0,4,2994,0.0305,0
79.49,17,27.51,0,5,563,0.185,0
123.28,7,9.06,0,5,2881,0.2454,0
239.06,22,1.07,0,3,2988,0.1674,0
116.78,2,8.64,0,3,758,0.233,0
19.7,21,-999.0,0,1,777,0.171,0
61.9,20,8.65,0,3,625,0.0385,0
25.4,1,7.05,0,1,66,0.2087,0
67.17,16,14.91,0,2,1986,0.0304,0
19.16,1,25.1,0,3,228,0.221,0
251.47,17,32.66,0,5,2634,0.4584,0
35.28,17,17.4,0,0,2185,0.3882,0
13.61,2,34.55,0,3,2170,0.2993,0
19.41,11,59.38,0,3,1367,0.2208,0
88.72,2,39.66,0,5,780,0.338,0
27.31,13,18.87,0,2,1860,0.2222,0
46.56,0,4.85,0,2,2983,0.2522,0
119.75,21,12.49,0,4,2296,0.0426,0
88.57,6,17.91,0,1,1745,0.3641,0
268.33,17,15.47,0,5,2147,0.2349,0
40.65,19,21.36,0,2,2482,0.4833,0
14.46,8,42.61,0,5,1879,0.3721,0
215.88,23,86.78,0,1,2263,0.2533,0
26.12,11,1.15,0,1,540,0.1643,0
161.68,12,41.72,0,2,1381,0.3315,0
7.36,9,26.07,0,2,535,0.0458,0
56.28,11,11.61,0,5,1640,0.3962,0
18.77,13,59.41,0,5,1888,0.3391,0
96.91,21,42.19,0,2,2868,0.215,0
116.46,19,10.87,0,4,703,0.2054,0
33.82,21,2.81,0,1,1230,0.0505,0
112.84,22,26.01,0,1,1733,0.0606,0
123.49,12,23.86,0,3,2328,0.4933,0
33.64,11,17.13,0,5,1331,0.3084,0
10.75,3,6.82,0,2,886,0.122,0
73.54,7,78.98,0,1,2128,0.2213,0
61.55,19,8.83,0,3,1819,0.2865,0
23.12,11,45.0,0,1,1462,0.0313,0
165.51,0,13.71,0,4,1712,0.1828,0
16.48,20,25.95,0,2,2302,0.067,0
23.37,1,21.43,1,1,2181,0.068,0
34.73,12,15.34,0,4,2650,0.2881,0
45.68,22,31.78,0,4,2720,0.2224,0
14.74,12,-999.0,0,3,2733,0.1622,0
27.77,22,16.88,0,4,1816,0.209,0
121.96,11,6.23,1,4,2509,0.1746,0
25.85,5,83.41,0,2,2148,0.1265,0
36.73,6,10.02,0,6,1109,0.1697,0
117.27,12,10.06,0,6,2343,0.1445,0
124.33,19,23.05,1,5,494,0.1586,0
25.19,22,15.62,0,2,2605,0.069,0
96.52,9,29.95,0,1,2852,0.1204,0
15.56,15,34.76,0,4,1680,0.3359,0
9.75,0,25.29,0,4,2797,0.4797,0
57.21,11,18.33,0,2,615,0.2709,0
50.38,16,11.63,0,1,632,0.366,1
10.75,2,2.21,0,4,2567,0.2409,0
76.45,3,2.91,1,3,1535,0.0393,0
39.32,17,11.53,0,1,1668,0.175,0
14.94,16,3.68,0,3,1918,0.092,0
154.5,23,0.69,0,3,2698,0.1941,0
267.34,14,28.76,0,1,2198,0.0285,0
50.65,10,15.5,1,4,1203,0.0328,0
41.12,8,12.68,0,4,1221,0.1505,0
14.98,9,4.41,0,4,953,0.1268,0
22.54,15,2.54,0,3,1018,0.1858,0
51.96,12,11.51,0,2,230,0.4873,0
103.68,15,1.53,0,3,1608,0.2166,0
105.38,12,7.4,1,1,65,0.2665,1
42.81,10,14.23,0,2,237,0.1731,0
65.86,10,9.02,0,3,1677,0.228,0
298.64,18,54.92,0,3,83,0.1327,0
35.48,4,35.92,0,1,344,0.1505,0
26.99,16,15.17,0,3,608,0.1853,0
120.45,15,13.81,0,1,865,0.0917,0
43.72,20,10.11,0,2,589,0.022,0
84.76,23,35.46,0,4,2404,0.2101,0
58.03,10,9.98,0,2,1440,0.0943,0
20.07,14,5.53,0,6,2950,0.2456,0
23.07,4,21.38,0,4,1523,0.2529,0
22.16,14,30.2,0,3,2506,0.1174,0
46.61,1,41.2,0,1,1057,0.1619,0
41.62,19,12.75,0,2,1592,0.178,0
84.58,6,24.44,0,5,1964,0.2782,0
40.08,19,4.27,0,4,2772,0.2449,0
32.94,1,27.45,0,6,1287,0.3694,0
95.46,0,12.82,0,1,1377,0.302,0
10.47,18,9.55,0,1,1941,0.2015,0
287.52,14,-999.0,0,5,1207,0.1113,0
71.86,12,7.81,0,0,2910,0.2392,0
93.44,23,29.92,0,4,925,0.3075,0
27.16,3,45.14,0,5,2020,0.0791,0
58.03,10,44.7,0,4,2621,0.0837,0
30.2,9,39.4,0,1,1563,0.2418,0
16.41,13,15.58,0,1,992,0.6218,0
70.37,17,28.93,0,1,2945,0.152,0
90.47,18,21.38,0,7,570,0.1154,0
25.19,7,2.61,0,2,2621,0.4003,0
119.24,22,4.76,0,3,92,0.1221,0
42.6,20,9.85,0,5,1256,0.3674,0
67.08,10,64.47,0,0,1682,0.2186,0
99.9,13,3.34,0,4,596,0.2349,0
29.44,7,10.14,0,5,1005,0.1389,0
9.12,0,26.31,1,4,1715,0.2299,0
61.11,10,15.25,0,2,2298,0.041,0
51.14,12,4.43,0,2,367,0.2464,0
127.06,0,7.35,0,4,667,0.4114,0
58.81,21,17.69,0,2,2032,0.203,0
14.56,5,8.64,0,2,2090,0.1009,0
43.6,21,2.53,0,4,414,0.1682,0
32.9,10,15.58,0,5,2522,0.0767,0
32.03,10,6.81,0,2,2781,0.1668,0
132.4,16,18.96,0,2,858,0.1884,0
55.21,10,44.69,0,0,1774,0.0541,0
14.06,22,-999.0,0,2,1483,0.1167,0
22.39,20,58.51,1,1,338,0.0454,0
24.67,14,5.65,0,2,273,0.0417,0
3.21,6,31.62,0,2,1275,0.3432,0
485.52,6,13.02,0,1,2314,0.1179,0
88.68,4,23.53,0,3,1660,0.1352,0
64.21,11,10.8,0,1,145,0.2481,0
24.7,22,60.5,0,3,1580,0.0732,0
170.76,10,2.78,0,2,2304,0.0371,0
8.36,17,32.42,0,5,1979,0.3562,0
59.98,6,10.27,0,2,1281,0.1073,0
385.43,13,10.1,0,3,845,0.2527,0
96.34,15,19.4,1,3,816,0.1566,0
18.37,11,51.83,0,3,1515,0.2157,0
214.73,0,36.72,0,3,1563,0.0558,0
17.84,18,17.17,0,6,341,0.1672,0
47.95,9,13.74,0,3,748,0.1085,0
81.99,15,72.75,1,1,81,0.0643,0
133.94,4,13.37,0,2,541,0.0871,0
10.61,6,-999.0,0,0,1661,0.1349,0
45.9,18,15.73,0,0,514,0.0905,0
134.27,16,32.59,0,0,2429,0.2684,0
302.89,14,99.0,0,1,2722,0.4498,0
28.76,12,32.24,0,2,32,0.3502,0
23.57,10,24.74,0,3,1928,0.0317,0
26.1,20,14.15,0,4,1855,0.0283,0
50.93,5,1.14,0,3,2376,0.0526,0
51.33,22,31.45,0,1,1635,0.1255,0
61.75,5,32.77,0,2,1718,0.3399,0
284.99,13,6.29,0,5,2284,0.2684,0
18.39,20,-999.0,0,4,1344,0.1783,0
165.24,9,17.73,0,3,421,0.1913,0
6.05,3,6.78,0,2,514,0.1444,0
10.45,7,23.78,0,4,1878,0.3643,0
381.15,1,45.66,0,4,866,0.2355,0
30.15,16,49.24,0,3,1103,0.1544,0
34.99,5,1.58,0,4,2603,0.2699,0
36.63,16,5.85,0,1,1000,0.2491,0
45.04,19,15.0,0,1,477,0.2192,0
29.21,1,7.12,0,2,411,0.2551,0
142.69,5,7.35,0,5,2807,0.1276,0
22.36,11,4.67,0,5,1502,0.3307,0
186.27,23,6.83,0,2,675,0.1753,0
7.55,9,27.42,0,6,372,0.1261,0
34.37,10,0.47,0,4,2708,0.4813,0
192.21,4,20.61,0,1,373,0.023,0
160.47,16,21.26,0,5,1621,0.6011,0
27.31,11,3.59,1,4,2210,0.0203,0
27.46,2,21.67,0,4,1870,0.3932,0
117.63,6,15.04,0,4,814,0.3533,0
38.47,23,22.87,0,2,1232,0.2089,0
78.06,3,6.15,0,3,349,0.1596,0
50.02,0,22.92,0,1,1897,0.2,0
58.15,16,45.01,0,9,2620,0.0619,0
59.17,12,7.85,0,2,2675,0.1115,0
257.48,4,22.6,1,2,92,0.1848,0
51.97,16,12.4,0,1,1674,0.1164,0
141.48,4,16.69,1,4,1730,0.2286,0
168.02,3,13.77,0,2,556,0.1955,0
42.78,1,40.11,0,5,2212,0.1494,0
105.41,16,30.61,0,3,2117,0.1259,0
32.22,8,4.25,0,2,1279,0.1869,0
125.21,7,24.53,0,3,1777,0.4421,0
32.14,14,2.33,0,1,1111,0.4344,0
18.26,14,6.66,0,4,2431,0.3439,0
7.56,5,80.56,0,6,144,0.0385,0
70.74,9,18.37,0,1,409,0.5135,0
160.49,20,38.82,0,4,1633,0.32,0
17.43,10,26.35,0,1,2361,0.1744,0
96.62,14,21.89,0,0,1081,0.2662,0
36.03,5,40.05,0,3,2573,0.1118,0
90.55,16,6.68,0,4,35,0.3385,0
20.63,0,5.85,0,6,1305,0.1532,0
59.01,8,68.89,0,0,1872,0.3077,0
30.59,16,22.68,0,4,1274,0.3197,0
5.94,11,1.89,0,3,1037,0.232,0
143.49,9,1.73,1,1,1000,0.1875,0
13.16,21,7.34,0,2,452,0.0891,0
73.07,2,16.61,0,4,2587,0.0725,0
4.01,17,15.23,0,3,181,0.1636,0
103.04,13,27.11,0,4,1688,0.3126,0
27.02,20,2.74,0,0,1024,0.2185,0
100.48,22,-999.0,0,5,1851,0.2489,0
79.81,21,28.23,0,2,2180,0.1654,0
12.19,0,11.18,0,5,2617,0.201,0
44.86,18,12.47,1,4,1851,0.0124,0
69.1,22,33.14,0,5,1093,0.1328,0
58.58,0,29.34,0,5,675,0.06,0
24.28,19,26.13,0,2,1139,0.1217,0
131.38,10,33.52,0,3,194,0.3136,0
76.92,11,0.2,1,1,2169,0.1814,0
8.75,7,33.05,0,5,1697,0.162,0
13.29,23,18.41,0,1,1074,0.1841,0
10.97,19,1.69,0,4,1797,0.005,0
4.6,21,15.59,0,4,2124,0.4171,0
60.84,14,8.88,0,4,486,0.101,0
34.14,11,14.33,0,5,1652,0.1284,0
24.08,17,21.65,0,2,2405,0.654,0
40.83,8,-999.0,0,4,907,0.1411,0
108.72,12,36.64,0,2,1689,0.0512,0
16.8,1,10.72,0,1,134,0.2792,0
39.99,13,40.47,0,5,2809,0.1042,0
3.85,17,16.92,0,1,1844,0.4473,0
109.21,22,18.23,0,5,869,0.2308,0
14.51,23,9.67,0,1,2858,0.1792,0
52.54,7,9.88,0,4,1175,0.0713,0
28.08,6,10.67,0,1,1779,0.1588,0
33.82,16,5.03,1,2,209,0.3845,0
111.59,18,41.24,0,4,1453,0.1843,0
177.26,7,29.9,0,1,115,0.1774,0
124.18,17,2.26,0,2,1846,0.1659,0
61.6,1,25.93,0,6,1716,0.352,0
79.27,10,3.87,0,2,90,0.1232,0
124.2,10,-999.0,0,4,342,0.2218,0
44.94,5,27.76,0,1,2666,0.3086,0
74.18,13,24.46,1,3,1171,0.101,0
4.58,6,25.21,0,4,1777,0.1015,0
60.76,21,11.67,0,3,1016,0.2882,0
58.93,12,17.74,0,2,473,0.1423,0
82.75,3,-999.0,0,4,952,0.1123,0
25.07,6,11.51,0,2,1087,0.2081,0
17.22,12,13.9,0,5,1094,0.2436,0
26.46,1,26.33,0,1,592,0.1038,0
24.83,19,10.83,0,7,2596,0.3584,0
28.33,6,135.76,0,1,2839,0.1405,0
41.72,10,78.66,0,1,2600,0.2029,0
12.26,23,20.01,0,8,1623,0.3295,0
211.88,18,11.5,0,4,1278,0.0525,0
144.1,22,42.95,0,0,2219,0.3969,0
5.7,12,19.33,0,2,1560,0.2199,0
115.8,11,9.03,0,4,1995,0.2648,0
466.76,5,24.6,0,3,2547,0.0626,0
58.1,1,8.77,0,4,474,0.2241,0
26.56,8,21.16,0,6,1342,0.2086,0
353.58,1,11.55,0,3,719,0.082,1
11.66,15,8.99,0,4,785,0.0575,0
90.6,11,13.84,0,2,2292,0.4019,0
86.67,9,59.16,0,3,935,0.1015,0
13.06,22,20.39,0,3,2695,0.0758,0
140.41,5,6.95,0,3,2680,0.2518,0
14.59,22,29.22,0,3,2561,0.0838,0
57.38,15,8.08,0,4,1718,0.0839,0
19.7,21,24.47,0,6,1752,0.2742,0
32.25,2,-999.0,0,3,988,0.1108,0
35.32,0,6.45,0,4,1352,0.1308,0
6.69,21,23.1,0,4,1573,0.3307,0
495.67,22,7.34,0,3,2426,0.0506,0
18.36,19,4.49,1,3,1399,0.1643,0
20.02,5,32.49,0,2,422,0.1656,1
35.52,16,4.35,0,2,1800,0.0974,0
8.03,9,19.1,0,4,2633,0.1853,0
88.56,20,7.81,0,4,729,0.2857,0
52.19,20,10.24,0,4,1538,0.3579,0
46.85,12,32.83,0,2,2699,0.3893,0
4.58,9,34.98,0,3,778,0.2063,0
8.46,17,2.46,0,3,979,0.3395,0
12.74,11,11.89,0,1,2196,0.1326,0
239.9,22,22.6,0,2,1629,0.1468,0
71.5,18,22.35,0,2,1643,0.141,0
43.51,13,12.38,0,0,1870,0.2795,0
35.64,4,9.41,0,1,1333,0.1906,0
165.49,13,14.56,0,6,1904,0.5285,0
102.89,13,13.64,0,1,208,0.2492,0
28.87,18,16.23,0,2,2967,0.0019,0
72.61,0,41.74,0,3,1091,0.2128,0
10.24,20,26.74,0,3,1769,0.2085,0
40.52,8,35.99,0,4,762,0.3262,0
24.01,7,-999.0,0,2,2045,0.0754,0
52.23,20,7.1,0,3,1254,0.1523,0
72.36,20,7.56,1,6,704,0.2085,0
185.55,16,22.44,0,0,245,0.2965,0
20.06,14,-999.0,0,0,63,0.2316,0
21.21,15,12.76,0,7,214,0.2366,0
48.73,17,7.18,0,1,1379,0.11,0
56.78,17,18.8,1,3,1524,0.1148,0
17.72,16,37.66,0,4,590,0.2257,0
35.69,4,50.19,0,1,1978,0.0804,0
129.25,8,19.27,0,5,580,0.1703,0
33.14,8,4.99,0,1,313,0.2615,0
56.7,4,84.82,0,0,2971,0.2656,0
114.69,15,65.68,0,2,1794,0.1763,0
76.49,15,34.3,0,3,2414,0.2462,0
112.23,9,13.49,0,8,1967,0.1531,0
20.67,5,22.54,0,1,2640,0.2971,0
28.54,11,31.27,0,2,1951,0.1026,0
35.42,2,13.3,0,3,727,0.1656,0
40.28,19,25.91,0,4,1859,0.1515,0
119.99,10,8.26,0,7,219,0.2539,0
15.84,20,15.55,0,3,1843,0.0784,0
778.8,17,37.87,0,5,2284,0.2241,0
17.13,1,11.0,0,2,2556,0.0524,0
13.96,0,8.33,0,1,644,0.3106,0
91.88,1,26.7,0,2,1372,0.1115,0
4.44,5,-999.0,0,2,2083,0.0438,0
57.02,7,20.45,0,3,1463,0.2931,0
689.06,19,22.3,0,1,2214,0.2404,0
23.73,12,27.62,0,5,311,0.0959,0
20.42,6,7.23,0,4,1237,0.1205,0
26.92,23,8.96,0,4,648,0.1994,0
124.89,1,25.31,0,3,1383,0.1513,0
36.5,17,61.48,0,1,168,0.075,0
169.34,2,13.73,0,5,2667,0.1539,0
36.8,2,18.95,0,2,401,0.1666,0
172.61,2,6.64,0,2,2277,0.1851,0
37.13,4,4.76,0,4,2016,0.4396,0
8.17,13,12.23,0,4,2535,0.1781,0
22.43,19,4.78,0,3,2986,0.3018,0
28.32,22,26.19,0,0,2134,0.1333,0
40.36,7,14.28,0,2,2633,0.4962,0
74.01,5,9.1,0,1,1738,0.162,0
33.45,18,14.91,0,3,1601,0.244,0
31.87,1,8.25,0,2,1485,0.2269,0
103.7,19,13.18,0,2,2818,0.0739,0
46.4,6,2.54,0,2,1954,0.0759,0
35.4,13,32.85,0,1,2223,0.1879,0
199.64,6,85.91,0,6,1445,0.1279,0
133.07,21,21.52,0,3,2037,0.187,0
10.0,10,37.48,0,4,281,0.1243,0
61.9,18,28.5,0,4,1349,0.3073,0
384.16,19,56.65,0,2,1794,0.0789,0
89.43,17,29.15,0,3,1358,0.3307,0
59.63,14,26.87,0,5,2341,0.0786,0
218.29,4,18.25,0,5,833,0.3978,0
27.3,13,2.78,0,3,2654,0.1955,0
82.89,2,5.51,0,3,77,0.354,0
70.65,16,30.39,0,5,2516,0.0784,0
46.65,16,26.2,0,6,533,0.4267,0
111.87,8,29.48,0,3,647,0.1676,0
100.62,10,2.41,0,1,2033,0.1806,0
18.6,14,28.0,0,2,693,0.2078,0
31.95,6,35.86,0,6,2338,0.2481,0
5.5,6,8.18,0,4,2093,0.1215,0
44.4,22,3.27,0,4,1888,0.2657,0
25.61,23,12.14,0,6,631,0.1822,0
19.0,8,18.98,0,6,2125,0.3471,0
6.14,4,7.65,0,4,594,0.1323,0
28.74,20,14.4,0,2,1591,0.0417,0
360.14,17,44.44,0,5,2582,0.0208,0
57.52,5,4.21,0,1,117,0.2549,0
99.18,1,10.4,0,0,1313,0.1684,0
22.68,5,8.94,1,1,592,0.3751,0
28.56,11,13.59,0,7,2243,0.1404,0
40.35,20,53.84,0,3,566,0.3409,0
4.56,19,6.82,0,1,1223,0.6412,0
251.27,7,35.14,0,5,519,0.1085,0
86.55,13,32.0,0,5,2720,0.0359,0
25.38,14,18.61,0,4,1786,0.0602,0
18.24,18,45.18,0,2,233,0.2051,0
16.75,20,29.99,0,0,2321,0.3237,0
37.91,12,12.11,0,3,2762,0.0924,0
20.95,8,40.17,0,2,2090,0.1994,0
23.57,5,32.0,0,2,1438,0.0545,0
84.65,8,19.39,0,1,1631,0.2206,0
237.02,23,1.97,1,2,2209,0.136,0
58.18,14,3.92,0,3,2374,0.2292,0
164.83,19,28.69,0,0,2420,0.112,0
76.81,10,54.18,1,3,2734,0.2474,0
15.87,8,10.11,0,3,1731,0.0747,0
44.73,22,8.24,0,1,791,0.0751,0
53.77,23,55.94,0,1,1038,0.0802,0
58.71,16,12.46,0,4,1920,0.3527,0
40.64,12,5.77,0,3,173,0.1843,0
128.55,22,47.05,0,4,1536,0.1304,0
58.78,4,3.66,0,5,2674,0.1334,0
75.46,1,8.09,0,5,1782,0.302,0
24.95,15,2.11,0,5,2046,0.1029,0
68.56,14,14.79,0,0,2259,0.0305,0
311.65,4,20.67,0,0,95,0.1469,0
97.51,4,41.78,0,6,97,0.1762,0
19.99,6,5.62,0,5,2916,0.3286,0
35.41,14,-999.0,1,4,341,0.1588,0
46.37,3,11.07,0,2,485,0.3505,0
17.69,1,18.58,0,1,1270,0.2725,0
55.08,9,-999.0,0,1,108,0.1339,0
143.99,17,29.54,0,1,2532,0.1933,0
10.0,12,-999.0,0,2,1881,0.1294,0
88.8,5,6.75,0,3,1809,0.1495,0
76.92,21,10.61,0,4,972,0.3952,0
46.91,3,11.2,0,3,2524,0.0951,0
8.49,13,5.04,0,2,1375,0.3443,0
117.18,19,22.17,1,5,2205,0.2303,0
22.46,17,9.79,0,5,1465,0.4189,0
16.22,0,25.42,0,4,1946,0.0254,0
266.68,17,6.38,0,2,464,0.1016,0
48.48,8,20.21,0,0,2404,0.2497,0
59.38,1,8.04,0,3,1617,0.4889,0
20.52,13,50.91,0,4,1774,0.1268,0
33.26,18,10.42,1,3,1091,0.2666,0
13.03,11,36.23,0,2,1460,0.3033,0
41.41,14,60.42,0,5,2582,0.2579,0
36.8,17,-999.0,0,4,2395,0.1579,0
9.29,5,22.44,0,3,1205,0.1734,0
6.74,15,20.72,0,0,2982,0.1413,0
23.17,13,17.78,0,3,2194,0.4304,0
42.15,12,12.46,0,1,1574,0.1025,0
29.31,4,6.32,0,7,2895,0.1443,0
12.56,21,27.0,0,4,106,0.1517,0
90.49,20,60.06,0,2,2347,0.3154,0
56.32,20,74.06,0,4,258,0.0486,0
71.58,0,43.36,0,3,319,0.0246,0
52.89,0,3.39,0,2,2573,0.1543,0
415.36,0,3.13,0,3,500,0.2263,0
47.3,5,31.58,0,4,1934,0.164,0
63.38,22,28.57,0,2,2482,0.0596,0
6.63,14,3.87,0,3,2248,0.087,0
84.37,1,10.28,0,1,100,0.1254,0
20.75,19,10.13,0,2,556,0.1058,0
150.03,3,4.25,0,2,1496,0.0555,0
18.6,8,20.6,0,4,2766,0.2363,0
46.08,2,27.74,0,2,1036,0.2216,0
43.37,2,42.31,0,4,2554,0.2361,0
32.47,16,17.26,0,5,711,0.1045,0
39.27,9,2.21,0,4,879,0.1107,0
24.4,9,19.43,0,1,1697,0.1417,0
10.94,23,23.72,0,2,2302,0.1302,0
6.56,14,5.43,0,3,1290,0.1311,0
14.39,10,18.27,0,11,2253,0.158,0
204.2,18,7.53,0,2,405,0.1722,0
5.92,13,21.73,1,3,2907,0.217,0
12.74,22,15.46,0,3,623,0.2948,0
40.87,20,4.17,0,2,2038,0.1935,0
97.41,21,4.66,0,3,2532,0.3039,0
24.98,1,24.91,0,5,413,0.1653,0
164.2,0,-999.0,0,8,379,0.2923,0
39.99,19,54.7,1,0,1642,0.108,0
37.85,16,0.37,0,4,311,0.2452,0
12.7,8,2.6,0,3,1050,0.1672,0
24.99,7,55.07,0,2,209,0.4147,0
55.72,22,2.61,0,3,2336,0.1511,0
63.04,0,47.76,0,5,566,0.1308,0
76.77,8,-999.0,0,3,2435,0.1538,0
12.02,15,18.92,0,3,2648,0.1528,0
675.24,11,14.55,0,6,944,0.0904,0
31.39,8,19.9,0,3,2816,0.0669,0
80.9,11,33.41,0,2,1894,0.1938,0
40.51,2,18.78,0,3,1267,0.2227,0
37.93,18,19.36,0,3,2406,0.3615,0
17.28,5,-999.0,1,2,2012,0.2146,0
62.61,12,23.55,0,1,2138,0.1337,0
14.48,12,29.32,0,5,936,0.1678,0
25.0,11,59.21,0,3,2813,0.2971,0
155.38,5,10.4,0,2,637,0.1628,0
84.36,22,4.26,0,1,2484,0.0497,0
218.33,1,12.71,0,5,108,0.1844,0
29.06,19,14.28,0,1,2745,0.1741,0
96.08,12,15.24,0,2,2991,0.2664,0
35.82,17,13.85,0,5,271,0.1464,0
20.92,22,46.19,0,5,957,0.1733,0
35.63,18,8.3,0,6,1907,0.4207,0
127.14,20,36.58,0,2,233,0.0621,0
4.75,20,6.12,0,1,2238,0.2978,0
39.09,20,59.49,0,2,171,0.2684,0
17.85,11,-999.0,0,2,2415,0.3637,0
15.56,20,10.14,1,1,120,0.0811,0
18.18,22,120.62,0,3,718,0.3095,0
66.3,14,47.79,0,3,1438,0.1623,0
41.8,5,7.19,0,3,2254,0.2979,0
39.44,12,17.35,0,2,2388,0.1509,0
28.82,11,10.52,0,4,299,0.3052,0
62.28,7,2.87,0,2,2940,0.2863,0
69.0,21,23.42,0,4,1885,0.1979,0
46.98,13,13.72,0,2,1373,0.0395,0
42.87,15,10.19,0,2,144,0.3361,0
109.58,18,20.5,0,2,2329,0.2845,0
22.34,9,24.17,0,4,1251,0.1439,0
396.88,7,12.88,0,3,21,0.1211,0
19.55,4,39.57,1,2,2046,0.1725,0
17.07,17,16.31,0,3,1368,0.2609,0
4.84,21,35.36,0,7,2856,0.0783,0
42.51,16,11.59,0,1,1638,0.0212,0
9.16,1,11.01,0,7,1795,0.4942,0
114.27,22,3.32,0,4,1916,0.1972,0
64.24,16,26.55,0,6,89,0.0618,0
52.44,18,-999.0,1,3,863,0.1711,0
93.55,18,-999.0,0,5,2556,0.1248,0
207.77,1,15.13,0,3,1519,0.0769,0
20.24,5,4.98,0,3,897,0.2891,0
9.36,7,29.6,0,7,2581,0.0287,0
12.45,13,29.09,0,2,1956,0.2019,0
172.63,5,23.47,0,2,692,0.2014,0
10.83,1,18.54,0,6,2832,0.2756,0
221.81,5,77.28,0,4,2017,0.1861,0
538.56,22,-999.0,0,6,2451,0.1843,0
14.66,7,-999.0,0,3,1992,0.2363,0
138.22,12,17.46,0,6,2059,0.2019,0
290.51,11,9.95,0,7,349,0.1212,0
40.78,21,-999.0,0,4,1141,0.0451,0
68.05,9,49.24,0,3,2592,0.3548,0
49.59,11,-999.0,0,3,1271,0.0686,0
7.41,10,29.85,0,6,1736,0.113,0
24.67,9,15.13,0,3,82,0.0141,0
18.92,9,27.27,0,0,1305,0.4291,0
15.05,15,84.97,0,7,2880,0.0652,0
45.73,22,28.08,0,0,1074,0.3922,0
45.38,23,29.69,0,1,1215,0.0188,0
24.85,0,42.34,0,2,2449,0.456,0
42.43,6,44.35,0,8,2617,0.1156,0
197.79,3,25.43,0,4,1151,0.2472,0
14.43,15,21.1,0,4,1261,0.2745,0
114.0,18,25.99,0,4,1317,0.4276,0
113.23,19,29.56,0,6,2341,0.4773,0
187.54,19,3.49,0,4,2238,0.2424,0
107.58,23,25.19,0,1,723,0.275,0
76.42,4,24.47,0,2,300,0.1947,0
208.11,10,11.64,0,2,823,0.2878,0
25.07,5,8.14,0,1,1518,0.2802,0
60.56,5,28.67,0,4,2125,0.1136,0
30.93,9,47.16,0,1,1148,0.042,0
17.15,1,6.54,0,2,2465,0.0439,0
107.65,14,5.66,0,4,1533,0.1371,0
77.81,7,15.83,0,3,2730,0.2099,0
51.99,2,45.82,1,6,1155,0.1382,0
159.0,10,5.06,0,2,2041,0.1968,0
25.38,6,8.72,0,4,2971,0.3497,0
95.97,5,37.67,0,4,1547,0.1762,0
14.58,4,9.91,0,5,464,0.2739,0
9.07,16,0.55,0,2,2906,0.0199,0
303.14,1,4.18,0,5,122,0.0604,0
176.71,6,-999.0,0,6,1536,0.3022,0
96.09,11,27.55,0,3,210,0.242,0
66.19,15,9.95,0,2,1428,0.1146,0
24.45,8,-999.0,0,0,2698,0.1215,0
103.08,19,25.65,0,6,2331,0.1801,0
66.41,13,-999.0,0,2,1765,0.3775,0
30.41,7,20.51,1,5,972,0.2771,0
205.34,2,1.88,1,1,2861,0.2411,0
38.62,18,57.49,0,6,2989,0.1365,0
70.9,20,48.01,0,2,2932,0.3384,0
283.43,4,5.98,0,3,1570,0.1146,0
54.88,18,38.72,0,4,1628,0.2385,0
61.72,12,4.11,1,4,2466,0.0532,0
71.72,9,35.46,0,3,1917,0.137,0
7.24,23,18.67,1,2,1472,0.077,0
230.92,0,8.74,0,3,2680,0.0464,0
65.27,15,15.3,0,1,2219,0.2917,0
110.84,20,7.04,0,4,592,0.1451,0
20.76,1,17.58,0,2,2507,0.0726,0
169.74,8,36.75,0,2,2988,0.0731,0
75.94,0,12.89,0,4,2975,0.3608,0
92.68,19,4.72,0,4,1746,0.0373,0
20.04,15,8.53,0,3,2923,0.1771,0
31.72,2,30.36,0,1,368,0.0673,0
11.85,12,22.78,0,4,1297,0.1666,0
162.15,12,46.57,0,4,2508,0.5334,0
52.3,21,5.11,0,2,1867,0.3273,0
14.86,10,29.64,0,0,163,0.4208,0
76.4,5,12.63,0,2,104,0.2177,0
17.45,18,20.41,0,2,174,0.1289,0
5.16,5,3.39,0,2,600,0.0944,0
29.4,1,2.06,0,1,1952,0.2712,0
189.12,1,16.17,0,6,774,0.0313,0
44.54,16,13.09,0,4,1518,0.0199,0
34.77,15,12.47,0,3,417,0.0482,0
22.85,4,-999.0,0,4,1722,0.182,0
122.07,8,62.07,0,2,2674,0.1907,0
21.78,14,5.03,0,3,1255,0.0953,0
4.57,14,25.15,0,5,496,0.0696,0
155.3,15,1.27,0,2,663,0.0806,0
63.72,17,50.16,1,3,362,0.1464,0
12.54,23,10.75,1,0,1990,0.1535,0
15.75,21,8.74,0,2,730,0.2892,0
32.96,15,8.86,0,3,953,0.1408,0
189.53,16,34.86,0,3,2478,0.0697,0
43.46,6,22.23,0,1,212,0.364,0
64.86,15,25.22,1,3,1022,0.0424,0
52.44,5,1.54,0,3,1850,0.3877,0
9.51,20,17.35,0,2,200,0.3055,0
102.32,21,7.68,0,4,2257,0.1734,0
20.54,6,13.19,0,2,49,0.1818,0
23.71,11,33.36,0,2,2549,0.0225,0
47.28,1,7.12,0,3,2792,0.064,0
97.29,6,14.62,0,4,2010,0.0845,0
19.44,0,26.18,0,6,1196,0.0797,0
41.45,2,5.47,0,3,1162,0.2436,0
307.9,13,11.39,0,6,2016,0.1058,0
65.03,13,36.07,0,5,2131,0.2709,0
131.72,19,41.63,0,3,2994,0.3099,0
195.62,1,-999.0,0,2,2796,0.1176,0
128.39,12,5.04,0,4,996,0.1494,0
49.37,15,5.87,0,0,1223,0.1721,0
279.68,8,27.99,0,4,477,0.2852,0
50.51,6,66.06,0,3,2485,0.3513,0
110.34,12,16.53,1,8,1264,0.3148,0
47.42,1,3.79,0,4,993,0.3693,0
40.11,1,3.8,0,0,1483,0.1373,0
52.81,13,21.07,1,4,1048,0.1136,0
118.56,9,10.89,0,2,2932,0.3806,0
23.76,12,13.6,0,2,253,0.5254,0
69.32,14,53.82,0,4,543,0.2254,0
98.42,21,23.55,0,3,1667,0.0691,0
18.64,18,20.19,1,3,1050,0.0469,0
37.94,19,3.78,0,3,379,0.1753,0
64.89,22,-999.0,0,3,1171,0.1823,0
8.79,0,25.62,0,2,2080,0.0532,0
48.45,3,24.7,0,5,2932,0.1226,0
77.06,8,7.06,0,3,2237,0.1789,0
109.56,20,44.18,0,0,2925,0.0169,0
44.6,10,15.4,0,6,408,0.119,0
83.87,9,9.83,1,6,1612,0.1279,0
271.3,18,31.36,1,6,658,0.1077,0
72.97,0,23.13,0,5,1157,0.376,0
54.31,0,12.98,0,5,232,0.164,0
4.85,2,27.46,0,5,961,0.2233,0
50.61,15,1.46,0,5,1368,0.0953,0
503.64,12,-999.0,0,1,2080,0.1822,0
13.15,16,13.8,0,2,233,0.3177,0
30.1,3,0.41,0,1,2685,0.247,0
61.12,3,84.36,0,3,1080,0.2301,0
21.05,3,25.44,0,2,230,0.4029,0
44.29,18,17.65,0,6,871,0.1568,0
244.42,23,40.57,1,3,1473,0.3218,1
18.54,4,-999.0,0,3,1445,0.1104,0
9.6,7,33.69,0,3,821,0.2624,0
121.75,10,43.16,0,4,609,0.241,0
43.85,0,9.98,0,3,2921,0.3002,0
147.45,4,7.18,0,1,2084,0.1433,0
9.5,20,6.68,0,3,1129,0.1966,0
118.33,7,10.33,0,1,1513,0.0522,0
31.83,0,9.78,0,4,1612,0.1057,0
52.6,12,63.73,0,3,23,0.2889,0
14.43,21,23.19,1,4,1541,0.2462,0
34.69,2,19.63,0,3,1982,0.1766,0
131.98,7,39.71,0,3,491,0.1054,0
55.58,13,34.31,0,5,2084,0.2832,0
110.44,2,34.23,1,3,615,0.1406,0
253.21,17,9.28,0,3,2013,0.1971,0
78.09,8,30.5,0,5,2513,0.0707,0
76.71,14,7.04,0,4,459,0.1062,0
43.26,15,49.28,0,1,1903,0.096,0
137.13,22,-999.0,0,3,2095,0.2606,0
24.09,16,8.17,1,4,2373,0.1115,0
407.77,16,32.82,0,2,2768,0.4404,0
106.17,17,13.33,0,2,1938,0.0515,0
106.62,18,23.43,0,4,2069,0.3626,0
70.99,13,25.53,0,5,2520,0.2287,0
5.44,23,45.26,0,2,236,0.2253,0
79.31,11,12.88,0,1,122,0.2245,0
47.73,16,22.56,0,4,2365,0.1831,0
432.16,9,11.84,0,3,51,0.1541,0
130.91,18,13.04,0,4,1738,0.3113,0
222.9,1,13.83,0,3,1176,0.5672,0
44.41,7,5.66,1,2,2310,0.0932,0
36.57,22,-999.0,0,4,501,0.2233,0
9.64,21,46.54,0,5,1440,0.2608,0
12.19,9,9.97,0,2,804,0.1318,0
54.36,6,31.26,0,3,1167,0.3039,0
123.87,7,102.85,0,4,2304,0.1219,0
172.0,17,38.98,0,1,2454,0.3303,0
34.94,3,63.13,0,4,2423,0.101,0
35.75,11,-999.0,0,4,993,0.1073,0
34.78,2,9.21,0,2,1621,0.1814,0
34.46,19,16.37,0,2,2605,0.406,0
32.51,0,19.59,0,5,1309,0.1554,0
73.21,15,18.93,0,1,226,0.0759,0
94.72,17,7.78,0,5,591,0.2581,0
35.73,2,13.89,0,6,1900,0.0775,0
57.88,12,4.67,0,4,1191,0.3106,0
159.6,23,12.05,0,7,2885,0.1186,0
28.15,16,6.08,0,5,557,0.1422,0
74.67,18,9.55,0,3,1029,0.2663,0
11.73,10,-999.0,0,5,1608,0.2848,0
144.62,8,15.4,0,3,2779,0.133,0
29.08,23,8.93,1,2,1724,0.2947,0
113.62,12,-999.0,0,5,2300,0.077,0
137.9,3,14.72,0,4,388,0.0609,0
120.82,15,45.91,0,3,2483,0.2122,0
190.32,14,34.34,0,5,1952,0.0333,0
26.02,18,32.85,0,3,1993,0.1299,0
41.34,11,5.17,0,0,2256,0.1127,0
37.4,7,10.69,0,1,2080,0.2803,0
24.82,12,10.55,0,2,2033,0.1763,0
16.53,16,16.19,0,6,2971,0.3453,0
26.83,7,31.68,0,3,2456,0.1213,0
42.36,18,12.92,1,3,1091,0.0663,0
29.36,23,4.71,0,4,1171,0.1107,0
48.33,12,25.33,0,4,2309,0.1608,0
20.75,3,15.64,0,5,1495,0.1602,0
44.24,18,5.13,0,5,792,0.1769,0
9.58,14,61.37,0,2,1864,0.1533,0
54.91,2,13.65,0,5,2951,0.0371,0
23.86,6,26.71,0,2,1073,0.1055,0
116.92,14,22.67,0,0,1349,0.0796,0
42.56,1,87.14,0,2,567,0.1013,0
154.07,14,7.97,0,5,560,0.3199,0
43.44,9,30.44,0,2,666,0.1358,0
65.87,9,-999.0,1,5,791,0.1164,0
16.55,14,31.67,0,3,375,0.1311,0
31.68,2,29.71,0,2,135,0.2659,0
41.98,0,9.65,0,6,1546,0.0887,0
39.07,16,-999.0,0,2,1270,0.2128,0
8.14,2,30.46,0,4,1673,0.3396,0
13.58,13,16.81,0,0,2900,0.2036,0
42.79,4,26.41,0,0,2404,0.0341,0
100.54,8,39.93,0,3,662,0.1028,0
671.65,3,12.92,0,2,1036,0.2054,1
35.22,21,19.92,0,6,2534,0.1482,0
102.19,20,32.25,0,2,1266,0.0592,0
46.09,16,11.8,0,3,1565,0.2921,0
22.14,0,4.98,0,4,580,0.071,0
58.0,18,10.6,0,2,2572,0.1343,0
33.92,11,45.07,1,2,314,0.1042,0
90.14,21,41.3,0,2,2280,0.3335,0
93.85,22,25.11,0,1,2544,0.1906,0
25.92,2,17.48,0,4,174,0.1459,0
85.63,5,19.71,0,3,2124,0.1246,0
27.47,20,14.15,0,3,2182,0.1786,0
29.57,3,37.1,1,2,1808,0.0806,0
133.02,11,7.51,0,2,1069,0.0234,0
47.56,18,0.58,1,0,2691,0.2285,0
23.1,11,40.76,0,1,1943,0.2428,0
17.77,18,40.43,0,0,1031,0.1969,0
37.57,20,21.25,0,1,169,0.202,0
160.19,16,28.41,0,2,395,0.3313,0
38.52,11,-999.0,0,3,1146,0.1918,0
44.77,18,1.32,0,1,754,0.2014,0
182.46,5,14.93,0,2,1900,0.1155,0
80.48,0,11.76,0,0,1001,0.1887,0
29.05,11,20.22,0,2,399,0.2383,0
43.29,22,4.22,0,1,1154,0.2197,0
62.83,16,5.34,0,2,36,0.0347,0
17.62,12,11.18,0,1,2807,0.2888,0
218.12,7,14.19,0,3,487,0.1726,0
158.74,9,30.56,0,4,946,0.2063,0
25.08,8,92.5,0,1,2129,0.2986,0
61.46,19,0.55,1,4,2443,0.1747,0
46.28,14,35.16,1,2,1891,0.2383,0
14.68,10,26.24,0,2,2315,0.0478,0
54.06,23,19.62,0,2,2572,0.1922,0
152.12,7,10.11,0,5,2103,0.1139,0
28.09,8,13.63,0,7,2450,0.1359,0
7.42,16,-999.0,0,5,2808,0.2977,0
55.83,1,20.7,0,1,750,0.147,0
18.45,9,17.77,0,5,637,0.1072,0
16.46,22,13.13,0,4,1968,0.0608,0
32.18,12,-999.0,0,3,1704,0.2463,0
91.99,19,32.3,0,5,679,0.0758,0
97.54,13,48.08,1,2,402,0.0095,0
37.94,20,59.85,0,4,21,0.0946,0
56.26,18,20.79,0,2,1969,0.2799,0
175.85,16,16.45,0,5,1133,0.2527,0
49.15,18,9.53,0,1,542,0.2723,0
55.75,5,17.13,0,2,2084,0.0646,0
60.18,18,1.57,0,1,2894,0.0812,0
78.36,10,22.27,0,2,2387,0.1016,0
20.88,0,48.65,0,3,1939,0.164,0
16.92,10,58.29,0,2,1955,0.4711,0
62.24,2,32.23,0,6,2082,0.1223,0
53.96,5,31.71,0,3,624,0.3937,1
33.16,9,7.62,0,5,1208,0.2406,0
52.98,22,22.89,0,3,2351,0.3475,0
20.23,18,16.23,0,2,673,0.0762,0
202.47,12,11.93,0,4,2566,0.1382,0
59.0,13,40.98,0,2,798,0.0172,0
136.02,19,19.6,0,4,2158,0.1147,0
93.44,22,20.31,0,2,2700,0.2214,0
25.15,17,57.41,0,4,1154,0.083,0
40.97,2,10.2,0,2,1737,0.0682,0
24.0,14,52.77,0,3,537,0.178,0
26.22,8,29.31,0,2,353,0.1424,0
44.71,6,32.61,0,3,2598,0.2865,0
125.05,18,15.26,0,7,1575,0.3588,0
22.32,2,22.24,1,2,350,0.1196,0
254.97,17,8.89,0,6,2516,0.2545,0
13.6,18,3.31,0,2,2772,0.2062,0
16.45,16,50.33,0,3,1591,0.2971,0
145.81,3,27.05,0,3,1823,0.5136,0
25.47,3,7.71,1,1,1374,0.215,0
410.98,6,14.72,0,1,518,0.1398,0
22.71,12,21.14,0,8,2504,0.1284,0
30.08,9,8.67,0,4,1944,0.2524,0
24.75,10,13.56,0,2,671,0.3827,0
42.18,20,38.06,0,2,222,0.083,0
70.57,19,12.05,0,3,989,0.1717,0
110.68,19,1.47,0,3,1768,0.4617,0
45.77,0,15.2,0,5,445,0.1079,0
122.27,0,12.53,0,5,2345,0.1367,0
8.16,1,50.35,0,2,693,0.4015,0
59.9,0,43.51,1,3,1776,0.2689,0
8.07,10,21.85,0,4,2463,0.0611,0
71.3,17,9.72,0,4,1173,0.2934,0
13.73,9,10.65,0,2,2770,0.1231,0
31.38,19,7.57,0,0,1691,0.1704,0
206.83,18,-999.0,0,2,1905,0.2649,0
55.78,19,18.77,0,2,2434,0.416,0
74.69,12,17.1,0,4,2410,0.3737,0
17.99,0,-999.0,0,3,1198,0.2321,0
243.97,4,16.25,0,4,1681,0.0471,0
228.29,17,18.72,0,1,2845,0.6259,0
91.81,15,-999.0,0,3,1520,0.2104,0
164.29,2,-999.0,0,5,2559,0.1304,0
86.33,16,12.43,0,1,2280,0.4074,0
151.8,9,96.31,0,6,726,0.2934,0
174.98,4,7.04,0,2,287,0.1367,0
125.22,19,-999.0,0,5,1614,0.2823,0
90.52,4,16.6,0,5,483,0.3117,0
195.28,2,56.5,0,5,693,0.0998,0
64.33,19,20.07,0,2,1556,0.4985,0
62.22,20,11.08,0,1,1105,0.168,0
63.61,8,5.77,0,2,2841,0.0905,0
50.03,7,12.41,0,7,1325,0.2993,0
6.23,15,25.51,1,5,546,0.1831,0
19.52,14,3.16,1,3,2574,0.0655,0
13.01,17,23.32,0,3,1547,0.2063,0
47.28,16,5.47,0,3,652,0.084,0
77.88,15,12.58,0,1,677,0.2198,0
51.42,23,17.92,0,7,2244,0.36,0
126.48,3,3.26,0,4,2205,0.46,0
18.51,2,-999.0,0,3,1856,0.2059,0
57.39,2,16.82,0,4,1394,0.2397,0
23.01,18,21.99,0,3,197,0.2586,0
54.06,17,64.63,0,5,2004,0.161,0
209.83,19,2.33,0,5,1095,0.1168,0
33.81,2,12.92,0,1,2490,0.029,0
4.88,15,29.27,0,3,669,0.1474,0
59.71,15,13.74,0,3,1626,0.2199,0
74.54,10,21.34,0,6,2975,0.4756,0
84.83,11,3.13,0,2,2895,0.1912,0
277.15,20,18.78,0,4,1222,0.0146,0
39.3,9,34.61,0,4,582,0.2368,0
38.69,12,3.71,0,1,2383,0.0528,0
221.56,7,23.83,0,3,267,0.0646,0
60.56,20,29.19,0,3,1354,0.3589,0
49.33,15,3.98,0,4,1742,0.3777,0
23.67,5,6.34,0,3,960,0.0733,0
31.49,22,17.45,0,2,277,0.1456,0
45.89,14,-999.0,0,4,2034,0.2274,0
97.94,20,11.72,0,2,2170,0.0499,0
183.68,12,10.41,0,2,2442,0.0352,0
122.05,6,24.56,0,2,865,0.1858,0
44.22,8,16.32,0,3,1994,0.1669,0
51.4,15,16.95,0,3,2885,0.2542,0
86.73,18,8.63,0,2,2461,0.1576,0
36.64,20,0.96,0,2,1154,0.1452,0
91.6,8,48.59,0,4,1417,0.2932,0
104.62,5,5.09,0,2,885,0.3489,0
225.88,17,70.67,0,2,1595,0.2667,0
3.93,16,14.41,1,5,343,0.0762,0
13.16,5,32.78,1,3,2655,0.3132,0
24.37,3,50.23,0,4,1217,0.3518,0
7.38,18,11.03,0,5,1448,0.2146,0
100.27,5,74.76,0,3,2798,0.0552,0
30.25,7,9.97,1,6,2283,0.1928,0
9.75,3,16.91,0,2,2420,0.3605,0
39.31,4,8.74,0,1,800,0.1409,0
18.21,13,-999.0,0,5,2039,0.1237,0
18.99,18,14.93,0,5,2660,0.321,0
59.65,21,12.63,0,0,895,0.1319,0
52.92,13,32.42,0,1,2861,0.243,0
10.27,21,21.25,0,7,2334,0.3857,0
35.71,14,21.86,0,3,393,0.4725,0
28.78,14,22.96,0,1,2224,0.1332,0
199.47,20,17.16,0,2,445,0.1446,0
39.52,1,9.68,0,2,427,0.126,0
95.18,19,15.87,0,1,1886,0.1827,0
67.08,20,20.63,0,2,844,0.3407,0
12.09,6,-999.0,0,5,26,0.1186,0
25.05,23,21.38,0,3,1587,0.0518,0
84.7,16,33.93,0,3,2800,0.1824,0
34.17,0,-999.0,0,4,2203,0.2324,0
121.38,7,19.45,0,3,621,0.1708,0
222.3,21,65.11,0,8,2809,0.1798,0
26.89,9,21.27,0,5,2537,0.0457,0
195.51,12,39.01,0,1,2717,0.1145,0
96.24,5,6.56,0,3,1570,0.3328,0
21.97,10,18.07,0,2,1326,0.1861,0
67.74,10,26.59,0,2,1808,0.3787,0
162.69,23,21.31,0,5,2893,0.329,0
270.55,9,4.65,0,5,2955,0.0911,0
50.2,13,37.78,0,2,303,0.0481,0
49.28,11,36.82,1,2,287,0.2552,0
26.09,10,34.45,0,7,65,0.065,0
7.76,18,20.55,0,6,910,0.1087,0
21.97,15,28.72,0,6,1699,0.1217,0
254.13,23,21.29,0,2,1668,0.307,0
14.53,19,6.72,0,2,1367,0.3354,0
279.67,7,16.16,1,1,174,0.1944,0
37.28,14,0.5,0,1,187,0.0844,1
56.97,4,14.76,0,2,1283,0.0812,0
22.22,15,41.68,0,4,28,0.1555,0
109.08,20,15.1,0,4,2053,0.1125,0
110.75,10,2.45,0,2,1123,0.1432,0
100.35,4,25.11,0,4,2003,0.1194,0
16.28,21,14.91,0,2,2608,0.0505,0
73.19,17,6.4,0,1,533,0.0626,0
67.63,8,3.7,0,2,2339,0.2106,0
275.86,5,19.85,0,1,160,0.2019,0
3.21,8,47.13,1,3,1737,0.0777,0
77.43,13,87.48,0,2,2848,0.0503,0
223.67,17,31.14,1,4,1979,0.0094,0
128.5,2,-999.0,0,6,1335,0.2954,0
100.03,19,14.62,0,4,389,0.1563,0
25.75,17,36.35,0,2,2335,0.1306,0
177.4,13,10.67,0,1,2238,0.1253,0
25.24,13,24.73,1,1,105,0.2546,0
35.93,12,-999.0,0,3,1670,0.0818,0
20.26,18,-999.0,0,2,182,0.0602,0
115.95,1,5.93,0,2,2117,0.065,0
51.03,21,32.25,1,4,175,0.3766,0
99.27,2,41.94,0,3,1818,0.0909,1
83.95,19,41.93,0,3,1259,0.2152,0
31.52,1,8.83,1,2,1738,0.1787,0
34.59,23,19.18,0,2,1493,0.1162,0
188.07,10,40.7,0,8,1266,0.3916,0
34.09,4,33.48,0,3,1734,0.0939,0
39.79,8,-999.0,0,3,1953,0.0529,0
41.74,9,11.78,0,4,2247,0.0927,0
11.86,19,76.95,1,0,971,0.1882,0
577.68,16,10.97,0,7,1774,0.0187,0
61.66,17,7.81,0,2,2614,0.3113,0
25.38,15,9.09,0,2,2676,0.1908,0
266.18,18,63.4,0,6,603,0.0386,0
70.04,0,53.24,0,3,2431,0.2006,0
81.15,10,46.04,1,3,2974,0.2896,0
15.06,10,19.76,0,2,2221,0.0407,0
91.21,5,4.3,0,1,400,0.3308,0
24.38,11,22.45,0,0,2089,0.3176,0
24.48,3,14.63,0,3,416,0.078,0
27.59,9,6.89,0,4,56,0.2105,0
414.09,4,74.97,0,2,1677,0.0589,0
4.24,14,6.45,0,6,1937,0.1703,0
29.0,5,18.14,0,2,2508,0.4053,0
41.65,21,11.8,1,1,677,0.1163,0
26.72,17,25.25,0,4,1211,0.2167,0
101.31,1,17.42,0,4,1560,0.1049,0
50.32,5,11.32,0,3,547,0.1415,0
44.08,8,0.49,0,4,920,0.1161,0
93.37,18,8.2,0,3,303,0.1735,0
84.89,17,32.18,0,3,2063,0.0842,0
40.65,23,51.0,0,1,800,0.1479,0
9.82,19,76.34,0,6,2817,0.127,0
78.94,13,20.39,0,5,769,0.1732,0
40.14,12,69.02,0,2,2586,0.4473,0
117.49,11,13.12,0,6,1789,0.1435,0
55.5,3,32.09,0,2,2428,0.1937,0
102.8,1,7.3,0,3,2023,0.0681,0
201.69,21,12.49,0,1,1680,0.1273,0
50.12,18,13.35,1,3,1570,0.0776,0
52.45,1,12.63,0,3,1089,0.4503,0
255.95,16,28.21,0,0,2556,0.1551,0
69.29,14,6.54,0,4,1168,0.3071,0
27.31,21,33.87,0,1,1788,0.0331,0
55.78,14,6.49,1,2,1253,0.1573,0
226.4,13,44.79,0,9,1048,0.1566,0
142.2,13,27.74,0,2,1519,0.0653,0
99.36,0,83.07,0,2,409,0.0669,0
45.7,10,17.31,0,6,2076,0.1447,0
3.55,17,3.76,0,0,1999,0.1223,0
127.97,21,12.3,0,3,943,0.0957,0
10.8,22,35.12,0,1,1801,0.1204,0
65.39,3,14.26,0,2,2275,0.2003,0
32.37,21,50.72,0,1,690,0.0589,0
43.67,17,10.43,1,3,1017,0.5062,1
22.35,14,13.39,0,0,796,0.0278,0
13.96,15,47.64,0,1,2519,0.3303,0
46.42,7,17.4,0,3,1291,0.1477,0
79.63,13,15.47,0,2,508,0.308,0
36.01,13,4.33,0,4,409,0.3023,0
60.92,12,13.65,0,3,2471,0.3138,0
2.69,9,7.07,0,5,2442,0.1526,0
44.44,15,71.24,0,1,2219,0.0295,0
26.56,7,37.02,1,2,149,0.147,0
33.38,22,17.33,0,2,984,0.0745,0
16.61,22,9.94,0,1,2140,0.2316,0
25.54,1,19.54,0,5,1658,0.4174,0
65.54,16,8.94,0,2,2327,0.1329,0
20.56,2,21.89,0,4,2242,0.2947,0
181.22,23,31.74,0,3,254,0.1734,0
20.94,23,18.51,0,3,2574,0.4647,0
43.57,22,25.96,0,6,2506,0.2334,0
43.73,20,16.56,0,3,2909,0.2154,0
101.71,22,26.61,0,4,637,0.2553,0
75.85,17,21.56,0,4,1751,0.1036,0
12.33,23,33.29,0,4,2570,0.6507,0
76.66,10,5.68,0,5,1666,0.0725,0
54.21,9,20.07,0,2,2835,0.0838,0
26.24,11,13.36,0,2,677,0.1822,0
255.6,12,32.38,0,3,1940,0.2932,0
11.89,19,47.05,0,3,2592,0.0644,0
47.76,19,26.43,0,4,2321,0.0847,0
37.76,19,8.32,0,2,537,0.1518,0
34.85,20,-999.0,1,2,51,0.1531,0
66.8,13,29.93,1,7,2141,0.2367,0
87.45,3,28.35,0,2,2594,0.2067,0
60.56,17,15.92,0,5,2931,0.2642,0
12.92,17,39.37,0,1,2658,0.0345,0
34.66,22,7.22,0,2,2338,0.0228,0
30.12,19,38.65,0,5,2002,0.3031,0
8.02,6,4.5,0,3,1327,0.1657,0
118.11,22,5.51,0,2,2183,0.1924,0
124.65,0,14.5,0,0,997,0.0136,0
10.38,5,20.1,0,0,2953,0.1923,0
48.07,6,37.2,0,2,2155,0.1173,0
125.14,21,29.32,0,2,1527,0.2797,0
653.93,12,4.01,1,5,1162,0.1951,0
126.24,1,16.46,0,3,1138,0.006,0
123.96,15,6.75,0,2,1135,0.1815,0
14.46,3,6.08,0,2,48,0.0738,0
6.06,11,17.18,0,4,2108,0.3979,0
51.58,23,9.19,0,5,530,0.0732,0
64.71,20,15.98,0,4,813,0.2178,0
37.35,16,36.44,0,3,586,0.3099,0
17.86,23,22.72,1,5,2875,0.0961,0
25.1,15,13.22,0,1,738,0.0354,0
178.37,21,14.8,0,2,1358,0.0419,0
166.58,11,37.85,0,7,772,0.4362,0
33.69,10,47.67,0,0,2801,0.2433,0
304.14,10,19.87,0,4,648,0.1217,0
58.54,7,9.61,0,2,358,0.2907,0
313.53,12,22.85,0,2,2186,0.1974,0
29.56,2,12.26,0,1,2738,0.2541,0
24.67,12,0.39,0,3,2280,0.0589,0
553.87,2,6.92,0,1,2522,0.094,0
61.58,10,32.7,0,8,2266,0.2435,0
14.92,10,2.49,0,1,1403,0.3542,0
98.55,2,9.0,0,2,2488,0.2043,0
47.81,3,6.8,0,3,2718,0.3495,0
60.52,21,12.79,0,5,2198,0.2917,0
181.78,2,71.54,0,4,742,0.1769,0
61.69,8,7.93,0,3,1829,0.322,0
26.48,15,15.72,0,3,748,0.1766,0
111.01,16,2.02,0,4,530,0.0607,0
7.64,3,33.54,0,3,1073,0.1885,0
24.33,13,23.4,1,2,2213,0.2254,0
49.45,20,21.9,0,6,2836,0.3279,0
25.64,6,36.37,0,3,2240,0.0082,0
12.6,19,10.95,0,5,1255,0.2099,0
47.41,14,20.21,1,3,342,0.6355,0
155.25,11,49.46,0,3,625,0.2035,0
20.35,3,37.96,0,1,1908,0.0635,0
92.9,21,50.76,0,2,1709,0.2896,0
11.1,14,19.49,0,3,2116,0.1866,0
123.43,6,27.06,0,5,725,0.1669,0
17.06,13,29.21,0,3,2048,0.2469,0
60.13,22,66.99,0,2,486,0.0611,0
254.26,3,35.68,0,5,325,0.4315,0
31.78,7,10.99,0,1,2283,0.1632,0
76.3,18,1.18,0,4,2790,0.3693,0
57.4,19,8.15,0,0,2799,0.212,0
68.72,21,59.79,0,2,2009,0.1417,0
47.63,1,7.34,0,6,1482,0.1433,0
19.66,15,21.0,0,3,2738,0.4377,0
66.34,22,11.59,0,3,1723,0.156,0
214.81,14,3.61,0,3,2216,0.131,0
95.22,14,42.45,0,9,2132,0.2662,0
89.99,20,15.88,0,2,2724,0.1368,0
12.5,18,1.68,0,4,1914,0.244,0
17.82,7,41.29,0,6,144,0.131,0
9.85,9,6.13,0,1,1561,0.1814,0
5.05,16,10.37,0,5,2226,0.2781,0
38.6,17,23.17,0,7,2224,0.4018,0
84.61,3,34.58,0,3,680,0.1223,0
82.16,12,21.57,0,1,1118,0.3094,0
129.25,1,27.25,0,8,2702,0.457,0
18.12,19,99.71,0,3,2159,0.2167,0
104.71,3,7.85,0,4,361,0.3331,0
13.08,21,8.04,0,3,1179,0.2987,0
95.29,19,11.84,0,1,1694,0.5054,0
6.34,2,25.67,0,3,2754,0.3808,0
249.98,4,8.42,0,2,1564,0.0884,0
38.91,3,7.85,0,4,1220,0.1896,0
34.77,0,1.33,0,4,1172,0.0646,0
61.1,6,-999.0,0,3,855,0.0897,0
28.2,23,2.9,0,0,1712,0.3592,0
27.84,23,12.84,0,4,637,0.1579,0
64.45,10,15.2,0,3,2597,0.1293,0
66.44,11,38.9,1,4,1593,0.1711,0
34.9,5,18.53,0,3,2659,0.0286,0
153.4,14,34.37,0,1,2425,0.3116,0
45.19,22,15.12,0,5,2611,0.2804,0
90.82,19,7.27,1,2,1014,0.5489,0
31.2,19,21.32,1,5,1143,0.2453,0
55.97,13,47.87,0,2,2313,0.2499,0
14.1,9,44.14,0,0,2921,0.369,0
34.24,19,22.09,0,5,2316,0.0689,0
273.34,21,28.7,0,4,1114,0.1527,0
10.86,5,-999.0,0,4,960,0.0781,0
2.85,6,8.61,0,2,1080,0.11,0
22.1,5,21.79,0,4,1323,0.1825,0
24.9,19,5.14,0,3,63,0.1299,0
23.31,19,6.2,0,6,2652,0.0985,0
95.5,1,-999.0,0,4,2549,0.2572,0
30.77,10,20.63,0,4,903,0.1908,0
25.15,23,3.75,0,3,2993,0.0824,0
28.68,23,17.89,0,2,2233,0.1472,0
53.42,3,40.96,0,4,448,0.186,0
35.99,9,6.3,0,4,1322,0.2147,0
24.51,23,5.4,1,3,198,0.3864,0
25.53,15,4.26,0,4,1377,0.2259,0
15.76,8,35.6,0,5,2943,0.3288,0
10.32,20,13.3,0,5,2810,0.0643,0
21.44,3,62.61,0,2,1313,0.185,0
42.53,19,12.6,0,4,347,0.161,0
44.59,16,32.22,0,2,1867,0.3554,0
9.26,10,13.41,0,5,519,0.0637,0
110.03,10,44.05,0,3,768,0.0934,0
119.45,6,20.69,0,1,1112,0.2028,0
43.85,19,3.75,0,3,2962,0.2558,0
9.57,14,15.97,0,1,2169,0.288,0
18.8,3,19.18,0,2,224,0.2826,0
93.73,9,3.27,0,3,1810,0.4788,0
8.85,15,2.83,0,2,1890,0.3465,0
23.25,14,1.66,0,1,27,0.0176,0
67.82,1,6.57,0,5,1751,0.4722,0
389.51,10,6.23,0,7,1708,0.3288,0
50.74,5,7.84,0,4,2057,0.2397,0
8.23,4,19.35,0,2,2000,0.0929,0
170.34,14,26.6,0,2,2077,0.1981,0
107.25,14,-999.0,0,2,1862,0.2115,0
21.3,10,2.24,0,0,1227,0.233,0
77.86,4,21.74,0,1,678,0.1353,0
78.31,17,10.36,0,2,1783,0.2685,0
101.34,5,2.79,0,0,2680,0.3165,0
198.0,5,8.13,0,3,1762,0.034,0
101.49,6,10.61,0,1,1564,0.2765,0
15.45,19,26.95,0,4,32,0.3145,0
43.15,10,24.89,0,7,920,0.1335,0
33.28,3,26.72,0,2,1196,0.2094,0
94.34,11,2.45,0,5,908,0.1562,0
31.02,20,69.63,1,7,2846,0.3661,0
83.75,14,18.66,0,6,128,0.1646,0
62.93,23,19.66,0,5,2071,0.1005,0
104.28,3,-999.0,0,2,2811,0.2449,0
74.06,17,24.05,0,6,757,0.1427,0
9.76,21,36.08,0,4,480,0.3327,0
73.72,16,35.04,0,2,642,0.1357,0
277.05,9,14.51,0,2,2840,0.4537,0
51.89,1,15.92,0,3,29,0.1513,0
30.4,20,89.52,0,3,2492,0.0519,0
4.72,4,17.6,0,2,980,0.472,0
16.41,19,33.89,0,6,2298,0.3183,0
54.97,4,28.88,0,4,1462,0.2909,0
55.8,19,23.31,0,2,2857,0.1704,0
80.28,5,33.18,0,4,2077,0.5775,0
4.44,18,11.34,0,1,2092,0.588,0
110.82,10,10.85,0,2,124,0.1291,0
44.2,0,18.27,0,1,1914,0.1659,0
34.59,10,18.85,0,1,1487,0.3826,0
14.4,13,27.68,0,0,653,0.0824,0
145.52,8,20.07,0,4,1329,0.3098,0
47.4,18,76.86,0,5,2476,0.1009,0
37.46,10,10.13,0,2,777,0.0071,0
1545.09,5,4.78,0,7,2310,0.596,0
127.92,15,30.65,0,4,1955,0.1487,0
31.65,23,0.24,0,7,2087,0.2559,0
43.19,21,27.9,0,2,2396,0.0903,0
13.26,21,12.32,0,3,912,0.2734,0
57.12,9,19.45,0,2,2513,0.3993,0
74.96,4,22.51,0,4,2117,0.1346,0
27.31,3,8.62,0,2,644,0.2664,0
128.13,17,1.04,1,4,182,0.1684,0
88.01,3,1.99,0,4,1815,0.2751,0
30.19,19,15.29,1,2,1992,0.0839,0
135.2,13,4.42,0,0,2322,0.1942,0
40.18,22,22.8,0,2,698,0.0717,0
28.75,15,12.9,0,3,2823,0.183,0
161.26,13,6.15,0,2,1230,0.0857,0
35.35,20,1.89,1,1,2380,0.2114,0
58.44,11,20.05,0,6,2206,0.352,0
30.46,21,-999.0,0,4,416,0.0435,1
12.95,20,10.29,0,3,1359,0.0179,0
67.55,2,1.1,0,3,1887,0.1333,0
71.85,22,12.79,0,6,1608,0.2209,0
47.87,4,73.81,0,1,2722,0.2444,0
21.86,17,50.48,0,4,1374,0.1452,0
239.2,6,46.76,1,2,2126,0.2017,1
38.66,14,35.44,0,2,1482,0.3381,0
23.08,3,35.67,0,2,1038,0.0709,0
42.01,23,19.22,0,3,958,0.1463,0
34.05,10,31.2,0,3,1981,0.0889,0
18.63,11,4.37,0,1,2962,0.0466,0
44.13,3,12.49,0,4,1675,0.2252,0
79.72,17,22.94,0,4,1807,0.1276,0
147.19,3,5.12,0,3,151,0.0803,0
88.05,0,8.62,0,5,1899,0.3273,0
99.94,18,24.33,0,4,1739,0.13,0
78.45,13,23.88,0,0,1938,0.2104,0
88.04,22,8.15,0,4,2478,0.0726,0
34.0,12,48.86,0,8,2068,0.0198,0
27.79,17,67.89,0,4,1387,0.1453,0
67.92,3,4.94,0,2,1344,0.1181,0
24.14,21,15.27,0,2,1400,0.3615,0
27.27,8,19.29,0,2,468,0.0106,0
81.16,4,17.24,0,5,2260,0.1896,0
23.88,21,60.01,0,4,1178,0.1728,0
48.03,9,21.37,0,3,118,0.0496,0
207.65,21,33.41,0,1,2844,0.2746,0
26.46,0,18.21,0,1,346,0.3733,0
22.09,22,7.4,0,1,1133,0.0578,0
85.84,13,33.52,0,5,761,0.1253,0
90.36,14,1.88,0,6,1355,0.4319,0
75.45,3,22.97,0,0,2060,0.4054,0
238.27,20,14.55,0,1,981,0.3789,0
48.62,4,-999.0,0,2,193,0.1373,0
47.88,20,57.65,0,4,1986,0.1131,0
9.74,14,7.53,0,2,2870,0.1769,0
123.88,20,29.29,0,4,309,0.2808,0
23.29,20,45.54,0,3,2384,0.3073,0
86.83,6,34.14,0,4,505,0.0318,0
99.28,8,24.35,0,4,789,0.3325,0
47.39,12,15.5,0,4,185,0.0738,0
57.4,14,10.29,0,3,1449,0.3553,0
19.56,6,35.22,0,1,2619,0.0443,0
179.21,20,84.43,0,6,236,0.0262,1
52.97,4,8.99,0,2,970,0.2784,0
26.35,22,30.85,0,2,402,0.2039,0
43.95,23,28.83,0,1,1005,0.4791,0
114.27,22,5.46,0,5,340,0.0511,0
12.44,20,16.21,0,6,1000,0.3092,0
42.86,1,19.96,0,5,114,0.2716,0
117.47,0,6.83,0,5,558,0.1626,0
39.76,1,44.79,0,0,1841,0.1306,0
37.53,11,23.14,0,2,509,0.1531,0
60.64,1,18.59,0,4,2379,0.2304,0
82.56,9,25.56,0,3,704,0.1637,0
34.56,14,2.66,0,1,1137,0.0445,0
9.28,22,2.26,0,1,2640,0.3564,0
11.96,4,33.85,0,3,290,0.0856,0
150.67,11,14.86,1,6,1140,0.1835,0
131.35,16,30.45,0,1,2034,0.3469,0
54.32,23,33.13,0,5,274,0.301,0
25.75,10,12.16,0,2,1333,0.2937,0
48.76,0,11.75,0,5,2587,0.2651,0
21.35,7,7.27,0,1,1053,0.0673,0
32.78,7,43.02,0,4,2599,0.1065,0
12.28,21,9.06,0,3,1331,0.145,0
9.64,3,2.56,0,1,2552,0.2253,0
79.31,13,25.15,0,7,2647,0.5181,0
17.37,23,10.65,0,5,2275,0.1869,0
8.35,21,18.24,0,5,1179,0.0439,0
99.35,3,28.23,0,5,1258,0.1089,0
101.59,1,53.78,0,4,960,0.166,0
205.45,9,18.09,0,0,2215,0.3321,0
36.25,12,39.68,0,3,803,0.3124,0
54.87,14,30.08,0,1,1356,0.2012,0
91.6,8,8.86,0,4,1395,0.3002,0
20.25,5,6.6,1,1,707,0.2167,0
382.96,18,10.91,0,2,460,0.064,0
27.4,19,6.83,0,3,625,0.0607,0
65.3,3,32.69,0,6,2910,0.4111,0
91.8,3,9.77,0,3,843,0.2726,0
57.3,1,17.15,0,2,2279,0.1325,0
149.47,6,6.04,0,2,1102,0.2482,0
116.02,17,6.16,0,4,2445,0.2475,0
17.17,6,5.85,0,5,2566,0.2709,0
100.06,12,39.7,0,4,1888,0.1897,1
31.62,19,18.79,0,0,2436,0.1839,0
85.74,20,30.68,0,0,745,0.3864,0
23.2,23,21.25,0,4,1738,0.2754,0
169.95,0,9.97,0,5,1347,0.2644,0
28.57,8,18.01,0,2,706,0.0709,0
83.14,2,14.4,0,4,133,0.2474,0
38.58,17,87.19,0,4,55,0.2813,0
14.88,17,-999.0,0,2,2647,0.1583,0
62.88,4,57.45,0,4,2398,0.0143,0
27.65,23,2.16,0,8,2208,0.0701,0
20.33,10,-999.0,0,4,2115,0.1842,0
16.12,4,91.92,0,2,102,0.0946,0
32.0,5,25.97,0,0,1551,0.2011,0
59.01,13,8.63,0,5,813,0.02,0
30.96,14,35.91,1,0,2033,0.1214,0
67.64,10,43.26,0,2,1262,0.2793,0
90.06,17,25.16,0,4,2645,0.3245,0
59.17,7,43.06,0,3,2283,0.1302,0
99.41,8,23.88,1,3,2003,0.0534,0
57.52,19,2.55,0,1,1921,0.0908,0
64.4,1,-999.0,0,0,1137,0.2553,0
154.15,23,10.33,0,3,55,0.1346,0
199.32,12,8.19,1,8,2167,0.1339,0
30.25,22,21.06,0,2,1020,0.4456,0
52.84,7,8.12,0,2,1531,0.0636,0
8.86,17,10.73,0,5,2396,0.2642,0
249.62,1,22.66,0,2,1823,0.5521,0
183.01,10,44.26,0,3,2199,0.6122,0
3.39,19,8.19,0,2,2464,0.0434,0
3.68,23,21.74,0,2,1974,0.1233,0
10.5,12,14.64,0,2,1540,0.1701,0
41.46,10,7.1,0,5,374,0.1767,0
3.63,4,17.51,1,2,1920,0.3997,0
122.94,17,22.05,0,3,2075,0.0924,0
51.82,12,26.86,0,1,2727,0.1528,0
106.44,23,8.71,0,2,505,0.0136,0
55.65,8,49.26,0,5,339,0.0426,0
38.14,11,47.63,0,5,61,0.4135,0
45.44,6,19.66,0,6,1368,0.4062,0
39.81,13,14.39,0,3,2785,0.1529,0
152.73,9,9.18,0,2,485,0.3513,0
86.39,1,28.29,0,3,675,0.0951,0
26.34,2,2.57,0,6,2753,0.2833,0
39.82,2,12.04,0,2,1923,0.1797,0
20.94,5,10.38,0,2,2307,0.1845,0
38.52,16,47.86,0,2,819,0.2795,0
32.15,9,11.13,0,2,1854,0.0406,0
59.55,4,33.51,0,0,1021,0.1261,0
4.44,14,32.05,0,3,1535,0.2528,0
6.94,17,17.58,0,3,2301,0.2002,0
243.71,23,8.98,0,2,54,0.3433,0
92.12,17,25.43,0,4,2977,0.3015,0
28.89,8,4.64,0,3,1633,0.2007,0
32.7,21,13.99,0,1,477,0.1709,0
8.4,5,20.88,0,4,2471,0.3544,0
40.11,12,24.94,0,2,2125,0.1618,0
8.15,4,11.45,0,4,736,0.1173,0
97.88,1,8.24,0,3,2465,0.1096,0
8.05,15,9.77,0,5,2244,0.2038,0
55.12,9,12.59,0,2,782,0.0752,0
23.42,16,18.85,0,2,2408,0.3165,0
63.64,13,5.41,0,4,963,0.123,0
36.43,5,54.14,0,5,2346,0.1396,0
27.96,22,5.0,0,3,2792,0.2762,0
66.54,23,14.08,0,2,2061,0.1762,0
178.36,0,6.54,0,5,1528,0.3108,0
13.55,21,20.74,0,3,1255,0.3349,0
120.4,3,18.97,0,6,2754,0.3015,0
130.8,1,13.6,0,4,2978,0.1003,0
59.79,10,13.32,0,1,127,0.2894,0
40.53,0,17.3,0,3,2368,0.2926,0
21.24,16,24.87,0,4,128,0.1712,0
6.23,3,14.86,0,2,2465,0.0894,0
104.36,7,13.06,0,5,796,0.0535,0
115.4,4,16.19,0,0,365,0.3708,0
84.01,6,13.71,0,4,2934,0.0149,0
39.19,6,8.52,0,1,242,0.2891,0
35.46,23,20.58,0,4,1232,0.1306,0
25.13,9,28.63,0,2,608,0.1029,0
127.44,0,3.45,0,3,876,0.1182,0
29.61,11,29.17,0,2,2717,0.215,0
45.1,10,10.96,0,2,1784,0.1086,0
156.39,23,15.85,1,3,1793,0.6895,0
16.45,19,30.75,0,2,2892,0.0983,0
98.15,13,40.81,0,2,2150,0.2108,0
278.24,23,55.66,0,1,758,0.3345,0
29.2,20,25.86,0,5,322,0.308,0
64.42,1,3.71,0,3,736,0.152,0
50.55,21,2.14,0,1,1082,0.1764,0
20.27,1,6.85,0,1,949,0.081,0
138.98,12,6.52,0,3,100,0.341,0
9.42,1,41.8,0,5,2747,0.2084,0
83.94,13,18.63,0,5,179,0.1723,0
39.04,22,33.7,0,3,1498,0.1833,0
59.42,19,34.44,1,2,2817,0.0563,0
116.76,16,49.34,0,2,2741,0.1468,0
182.16,20,14.5,0,0,2112,0.0478,0
144.88,5,17.1,0,1,212,0.0535,0
18.93,23,6.87,0,3,1245,0.0811,0
52.11,18,12.84,0,4,858,0.2665,0
111.79,22,29.49,0,1,2898,0.2881,0
156.35,21,43.21,0,2,2739,0.0196,0
29.73,17,15.14,0,3,1572,0.4626,0
32.67,1,12.01,1,2,550,0.2849,0
21.9,6,18.41,0,2,2862,0.0388,0
17.81,5,3.57,0,3,1198,0.1636,0
136.71,13,36.52,0,0,655,0.2456,0
13.89,20,29.46,0,2,2581,0.2879,0
29.59,19,76.13,0,1,973,0.1366,0
65.75,5,11.59,0,5,477,0.1123,0
187.98,14,30.93,0,2,1197,0.4408,0
4.52,21,16.94,0,3,2420,0.348,0
24.14,9,13.18,0,4,1331,0.0991,0
45.03,11,10.73,1,5,1009,0.2866,0
39.99,18,14.31,0,9,1842,0.1129,0
45.82,15,7.23,1,3,1722,0.1374,0
209.47,18,3.54,0,2,1378,0.3208,0
19.12,6,14.0,0,2,2902,0.271,0
186.5,1,56.19,0,1,2428,0.0828,0
95.06,2,14.57,0,4,183,0.2374,0
21.21,17,9.73,0,4,1804,0.0513,0
49.57,22,9.3,0,4,2811,0.1279,0
31.48,11,3.82,0,1,2284,0.1937,0
65.76,12,31.37,0,1,1810,0.1015,0
15.63,3,46.77,0,3,2719,0.3795,0
104.65,10,30.88,0,3,595,0.3407,1
9.75,11,25.54,0,2,802,0.136,0
39.12,21,0.22,0,1,384,0.0911,0
77.31,16,28.78,0,6,1990,0.1022,0
62.9,4,18.01,0,4,2578,0.1995,0
8.52,6,23.99,0,2,2944,0.0614,0
84.11,13,49.93,0,4,1879,0.061,0
80.53,10,22.28,0,1,2633,0.0506,0
33.55,21,13.72,0,1,2485,0.1981,0
129.35,12,-999.0,0,2,963,0.0762,0
31.78,10,13.85,0,2,2187,0.1482,0
61.15,14,27.76,0,3,2416,0.1556,0
127.95,12,0.35,0,8,2672,0.2376,0
115.46,17,8.51,0,3,2795,0.2064,0
28.05,15,39.24,0,1,2904,0.0749,0
72.9,8,24.31,0,2,2700,0.3072,0
37.05,2,29.22,0,4,421,0.0968,0
4.84,14,23.12,0,1,292,0.5111,0
219.23,5,16.61,0,3,655,0.3527,0
19.39,18,20.6,0,0,1350,0.1095,0
70.75,17,38.9,0,3,952,0.0697,0
31.48,13,15.7,0,4,1944,0.1801,0
65.02,13,48.98,0,2,1282,0.192,0
17.69,20,23.46,0,4,914,0.2702,0
78.58,10,19.99,1,2,2147,0.1101,0
45.29,7,6.63,0,2,2082,0.1436,0
27.24,11,27.48,0,3,1963,0.0575,0
14.61,3,7.44,0,2,2528,0.3177,0
147.29,2,16.76,0,3,2189,0.1621,0
12.18,1,-999.0,0,3,1877,0.0092,0
9.82,3,57.92,0,3,439,0.2017,0
25.08,14,20.12,0,3,1948,0.1112,0
47.15,21,23.6,0,4,2673,0.2296,0
45.41,2,12.1,0,1,2007,0.3158,0
27.58,0,20.08,0,4,1292,0.0623,0
137.74,5,46.94,0,2,2883,0.2051,0
24.98,9,15.05,0,4,2104,0.0756,0
60.67,21,1.77,0,1,2738,0.175,0
28.59,1,25.6,0,3,485,0.1017,0
61.05,3,-999.0,0,2,312,0.0205,0
129.65,12,10.56,0,3,1546,0.078,0
47.79,13,-999.0,0,5,2169,0.2502,0
63.85,16,60.71,0,4,2636,0.2234,0
111.01,23,16.31,0,2,212,0.0419,0
21.61,13,28.33,0,2,361,0.2166,0
88.5,19,26.45,0,3,2513,0.0644,0
13.43,6,18.0,0,0,1543,0.2052,0
32.01,2,25.42,0,3,36,0.2262,0
140.55,5,12.41,0,4,763,0.2475,1
192.22,23,7.59,0,0,1431,0.3085,0
27.42,11,16.32,0,1,1296,0.1096,0
122.89,12,34.83,0,1,2860,0.239,0
82.72,18,31.72,0,3,1905,0.1169,0
33.1,14,1.72,0,2,790,0.1549,0
40.62,8,17.83,0,5,513,0.1618,0
237.3,19,12.22,0,3,1916,0.0647,0
21.14,21,31.78,0,5,196,0.0925,0
53.36,0,3.51,0,3,2743,0.1739,0
62.73,21,5.6,0,1,249,0.1825,0
5.66,8,27.29,0,3,2865,0.3515,0
364.49,19,56.49,1,2,1838,0.0677,0
228.29,23,20.89,0,1,2069,0.0798,0
42.2,15,13.64,0,2,1681,0.27,0
52.9,22,11.6,0,2,2529,0.0885,0
55.09,23,4.02,0,4,1029,0.2936,0
57.25,4,8.14,0,1,2196,0.2971,0
21.28,16,-999.0,0,3,1206,0.2004,0
29.24,19,53.63,0,4,1764,0.1425,0
30.4,21,17.27,0,6,2406,0.0443,0
16.38,10,8.56,0,3,183,0.0836,0
39.6,15,7.82,0,3,903,0.4221,0
33.57,21,0.75,1,2,996,0.2629,0
64.84,10,23.06,0,1,541,0.3561,0
20.71,4,22.68,0,1,1383,0.1264,0
26.39,13,25.45,0,0,2877,0.1057,0
27.13,19,9.95,0,1,2247,0.1178,0
415.08,7,15.69,0,3,1398,0.1677,0
144.98,1,3.34,0,4,622,0.183,0
182.66,14,18.17,1,5,2943,0.1366,0
46.65,18,19.17,0,2,895,0.0709,0
78.63,21,66.85,0,4,1403,0.2799,0
112.43,16,7.51,0,4,763,0.0705,0
34.78,11,12.98,0,4,2132,0.0266,0
44.23,18,-999.0,0,6,1922,0.5832,0
45.2,12,13.7,0,1,2791,0.2374,0
50.64,6,-999.0,0,3,1519,0.25,0
128.16,5,27.54,0,5,80,0.3915,0
211.28,16,1.95,0,3,2185,0.4634,0
38.87,8,2.56,0,2,1057,0.2083,0
64.44,9,81.86,0,2,595,0.0378,0
66.52,20,15.82,0,5,2992,0.2385,0
5.83,2,32.52,0,2,324,0.4309,0
105.97,9,23.65,0,2,2349,0.1164,0
93.49,4,16.68,0,1,1015,0.238,0
68.48,14,7.09,0,4,1776,0.1619,0
26.53,15,21.65,0,3,342,0.1786,0
35.59,6,8.81,1,4,2994,0.2578,0
564.26,6,24.75,0,3,1018,0.2081,0
77.91,23,-999.0,0,2,2255,0.2344,0
11.29,18,4.18,0,4,1958,0.2853,0
103.34,5,34.48,0,3,517,0.1684,0
61.96,1,13.8,0,1,751,0.1376,0
18.24,0,-999.0,0,0,84,0.1822,0
5.95,10,2.66,0,0,1784,0.0735,0
6.84,18,3.95,0,2,116,0.0111,0
85.73,8,54.29,0,6,1682,0.3871,0
153.54,20,26.14,0,2,1035,0.3065,0
18.67,6,5.31,0,1,1949,0.2635,0
243.56,1,39.81,0,3,2400,0.178,0
148.54,23,27.79,0,1,1300,0.0506,0
23.52,15,4.26,0,2,2978,0.1415,0
33.63,3,6.38,0,2,1423,0.0719,0
2.61,16,22.89,1,4,177,0.3032,0
5.4,20,25.61,1,1,1850,0.051,0
33.0,17,7.24,0,3,2284,0.0932,0
98.62,19,42.38,0,1,1124,0.2154,0
13.01,6,15.87,0,1,2797,0.0865,0
6.26,18,33.23,0,5,2152,0.378,0
48.24,10,20.93,0,4,1776,0.2257,0
16.22,20,-999.0,0,2,2130,0.0226,0
33.22,21,7.94,0,4,2514,0.1854,0
69.33,2,14.21,1,4,2044,0.1002,0
7.17,20,1.68,1,6,2195,0.1537,0
54.62,18,9.63,0,5,1152,0.0165,0
28.82,2,20.96,1,4,1911,0.3863,0
120.88,17,5.49,0,1,1246,0.0958,0
18.39,13,2.0,0,4,63,0.1339,0
13.71,20,14.69,0,3,1305,0.0805,0
28.11,1,6.78,0,2,1852,0.1347,0
12.87,1,17.34,0,2,1212,0.3033,0
1.49,2,25.96,0,2,1013,0.1022,0
360.2,8,1.56,0,2,1431,0.155,0
6.75,0,34.26,0,2,733,0.1162,0
84.77,16,24.95,0,2,1695,0.1244,0
114.26,13,32.96,0,3,1472,0.0515,0
312.9,6,15.92,0,3,723,0.1787,0
44.66,13,19.75,0,1,1765,0.3903,0
353.84,22,37.43,0,2,1916,0.2077,0
59.88,19,27.27,0,2,2418,0.3347,0
195.33,2,35.17,0,3,277,0.1648,1
5.56,22,13.12,0,5,1870,0.1788,0
31.31,16,19.12,0,4,1096,0.1672,0
29.84,20,30.33,0,2,2876,0.0105,0
111.82,13,4.77,0,6,908,0.1732,0
20.91,22,2.43,0,2,595,0.2271,0
66.44,11,64.65,0,6,1775,0.1044,0
12.97,6,41.0,0,3,998,0.1962,0
18.55,23,4.81,0,8,2682,0.1389,0
14.72,12,8.65,0,2,2570,0.1122,0
52.26,4,17.76,0,6,51,0.2399,0
22.08,21,16.36,0,1,827,0.3055,0
21.42,19,51.7,0,1,1875,0.2572,0
25.57,5,5.29,0,3,2529,0.172,0
19.66,13,68.41,1,2,1422,0.1394,0
26.65,23,7.91,0,5,2325,0.0763,0
66.79,6,42.42,0,1,2432,0.1701,0
151.49,6,9.99,0,5,2829,0.1017,0
49.03,22,15.5,0,1,1720,0.3578,0
112.77,12,37.42,0,2,76,0.0732,0
65.25,17,18.4,1,2,2829,0.1101,0
40.89,2,1.97,0,5,1703,0.0317,0
56.15,8,58.18,0,3,663,0.0401,0
31.28,0,21.03,0,2,893,0.1855,0
246.63,23,22.71,0,4,2595,0.1147,0
104.65,1,30.28,0,2,2009,0.0838,0
174.06,23,55.41,0,6,1244,0.2748,0
42.54,3,9.96,0,2,488,0.1057,0
0.9,21,5.72,0,2,2440,0.0828,0
10.6,3,3.27,0,0,2092,0.0892,0
16.55,9,12.18,0,3,2786,0.3006,0
21.73,12,22.97,1,3,142,0.1862,0
86.03,9,21.55,0,3,2228,0.0339,0
133.84,4,56.5,0,8,793,0.3469,0
138.14,15,22.13,0,4,2620,0.2085,0
66.73,8,34.07,0,1,1594,0.126,0
147.12,8,31.97,0,4,890,0.3726,0
5.21,6,-999.0,0,3,235,0.2921,0
48.4,23,71.16,0,6,2725,0.1471,0
97.27,11,13.08,0,2,701,0.2442,0
48.01,19,51.2,0,2,1234,0.0367,0
32.6,7,51.23,1,3,2116,0.221,0
252.9,5,18.86,0,3,2240,0.124,0
144.34,13,22.98,0,4,1345,0.0746,0
28.54,21,-999.0,0,1,2769,0.4203,0
350.83,19,21.81,0,2,2509,0.217,0
101.72,1,13.71,0,1,1835,0.2157,0
319.73,6,-999.0,0,4,2160,0.313,0
36.34,22,39.36,0,2,1801,0.1326,0
18.48,17,6.23,0,2,1698,0.0163,0
9.89,22,7.45,0,3,2716,0.3202,0
59.13,18,20.05,0,6,210,0.3034,0
8.59,16,14.04,0,2,1465,0.5042,0
27.88,17,8.72,1,2,657,0.0717,0
12.01,8,8.81,1,5,2617,0.1095,0
9.49,15,30.2,0,0,521,0.2506,0
21.66,22,5.44,0,3,2741,0.2043,0
69.65,21,28.61,0,3,2160,0.0145,0
62.96,9,14.28,0,4,2810,0.2511,0
90.69,0,3.99,0,5,2255,0.3987,0
8.51,5,8.5,0,3,582,0.0624,0
12.75,15,43.76,0,0,288,0.1957,0
124.36,14,12.65,0,4,1181,0.2794,0
140.46,4,23.92,0,1,2957,0.0378,0
40.66,11,14.85,1,3,907,0.2863,0
365.62,5,21.4,0,5,554,0.0422,0
23.6,5,9.54,0,5,1299,0.1144,0
37.68,2,13.53,0,1,1376,0.1857,0
84.49,11,-999.0,0,1,462,0.173,0
37.44,1,22.09,0,5,1166,0.3689,0
325.53,6,-999.0,0,4,546,0.2773,0
22.77,19,66.95,1,2,1514,0.2426,0
37.6,19,35.31,0,0,2941,0.2698,0
26.21,18,31.27,0,6,1770,0.276,0
84.61,15,15.99,1,4,2163,0.1998,0
50.18,5,16.45,0,1,1655,0.4101,0
46.31,8,12.87,0,4,1046,0.3873,0
79.32,4,10.5,0,6,430,0.0941,0
115.59,13,-999.0,0,1,1794,0.1483,0
10.65,17,12.99,0,5,2277,0.1959,0
10.95,2,20.13,0,1,1141,0.2379,0
66.44,17,30.8,0,5,1152,0.1394,0
257.79,1,18.04,0,3,1421,0.475,0
15.13,15,11.98,0,2,208,0.2091,0
80.29,9,25.12,0,2,2785,0.0948,0
45.25,8,61.52,0,4,1401,0.3231,0
79.85,0,15.01,0,2,865,0.3425,0
27.06,17,29.12,1,0,290,0.1265,0
16.62,10,10.46,0,2,1915,0.1462,0
131.59,15,7.7,0,2,2023,0.2301,0
58.24,7,24.21,1,5,1108,0.1333,0
12.81,11,27.84,0,2,571,0.1744,0
50.99,9,25.47,0,4,2334,0.2887,0
127.98,4,11.12,0,3,1442,0.0959,0
10.11,21,11.63,0,0,2222,0.2007,0
19.05,9,22.39,0,5,2585,0.0581,0
92.53,16,13.84,0,0,2775,0.103,0
20.24,19,5.91,0,4,2488,0.2691,0
78.53,14,54.94,0,2,1247,0.155,0
32.9,12,7.02,0,4,535,0.1773,0
5.39,4,37.61,0,1,537,0.3866,0
63.07,22,130.19,0,0,1492,0.2666,0
35.66,15,14.44,0,0,101,0.0647,0
175.03,6,14.13,0,4,2702,0.2901,0
15.19,15,22.55,0,1,1618,0.0776,0
38.26,20,75.23,0,4,1007,0.0426,0
26.32,12,14.55,0,3,341,0.2943,0
29.12,17,9.22,0,5,2378,0.3735,0
184.37,17,15.85,0,2,793,0.1725,0
47.84,0,9.9,0,4,1543,0.4994,0
35.2,9,7.12,0,1,2334,0.4622,0
27.21,1,18.65,0,2,2249,0.1366,0
202.15,12,21.02,0,4,1088,0.3062,0
21.15,22,21.31,0,3,2756,0.2867,0
58.83,19,29.28,0,3,1702,0.251,0
45.82,1,40.91,0,2,162,0.1537,0
35.09,4,30.32,0,6,401,0.0881,0
199.37,19,12.61,0,2,2968,0.1766,0
314.75,12,19.19,0,5,2363,0.0417,0
71.08,11,4.46,0,1,842,0.1772,0
127.13,0,3.37,0,1,736,0.1603,0
40.52,10,27.14,0,4,2853,0.3546,0
118.06,3,4.65,0,3,471,0.1834,0
37.3,21,9.83,1,5,1496,0.1531,0
38.91,4,41.16,0,3,1222,0.0591,0
68.69,0,27.77,0,2,295,0.1517,0
38.55,20,33.0,0,2,1957,0.158,0
18.4,21,30.63,0,0,495,0.0784,0
228.22,7,2.09,0,3,254,0.1283,0
8.15,23,22.93,0,3,1871,0.1911,0
36.01,10,47.35,0,3,2751,0.3385,0
10.83,12,14.28,0,2,404,0.2539,0
52.25,8,2.14,0,6,602,0.26,0
73.79,7,21.71,0,3,491,0.3136,0
24.31,4,2.63,0,3,2184,0.1299,0
9.0,16,21.55,0,3,1468,0.1757,0
25.05,11,5.02,0,4,2676,0.1619,0
122.37,17,4.28,0,5,816,0.7646,0
163.27,12,14.21,0,6,2373,0.1711,0
88.93,9,44.75,0,1,2574,0.064,0
78.26,0,8.06,0,1,362,0.5201,0
32.92,6,69.07,0,4,2791,0.1913,0
72.8,10,36.97,0,1,2327,0.1302,0
24.7,14,19.36,0,5,1909,0.0584,0
96.95,15,34.01,0,0,2117,0.2295,0
90.92,21,30.66,0,3,2478,0.1249,0
45.07,19,20.41,0,1,751,0.0071,0
89.83,10,38.8,0,2,2309,0.194,0
52.67,21,15.39,0,2,1352,0.2831,0
84.78,2,28.85,0,2,2406,0.2816,0
20.31,22,42.62,0,3,915,0.4959,0
36.43,15,-999.0,0,4,109,0.4932,0
56.34,8,20.45,0,3,748,0.1226,0
14.88,23,1.68,0,1,2080,0.116,0
44.43,22,11.68,0,4,117,0.2555,0
61.53,0,17.4,0,4,249,0.0508,0
31.82,16,18.05,0,6,1144,0.2348,0
41.18,10,8.19,0,1,2278,0.2421,0
212.25,5,10.54,0,1,2859,0.3265,0
82.99,9,38.05,0,3,2191,0.0944,0
15.25,12,-999.0,0,6,898,0.1403,0
118.64,0,29.34,0,3,295,0.1332,0
28.4,5,24.01,0,1,1027,0.1976,0
241.84,12,24.42,0,1,1258,0.3789,0
12.13,21,43.55,0,1,1533,0.29,0
22.7,11,8.07,0,1,843,0.2822,0
98.04,14,30.7,0,0,1214,0.0941,0
73.15,9,25.72,0,4,1422,0.2478,0
213.49,7,8.12,1,7,2790,0.2449,0
48.9,8,-999.0,0,2,2414,0.2125,0
12.86,5,25.3,0,2,2511,0.1511,0
16.59,7,20.92,0,4,461,0.2666,1
95.52,23,9.71,0,2,1233,0.3307,0
23.66,8,17.63,0,2,382,0.0533,0
38.71,5,6.59,0,5,1300,0.3205,0
99.22,13,5.39,0,2,2871,0.372,0
16.12,22,44.51,0,2,1101,0.1106,0
18.02,7,9.8,0,1,350,0.1998,0
11.75,12,6.78,0,2,2027,0.1205,0
92.06,3,25.91,0,6,548,0.2266,0
37.69,19,0.28,0,4,1326,0.2523,0
202.58,9,67.3,0,5,1076,0.3078,0
109.01,22,12.12,0,1,2402,0.2305,0
180.19,9,4.46,0,5,161,0.0537,0
100.76,22,89.72,1,3,1903,0.2014,0
14.79,15,12.49,0,1,312,0.2439,0
31.27,0,27.31,0,4,216,0.1117,0
11.85,21,7.62,0,2,1415,0.2472,0
12.53,18,9.75,0,2,1763,0.173,0
76.34,23,17.58,0,4,710,0.0761,0
61.22,20,25.37,0,4,1930,0.1124,0
6.32,21,18.33,1,2,2161,0.1476,0
61.42,12,17.83,0,3,2592,0.1594,0
7.93,20,12.03,0,2,40,0.3914,0
6.42,4,4.57,0,2,89,0.0927,0
167.41,13,33.56,0,5,2555,0.0919,0
51.47,12,4.24,0,3,297,0.2109,0
30.06,23,1.74,0,3,2025,0.2019,0
63.62,4,2.41,0,5,2254,0.3053,0
10.32,14,39.28,1,2,1459,0.0996,0
23.86,14,5.83,0,3,1219,0.034,0
33.16,10,26.85,0,1,2909,0.0394,0
15.02,8,19.53,0,3,718,0.2911,0
8.17,15,8.27,1,1,1887,0.2291,0
32.57,10,37.67,0,3,923,0.1702,0
82.31,20,53.96,0,4,1036,0.1856,0
13.99,6,60.77,0,2,1172,0.2943,0
45.44,4,49.78,0,5,550,0.0663,0
7.54,5,0.9,0,1,2022,0.126,0
4.47,14,27.18,0,5,2767,0.442,0
44.97,20,20.16,0,2,999,0.0874,0
45.65,6,4.74,0,5,1924,0.2479,0
18.61,7,40.83,0,1,731,0.2232,0
22.78,5,11.34,1,6,2575,0.1911,0
46.63,14,12.21,0,4,888,0.1186,0
249.49,2,60.49,0,5,932,0.0963,0
39.67,16,4.21,0,2,2837,0.1161,0
43.0,16,55.04,0,2,2376,0.1321,0
33.07,18,-999.0,0,2,987,0.2619,0
37.84,2,2.5,0,9,2424,0.0827,0
140.25,16,-999.0,0,1,701,0.2223,0
34.8,8,46.84,0,5,220,0.0731,0
20.87,5,3.64,0,3,569,0.3285,0
13.53,22,55.75,0,3,506,0.0837,0
55.31,20,57.48,0,1,2599,0.2317,0
82.77,22,27.06,0,1,2845,0.0635,0
50.2,4,18.5,0,3,403,0.0191,0
37.66,4,25.56,0,1,1682,0.2813,0
146.69,19,4.06,1,3,2328,0.2427,0
35.31,21,29.1,0,2,303,0.166,0
8.99,0,41.53,0,2,1288,0.2724,0
7.55,17,112.5,0,2,2517,0.1185,0
56.13,15,7.77,0,2,1690,0.299,0
25.28,21,19.93,0,3,2930,0.0414,0
102.46,0,-999.0,0,2,1636,0.0404,0
57.95,4,14.22,0,6,772,0.1846,0
55.55,7,22.62,1,1,2764,0.0534,0
14.67,14,3.69,0,4,331,0.3273,0
16.95,16,13.07,0,1,2403,0.3597,0
21.04,9,26.53,0,2,2873,0.2062,0
140.7,22,30.78,0,3,308,0.064,0
82.37,15,3.61,0,3,1819,0.4083,0
27.32,2,30.05,0,0,1948,0.4566,0
9.19,16,14.84,0,3,2474,0.1403,0
81.0,13,-999.0,0,4,842,0.1769,0
17.46,18,75.29,0,2,2554,0.1772,0
17.81,7,17.39,0,2,1279,0.0775,0
36.46,18,41.47,0,5,2151,0.275,0
51.07,4,8.36,0,4,2595,0.1733,0
159.43,5,51.52,0,0,1466,0.0961,0
218.29,9,11.33,0,1,2200,0.3601,0
48.73,16,14.04,0,5,299,0.0844,0
11.05,8,28.02,0,5,2304,0.2604,0
50.1,16,7.06,0,2,2765,0.0301,0
15.19,15,7.49,0,3,1874,0.1364,0
248.14,17,-999.0,0,3,1893,0.0861,0
52.66,0,15.13,0,1,1051,0.2034,0
48.64,1,93.99,0,6,1369,0.307,1
55.41,18,20.63,0,5,951,0.0649,0
90.55,9,3.5,0,6,2800,0.2023,0
444.83,8,10.38,0,1,1487,0.2443,0
48.72,23,3.47,0,2,2271,0.1498,0
33.1,11,18.03,0,2,245,0.1995,0
102.59,8,10.27,0,4,304,0.0634,0
134.74,6,23.79,0,2,1061,0.2166,0
79.4,14,27.37,0,3,1684,0.6584,0
14.16,6,10.65,0,8,2871,0.1641,0
106.86,23,7.29,0,1,2729,0.161,0
39.55,2,78.87,0,3,1561,0.0928,0
14.7,10,21.71,0,1,1378,0.181,0
399.54,19,25.82,0,4,609,0.336,0
218.17,14,-999.0,0,3,806,0.1015,0
51.47,16,107.44,0,3,230,0.23,0
46.4,5,35.29,0,4,1785,0.3273,0
17.47,0,5.43,0,3,614,0.0572,0
12.41,15,18.61,0,2,716,0.3566,0
23.5,7,105.42,1,3,1779,0.1985,1
76.64,2,33.18,0,5,760,0.3126,0
237.11,12,-999.0,0,4,1091,0.0208,0
40.33,12,14.96,0,6,1012,0.0455,0
292.6,17,6.47,0,5,1360,0.2045,0
57.39,7,22.86,0,2,1659,0.0706,0
34.48,21,9.09,0,4,906,0.1908,0
32.83,17,12.58,0,4,1912,0.093,0
328.73,9,8.49,0,6,1541,0.2734,0
157.19,13,16.76,0,2,2986,0.213,0
33.76,8,51.74,0,5,830,0.4053,0
162.48,10,3.96,0,3,2901,0.2256,0
128.88,22,37.37,0,3,341,0.2987,1
36.91,5,31.24,0,2,558,0.1147,0
145.65,22,0.61,0,2,1721,0.4914,0
15.7,5,55.61,0,2,240,0.1978,0
43.19,19,10.8,0,1,1441,0.213,0
9.18,20,77.18,1,2,2018,0.161,0
87.01,0,41.42,0,5,1913,0.4574,0
195.61,8,1.9,0,1,1586,0.3157,0
18.33,6,5.16,0,2,814,0.2652,0
23.15,0,29.62,0,1,1794,0.2451,0
8.61,7,3.32,0,3,1705,0.1732,0
18.68,5,-999.0,0,2,635,0.4952,0
8.29,0,5.24,0,8,1242,0.3023,0
16.61,5,21.21,0,3,2717,0.1503,0
91.42,0,22.81,0,2,2749,0.29,0
91.64,8,8.83,0,3,2759,0.0491,0
44.07,15,27.33,0,6,1534,0.2448,0
42.96,21,8.16,0,2,852,0.107,0
76.34,15,42.47,0,5,139,0.1166,0
46.17,23,25.47,0,2,1363,0.2618,0
129.08,8,3.31,0,4,180,0.2768,0
9.07,10,29.46,0,5,2195,0.2268,0
9.29,9,19.96,0,2,874,0.0928,0
89.88,0,18.3,1,4,711,0.0684,0
69.16,11,7.76,0,1,2359,0.4298,0
22.25,2,17.75,0,3,288,0.2216,0
16.82,7,14.15,0,4,1622,0.0536,0
84.72,22,26.82,0,1,714,0.2878,0
31.71,7,5.94,0,2,123,0.1394,0
28.69,5,63.53,0,4,2494,0.1635,0
40.94,10,3.92,0,5,1754,0.2649,0
12.42,5,8.55,0,4,392,0.3311,0
28.67,5,13.39,0,6,2551,0.1639,0
14.14,17,6.92,0,5,977,0.2844,0
15.3,7,0.58,0,4,2281,0.3587,0
25.17,14,1.39,0,4,1759,0.095,0
29.36,14,21.68,0,4,2360,0.1209,0
19.52,12,50.35,1,1,262,0.1144,0
36.99,14,40.34,0,6,250,0.209,0
66.49,5,15.7,0,5,2164,0.2086,0
73.32,3,26.82,0,3,1476,0.3631,0
99.47,21,28.62,0,3,777,0.0493,0
18.91,18,4.66,0,2,1904,0.2871,0
67.61,3,38.44,0,4,2487,0.0449,0
74.81,10,23.38,1,4,320,0.1232,0
249.39,22,9.32,0,3,2104,0.1115,0
6.86,0,30.62,0,1,2917,0.1174,0
38.18,2,9.3,0,0,811,0.4959,0
20.49,8,20.18,0,1,104,0.4281,0
16.7,1,0.8,0,1,2882,0.1209,0
70.07,8,-999.0,0,4,2081,0.0622,0
7.66,22,68.64,0,1,1101,0.1735,0
9.39,20,0.65,0,3,1261,0.3669,0
25.51,6,39.41,0,5,2687,0.192,0
49.12,1,18.28,0,3,1501,0.0065,1
116.38,1,8.21,0,5,1390,0.114,0
49.89,23,22.59,0,1,2889,0.2016,0
38.47,9,12.32,0,3,1357,0.3963,0
25.01,9,19.99,0,1,943,0.1264,0
13.69,17,46.55,0,5,1111,0.1497,0
14.64,15,3.84,0,5,1152,0.2033,0
84.33,7,3.4,0,5,219,0.1334,0
9.1,11,-999.0,0,0,2876,0.2923,0
5.6,23,3.65,1,3,1122,0.1958,0
4.64,20,39.27,0,5,772,0.0866,0
35.8,20,23.17,0,0,2140,0.1839,0
26.87,1,37.18,0,2,2372,0.3694,0
13.71,0,16.65,0,3,1177,0.1557,0
37.14,11,-999.0,0,3,120,0.2697,0
7.05,6,17.82,0,1,611,0.1396,0
50.5,13,7.91,0,1,2406,0.0206,0
8.69,7,15.24,0,1,2042,0.3351,0
14.3,18,8.57,0,5,1233,0.2746,0
30.69,8,1.2,0,3,2746,0.0535,0
75.63,8,4.5,0,3,464,0.1616,0
30.08,22,36.38,0,5,1910,0.4623,0
15.73,21,0.22,0,2,2274,0.3418,0
77.76,22,27.11,0,4,2936,0.0533,0
172.37,20,7.13,0,3,506,0.1614,0
8.04,3,62.7,0,0,2829,0.1587,0
86.33,8,15.19,0,6,1226,0.1268,0
60.84,23,11.09,0,1,195,0.069,0
83.5,7,64.15,0,4,2499,0.1356,0
6.74,11,15.88,0,4,1199,0.7013,0
426.25,1,3.42,0,3,1124,0.2596,0
78.98,5,2.77,0,2,2571,0.1868,0
21.1,13,26.02,0,3,1482,0.1112,0
29.1,16,56.59,0,3,2098,0.0189,0
30.37,0,57.62,0,1,2261,0.2986,0
63.08,4,63.3,0,2,2989,0.2684,0
20.32,13,22.92,0,4,1985,0.1093,0
92.49,3,59.31,0,5,192,0.1014,1
327.95,19,22.98,0,4,1332,0.1473,0
15.29,7,52.22,0,2,392,0.076,0
316.54,8,8.28,0,4,322,0.41,0
50.41,7,2.94,0,2,1623,0.4125,0
164.4,7,26.23,0,3,2492,0.3502,0
35.75,7,30.92,0,4,1269,0.1137,0
81.78,18,8.54,0,4,2116,0.1773,0
22.02,21,14.68,0,1,2863,0.0486,0
350.78,2,46.06,0,3,115,0.3349,0
94.18,14,34.22,0,3,987,0.3611,0
46.87,15,24.74,0,5,134,0.2247,0
16.97,6,53.7,0,1,1278,0.2723,0
31.4,15,-999.0,0,7,1979,0.4715,0
21.63,0,2.48,0,4,2192,0.2323,0
19.85,0,18.32,0,2,1446,0.2127,0
47.02,16,-999.0,0,4,1447,0.0658,0
22.64,17,15.45,0,5,1389,0.3936,0
84.41,19,14.93,0,2,747,0.0489,0
34.6,20,41.72,0,4,1814,0.1967,0
45.79,21,43.87,0,4,316,0.2458,0
54.84,22,5.5,0,2,2386,0.1763,0
14.52,8,37.44,0,4,1450,0.0465,0
10.76,7,28.37,0,2,2389,0.1064,0
34.59,5,6.69,0,9,630,0.085,0
31.26,14,6.82,0,6,35,0.0977,0
26.16,2,16.37,0,0,305,0.1616,0
43.74,20,3.28,0,1,590,0.2322,0
22.44,21,7.76,0,2,2182,0.345,0
41.71,20,60.46,0,1,1155,0.1039,0
161.19,5,23.21,0,4,1054,0.2778,0
208.41,8,30.14,0,3,1653,0.0445,0
15.51,6,69.97,0,2,662,0.396,0
57.93,0,15.83,0,2,2860,0.2215,0
44.95,18,2.36,0,4,2993,0.2523,0
9.66,13,19.0,1,3,2003,0.0954,0
63.04,2,7.17,0,5,140,0.0178,0
48.42,9,75.65,0,1,1227,0.307,0
89.74,5,4.64,0,2,768,0.1178,0
249.96,3,12.25,0,5,682,0.3515,0
108.3,16,8.03,0,2,2606,0.5141,0
113.95,9,13.98,0,4,814,0.1003,0
67.59,16,16.21,0,6,2577,0.1341,0
54.79,13,3.8,0,4,2681,0.2001,0
45.0,14,0.69,0,4,613,0.2368,0
107.59,3,2.6,0,3,1865,0.2717,0
211.55,4,57.86,0,2,1028,0.0711,0
250.49,21,21.13,0,3,849,0.1096,0
48.09,6,31.46,0,0,1190,0.2808,0
65.98,8,3.66,0,5,1024,0.1941,0
6.19,10,11.36,0,4,2648,0.1802,0
3.86,10,31.6,0,7,2806,0.0997,0
149.65,14,43.62,0,2,1291,0.3712,0
112.77,10,19.12,1,3,2140,0.0886,0
73.04,7,9.83,0,3,1815,0.2105,0
54.43,20,66.29,0,2,2977,0.2573,0
77.86,0,14.61,0,0,285,0.1223,0
307.53,22,28.56,1,2,771,0.1963,0
64.28,9,29.1,1,5,683,0.3326,0
55.32,20,19.55,1,2,1777,0.2078,0
10.1,20,18.83,0,3,615,0.1266,0
25.64,2,50.12,0,1,172,0.1949,0
234.31,8,47.55,0,4,34,0.2491,0
51.07,15,5.86,0,4,2160,0.4526,0
67.1,2,47.41,0,5,719,0.3317,0
106.07,7,47.32,0,0,1735,0.4682,0
82.3,9,7.43,0,6,2121,0.1944,0
14.04,2,3.37,0,2,606,0.0711,0
84.94,9,3.64,0,2,2346,0.132,0
8.06,7,24.52,1,4,1512,0.1841,0
8.29,6,20.63,0,1,2646,0.1308,0
8.2,18,3.9,0,1,678,0.035,0
62.91,16,3.46,1,2,1449,0.2186,0
45.16,5,13.83,0,2,2423,0.2582,0
76.54,11,111.08,0,5,858,0.2328,0
20.92,0,14.49,0,2,122,0.2757,0
30.34,23,-999.0,1,3,96,0.3058,1
55.49,11,5.62,0,3,423,0.3262,0
28.85,23,40.95,0,0,2066,0.2234,0
7.65,13,34.11,0,4,2360,0.1332,0
20.73,7,31.92,0,5,1797,0.1241,0
94.36,3,23.97,0,4,714,0.0702,0
78.88,21,59.7,0,1,1062,0.2576,0
22.49,10,14.01,0,4,1650,0.3039,0
17.43,5,22.38,0,3,104,0.2915,0
18.07,15,60.62,0,2,2647,0.3968,0
7.71,15,7.24,0,5,603,0.1588,0
42.25,0,54.7,0,3,674,0.2033,0
50.0,20,61.89,0,2,1972,0.5429,0
11.03,8,5.67,0,4,1148,0.2322,0
75.33,6,7.26,0,2,1479,0.0591,0
170.68,11,4.25,0,3,261,0.3352,0
89.65,5,5.71,0,5,1165,0.249,0
50.89,11,8.99,0,4,2119,0.0958,0
35.8,13,13.78,1,4,2684,0.3797,0
125.74,5,5.08,0,5,2274,0.2273,0
40.76,9,68.38,0,3,1376,0.1415,0
120.82,7,15.74,0,0,964,0.0976,0
182.43,11,11.2,0,5,113,0.1397,0
25.47,14,24.91,0,1,2155,0.1743,0
33.76,12,1.56,0,3,619,0.1696,0
304.57,1,4.31,0,1,248,0.2466,0
193.63,19,2.82,0,2,42,0.31,0
23.3,18,36.27,0,4,570,0.1389,0
286.76,8,70.08,0,4,1396,0.2915,0
55.96,9,31.1,1,5,1592,0.1394,0
51.22,21,20.25,0,2,2022,0.223,0
49.56,8,21.72,0,2,1090,0.0483,0
1002.4,14,18.18,0,2,424,0.2769,0
24.16,0,15.96,0,4,898,0.1731,0
67.15,8,36.49,0,2,1787,0.0846,0
125.29,4,89.59,0,2,471,0.2038,0
30.73,1,21.39,0,4,2093,0.1345,0
135.06,18,25.38,0,5,1005,0.1179,0
8.19,16,23.72,0,3,2085,0.0266,0
71.72,20,5.86,0,5,2623,0.246,0
8.39,20,21.53,0,0,1973,0.2013,0
47.24,23,14.42,0,2,1894,0.0841,0
290.55,6,44.66,0,2,584,0.0962,0
123.51,10,6.62,0,2,1950,0.0605,0
29.26,12,31.77,0,3,2490,0.1792,0
21.89,7,26.44,0,2,1197,0.4171,0
13.99,15,14.77,0,6,1710,0.1027,0
21.21,16,56.63,0,5,307,0.1168,0
173.69,16,29.03,1,2,877,0.2411,0
27.77,8,56.22,0,2,2789,0.1416,0
16.38,22,-999.0,0,6,2906,0.1309,0
23.98,5,26.1,0,1,1477,0.1888,0
5.72,21,28.46,0,4,397,0.335,0
9.28,23,1.49,0,3,1021,0.415,0
80.62,21,23.98,0,6,2657,0.1453,0
95.88,11,8.32,0,4,2611,0.2834,0
18.65,8,0.22,0,1,2517,0.282,0
81.37,18,32.18,0,2,2053,0.0629,0
39.27,19,11.06,0,4,2885,0.0855,0
122.32,20,8.26,0,7,716,0.128,0
25.69,5,13.79,0,4,1479,0.0821,0
115.56,11,51.06,0,7,1038,0.1552,0
12.23,5,24.21,0,7,2049,0.0986,0
46.94,7,56.66,0,5,2963,0.4383,0
21.93,23,30.02,0,2,1278,0.0783,0
24.98,17,0.65,0,3,2292,0.2802,0
2.62,9,13.21,1,3,2474,0.377,0
45.33,9,15.49,0,5,1967,0.0819,0
25.96,7,30.15,0,3,2653,0.1228,0
39.9,11,58.06,0,0,2252,0.1681,0
66.44,20,26.68,1,4,2416,0.3157,0
45.65,18,58.11,0,2,2511,0.0982,0
13.14,7,15.63,0,4,2615,0.1973,0
87.82,7,1.72,0,3,138,0.1262,0
45.66,19,36.79,0,2,494,0.1394,0
13.92,1,13.06,0,1,392,0.2252,0
119.78,12,15.25,1,2,873,0.1543,0
26.61,15,23.9,0,4,996,0.1302,0
9.03,17,5.35,0,3,908,0.168,0
83.72,19,37.87,0,2,2124,0.2959,0
56.68,18,-999.0,0,4,1258,0.3281,0
17.48,13,7.89,1,4,779,0.2578,0
68.62,4,7.12,0,3,1120,0.0912,0
55.43,0,12.81,0,4,1776,0.079,0
7.34,5,10.17,0,1,108,0.068,0
25.91,23,43.71,0,1,106,0.1178,0
111.36,6,16.35,0,4,2014,0.0519,0
106.19,6,125.43,0,1,2250,0.3702,0
113.05,2,-999.0,0,2,2263,0.1168,0
8.25,4,6.36,0,7,349,0.2233,0
58.68,3,51.2,0,4,1985,0.142,0
47.72,21,32.02,0,6,1289,0.0545,0
48.87,13,5.71,0,8,1989,0.2629,0
65.13,17,14.87,0,4,891,0.3007,0
47.06,7,26.44,0,4,2455,0.3127,0
2.31,9,-999.0,0,6,1576,0.2019,0
89.95,11,21.37,0,2,1982,0.0976,0
35.04,10,13.58,0,6,2587,0.3159,0
55.87,23,20.77,0,5,323,0.2661,0
45.74,16,6.2,0,2,2604,0.0331,0
48.66,4,53.65,1,7,2440,0.1378,0
95.79,19,6.23,0,3,1765,0.1693,0
23.9,23,24.49,0,5,1772,0.3494,0
24.51,1,22.81,0,6,481,0.3634,0
34.58,1,25.17,1,6,2135,0.0815,0
9.11,6,5.69,0,4,2664,0.3312,0
18.03,9,1.89,0,1,1837,0.2911,0
21.24,20,5.64,0,5,1022,0.0619,0
71.94,4,37.19,0,5,628,0.3136,0
111.13,4,9.15,0,4,964,0.2147,0
54.43,16,5.43,0,3,1525,0.0959,0
10.6,9,15.77,0,3,268,0.5339,0
27.53,14,-999.0,0,1,1615,0.1443,0
14.72,19,38.22,0,3,2899,0.1108,0
208.3,0,4.54,0,4,1699,0.2966,0
10.96,5,19.05,0,2,624,0.1423,0
3.6,23,40.03,0,2,689,0.1699,0
34.26,12,-999.0,0,3,62,0.1685,0
43.01,6,11.95,0,1,767,0.0311,0
70.43,23,8.17,0,4,37,0.1164,0
217.62,13,52.85,0,2,2506,0.0414,0
55.71,1,9.0,0,4,2693,0.0587,0
16.8,13,-999.0,0,6,591,0.1157,0
40.93,21,11.34,1,1,674,0.4025,0
14.07,7,5.5,0,4,576,0.0796,0
11.29,5,9.0,0,5,801,0.0389,0
420.38,17,11.45,0,3,901,0.2999,0
26.83,14,6.97,0,2,374,0.6042,0
14.68,4,4.75,0,4,1374,0.4784,0
32.89,1,4.26,0,0,2170,0.1634,0
34.71,11,47.65,0,4,2143,0.1147,0
111.1,15,45.91,0,1,175,0.0784,0
44.26,9,54.52,0,2,1231,0.1911,0
356.52,2,32.62,1,4,2583,0.1143,0
12.44,7,-999.0,0,0,56,0.0752,0
108.85,22,12.42,0,3,553,0.0881,0
9.94,4,7.75,0,4,2709,0.2205,0
122.53,0,10.87,0,2,2919,0.0339,0
35.04,21,21.79,1,2,301,0.2494,0
143.85,12,51.85,0,1,1611,0.1064,0
27.46,15,11.57,0,2,1418,0.0242,0
20.58,8,23.03,0,0,188,0.065,0
33.27,8,62.35,0,2,1260,0.2001,0
41.11,19,27.6,0,3,2470,0.4964,0
51.03,18,26.35,0,3,2991,0.1871,0
19.19,21,10.33,0,4,172,0.3506,0
34.14,14,7.13,0,4,1824,0.0234,0
39.38,8,54.87,0,2,1926,0.2016,0
64.99,22,28.97,0,5,728,0.1147,0
82.06,6,7.92,0,2,1838,0.1564,0
22.58,13,11.45,1,2,2872,0.0455,0
40.14,4,46.87,0,3,2643,0.4083,0
13.81,13,10.96,0,2,1303,0.1463,0
8.12,3,1.42,0,4,2116,0.4126,0
79.16,22,22.46,1,2,1056,0.3828,0
70.33,0,27.13,0,3,2541,0.0611,0
36.96,14,10.23,0,1,2494,0.1297,0
17.35,11,46.64,0,4,2813,0.1534,0
27.59,9,24.6,0,1,565,0.1034,0
214.87,22,6.09,0,4,2688,0.0444,0
77.48,7,8.82,0,4,1922,0.0799,0
18.02,6,21.79,0,3,454,0.17,0
303.47,16,47.18,0,1,2186,0.4617,0
16.08,21,11.46,0,4,1840,0.1911,0
21.63,8,8.71,0,4,186,0.1274,0
89.5,5,38.62,0,1,823,0.1802,0
342.11,17,17.76,0,5,704,0.2378,0
43.04,9,17.13,0,3,853,0.0286,0
43.9,20,18.85,0,5,2246,0.2522,0
34.31,5,72.75,0,4,163,0.2561,0
104.49,4,30.78,0,2,417,0.2087,0
135.23,2,17.44,1,1,547,0.0373,0
15.27,19,22.47,0,1,2258,0.0616,0
147.22,17,4.4,0,3,1884,0.4732,0
14.64,16,15.93,0,6,1349,0.0479,0
20.32,12,49.75,0,2,201,0.2622,0
25.23,19,27.71,0,2,2953,0.1839,0
27.08,3,26.21,0,2,1862,0.0801,0
27.7,6,19.56,0,3,905,0.2455,0
116.84,2,21.59,0,0,1446,0.1368,0
178.87,14,33.8,0,3,46,0.2986,0
79.2,17,8.07,1,5,1493,0.193,0
42.06,10,34.48,0,3,330,0.1006,0
10.74,10,25.68,0,5,762,0.0801,0
18.45,18,6.03,0,2,675,0.2518,0
331.38,13,73.06,0,0,525,0.289,0
214.14,6,36.05,0,3,110,0.3139,0
5.83,17,6.69,0,1,662,0.1848,0
76.16,7,54.2,0,3,2685,0.1038,0
21.29,12,-999.0,1,2,2645,0.176,0
219.93,15,21.91,0,6,689,0.2249,0
58.99,18,17.04,0,0,809,0.2319,0
136.44,6,8.02,0,5,2940,0.0336,0
55.15,9,76.73,0,4,2126,0.2515,0
129.43,17,52.92,0,1,596,0.3816,0
61.85,7,1.98,0,5,265,0.4289,0
9.98,13,16.77,0,2,957,0.291,0
37.86,2,21.3,0,6,1023,0.3137,0
45.55,13,4.48,0,3,2246,0.1388,0
200.26,3,8.56,0,4,2995,0.1239,0
99.75,5,6.92,1,5,409,0.3934,0
4.38,12,26.34,0,3,982,0.0906,0
325.31,10,13.37,0,2,2824,0.0556,0
18.62,8,29.24,0,1,582,0.4811,0
38.76,3,43.64,0,1,2646,0.275,0
18.05,15,1.92,0,3,1965,0.1455,0
57.03,14,12.42,0,4,695,0.0161,0
23.33,23,9.82,0,4,1242,0.1381,0
35.81,2,11.28,0,3,1202,0.0776,0
79.41,16,6.41,0,3,855,0.4212,0
6.59,1,10.5,0,2,193,0.29,0
34.9,10,16.31,0,3,62,0.2808,0
13.18,4,46.42,0,2,2142,0.0911,0
43.21,21,-999.0,0,3,1223,0.1266,0
19.02,20,6.87,0,3,425,0.3766,0
13.45,4,13.28,0,3,2096,0.0686,0
176.8,2,23.35,0,2,1621,0.1911,0
14.24,16,26.38,0,1,2441,0.2252,0
133.8,11,7.45,0,1,2699,0.1226,0
65.81,1,28.46,0,2,2491,0.0336,0
201.14,11,-999.0,1,3,639,0.1614,0
42.0,18,48.38,0,6,872,0.2076,0
179.4,16,24.14,0,4,2330,0.3587,0
109.85,14,17.08,0,4,2638,0.1214,0
65.25,19,22.94,0,1,2596,0.2238,0
126.41,14,5.45,0,3,972,0.1371,0
155.85,20,21.25,0,1,346,0.0342,0
42.99,11,37.5,0,3,707,0.1158,0
34.53,4,36.12,0,3,1354,0.2676,0
34.23,17,8.98,0,4,2958,0.2251,0
9.61,21,17.61,0,3,2527,0.1273,0
164.8,19,15.68,0,0,419,0.1435,0
91.16,20,38.86,0,3,401,0.5585,0
62.01,22,3.22,0,3,976,0.2262,0
22.94,4,16.4,0,4,1978,0.2287,0
40.73,15,48.5,0,1,2288,0.0898,0
52.02,4,40.56,0,6,2206,0.3886,0
37.19,0,17.59,0,4,2813,0.1463,0
24.8,3,4.88,0,4,2512,0.0527,0
46.12,23,54.54,0,7,1390,0.0396,0
92.56,14,21.66,0,2,1688,0.1324,0
5.94,11,8.62,0,4,254,0.1158,0
16.12,18,15.69,0,2,2979,0.3546,0
59.1,8,14.29,0,3,586,0.2224,0
32.75,13,23.97,0,4,2158,0.1985,0
29.4,14,30.93,1,3,1608,0.1204,0
59.08,12,7.03,0,2,2691,0.3341,0
35.16,18,15.09,0,1,2988,0.1175,0
77.11,21,47.76,1,3,2308,0.162,0
13.88,18,15.09,1,9,693,0.2259,0
31.9,5,11.47,0,4,2727,0.1654,0
39.73,10,-999.0,0,1,1336,0.0556,0
39.41,5,18.0,0,6,2807,0.1606,0
56.57,18,10.49,0,2,1600,0.2274,0
42.51,4,7.74,0,2,1644,0.0947,0
76.91,7,33.81,0,3,1851,0.1198,0
91.41,14,47.25,0,4,2115,0.159,0
7.93,18,18.4,0,3,1630,0.0892,0
16.3,12,6.21,0,5,909,0.109,0
59.51,14,15.48,0,3,827,0.4758,0
40.26,1,38.98,0,5,2921,0.3239,0
59.35,16,20.43,0,2,2976,0.1903,0
32.61,10,3.24,0,5,881,0.1032,0
44.63,7,28.59,0,2,1287,0.1155,0
63.71,23,10.17,0,4,1992,0.2059,0
2.67,14,50.42,0,1,1853,0.201,0
17.93,22,9.1,0,6,1246,0.0762,0
30.14,19,8.55,0,4,2732,0.1075,0
85.82,3,14.53,0,5,1938,0.2519,0
8.9,17,27.83,0,2,2312,0.3515,0
70.32,5,85.36,0,3,2882,0.3069,0
48.52,4,27.88,0,1,2180,0.2389,0
1010.35,20,17.34,0,1,291,0.13,0
48.41,8,7.58,0,1,1951,0.2531,0
8.08,10,23.75,1,2,2043,0.2591,0
146.18,2,7.84,0,3,1470,0.0901,0
35.56,9,45.61,0,4,2045,0.3269,0
12.6,11,44.62,1,1,2001,0.2226,0
61.27,10,12.2,0,1,1819,0.3284,0
65.25,10,3.43,0,6,554,0.1558,0
15.69,8,17.47,0,6,931,0.4096,0
10.55,21,6.31,0,1,1643,0.4746,0
51.52,2,14.17,0,4,2208,0.1831,0
23.4,15,12.74,0,5,2354,0.0257,0
25.36,19,39.93,0,4,1769,0.4325,0
42.33,6,44.16,0,3,2001,0.1706,0
118.91,5,26.36,0,4,1190,0.1511,0
42.36,21,43.99,1,7,1435,0.0428,0
140.94,19,66.01,0,3,1929,0.3274,0
121.39,19,62.78,0,4,2159,0.0741,0
155.27,3,2.45,1,1,520,0.202,0
10.97,14,49.01,0,3,2043,0.3191,0
13.14,8,41.8,0,0,846,0.3093,0
20.08,7,10.3,0,2,2391,0.2459,0
28.34,7,8.51,0,2,1592,0.2565,0
69.26,22,7.21,0,3,2962,0.3754,0
17.2,0,6.32,1,4,837,0.368,0
7.53,21,39.86,0,2,1452,0.1409,0
8.43,4,7.11,0,1,1808,0.2118,0
62.14,7,7.16,0,5,313,0.0535,0
35.38,8,63.25,0,4,2616,0.1583,0
58.27,14,13.74,0,3,973,0.1945,0
56.25,19,6.88,0,3,357,0.0762,0
266.62,2,47.16,0,5,1110,0.2521,0
59.76,1,29.97,0,4,1415,0.2097,0
117.71,4,5.92,0,1,276,0.4156,0
89.3,0,3.27,0,2,1364,0.165,0
73.63,18,25.33,0,4,1487,0.2958,0
100.22,10,-999.0,0,3,238,0.1508,0
19.9,11,25.74,0,4,317,0.1859,0
175.61,1,36.32,0,3,938,0.2705,0
35.79,11,2.05,0,4,534,0.1105,0
23.36,20,63.98,0,1,356,0.3047,0
505.72,16,4.55,0,3,757,0.0422,0
8.32,20,16.63,0,3,1671,0.0501,0
19.08,22,6.19,0,7,451,0.1053,0
30.09,11,16.42,0,2,2823,0.3247,0
36.02,21,13.91,0,1,2495,0.5042,0
25.38,19,40.71,0,2,1880,0.3065,0
79.47,8,12.56,0,1,325,0.0892,0
148.24,1,3.8,0,3,774,0.1155,0
88.47,6,1.81,0,4,1906,0.0191,0
234.86,3,17.42,0,2,620,0.1566,0
11.21,22,35.19,0,2,2923,0.2283,0
90.55,9,6.77,0,0,1927,0.2476,0
144.45,21,16.26,0,1,2375,0.3491,0
9.69,17,11.45,1,3,2112,0.0423,0
5.72,23,58.29,1,0,2275,0.1376,0
151.1,1,18.8,0,3,1082,0.1526,0
121.49,14,4.84,0,1,380,0.0821,0
75.0,13,20.48,0,2,1294,0.3521,0
30.22,5,10.5,0,2,625,0.366,0
84.96,17,50.24,0,3,2680,0.0427,0
7.58,5,1.71,0,3,1559,0.0542,0
161.29,3,19.64,1,4,741,0.1316,0
26.89,0,21.12,0,2,764,0.0292,0
506.61,5,54.34,0,3,2468,0.3743,0
30.74,11,40.76,0,6,641,0.1791,0
17.77,15,33.29,0,3,404,0.4091,0
31.29,22,14.33,0,2,1564,0.3409,0
107.56,8,4.57,0,2,1590,0.1434,0
201.8,16,9.18,0,3,1905,0.1617,0
70.97,9,49.88,0,3,516,0.1433,0
5.62,15,1.97,0,1,2864,0.3548,0
7.83,7,3.39,0,3,1178,0.1982,0
101.43,2,12.61,0,1,994,0.3448,0
10.11,7,93.46,0,4,2839,0.1985,0
76.89,4,8.55,1,1,2458,0.2344,0
86.41,21,38.01,0,3,2975,0.416,0
71.78,13,47.62,0,2,2881,0.1089,0
19.62,5,20.22,0,7,1116,0.0369,0
269.8,19,14.03,0,4,2435,0.0614,0
5.2,17,-999.0,0,5,822,0.1443,0
40.44,7,14.06,0,1,1604,0.2118,0
307.94,21,28.8,0,1,2683,0.3199,0
10.1,3,12.35,0,3,736,0.0827,0
25.48,22,28.58,0,4,1326,0.2549,0
125.42,5,69.22,0,1,2910,0.1591,0
277.21,0,14.98,0,5,1387,0.263,0
9.14,6,29.71,1,4,1582,0.2925,0
8.02,9,13.85,0,3,2091,0.1536,0
23.62,1,11.46,0,2,2239,0.1828,0
21.27,22,35.24,0,3,2916,0.2289,0
12.98,0,11.18,0,1,1965,0.1612,0
273.65,0,11.22,0,0,1432,0.263,0
60.16,19,97.37,0,3,1073,0.2716,0
45.85,12,33.14,0,3,336,0.3158,0
7.77,11,28.64,0,4,2859,0.5345,0
121.78,8,37.09,0,1,2761,0.137,0
135.58,20,61.52,0,4,2198,0.1724,0
11.77,4,83.75,0,6,53,0.2537,0
68.03,18,12.44,0,1,2614,0.3752,0
103.04,4,9.67,0,2,1626,0.1285,0
24.69,17,13.72,0,7,2537,0.3665,0
69.3,4,20.49,0,2,2662,0.317,0
65.1,18,24.09,1,4,1946,0.0577,0
60.65,6,7.08,0,4,1154,0.1742,0
40.86,21,6.02,0,7,362,0.1547,0
66.96,23,14.88,0,3,2442,0.2579,0
42.45,6,21.17,1,2,720,0.2749,0
532.72,2,15.35,1,2,1425,0.1057,0
4.07,12,-999.0,0,3,943,0.1596,0
10.22,5,3.87,0,0,231,0.0785,0
13.38,5,43.85,0,2,1955,0.1741,0
121.32,20,1.98,0,6,1613,0.0224,0
10.41,19,0.88,0,0,274,0.0821,0
171.52,20,9.4,0,1,1415,0.3364,0
172.03,3,27.69,0,3,2638,0.6334,0
181.96,1,17.97,0,3,2122,0.2035,0
112.91,20,28.21,0,3,476,0.1137,0
127.9,2,21.98,0,4,2701,0.0422,0
168.48,21,27.74,0,3,1761,0.3207,0
4.55,13,-999.0,0,2,2613,0.2658,0
9.27,14,34.32,1,0,1881,0.0602,0
103.83,11,10.73,0,2,1457,0.2047,1
93.17,7,33.02,0,2,2512,0.1687,0
13.61,0,2.82,0,3,893,0.0942,0
21.26,2,14.75,0,4,1479,0.0322,0
11.22,0,36.56,1,2,1834,0.1602,0
124.08,23,1.72,0,3,2123,0.1504,0
3.44,15,-999.0,0,4,463,0.3016,0
438.98,4,19.33,0,7,2989,0.0734,0
27.4,10,8.81,0,2,2130,0.2541,0
74.24,11,1.16,0,2,2955,0.1101,0
47.44,4,8.48,0,3,243,0.0496,0
43.28,14,30.67,0,4,492,0.1125,0
8.7,13,34.01,0,2,196,0.0935,0
9.27,1,32.51,0,5,530,0.2019,0
41.43,20,25.31,0,3,902,0.1088,0
94.08,5,35.24,0,4,54,0.1131,0
31.49,10,11.97,0,1,1003,0.113,0
100.93,20,6.52,0,3,498,0.0527,0
21.73,7,32.8,0,5,1939,0.3489,0
31.52,1,20.12,0,2,656,0.0721,0
78.19,21,0.49,0,1,1010,0.2168,0
63.7,7,3.23,0,3,159,0.4465,0
8.11,20,1.63,0,3,2701,0.0449,0
62.05,4,5.11,0,6,1993,0.3218,0
86.62,8,10.5,0,0,2850,0.2428,0
30.09,10,29.28,0,3,876,0.0832,0
54.1,0,32.44,0,4,372,0.0945,0
4.07,19,2.56,0,1,2645,0.0499,0
172.77,10,32.59,0,2,1844,0.1789,0
44.09,1,15.61,0,5,1521,0.2531,0
10.58,16,18.26,0,2,417,0.2815,0
11.26,23,18.54,0,1,2709,0.2729,0
38.92,17,25.03,0,3,2030,0.1235,0
9.33,1,22.32,0,3,1693,0.1804,0
87.02,15,10.19,0,0,247,0.0963,0
779.49,21,12.22,0,6,1107,0.36,0
38.55,16,3.33,1,3,2487,0.2259,0
30.03,5,22.71,0,4,107,0.1771,0
20.45,8,20.53,0,2,342,0.0424,0
26.93,13,26.04,0,3,715,0.2455,0
10.16,8,5.41,0,3,171,0.0687,0
96.25,1,28.91,0,4,2339,0.398,1
34.05,16,88.27,0,4,1490,0.1574,0
67.23,22,20.16,0,2,231,0.0572,0
30.89,12,18.06,0,0,351,0.0425,0
48.29,6,21.5,0,5,577,0.4914,0
15.05,22,27.98,0,4,722,0.0472,0
175.29,3,20.48,0,4,1051,0.2577,0
16.74,22,58.71,0,5,2927,0.2881,0
50.84,16,8.88,0,3,1469,0.2894,0
49.14,23,11.28,0,0,1106,0.1676,0
87.17,9,32.12,0,2,1287,0.0799,0
18.31,18,4.72,0,5,1348,0.09,0
34.22,4,22.2,0,1,186,0.1556,0
53.85,7,34.82,1,2,2807,0.1906,0
57.49,8,52.46,0,1,2676,0.277,0
79.86,6,9.32,0,2,2712,0.4635,0
94.74,9,11.12,1,5,1610,0.294,0
56.39,18,-999.0,1,6,2299,0.0865,0
29.15,16,23.97,0,1,861,0.2392,0
36.72,5,32.33,0,3,1216,0.1189,0
47.63,9,0.6,0,6,1292,0.2188,0
89.21,22,54.32,0,1,2359,0.0311,0
8.64,17,-999.0,0,1,2351,0.0198,0
88.88,8,4.12,0,2,2457,0.0953,0
20.68,20,-999.0,0,1,1182,0.0079,0
19.41,20,7.42,0,3,1421,0.1462,0
330.79,6,8.94,0,3,1232,0.3752,0
4.2,1,9.69,0,3,2311,0.0544,0
31.1,2,32.36,0,4,36,0.1766,0
27.91,9,41.44,0,0,1748,0.22,0
64.61,6,27.21,0,3,2173,0.1367,0
43.89,7,16.58,0,1,2816,0.0272,0
45.53,14,-999.0,0,3,2115,0.0382,0
123.19,12,17.4,0,0,864,0.2022,0
135.37,11,-999.0,0,2,203,0.1543,0
84.81,12,4.34,0,2,1912,0.0908,0
77.6,12,73.44,0,6,235,0.1608,0
41.24,6,9.13,0,5,1761,0.1315,0
20.78,20,33.66,0,1,1625,0.1477,0
51.35,0,48.42,0,2,797,0.0739,0
47.92,7,75.02,0,3,687,0.3592,0
23.79,10,16.9,0,2,1319,0.1,0
118.57,8,24.31,0,4,641,0.1345,0
528.99,2,3.98,0,5,350,0.2744,0
21.53,18,4.5,0,1,445,0.0845,0
21.53,5,2.48,0,5,2126,0.2056,0
146.22,2,24.36,0,5,249,0.1312,0
54.09,18,18.59,0,3,240,0.3207,0
59.86,18,7.91,0,2,518,0.1044,0
67.48,11,28.28,0,1,267,0.306,0
69.36,22,34.76,0,2,656,0.1401,0
103.35,5,14.84,1,4,1910,0.1673,0
38.1,3,31.82,0,3,1704,0.2621,0
13.99,4,15.05,0,9,746,0.3486,0
86.13,10,7.66,0,3,2947,0.0917,0
139.62,23,34.47,0,3,307,0.1508,0
179.03,1,1.52,0,5,977,0.09,0
139.22,20,29.92,0,4,2240,0.369,0
26.16,3,29.35,0,3,2424,0.289,0
24.19,11,30.36,0,1,2929,0.2837,0
20.61,10,1.26,0,2,1660,0.3083,0
33.62,8,9.04,0,2,2944,0.1526,0
61.42,11,11.13,0,4,960,0.2057,0
26.5,2,-999.0,1,5,1323,0.0824,0
54.5,15,9.65,0,4,1496,0.2646,0
141.76,12,20.75,0,3,1994,0.3638,0
11.6,23,27.39,0,1,2464,0.1852,0
52.72,7,25.62,0,6,1894,0.249,0
79.22,0,19.2,0,2,386,0.2927,0
242.2,9,9.41,1,6,2632,0.2278,0
50.6,9,12.72,0,4,2736,0.2979,0
447.71,19,41.53,0,3,35,0.0856,0
15.92,12,27.48,0,4,451,0.089,0
10.2,10,22.18,0,1,2936,0.1247,0
4.52,20,43.65,0,1,2757,0.2351,0
18.37,18,30.07,0,5,1463,0.1962,0
40.38,8,11.54,0,4,1994,0.3131,0
33.94,2,36.3,0,0,1411,0.1586,0
326.47,20,4.4,0,6,1787,0.1934,0
6.82,8,19.11,0,3,2199,0.1398,0
126.33,17,13.23,0,4,22,0.3062,0
59.06,0,50.79,0,8,2769,0.4315,0
13.27,0,8.45,0,3,825,0.2702,0
158.48,0,27.13,0,1,180,0.4145,0
18.5,7,23.98,0,6,2524,0.23,0
27.69,7,25.8,0,4,2757,0.3574,0
22.57,18,25.62,0,3,681,0.1206,0
4.39,16,63.31,0,3,1430,0.2627,0
40.07,22,13.75,0,0,747,0.2332,0
72.06,11,58.4,0,3,2046,0.2484,0
10.82,8,19.15,0,3,926,0.2918,0
68.54,18,9.05,0,1,1547,0.0914,0
116.7,1,12.71,1,0,2393,0.3899,0
17.34,7,20.15,0,5,2567,0.0322,0
480.53,19,45.68,0,0,2031,0.2875,0
14.26,18,20.66,0,7,400,0.5556,0
36.29,23,42.83,0,1,773,0.2429,0
188.12,17,16.43,0,2,1629,0.0864,0
147.3,21,79.67,0,2,1709,0.2435,0
39.89,8,19.78,0,4,177,0.3581,1
32.67,19,23.56,0,4,2214,0.1639,0
33.53,3,59.18,0,4,1404,0.1154,0
20.68,20,30.81,0,4,1217,0.0575,0
26.0,7,21.91,0,3,887,0.1557,0
176.52,19,18.78,0,1,2835,0.1728,0
43.76,10,-999.0,0,0,80,0.3519,0
20.67,0,36.23,0,2,1403,0.4122,0
7.5,0,16.24,0,3,2559,0.2074,0
9.47,14,0.89,0,1,775,0.2646,0
70.06,2,13.41,0,4,2159,0.2515,0
36.06,0,1.19,0,3,1250,0.0862,0
123.83,4,67.32,0,2,2974,0.2021,0
56.19,15,10.89,0,2,1273,0.1605,0
39.39,20,12.32,0,1,150,0.2086,0
97.98,15,3.75,0,5,1954,0.2171,0
41.66,6,44.56,0,4,1181,0.1242,0
177.88,9,-999.0,0,1,506,0.3032,0
135.03,6,7.04,0,3,2054,0.1085,0
16.21,0,25.83,0,6,1169,0.1057,0
23.11,3,44.77,0,4,1051,0.0571,0
64.61,16,8.25,0,4,1293,0.0421,0
285.72,16,9.78,0,5,1089,0.1309,0
13.91,22,32.2,0,2,2044,0.0948,0
97.48,10,17.41,0,1,2704,0.0367,0
19.01,17,9.75,0,5,1493,0.1822,0
55.59,5,21.59,0,1,155,0.057,0
49.66,22,4.08,0,3,848,0.077,0
11.02,17,17.76,1,2,2670,0.2928,0
21.39,17,1.02,0,4,1938,0.4008,0
271.47,10,10.58,0,3,1640,0.3391,0
44.43,14,18.24,0,4,2046,0.228,0
183.29,1,34.78,0,4,2872,0.2734,0
41.43,18,9.48,0,4,500,0.052,0
48.06,21,7.05,0,0,1714,0.0442,0
78.79,3,1.49,0,1,1588,0.2254,0
285.48,10,2.47,0,1,2489,0.2536,0
27.58,16,40.11,0,5,2734,0.1378,0
33.98,10,36.49,0,5,1178,0.2077,0
14.43,9,13.82,0,6,1464,0.4066,0
115.91,5,17.69,0,3,587,0.1547,0
60.09,2,10.34,0,3,1705,0.1911,0
57.91,10,31.79,0,3,2898,0.2902,0
251.21,0,14.7,0,2,2432,0.203,0
61.84,22,-999.0,0,2,360,0.2588,0
19.89,2,2.92,0,3,1514,0.1995,0
25.44,9,36.14,0,4,1191,0.5159,0
20.74,0,6.11,0,3,610,0.2599,0
138.96,2,49.93,0,1,802,0.1526,0
64.08,4,23.71,0,1,2312,0.4225,0
26.17,20,-999.0,0,3,450,0.121,0
71.24,3,59.68,0,1,1734,0.2688,0
35.95,21,29.81,0,4,2969,0.153,0
14.83,7,18.91,0,2,144,0.1221,0
61.11,10,13.22,0,5,1051,0.1483,0
128.01,14,45.71,0,2,2885,0.3513,0
11.74,0,15.83,0,2,953,0.6266,0
61.19,3,9.5,0,3,2938,0.141,0
42.64,4,11.69,1,6,2225,0.4987,0
164.54,9,-999.0,0,3,1519,0.34,0
1897.16,8,14.14,0,0,2196,0.0565,0
12.01,0,84.86,0,4,31,0.2439,0
3.29,4,6.05,0,2,389,0.1896,0
92.16,2,6.13,0,2,913,0.2263,0
13.44,16,9.95,0,6,2955,0.1885,0
73.68,21,3.87,0,6,2246,0.3291,0
38.83,22,17.46,0,4,1032,0.3693,0
123.26,19,-999.0,0,1,22,0.1485,0
77.54,22,41.1,0,2,1587,0.1797,0
57.17,10,1.07,0,3,386,0.1551,0
43.13,9,68.42,0,6,2084,0.171,0
76.83,19,4.75,0,6,1845,0.0567,1
26.27,15,-999.0,0,2,529,0.3272,1
44.14,17,14.22,0,2,1011,0.0667,0
242.53,12,39.0,0,4,2266,0.4404,0
39.32,22,6.96,0,0,197,0.1622,0
21.7,0,5.78,0,4,688,0.1366,0
23.3,16,27.06,0,5,2311,0.1351,0
15.33,3,-999.0,0,2,2971,0.1724,0
25.92,5,23.38,0,2,1816,0.157,0
73.31,11,29.05,0,3,882,0.4785,0
96.66,3,5.02,0,8,558,0.1262,0
16.41,23,11.97,0,1,125,0.1235,0
269.36,14,24.42,0,2,690,0.365,0
5.5,0,38.3,0,1,1962,0.097,0
24.82,7,15.93,0,2,686,0.3592,0
86.85,21,22.33,0,2,524,0.275,0
104.26,23,6.19,0,4,564,0.049,0
95.44,3,22.62,0,2,1681,0.2247,0
42.04,19,-999.0,0,3,1891,0.2148,0
32.97,13,45.65,0,5,2267,0.0559,0
7.57,15,28.53,0,3,693,0.1871,0
15.43,4,21.3,0,1,186,0.2659,0
100.9,18,15.41,0,5,1342,0.1018,0
283.58,5,4.64,0,7,2770,0.1804,0
106.47,17,60.1,0,6,96,0.1959,0
38.18,23,18.54,0,0,1218,0.1923,0
20.43,16,19.0,0,3,748,0.0658,0
13.0,22,2.81,0,4,268,0.1407,0
13.73,12,5.26,0,4,702,0.0226,0
26.32,9,10.11,1,2,1158,0.1701,0
20.73,13,47.42,0,5,47,0.0755,0
108.78,2,11.98,0,5,1766,0.2139,0
91.57,6,25.16,0,4,1676,0.2433,0
66.84,0,30.9,0,4,1890,0.1286,0
77.26,11,21.71,0,3,867,0.4982,0
57.82,19,53.79,0,4,2838,0.267,0
7.77,10,16.59,0,3,499,0.0787,0
13.22,7,31.32,1,4,770,0.1296,0
112.38,2,2.36,0,2,918,0.2103,1
111.71,16,30.44,0,4,2279,0.4377,0
132.97,12,11.63,0,2,1570,0.1384,0
93.34,8,-999.0,0,4,964,0.1613,0
138.45,0,2.38,0,5,2716,0.2158,0
30.65,4,25.93,0,2,100,0.0198,0
11.4,14,13.53,0,2,2429,0.1552,0
8.36,19,75.51,0,1,1412,0.1524,0
84.87,1,13.89,0,2,2636,0.24,0
80.82,10,16.17,0,4,344,0.3243,0
150.56,22,-999.0,0,4,2335,0.0969,0
89.69,15,5.94,0,3,273,0.1008,0
124.73,0,15.38,0,3,1057,0.2079,0
121.45,6,42.42,0,3,1083,0.1827,0
88.71,0,11.26,0,3,314,0.3546,0
99.97,4,9.06,0,2,2375,0.0809,0
75.05,15,11.36,0,1,1231,0.1932,0
5.51,20,33.86,0,2,662,0.033,0
123.21,10,13.03,0,3,2433,0.323,0
19.14,16,21.94,0,1,889,0.3255,0
152.64,19,11.23,0,1,2567,0.2054,0
38.09,23,14.36,0,2,1139,0.177,0
214.73,14,22.86,0,1,1107,0.1715,0
17.01,13,3.83,0,4,2483,0.2765,0
32.63,13,26.44,1,1,2187,0.3295,0
144.79,14,-999.0,0,1,2698,0.1663,0
48.74,9,17.26,0,4,2141,0.1167,0
80.5,13,23.37,0,7,2991,0.1561,0
81.1,16,22.54,0,1,2365,0.1591,0
30.82,22,26.97,0,3,835,0.3235,0
57.09,19,1.04,0,3,912,0.0843,0
129.69,12,9.98,0,6,2471,0.2805,0
63.38,16,13.18,0,4,2123,0.4846,0
65.6,9,38.54,0,4,1945,0.1076,0
28.4,0,79.74,0,3,1460,0.1985,0
49.38,20,48.1,0,2,2060,0.4352,0
16.93,18,44.25,0,5,127,0.346,0
34.01,11,87.84,0,3,2624,0.2708,0
30.31,15,6.54,0,4,2685,0.2879,0
44.88,21,7.35,0,2,566,0.2797,0
151.35,10,24.53,0,2,2085,0.078,0
33.98,21,2.1,0,3,1189,0.2664,0
16.38,6,15.15,0,3,2795,0.1998,0
380.12,15,87.95,0,2,2126,0.2182,0
35.07,18,8.93,0,7,1028,0.3837,0
53.35,11,15.08,0,4,1290,0.1028,0
73.51,3,14.54,0,2,1454,0.1471,0
45.01,20,4.71,0,5,1058,0.2055,0
10.74,1,56.05,0,4,41,0.2351,0
33.53,17,6.59,0,1,2336,0.1711,0
32.89,23,15.26,1,2,425,0.3659,0
32.3,2,66.62,0,1,2862,0.0203,0
85.86,5,18.6,0,5,2217,0.1009,0
6.61,9,21.21,0,5,822,0.2144,0
529.57,19,13.78,0,2,1063,0.11,0
64.23,15,60.14,0,3,1360,0.1379,0
37.06,14,6.51,0,3,2062,0.2116,0
96.77,12,18.65,0,3,2055,0.171,0
45.7,16,20.9,0,5,986,0.0665,0
75.57,19,17.63,0,1,1137,0.0466,0
28.07,18,-999.0,0,5,2589,0.3315,0
224.39,6,30.47,0,3,2404,0.169,0
58.96,3,19.36,0,2,152,0.3446,0
35.76,19,29.75,0,3,2487,0.067,0
56.71,10,20.02,0,4,1375,0.3984,0
7.21,2,31.38,0,4,172,0.2373,0
66.73,17,12.8,0,2,1757,0.3603,0
96.67,1,8.58,0,2,2126,0.3711,0
19.69,19,1.87,0,4,1462,0.0197,0
41.81,18,17.88,0,3,2301,0.0578,0
34.55,0,28.52,0,5,1545,0.0748,0
12.32,12,22.3,0,5,54,0.1999,0
6.29,11,13.64,0,4,350,0.3395,0
12.13,10,-999.0,0,2,1921,0.0265,0
7.22,14,5.4,0,6,2791,0.1925,0
35.14,14,56.21,0,1,1465,0.0909,0
435.62,1,9.25,1,4,1536,0.062,0
103.7,1,18.01,0,4,2560,0.0618,0
211.09,9,7.81,0,3,1690,0.2299,0
41.34,20,36.36,0,1,1284,0.246,0
637.63,6,7.65,0,4,1268,0.1324,0
6.59,16,7.81,0,1,2823,0.1022,0
12.9,23,60.74,0,1,1354,0.2396,0
38.08,10,7.93,0,1,2395,0.1735,0
86.53,3,35.18,0,4,108,0.0297,0
205.82,8,15.83,0,1,682,0.358,0
611.76,3,1.58,0,1,1771,0.0939,0
8.82,15,17.09,0,5,632,0.4963,0
27.55,7,4.93,0,2,2694,0.1166,0
33.8,16,16.11,0,3,1016,0.1847,0
48.6,18,-999.0,0,3,2898,0.0262,0
74.05,15,33.83,0,3,895,0.1419,0
196.98,7,13.36,0,5,2736,0.121,0
16.04,18,14.85,0,4,681,0.1577,0
6.8,15,16.3,0,2,1340,0.0312,0
39.13,15,1.33,0,7,2622,0.0727,0
58.25,12,32.14,0,1,386,0.1995,0
33.74,18,18.17,0,1,2976,0.1171,0
281.51,7,15.86,1,3,529,0.19,0
36.5,10,13.2,0,5,2677,0.4078,0
29.08,11,27.61,0,0,1416,0.0794,0
13.86,17,14.72,0,4,2882,0.3557,0
37.23,22,26.29,0,4,2268,0.2422,0
7.55,11,25.14,0,4,68,0.1016,0
61.07,4,46.04,0,4,235,0.025,0
11.47,11,34.45,0,2,2459,0.1107,0
106.0,23,-999.0,0,2,526,0.1408,0
186.99,21,75.61,1,2,2472,0.1456,0
10.36,9,30.44,0,5,394,0.2573,0
51.84,5,13.26,0,3,2626,0.1329,0
111.16,13,38.83,0,3,462,0.2113,0
15.66,6,48.03,0,4,1468,0.2522,0
11.14,3,10.64,0,4,880,0.5365,0
166.53,3,8.67,0,4,2677,0.2273,0
75.33,15,26.85,0,3,54,0.0873,0
19.4,8,9.5,0,5,822,0.3215,0
23.62,11,23.38,0,3,102,0.1173,0
28.47,1,28.12,0,3,505,0.0414,0
66.04,18,14.58,0,1,2046,0.1072,0
88.02,0,25.92,0,1,1492,0.1455,0
25.64,22,22.05,0,2,640,0.0644,0
13.75,21,7.22,0,2,44,0.2315,0
21.01,12,24.81,0,0,2730,0.2371,0
26.9,18,15.24,0,1,140,0.1859,0
5.36,20,28.61,0,2,1002,0.0329,0
77.07,0,25.76,0,4,2863,0.0437,0
43.59,22,14.86,1,1,1515,0.1119,0
54.86,4,7.12,0,0,1273,0.341,0
44.64,9,13.26,0,7,2033,0.221,0
32.27,14,-999.0,0,7,704,0.0556,0
133.14,22,30.1,0,3,660,0.0838,0
149.9,16,16.49,0,3,2495,0.1533,0
8.51,13,9.83,0,2,713,0.205,0
59.05,21,8.49,0,6,2396,0.237,0
379.53,17,16.38,0,2,642,0.3404,0
46.85,10,36.64,0,7,2560,0.0875,0
56.54,18,19.15,0,2,1259,0.2896,0
43.97,18,27.24,0,7,2910,0.2783,0
91.02,20,2.04,0,4,2757,0.1198,0
104.97,23,9.6,0,4,1250,0.1285,0
93.47,6,26.84,0,3,2561,0.1436,0
29.23,21,14.93,0,1,889,0.1654,0
27.01,16,9.83,0,1,548,0.0097,0
11.63,20,16.85,0,4,2831,0.0754,0
207.22,18,22.74,0,1,2992,0.1777,0
62.54,3,3.88,0,6,659,0.3577,0
79.52,13,8.18,0,1,240,0.0587,0
54.12,16,24.77,0,5,274,0.2241,0
56.58,13,44.87,0,2,2252,0.4241,0
112.43,19,66.61,0,4,503,0.1444,0
37.01,3,16.16,0,2,2249,0.385,0
97.01,1,32.53,0,3,1063,0.2082,0
24.6,9,18.65,0,2,2380,0.487,0
84.54,9,12.3,1,3,1435,0.1605,0
32.72,7,2.12,0,4,637,0.1986,0
25.25,9,2.96,0,5,944,0.0251,0
140.88,13,73.9,0,2,2920,0.2916,0
36.88,7,-999.0,0,4,146,0.2883,0
36.04,15,-999.0,0,3,1337,0.2901,0
25.43,5,33.86,0,7,1722,0.2583,0
107.19,21,21.27,0,3,1181,0.1634,0
157.08,1,17.02,0,2,986,0.3096,0
126.83,5,3.47,0,1,1038,0.2664,0
29.46,1,3.95,0,4,691,0.2854,0
24.27,19,0.65,0,1,1579,0.2072,0
886.82,9,21.81,0,5,2301,0.0293,0
9.87,14,20.9,0,8,1881,0.1903,0
25.13,16,17.12,0,5,298,0.1645,0
106.25,1,1.22,0,4,2063,0.4518,0
46.08,3,18.05,0,2,2918,0.1497,0
63.88,9,2.73,0,2,2662,0.1579,0
100.39,8,7.6,0,2,1233,0.1205,0
17.23,21,7.16,0,5,1714,0.2498,0
58.37,21,11.03,0,1,928,0.3231,0
83.79,20,21.02,0,2,1811,0.1637,0
83.08,10,16.86,0,4,895,0.4267,0
190.22,18,8.22,0,6,1602,0.0992,0
258.91,23,71.23,0,5,2141,0.1633,0
10.62,1,2.67,0,3,760,0.4218,0
195.11,23,2.14,0,6,2885,0.3149,0
130.17,22,56.01,0,8,1187,0.1138,1
40.99,6,26.76,0,1,2800,0.2247,0
90.87,0,34.88,0,2,608,0.5105,0
93.69,15,22.37,0,3,2479,0.4594,0
192.93,3,6.35,0,2,2079,0.1586,0
90.74,6,28.64,0,3,2758,0.1935,0
37.66,17,72.6,0,2,2535,0.1684,0
189.21,16,19.26,0,2,2777,0.2512,0
5.23,6,-999.0,0,2,2610,0.2569,0
57.89,20,7.24,0,2,627,0.3954,0
4.81,0,17.06,0,3,1968,0.4431,0
19.1,6,7.86,0,6,2788,0.0866,0
14.44,9,15.75,0,1,1428,0.191,0
16.03,14,14.66,0,3,1168,0.2558,0
94.74,14,28.62,0,2,2796,0.2832,0
30.14,12,3.66,0,7,210,0.2553,0
11.86,7,9.7,0,2,937,0.0319,0
266.0,5,19.63,1,5,112,0.157,0
91.71,10,47.7,0,4,1579,0.1456,0
26.18,3,7.94,1,3,1962,0.1549,0
47.42,13,42.77,0,2,894,0.1172,0
42.63,10,-999.0,0,4,1213,0.3455,0
147.52,2,38.96,0,3,866,0.1672,0
20.75,21,25.26,0,3,1259,0.1497,0
64.9,14,21.68,0,2,1175,0.259,0
67.53,4,63.18,0,2,1410,0.2523,0
8.5,6,3.89,0,3,2386,0.1319,0
26.93,14,9.87,0,1,831,0.2699,0
323.1,17,9.46,0,4,2089,0.1925,0
94.24,1,12.6,0,1,517,0.1751,0
24.24,6,8.05,0,4,2836,0.1724,0
63.82,9,2.78,0,2,2443,0.2081,0
14.29,5,12.7,0,2,2510,0.2041,0
48.97,20,19.11,0,2,2120,0.1398,0
41.44,2,32.26,0,7,859,0.1199,0
13.14,9,-999.0,0,3,1058,0.2209,0
52.61,0,70.05,0,3,2181,0.5163,0
34.86,11,45.44,0,4,2030,0.0267,0
16.45,12,26.2,0,6,1070,0.0568,0
18.82,11,40.63,0,2,943,0.3347,0
12.52,6,8.79,0,3,2783,0.1673,0
39.83,23,44.37,0,2,426,0.0921,0
23.31,7,9.98,0,3,2537,0.0436,0
360.05,15,58.71,0,4,475,0.2932,0
16.05,4,16.47,0,4,2407,0.1443,0
21.4,11,38.85,1,2,2596,0.2873,0
21.21,8,2.07,0,7,1908,0.4291,0
16.77,13,5.6,0,4,706,0.0884,0
48.85,0,18.95,0,4,441,0.2001,0
30.24,16,9.02,0,2,1207,0.1031,0
23.36,1,9.34,0,4,1496,0.0508,0
14.59,16,-999.0,0,0,2444,0.0268,0
78.04,13,8.91,1,5,1642,0.1869,0
13.64,21,29.3,0,4,2862,0.2561,0
8.32,21,16.85,0,1,2613,0.331,0
70.0,23,24.71,0,3,1672,0.1279,0
26.87,7,29.76,0,3,2865,0.0987,0
24.57,16,21.33,0,1,431,0.3354,0
34.42,6,-999.0,0,2,1498,0.1042,0
22.93,2,47.57,0,5,519,0.0988,0
19.32,4,13.28,0,7,118,0.1393,0
78.98,8,5.43,0,6,2565,0.6025,0
27.15,8,7.99,0,2,2099,0.1342,0
33.38,16,16.64,0,4,2340,0.3067,0
79.52,13,8.88,0,1,1865,0.2343,0
34.99,17,28.46,0,2,1868,0.2445,0
12.81,20,20.18,0,1,716,0.2224,0
24.48,15,-999.0,0,4,1632,0.2873,0
26.48,9,6.17,0,5,2967,0.6546,0
174.7,1,17.21,0,5,1086,0.1075,0
46.24,6,9.03,0,3,1916,0.2525,0
115.63,10,14.3,0,4,1863,0.0227,0
90.51,21,16.89,0,3,1347,0.0545,0
113.15,13,9.69,0,5,657,0.2352,0
9.84,7,53.11,0,3,205,0.1444,0
24.04,19,26.61,1,6,2066,0.3707,0
114.34,22,12.42,0,7,2762,0.1073,0
18.07,3,4.8,0,6,948,0.1168,0
198.91,4,38.61,0,6,1692,0.0321,0
56.99,0,20.02,0,5,137,0.0993,0
19.0,20,44.58,0,2,571,0.2842,0
173.05,7,11.54,0,4,2422,0.3054,0
60.06,13,8.05,0,2,1845,0.0634,0
160.31,14,35.7,0,1,2426,0.338,0
45.01,23,51.42,0,5,1880,0.1305,0
31.42,21,11.44,0,2,1400,0.4187,0
53.34,23,19.46,0,2,2044,0.1689,0
13.08,12,16.42,0,1,719,0.2294,0
62.98,13,11.8,0,4,2767,0.2051,0
24.85,22,19.8,0,1,2517,0.274,0
26.92,10,16.09,0,0,2101,0.1463,0
46.05,1,18.71,0,3,1282,0.4744,0
44.08,8,2.67,0,3,606,0.2899,0
45.31,0,15.62,0,4,1881,0.0317,0
26.75,3,21.41,0,5,282,0.1385,0
53.89,8,7.9,0,1,576,0.1081,0
98.69,21,12.48,0,0,2665,0.0232,0
87.38,23,21.75,0,4,2484,0.2549,0
12.16,14,7.53,0,2,2396,0.2105,0
127.5,22,30.0,0,4,1520,0.0193,0
32.45,8,26.2,0,3,102,0.0926,0
14.03,0,5.98,0,2,194,0.4043,0
208.63,16,4.23,0,2,2543,0.6056,0
12.41,5,5.64,0,1,770,0.1001,0
40.44,4,29.01,0,5,906,0.3447,0
17.07,1,3.48,0,2,2288,0.2354,0
67.05,20,33.8,0,2,420,0.1635,0
105.41,20,60.16,0,2,1055,0.2725,0
18.56,19,6.69,0,4,550,0.2674,0
8.0,9,9.95,0,6,2473,0.0269,0
9.26,1,6.48,0,2,1006,0.2691,0
306.37,7,4.49,0,4,1990,0.2274,0
38.62,15,24.77,0,0,480,0.2954,0
250.24,9,46.6,1,7,656,0.1123,0
109.39,0,59.18,0,4,2097,0.117,0
35.01,3,10.79,0,6,288,0.1516,0
29.73,9,18.57,0,2,2846,0.2677,0
22.7,18,5.09,0,0,2607,0.2444,0
249.47,11,-999.0,0,3,2144,0.176,0
513.44,19,7.46,0,1,1672,0.2367,0
12.84,21,12.25,0,2,2536,0.3304,0
12.09,6,12.97,0,2,460,0.1527,0
40.87,15,31.11,0,3,434,0.0958,0
150.08,17,28.05,0,3,2919,0.3959,0
904.41,23,20.3,0,4,2173,0.1427,0
55.48,23,53.43,0,7,1412,0.1818,0
10.31,23,57.56,0,1,2320,0.2311,0
36.51,18,24.89,0,4,793,0.1611,0
34.62,17,24.16,0,4,2090,0.6027,1
11.63,0,9.65,0,7,2352,0.1048,0
92.39,5,56.22,0,5,1619,0.1886,0
59.09,19,28.07,0,2,757,0.0678,0
33.48,17,7.65,0,1,2332,0.0408,0
37.37,4,99.76,0,3,2197,0.2854,0
32.33,19,20.5,0,4,2448,0.12,0
12.33,2,18.63,0,1,2695,0.0224,0
5.19,7,5.39,0,5,286,0.1362,0
67.41,23,6.1,0,4,1840,0.0931,0
31.24,17,29.07,0,2,2741,0.247,0
150.42,18,12.83,0,2,1218,0.0424,0
16.69,6,12.57,0,4,2209,0.1297,0
59.34,21,-999.0,0,2,1580,0.1444,0
272.12,2,48.1,0,4,305,0.1995,0
85.62,0,22.21,0,2,1033,0.0659,0
61.9,16,14.06,1,2,158,0.3226,0
38.28,20,40.09,0,4,2583,0.2695,0
239.18,15,0.12,0,5,2960,0.2005,0
52.5,2,16.0,0,4,1864,0.088,0
33.92,12,14.25,0,4,1009,0.0777,0
20.8,18,31.53,0,5,2649,0.2295,0
123.73,11,24.77,0,5,1678,0.114,0
58.67,19,14.1,1,2,581,0.1647,1
17.38,1,14.67,1,2,2793,0.3802,0
43.22,23,64.82,0,6,1218,0.1415,0
32.89,17,11.11,0,4,2806,0.0944,0
54.44,17,27.9,0,7,2347,0.3264,0
9.3,20,34.51,0,0,2573,0.407,0
13.99,5,50.08,0,2,2131,0.1654,0
9.84,8,0.06,1,3,2689,0.1634,0
149.04,11,4.54,0,1,955,0.326,0
86.23,10,20.16,0,5,202,0.1593,0
74.88,22,5.87,0,3,2867,0.1215,0
33.26,10,34.46,0,4,71,0.0407,0
44.08,19,36.42,0,2,1332,0.0781,0
149.98,10,17.85,0,1,1742,0.2505,0
38.37,12,5.82,0,2,995,0.2029,0
42.48,16,6.73,0,4,1148,0.266,0
30.18,4,9.32,0,3,1057,0.1223,0
13.65,5,3.86,0,0,1031,0.263,0
117.56,15,27.1,0,4,294,0.3128,0
94.45,7,29.24,0,4,1998,0.1402,0
29.77,3,36.12,0,3,224,0.1014,0
40.73,23,33.29,0,1,2085,0.2198,0
265.12,22,29.5,0,2,2636,0.2243,0
315.2,21,3.57,0,3,580,0.1913,0
55.64,16,15.89,0,4,2720,0.1059,0
18.83,0,11.43,0,2,1407,0.0944,0
43.66,8,0.3,0,1,1240,0.1445,0
104.69,16,7.9,0,1,793,0.2663,0
115.36,17,26.62,0,4,646,0.3465,0
51.32,17,-999.0,0,4,1598,0.2113,0
14.74,11,19.35,0,4,2740,0.1122,0
16.55,6,52.25,0,2,1832,0.14,0
336.05,3,19.71,0,4,630,0.3069,1
50.03,23,20.22,0,1,1232,0.1363,0
23.9,19,15.91,0,4,2373,0.3849,0
31.51,6,13.67,1,0,256,0.3028,0
209.86,12,-999.0,0,2,550,0.1979,1
11.85,2,11.27,0,3,2426,0.0605,0
36.08,0,34.11,0,2,275,0.1066,0
41.83,19,17.05,0,2,2031,0.2531,0
22.81,7,9.35,0,0,950,0.0767,0
104.81,8,0.48,0,2,2029,0.2837,0
14.19,21,26.75,0,2,2080,0.1492,0
128.21,1,10.02,0,0,1702,0.178,0
13.06,3,23.57,0,3,139,0.0858,0
49.14,16,3.2,0,6,150,0.1313,0
334.34,7,7.4,0,2,2493,0.184,0
339.59,2,30.96,0,2,2197,0.0749,0
12.59,12,-999.0,0,2,2399,0.1809,0
19.39,2,37.15,0,3,1453,0.0446,0
45.39,15,8.91,0,1,1931,0.2127,0
57.57,20,16.84,0,2,1204,0.3964,0
75.42,13,34.79,0,4,174,0.2532,0
19.7,5,20.93,0,6,2712,0.2096,0
464.95,1,11.7,0,6,1326,0.1514,0
70.77,1,13.0,0,4,1432,0.3072,0
39.81,7,-999.0,0,6,2257,0.1512,0
12.77,9,21.11,0,4,121,0.2124,0
229.3,21,0.92,0,3,2550,0.2058,0
69.36,13,33.97,0,2,1330,0.1416,0
32.78,7,15.33,0,2,2571,0.4058,0
46.78,15,1.32,0,3,1010,0.2728,0
91.14,7,22.52,0,4,918,0.1385,0
27.49,11,5.44,0,5,2565,0.1865,0
43.2,3,17.36,0,4,96,0.2093,0
17.93,5,1.97,0,1,1513,0.6365,0
315.95,5,16.09,0,4,1404,0.1941,0
119.74,8,48.0,0,3,1299,0.1929,0
86.67,19,37.35,0,4,1287,0.0174,0
75.51,18,15.02,0,4,613,0.2982,0
62.58,23,-999.0,0,5,2869,0.351,0
427.95,12,14.06,0,3,2883,0.1653,0
31.95,2,8.03,0,2,997,0.2185,0
29.33,9,53.18,0,2,1595,0.5618,0
65.54,20,11.35,0,2,2181,0.3645,0
85.2,1,3.03,0,0,879,0.1005,0
16.42,10,24.01,0,3,2071,0.243,0
59.7,5,57.08,1,2,2116,0.2039,0
78.92,14,22.29,0,6,758,0.2332,0
28.84,22,27.04,0,2,2915,0.172,0
30.04,11,19.63,0,2,1741,0.3988,0
19.87,3,18.8,0,6,2044,0.2678,0
27.43,12,33.04,0,5,1603,0.0592,0
8.76,1,1.55,0,4,2705,0.1215,0
43.78,11,39.45,0,4,64,0.2775,0
195.21,21,31.59,0,4,835,0.0633,0
15.62,19,28.11,0,3,2680,0.1503,0
64.11,10,1.99,0,5,2247,0.2102,0
24.48,2,34.01,0,5,1114,0.1062,0
119.52,13,5.3,0,3,1728,0.153,0
234.4,11,7.61,1,0,1802,0.1563,0
36.9,21,44.66,0,5,659,0.1129,0
73.26,10,19.68,0,2,197,0.0261,0
195.23,21,29.38,0,5,887,0.3552,0
128.49,5,3.88,1,0,2375,0.546,0
149.84,23,16.07,1,0,1042,0.2768,0
24.07,16,31.93,0,4,829,0.0326,0
137.12,16,3.37,0,4,806,0.0812,0
21.05,13,52.45,0,3,1566,0.3018,0
13.94,13,13.77,0,0,1725,0.052,0
64.38,1,12.16,0,3,696,0.0987,0
9.11,10,20.02,0,0,150,0.2766,0
22.47,20,3.57,0,2,2931,0.3137,0
35.43,5,25.25,0,4,1037,0.2894,0
124.87,10,20.01,0,5,411,0.1395,0
35.7,4,14.97,0,3,552,0.1191,0
13.67,6,8.21,0,4,545,0.3318,0
166.03,18,8.16,0,3,2741,0.2213,0
136.52,9,26.3,0,3,1769,0.2941,0
75.13,2,31.55,0,4,1410,0.0764,0
93.98,5,12.91,0,4,158,0.2498,0
41.49,15,30.63,0,5,1664,0.0812,0
11.59,15,27.39,0,3,1858,0.0749,0
148.26,13,59.08,0,2,1408,0.1576,0
18.86,18,7.41,0,8,1735,0.3798,0
30.96,7,20.24,0,3,2387,0.0753,0
63.38,5,5.52,0,2,2975,0.3557,0
26.64,2,36.0,0,2,2558,0.4999,0
137.14,20,47.34,0,3,2599,0.3946,0
9.79,11,4.71,0,2,1876,0.061,0
41.97,20,18.22,0,2,181,0.2094,0
163.43,16,75.83,1,4,1313,0.128,0
54.74,8,6.2,0,2,1691,0.1167,0
27.54,13,19.38,1,3,2841,0.0415,0
39.05,12,23.98,0,4,1371,0.1104,0
94.76,22,26.13,0,3,1213,0.3876,0
70.98,14,5.25,0,4,707,0.1696,0
44.11,21,26.37,0,3,1690,0.1195,0
252.79,11,0.81,0,2,2392,0.1217,0
25.73,17,30.1,0,2,21,0.0477,0
17.21,16,6.18,0,4,2276,0.146,0
75.04,20,8.18,0,5,795,0.1578,0
187.66,15,18.48,0,2,1628,0.3592,0
66.51,8,8.62,0,3,1497,0.4373,0
5.48,18,9.76,0,3,1204,0.3188,0
8.68,20,11.23,0,3,1870,0.2094,0
17.68,22,15.53,0,3,2629,0.0538,0
191.46,5,40.52,0,5,1257,0.1159,0
76.41,1,17.65,0,4,1339,0.0672,0
28.74,18,22.78,0,1,926,0.0259,0
372.37,13,53.15,0,6,1028,0.2051,0
32.92,9,26.88,0,0,1654,0.1506,0
29.66,21,19.29,0,8,278,0.0511,0
21.15,9,18.21,0,1,907,0.0626,0
18.64,17,4.62,0,0,95,0.1087,0
31.45,17,25.78,0,6,2841,0.0734,0
40.73,1,19.16,1,4,856,0.2101,1
49.58,1,22.28,0,4,430,0.2622,0
22.89,7,32.16,0,0,2043,0.1822,0
195.89,5,54.05,0,0,2421,0.1233,0
46.32,16,4.76,0,5,1561,0.038,0
46.45,13,34.7,0,3,2316,0.1471,0
44.45,10,5.8,0,5,1892,0.2093,0
61.97,23,18.66,0,4,1647,0.0923,0
64.28,14,4.5,0,5,605,0.2851,0
22.32,16,6.97,0,2,1062,0.1502,0
98.25,3,24.04,0,5,348,0.2061,0
134.7,14,11.49,0,6,1871,0.1695,0
165.25,7,47.37,0,4,1964,0.4218,0
187.05,2,8.88,1,4,88,0.0919,1
13.9,2,26.82,0,0,1484,0.1923,0
100.31,17,19.72,0,3,1949,0.0865,0
16.88,20,23.97,0,4,2636,0.2118,0
95.08,20,41.94,0,4,1546,0.2261,0
19.04,8,12.13,0,2,104,0.1473,0
10.33,6,18.88,0,3,2331,0.475,0
23.45,5,28.55,0,2,950,0.4109,0
33.36,2,6.0,0,4,372,0.0871,0
39.26,8,72.78,0,2,1941,0.3929,0
500.83,17,12.51,0,3,824,0.2367,0
177.43,16,28.46,0,2,1868,0.2146,0
88.02,22,38.9,0,2,2982,0.1674,0
26.39,16,-999.0,0,1,419,0.1922,0
24.67,16,29.18,0,4,126,0.1048,0
8.96,15,22.47,0,5,1200,0.1935,0
76.46,5,22.11,0,2,2048,0.1682,0
548.4,6,2.35,0,6,780,0.4788,0
80.79,20,22.9,0,2,2306,0.0375,0
16.03,3,3.05,0,3,1172,0.2045,0
7.82,1,18.06,0,6,488,0.1154,0
107.87,5,17.43,0,1,2383,0.1834,0
82.52,2,-999.0,0,0,1903,0.1785,0
58.08,1,23.57,0,7,2348,0.1843,0
468.8,10,17.09,0,3,1035,0.1607,0
10.6,3,7.19,0,3,2367,0.1802,0
16.92,16,56.58,0,0,51,0.6239,0
266.77,19,6.92,0,4,2788,0.3518,0
7.54,22,52.73,0,3,1504,0.0439,0
17.94,20,9.8,1,3,2446,0.1792,0
20.66,3,28.57,0,1,1693,0.2126,0
23.06,14,1.22,0,1,2101,0.2043,0
114.79,13,18.78,0,6,1424,0.3802,0
28.31,5,99.03,0,2,2337,0.2555,0
42.85,20,3.75,0,2,2223,0.1399,0
37.61,19,6.68,0,4,563,0.2275,0
27.32,11,35.76,0,3,194,0.2903,0
225.0,8,7.11,0,3,382,0.2685,0
26.95,13,19.63,0,9,1382,0.2369,0
17.43,9,18.12,0,1,1519,0.1605,0
137.45,10,7.65,0,3,1888,0.3679,0
42.43,12,17.77,0,2,306,0.0905,0
27.64,11,19.87,0,1,1329,0.2034,0
24.89,19,8.0,0,3,1104,0.1517,0
11.39,6,62.35,0,5,1842,0.1921,0
44.76,17,8.87,0,3,291,0.3761,0
19.84,7,0.63,0,7,1347,0.1399,0
45.15,14,17.17,0,1,2258,0.111,0
17.41,12,4.3,0,0,1094,0.212,0
32.12,8,27.38,0,1,1250,0.2929,0
18.75,5,-999.0,0,3,2217,0.0965,0
15.83,7,58.19,0,2,1183,0.1841,0
174.0,12,-999.0,0,5,702,0.2058,0
15.5,23,29.76,0,1,1743,0.171,0
4.77,8,10.56,0,4,585,0.02,0
50.21,3,19.83,0,1,432,0.2611,0
37.81,19,15.95,1,3,2703,0.136,0
141.38,6,9.4,0,6,1236,0.1533,0
235.51,7,5.17,0,4,2869,0.3516,0
14.56,21,6.51,0,1,1964,0.6083,0
51.64,7,26.2,0,4,1993,0.1711,0
11.94,14,52.89,0,5,2073,0.1646,0
24.9,4,34.8,0,8,546,0.0557,0
8.32,15,20.21,0,2,1097,0.2765,0
39.08,8,16.57,0,0,2688,0.2368,0
77.59,6,11.49,0,4,1791,0.2669,0
151.09,10,51.86,0,3,2150,0.3117,0
97.64,3,7.41,0,2,1373,0.2141,0
122.72,15,24.96,0,6,1739,0.0749,0
265.61,6,6.87,0,7,2323,0.0081,0
398.48,14,12.61,1,8,2592,0.0768,0
15.78,5,-999.0,0,0,1835,0.2564,0
120.79,17,3.83,0,3,725,0.1769,0
62.21,14,28.09,0,2,1289,0.0315,0
45.55,4,28.67,0,4,275,0.0713,0
19.06,23,43.25,0,3,2488,0.2967,0
136.24,19,-999.0,0,3,626,0.1436,0
92.63,0,15.91,0,6,2467,0.1667,0
319.98,15,28.14,0,8,1275,0.1476,0
51.76,11,22.11,0,2,2269,0.1551,0
102.39,9,5.46,0,1,2437,0.1348,0
291.25,21,11.66,0,3,902,0.222,0
24.02,13,19.51,0,0,2029,0.1086,0
16.67,10,5.2,0,4,819,0.4879,0
8.99,0,38.1,0,4,698,0.5224,0
97.43,18,24.36,0,1,1866,0.2062,0
132.48,9,13.99,0,1,1642,0.2702,0
11.31,19,30.88,0,4,396,0.0185,0
6.91,3,10.49,0,6,328,0.1109,0
44.66,9,1.52,0,2,2404,0.1691,0
8.59,11,30.13,0,6,1578,0.166,0
28.11,21,12.38,0,6,1472,0.089,0
43.99,8,17.41,0,0,2711,0.2617,0
36.32,23,34.34,0,5,959,0.0342,0
11.82,15,48.3,1,2,2239,0.2892,0
54.1,8,15.46,1,5,1889,0.1399,0
81.42,0,12.89,0,2,2056,0.1662,0
33.43,14,105.41,0,2,961,0.1161,0
23.77,22,14.5,1,3,2254,0.2143,0
3.08,7,23.85,0,1,1634,0.327,0
152.14,2,5.35,0,5,589,0.394,0
176.3,7,4.46,1,3,499,0.1036,0
38.6,23,58.05,1,1,2497,0.0779,0
7.43,0,13.69,0,2,2703,0.0247,0
24.51,23,24.09,0,2,2436,0.4227,0
17.01,2,3.42,0,4,1796,0.1805,0
232.63,15,-999.0,0,3,121,0.3671,0
21.95,8,36.8,0,3,991,0.0907,0
51.6,14,8.36,0,3,1102,0.27,0
24.95,18,11.1,1,1,1514,0.2544,0
11.01,16,10.46,1,4,2861,0.4565,0
315.16,2,13.57,0,4,2633,0.0423,0
7.52,13,7.13,0,4,2821,0.4787,0
24.75,23,24.57,1,1,1462,0.0914,0
21.52,6,24.09,1,5,1408,0.072,0
13.38,22,32.55,0,4,671,0.3005,0
73.08,16,10.33,0,1,2285,0.1822,0
104.8,12,89.51,0,1,1863,0.3404,0
48.4,20,20.64,0,4,74,0.3364,0
50.73,15,6.24,0,2,847,0.1567,0
74.59,5,11.42,0,5,2176,0.0338,0
68.7,10,26.72,1,4,1123,0.0804,0
9.85,14,56.85,0,5,1422,0.1989,0
35.13,16,36.48,0,5,568,0.1709,0
36.24,9,26.41,0,2,1050,0.1095,0
97.81,20,26.33,0,2,1780,0.2236,0
15.22,2,1.74,0,6,2523,0.2362,0
17.76,11,0.68,0,1,2333,0.343,0
58.29,22,19.93,0,3,1701,0.0505,0
45.39,14,20.97,1,2,942,0.0787,0
30.48,23,3.78,1,1,2883,0.0836,0
53.28,4,5.55,0,2,522,0.1865,0
80.52,10,2.21,0,1,2519,0.0508,0
50.17,6,64.85,0,1,1907,0.0053,0
55.11,20,18.46,0,2,2263,0.4173,0
87.07,3,45.37,0,2,1962,0.0191,0
52.76,17,39.75,0,2,1669,0.1686,0
18.95,10,57.74,0,4,1440,0.1836,0
149.27,17,20.03,0,3,818,0.1329,0
24.12,2,21.63,0,2,2972,0.2304,0
229.64,18,78.49,0,1,105,0.1878,0
50.32,12,5.91,0,1,976,0.1945,0
158.83,9,9.47,0,6,1757,0.3053,0
113.51,5,24.91,0,1,1096,0.1272,0
54.73,1,20.73,0,3,2784,0.2045,0
59.22,13,21.67,0,5,2802,0.249,0
32.53,2,23.47,0,3,1610,0.213,0
37.39,12,-999.0,0,5,2694,0.1889,0
23.96,0,6.6,0,1,1460,0.0759,0
123.44,10,5.42,0,3,2620,0.1173,0
69.6,5,77.78,0,11,1928,0.1,0
11.9,16,14.7,0,5,2244,0.1593,0
12.95,8,-999.0,0,3,2972,0.5575,0
290.04,11,14.98,0,2,1301,0.2304,0
10.51,1,28.5,0,1,530,0.1919,0
60.36,16,-999.0,0,3,136,0.4039,0
36.46,6,20.65,0,5,204,0.486,0
71.36,12,10.24,0,5,1628,0.195,0
49.03,11,94.39,0,3,937,0.2681,0
21.39,15,-999.0,0,1,249,0.1933,0
38.64,6,17.78,0,2,27,0.1151,0
51.88,20,24.23,0,1,86,0.1769,0
132.02,8,10.34,0,2,1115,0.1361,0
68.25,20,43.82,0,1,2245,0.2613,0
19.65,18,43.73,0,4,816,0.4802,0
373.3,9,31.69,1,2,2524,0.2553,0
85.89,5,28.5,0,4,1190,0.2406,0
68.93,18,13.54,0,3,1808,0.2954,0
52.53,7,19.15,0,5,1805,0.0737,0
101.36,13,18.35,0,3,2164,0.3409,0
18.11,22,10.82,0,5,1705,0.1303,0
24.14,8,13.51,0,2,520,0.2471,0
37.06,19,-999.0,0,2,2767,0.2251,0
49.45,12,12.8,0,4,2607,0.2455,0
39.33,8,57.94,0,4,475,0.2466,0
79.37,18,40.7,0,2,1870,0.3309,0
7.65,16,20.59,1,3,194,0.135,0
52.9,6,7.71,0,1,2954,0.3316,0
43.78,6,28.43,0,1,1786,0.0569,0
102.86,10,46.31,0,2,2122,0.2006,0
35.02,21,70.35,0,3,254,0.0929,0
67.56,0,26.62,0,6,874,0.2275,0
26.95,11,7.97,0,4,2980,0.1426,0
81.77,19,56.92,1,0,915,0.0497,0
5.69,2,26.78,0,5,2185,0.0672,0
20.06,13,22.77,1,2,2866,0.133,0
21.89,10,55.74,0,2,1869,0.1661,0
41.08,13,22.67,1,10,1977,0.102,0
40.52,14,12.62,0,3,1277,0.2678,0
172.15,10,-999.0,1,3,308,0.4235,0
61.58,8,17.22,0,2,402,0.5379,0
216.27,6,13.57,0,3,2010,0.0846,0
5.19,19,10.48,0,6,2478,0.313,0
84.24,8,64.8,0,7,661,0.4073,0
114.71,5,-999.0,0,3,576,0.4026,0
17.07,10,10.41,0,2,353,0.4255,0
51.75,9,25.97,0,5,160,0.1289,0
35.63,4,11.08,0,2,2735,0.0567,0
54.38,18,-999.0,0,1,2852,0.2131,0
61.33,14,10.96,0,3,393,0.2967,0
16.42,20,9.77,0,1,720,0.1043,0
13.4,15,-999.0,0,2,195,0.0767,0
45.56,23,48.75,0,1,1854,0.2267,0
146.03,19,11.54,0,2,252,0.3028,0
66.12,2,34.71,0,5,1124,0.095,0
12.85,14,7.3,0,3,2394,0.1512,0
69.71,17,31.01,0,6,2953,0.434,0
20.6,16,9.48,0,2,1946,0.1468,0
34.66,15,6.95,0,1,569,0.3204,0
37.07,13,15.9,0,7,398,0.2749,0
13.82,9,4.42,0,3,2124,0.2283,0
17.35,0,8.61,0,1,2463,0.3478,0
15.72,22,33.91,0,3,1235,0.1591,0
21.94,3,-999.0,0,3,208,0.3665,0
84.71,11,4.17,0,3,2151,0.6598,0
48.63,4,28.97,0,2,1391,0.0422,0
191.41,20,27.75,0,4,42,0.1374,0
44.24,13,12.04,0,2,42,0.2615,0
7.05,20,1.58,1,2,2290,0.1028,0
58.85,3,96.61,0,3,1151,0.3638,1
21.76,8,35.58,0,3,607,0.3873,0
71.47,2,16.13,0,4,1216,0.068,0
110.49,10,24.5,0,6,1024,0.1153,0
74.45,20,9.12,0,1,903,0.1869,0
48.13,9,24.73,0,3,383,0.1292,1
80.8,7,4.13,0,3,2994,0.1498,0
187.58,13,63.06,0,1,741,0.2074,0
46.65,13,30.8,1,4,1669,0.1185,0
121.9,19,12.75,0,2,1091,0.1387,0
61.18,21,23.69,0,2,1033,0.3848,0
22.56,6,19.3,0,1,756,0.1029,0
11.09,7,-999.0,0,6,1699,0.1849,0
64.18,23,11.7,0,0,200,0.0814,0
58.05,17,32.12,0,3,2419,0.3646,0
23.26,11,55.35,0,4,2893,0.1412,0
32.63,14,7.23,0,2,791,0.4362,0
573.04,11,7.55,0,2,1371,0.126,0
282.07,3,2.21,0,8,2428,0.1666,0
38.16,12,16.57,0,2,1838,0.4921,0
19.91,19,22.02,0,2,2198,0.3212,0
150.2,18,9.35,0,3,2072,0.0544,0
132.76,14,1.9,0,2,834,0.1918,0
83.1,10,10.16,0,5,1450,0.2774,0
48.81,3,20.57,0,2,2895,0.4937,0
13.68,23,21.59,1,2,1418,0.2727,0
21.72,23,24.24,0,5,379,0.1894,0
40.27,13,-999.0,0,3,699,0.2281,0
28.94,4,9.98,0,5,308,0.1122,0
58.99,12,-999.0,0,3,655,0.5798,1
63.22,13,16.43,0,6,1265,0.0403,0
120.29,13,5.45,0,4,490,0.5606,0
84.57,3,5.98,0,4,1555,0.22,0
37.28,4,3.12,1,4,1442,0.2777,0
45.2,20,38.95,0,2,2226,0.0909,0
124.9,2,59.93,0,2,2326,0.2505,0
22.93,9,1.27,0,6,628,0.2104,0
38.59,18,32.12,0,3,975,0.0352,0
28.29,6,37.4,0,1,2178,0.2112,0
46.67,9,38.85,1,1,1705,0.3349,0
15.61,21,14.2,0,2,854,0.3854,0
181.22,4,2.5,0,3,1436,0.1083,0
41.28,16,12.49,0,3,411,0.1642,0
13.03,10,27.55,0,5,1004,0.2777,0
83.98,8,3.06,0,6,778,0.0603,0
54.54,9,35.5,0,1,1183,0.3984,1
18.43,16,7.7,0,2,2527,0.0467,0
2.89,22,32.52,0,4,2048,0.2152,0
176.59,17,23.9,0,4,2396,0.1669,0
77.17,21,53.61,0,2,1070,0.2593,0
200.4,9,8.25,0,2,2708,0.1178,0
6.65,3,45.64,0,4,806,0.541,0
41.88,10,-999.0,0,2,2172,0.1553,0
92.41,12,14.1,0,3,1596,0.0647,0
13.81,21,44.16,0,3,1941,0.1774,0
130.56,0,2.47,0,3,467,0.0455,0
265.79,6,34.11,0,2,2770,0.3675,0
49.38,7,-999.0,1,3,1667,0.2915,1
28.91,8,56.2,0,5,1319,0.1736,0
14.55,2,2.83,0,3,2106,0.5278,0
28.26,3,29.54,0,3,2743,0.0456,0
6.74,21,24.69,0,5,2249,0.2439,0
4.67,11,24.68,0,0,779,0.1904,0
56.51,19,11.52,0,6,894,0.3248,0
12.64,22,20.11,0,2,105,0.0932,0
42.68,10,22.6,1,1,2209,0.2385,0
7.54,0,6.34,0,6,923,0.5171,0
147.18,18,54.37,0,3,2393,0.3307,0
83.32,1,2.79,0,1,1511,0.4047,0
29.95,8,32.94,1,0,1167,0.07,0
7.58,16,17.16,0,5,394,0.5159,0
29.18,16,39.36,0,2,873,0.309,0
22.63,21,39.49,1,2,153,0.0897,0
34.55,21,6.23,0,1,73,0.0711,0
193.73,20,55.38,0,5,1518,0.3269,0
69.73,20,31.75,0,3,89,0.0927,0
46.65,13,41.04,0,5,2227,0.1193,0
55.2,19,5.29,0,2,1618,0.166,0
117.31,19,9.66,0,3,1782,0.0842,0
31.38,21,10.24,1,2,2051,0.1038,0
60.83,2,1.15,1,3,2924,0.123,0
13.07,19,2.97,0,2,1738,0.0927,0
16.7,2,9.83,0,2,2446,0.2558,0
94.51,23,67.73,0,3,2385,0.0345,0
20.43,22,5.05,0,4,1651,0.0521,0
44.68,6,75.05,0,3,2871,0.3582,0
23.98,9,26.1,0,3,643,0.462,0
847.79,20,20.75,0,1,1428,0.4098,0
306.84,21,1.07,0,2,739,0.2147,0
65.88,12,20.85,0,3,977,0.335,0
18.81,13,7.68,0,3,2283,0.1999,0
63.47,14,9.47,0,2,2695,0.2446,0
15.25,2,23.9,0,1,923,0.3514,0
22.83,23,22.82,0,4,145,0.2873,0
65.35,17,77.9,1,5,2171,0.1835,0
42.15,2,8.16,0,3,2024,0.1852,0
59.04,12,18.4,1,3,1330,0.0055,0
19.76,18,40.5,1,1,1811,0.0653,0
78.43,13,15.18,0,3,2776,0.0496,0
20.16,17,20.57,1,5,2726,0.2647,0
12.41,7,31.99,0,2,669,0.2128,0
311.83,4,8.06,0,3,1996,0.1612,0
36.05,14,14.33,0,2,2814,0.3202,0
23.46,12,3.42,0,3,1736,0.0548,0
43.26,15,-999.0,0,3,2160,0.0647,0
195.44,12,34.76,0,3,674,0.1094,0
38.05,7,1.44,0,2,2103,0.112,0
22.35,21,23.41,0,2,1894,0.2193,0
171.15,19,4.69,0,3,684,0.3681,0
49.79,14,15.12,0,3,65,0.2617,0
37.8,13,5.56,0,7,539,0.0763,0
252.95,2,6.05,0,1,2770,0.1505,0
270.08,20,48.25,1,4,2250,0.379,1
89.08,10,23.77,0,8,1112,0.3151,0
64.02,17,42.93,0,2,1148,0.0668,0
48.08,8,24.77,0,2,2022,0.2348,0
147.82,0,26.11,0,5,960,0.506,0
101.48,7,8.85,0,5,2067,0.1058,0
100.14,17,33.03,0,2,2247,0.4094,0
48.88,20,7.39,0,2,116,0.072,0
58.33,4,22.48,0,2,1421,0.4575,0
72.46,0,20.8,0,4,1695,0.4311,0
46.35,19,20.7,0,1,2445,0.1575,0
522.9,11,37.8,0,2,1449,0.2178,0
29.73,5,12.92,0,2,741,0.0885,0
43.21,0,23.53,0,5,2351,0.3312,0
186.67,18,21.12,0,3,2182,0.1762,0
62.01,14,49.91,0,1,490,0.3336,0
53.61,23,27.07,0,5,1275,0.1182,0
18.03,3,9.91,0,2,424,0.0198,0
17.25,0,18.77,1,1,1802,0.2377,1
9.21,7,3.2,0,5,1942,0.248,0
191.68,17,39.15,0,3,289,0.2065,0
92.07,1,49.42,0,3,1742,0.2525,0
49.23,17,75.25,0,3,20,0.0571,0
44.89,14,40.73,0,3,1162,0.1583,0
22.19,20,15.27,0,3,64,0.1504,0
70.93,15,1.77,0,4,2936,0.1014,0
104.31,4,21.52,0,3,2363,0.2191,0
15.45,6,53.51,0,4,1240,0.0495,0
31.85,0,8.52,0,4,2834,0.0935,0
41.43,12,0.54,0,2,161,0.2222,0
21.13,18,7.8,0,4,1767,0.2457,0
22.38,4,45.9,0,3,1431,0.0649,0
40.89,9,44.11,0,5,1139,0.248,0
29.84,9,-999.0,0,1,909,0.0633,0
10.66,14,6.98,0,1,2236,0.3386,0
62.28,20,62.65,0,4,2068,0.3718,0
39.41,3,64.61,0,4,450,0.0198,0
18.43,9,3.83,0,4,244,0.2614,0
41.11,20,5.24,0,3,89,0.3656,0
190.26,6,16.83,0,0,2637,0.2508,0
37.49,22,10.69,0,3,2478,0.0659,0
90.72,0,5.77,1,3,1964,0.1248,0
62.4,15,21.48,0,7,1468,0.0354,0
18.86,9,22.12,0,4,489,0.1752,0
28.96,3,10.8,0,1,911,0.2067,0
157.67,23,1.97,0,3,1624,0.1315,0
193.18,10,6.99,0,2,1925,0.1102,0
56.04,8,24.62,1,4,1193,0.2127,0
19.54,14,17.89,0,1,1819,0.0882,0
52.66,2,21.07,0,3,1201,0.2346,0
114.85,11,37.03,0,3,1437,0.1273,0
28.68,23,6.6,0,0,319,0.1905,0
8.66,12,31.91,0,3,2913,0.0698,0
86.62,0,67.09,0,2,1570,0.1277,0
69.12,5,25.35,0,6,2026,0.0651,0
50.13,18,95.98,0,5,585,0.283,0
88.28,3,11.43,0,3,1060,0.2147,0
13.72,12,4.57,1,5,2968,0.2105,0
29.57,6,5.21,0,5,158,0.2591,0
16.81,11,44.98,0,3,590,0.4593,0
80.84,11,-999.0,0,2,1723,0.2421,0
4.24,20,6.51,0,6,815,0.23,0
106.39,20,56.35,0,2,1852,0.1565,0
18.92,21,17.46,0,2,2782,0.0857,0
10.01,14,16.37,0,0,415,0.229,0
26.26,3,6.13,0,3,210,0.1547,0
55.53,9,14.3,0,2,588,0.1985,0
46.36,12,8.96,0,3,724,0.3205,0
18.95,6,30.23,1,1,2588,0.0964,0
122.12,14,15.76,0,4,1785,0.3029,0
6.93,16,34.91,0,3,548,0.2539,0
83.39,22,11.28,0,4,83,0.1082,0
49.76,4,6.97,0,3,674,0.0906,0
16.7,3,9.83,0,2,168,0.2318,0
55.06,21,4.57,0,3,1363,0.1769,0
49.69,12,10.64,0,3,1271,0.0632,0
29.4,3,8.42,1,4,1465,0.2256,0
40.73,8,12.52,0,6,959,0.2017,0
44.63,3,23.34,0,1,1794,0.3247,0
54.22,22,10.14,0,2,2955,0.1929,0
4.48,9,20.7,0,4,474,0.2297,0
16.59,21,-999.0,0,2,2574,0.0362,0
103.12,6,5.38,0,2,1660,0.1093,0
25.94,18,1.46,0,2,2925,0.0782,0
106.09,22,14.36,0,5,1707,0.1141,0
8.26,14,42.96,0,1,2532,0.2632,0
62.34,3,10.7,0,6,2777,0.1287,0
167.41,6,34.51,0,1,494,0.2683,0
16.17,21,33.69,0,5,374,0.1026,0
28.53,10,4.63,1,3,600,0.1347,0
30.47,3,27.54,0,4,2567,0.229,0
57.39,2,15.02,0,0,2352,0.4044,0
113.62,1,1.68,0,4,1461,0.2839,0
11.15,15,-999.0,0,1,2477,0.3298,0
28.87,15,11.55,0,3,206,0.2665,0
31.73,7,-999.0,0,3,1525,0.2107,0
23.6,7,7.15,0,6,867,0.1205,0
33.76,1,39.23,0,2,1360,0.5627,0
173.69,21,8.03,0,3,33,0.253,0
34.77,5,20.02,0,2,874,0.0637,0
14.53,16,-999.0,0,1,1518,0.1819,0
65.49,4,26.32,0,2,2303,0.1083,0
42.3,2,3.53,0,1,1701,0.1881,0
27.29,19,20.95,0,2,1295,0.1924,0
108.28,22,10.42,0,8,2827,0.4544,0
33.86,10,19.26,0,4,1059,0.4682,0
21.11,18,15.73,0,2,2482,0.2802,0
165.4,18,10.93,0,2,915,0.0722,0
61.36,11,14.12,0,3,2402,0.0175,0
45.69,0,24.84,0,1,1167,0.253,0
9.82,10,19.71,0,1,84,0.123,0
67.4,19,6.83,0,3,1416,0.2308,0
12.69,9,24.93,0,1,1584,0.1314,0
234.35,20,15.29,0,4,2365,0.3113,0
17.62,13,30.39,0,3,612,0.2815,0
42.43,19,15.1,0,3,1897,0.2538,0
63.59,8,17.96,0,2,510,0.2758,0
30.72,2,4.94,0,7,2639,0.1085,0
24.86,18,17.35,0,1,1561,0.2366,0
21.95,0,53.49,0,3,2063,0.2768,0
4.84,3,22.08,0,4,1916,0.2452,0
133.77,8,30.81,0,3,906,0.124,0
42.45,4,26.49,0,4,2474,0.1355,0
81.14,18,37.54,0,6,1690,0.2126,0
85.12,12,16.91,0,2,2499,0.24,0
96.37,21,15.06,0,2,2006,0.4878,0
49.12,19,25.66,0,7,41,0.1975,0
17.63,0,39.19,1,1,2779,0.2051,0
15.17,19,1.17,0,5,2108,0.2174,0
26.4,12,11.46,0,5,787,0.0901,0
62.02,17,16.77,1,3,1136,0.1083,0
19.99,0,10.6,0,1,1430,0.1515,0
265.47,14,19.4,0,1,1336,0.1273,1
19.28,1,4.4,0,6,1939,0.1507,0
36.69,12,17.01,0,3,1590,0.2373,0
270.35,4,20.05,0,4,1222,0.2446,0
17.35,19,41.76,0,2,2275,0.2959,0
76.29,15,19.38,1,3,1961,0.0645,0
435.71,11,4.27,0,9,2758,0.1464,0
120.47,23,23.99,1,3,232,0.0869,0
54.84,16,13.35,0,1,1989,0.2891,0
7.87,15,70.02,0,3,1844,0.0202,0
153.25,23,10.94,0,6,2852,0.2885,0
71.79,1,13.37,0,0,2509,0.1394,0
8.93,19,31.76,0,1,763,0.1556,0
9.2,19,30.51,0,1,927,0.266,0
330.97,20,16.94,0,1,2641,0.1345,0
56.51,22,57.71,0,2,1996,0.1875,0
27.82,13,29.25,0,3,2028,0.7105,0
15.07,9,9.85,0,6,237,0.1289,0
260.64,13,17.07,0,5,110,0.0141,0
40.19,20,36.15,1,3,1793,0.1111,0
44.54,1,42.71,0,3,1999,0.0625,0
59.37,13,61.09,1,4,1962,0.2668,0
18.37,5,-999.0,0,4,1445,0.1354,0
68.83,16,8.47,0,3,436,0.2233,0
26.64,16,36.73,0,1,726,0.1392,0
86.35,1,24.25,0,3,1592,0.4537,0
74.95,14,20.55,0,7,1402,0.3583,0
256.75,16,-999.0,0,2,1760,0.1679,0
42.65,23,34.07,0,1,956,0.3831,0
279.3,10,36.79,0,3,2011,0.1185,0
409.54,6,34.38,1,2,55,0.3436,1
33.6,0,7.82,0,9,573,0.0919,0
19.32,18,9.99,0,0,275,0.0287,0
190.82,23,46.76,0,1,1558,0.1173,0
18.53,22,1.2,1,5,2514,0.1412,0
301.67,2,40.13,0,4,1945,0.1393,0
12.87,14,3.74,0,2,221,0.2354,0
11.87,10,18.64,0,3,548,0.1071,0
48.6,23,13.28,0,2,2007,0.2303,0
81.35,9,33.41,1,2,2555,0.2093,0
41.59,3,31.02,0,1,1225,0.3901,0
40.99,1,4.43,0,3,904,0.4254,0
17.08,23,5.51,0,2,89,0.1404,0
57.89,11,3.27,0,2,579,0.0949,0
26.54,18,5.35,0,3,1801,0.2815,0
220.68,12,10.65,0,1,2683,0.2676,0
81.12,8,26.58,0,3,1261,0.3792,0
54.69,9,6.38,0,2,2837,0.0523,0
26.53,20,11.83,1,3,793,0.2434,0
89.42,10,21.04,0,5,907,0.2864,0
18.09,16,16.77,0,5,584,0.2062,0
18.53,15,9.88,0,3,1074,0.129,0
113.9,17,59.84,0,6,172,0.0987,0
13.09,18,-999.0,0,1,1841,0.3966,0
15.51,5,4.0,0,0,2320,0.207,0
25.38,9,10.56,0,5,2034,0.2342,0
23.54,2,31.55,1,0,2038,0.2066,0
49.1,14,10.02,1,4,1270,0.2035,0
49.6,15,41.36,0,1,1533,0.2587,0
131.16,13,0.27,0,3,1014,0.051,0
118.55,21,1.56,0,2,1334,0.0545,0
169.3,9,23.48,0,1,67,0.1127,0
26.67,17,12.2,0,3,161,0.1313,0
50.76,9,17.52,0,2,2694,0.1165,0
45.56,14,13.62,1,1,2805,0.3093,0
166.91,9,9.86,0,4,551,0.1713,0
56.27,19,4.8,0,1,2456,0.0951,0
157.96,17,7.21,0,2,525,0.1478,0
39.95,22,18.55,1,2,2083,0.3736,0
37.02,23,4.18,0,4,1314,0.1653,0
34.93,2,27.62,0,0,1472,0.1739,0
26.56,1,4.09,0,1,125,0.1226,0
9.42,21,10.39,0,4,1076,0.383,0
32.56,15,50.78,0,2,960,0.3823,0
24.36,18,19.59,0,6,262,0.3502,0
104.66,7,37.95,0,1,945,0.1845,0
126.28,6,32.07,0,3,955,0.1123,0
22.83,4,23.76,0,2,164,0.0923,0
161.76,4,11.92,0,5,1554,0.0703,0
52.08,2,30.87,0,0,2850,0.2626,0
159.83,5,22.47,0,4,1394,0.0115,0
39.62,17,8.49,0,3,701,0.2621,0
14.44,18,11.4,0,2,140,0.2986,0
88.43,14,3.29,0,3,554,0.3603,0
18.83,11,13.67,0,5,1112,0.3158,0
29.34,20,12.42,0,3,2523,0.0284,0
283.22,21,-999.0,0,2,518,0.0906,0
53.29,17,67.68,0,4,2067,0.244,0
48.36,13,14.1,1,2,1391,0.3738,0
100.71,7,10.24,0,3,1783,0.3197,0
38.31,19,24.07,0,1,261,0.0979,0
25.95,1,13.77,0,2,1481,0.4915,0
330.3,16,27.99,0,3,424,0.1947,0
24.71,23,13.76,0,3,554,0.3433,1
86.6,15,22.93,0,3,2197,0.2371,0
38.2,14,22.16,0,2,1049,0.1596,0
28.15,11,39.54,0,1,226,0.3765,1
157.3,12,79.41,0,4,2905,0.4318,0
46.92,22,87.31,1,5,191,0.0878,0
49.3,10,5.57,0,3,2085,0.2457,0
60.76,13,20.29,0,2,2124,0.0811,0
35.34,23,10.43,0,3,2892,0.0841,0
10.79,1,12.23,0,4,416,0.1303,0
16.16,20,-999.0,0,1,1758,0.414,0
92.81,21,4.1,0,4,1461,0.1074,0
8.95,18,53.65,0,9,1765,0.04,0
22.01,11,5.01,0,2,2293,0.2532,0
136.36,19,48.66,0,2,2680,0.3421,0
26.48,20,24.57,0,2,2717,0.1657,0
25.98,17,17.37,0,3,2557,0.0165,0
14.63,17,26.35,0,1,2743,0.0485,0
135.43,7,17.1,1,4,2648,0.1664,0
36.19,17,29.33,0,2,2512,0.2588,0
63.92,16,4.76,0,2,2803,0.2066,0
13.41,19,8.44,0,1,2890,0.0926,0
14.4,17,4.06,0,5,1283,0.4217,0
22.66,5,-999.0,0,3,1755,0.2669,0
4.98,19,4.83,0,5,1719,0.1976,0
101.82,5,12.35,0,10,386,0.0899,0
25.94,22,13.12,0,2,1675,0.3467,0
221.4,3,41.69,0,1,2787,0.244,0
26.18,19,17.49,0,1,213,0.4657,0
106.9,1,19.1,1,1,2669,0.507,0
73.84,13,29.39,0,4,1340,0.2172,0
53.63,18,19.3,0,5,1326,0.1261,0
109.24,0,35.43,0,3,90,0.2595,0
47.61,6,3.68,0,2,1466,0.5768,0
8.05,9,12.4,0,5,264,0.1167,0
63.77,10,23.4,0,2,2186,0.1549,0
342.46,18,26.3,0,2,2477,0.06,0
71.75,5,26.21,0,7,190,0.1674,0
31.48,7,1.38,0,1,398,0.2646,0
159.33,4,7.4,0,1,2366,0.1037,0
56.71,13,21.17,0,3,1771,0.1656,0
10.65,9,6.1,0,4,128,0.2332,0
158.98,0,31.94,0,4,2083,0.372,1
11.41,13,3.17,0,0,958,0.2201,0
135.58,15,9.26,0,3,502,0.0927,0
174.01,12,27.09,0,6,351,0.251,0
11.54,11,6.42,0,5,1845,0.0742,0
124.6,13,55.63,0,1,2651,0.5507,1
161.1,20,16.56,0,2,1876,0.1542,0
14.24,8,7.64,0,3,369,0.1128,0
46.55,18,-999.0,0,3,2860,0.217,0
51.41,6,31.9,0,7,577,0.1651,0
27.84,5,8.27,0,2,871,0.1893,0
29.16,4,7.46,1,1,1092,0.1168,0
11.67,2,-999.0,0,0,2521,0.047,0
61.93,14,22.54,0,1,1469,0.0495,0
4.8,14,-999.0,0,4,1443,0.1814,0
7.82,15,29.35,0,3,2290,0.1097,0
152.38,20,24.98,0,1,2360,0.2414,0
4.19,3,30.36,0,4,1134,0.0664,0
41.3,9,24.24,0,5,1507,0.0882,0
9.59,15,7.54,0,0,1081,0.1386,0
10.9,9,34.53,0,0,1170,0.1208,0
177.01,2,19.04,0,5,2061,0.3014,0
12.92,6,9.41,0,3,1410,0.3287,0
314.65,12,11.57,1,1,171,0.0946,0
51.76,8,35.1,0,2,2095,0.1322,0
156.03,4,10.33,0,0,2566,0.072,0
46.47,22,30.83,0,5,2047,0.2462,0
48.57,13,21.3,0,3,2458,0.4059,0
27.32,7,12.2,0,2,1316,0.468,0
18.15,7,51.74,0,1,712,0.0458,0
31.5,0,11.04,0,1,2116,0.3286,0
42.57,13,8.91,0,3,2484,0.156,0
117.41,18,103.68,0,2,1993,0.2802,0
58.39,23,37.91,0,1,1327,0.2476,0
48.42,15,34.35,0,4,1977,0.27,0
35.29,4,10.2,0,4,1487,0.0927,0
90.88,1,37.02,0,3,391,0.4577,0
37.42,1,-999.0,0,2,1079,0.2811,0
17.55,15,6.39,0,5,331,0.0472,0
18.6,19,27.04,0,2,2410,0.1308,0
99.98,6,15.1,0,2,1587,0.1975,0
6.91,7,55.56,0,2,360,0.3672,0
546.98,6,37.7,0,2,1140,0.097,1
51.83,15,17.27,0,2,1034,0.2166,0
104.19,15,26.44,1,5,1021,0.2652,1
75.72,10,2.49,0,1,2090,0.2493,0
227.21,4,20.39,0,2,2012,0.163,0
36.98,21,6.27,0,5,1952,0.0215,0
21.92,20,73.44,0,8,2725,0.2743,0
34.05,5,30.84,0,2,600,0.2593,0
54.08,17,7.54,0,5,1171,0.0467,0
96.3,10,7.35,0,2,2108,0.2068,0
138.82,22,35.59,0,2,1141,0.3189,1
30.15,17,12.67,0,3,2392,0.3524,0
108.26,21,13.53,0,2,1871,0.071,0
35.54,2,10.79,0,4,2307,0.0618,0
211.19,5,7.57,0,2,244,0.1345,0
54.83,18,-999.0,0,1,523,0.0772,0
119.94,18,32.41,0,3,962,0.2026,0
28.46,6,20.32,1,3,432,0.1784,0
82.41,6,16.23,0,0,1690,0.0485,0
4.55,9,2.85,0,5,640,0.0313,0
70.81,10,9.97,0,0,834,0.3327,0
14.67,1,21.32,0,6,2325,0.5375,0
46.98,23,21.97,0,2,2786,0.0737,0
29.81,16,9.23,0,2,2068,0.294,0
79.21,14,7.7,1,6,611,0.2532,0
11.43,13,4.04,0,2,883,0.0476,0
42.34,20,32.53,0,3,842,0.2188,0
67.11,20,40.04,0,4,1034,0.341,0
69.11,8,40.4,1,1,1624,0.1065,0
29.19,5,30.52,0,2,1862,0.4177,0
32.49,13,37.09,1,0,1330,0.3188,0
44.92,23,7.25,0,1,1416,0.1219,0
76.7,7,23.42,1,5,72,0.1454,0
39.09,16,29.46,0,4,1241,0.2627,0
94.6,5,20.5,0,1,494,0.2847,0
45.22,16,9.83,1,4,748,0.2768,0
35.41,8,15.58,0,4,2079,0.3956,0
26.35,12,9.17,0,1,2797,0.6379,0
92.92,0,-999.0,0,2,2352,0.3668,0
38.29,11,26.97,0,3,1622,0.2096,0
97.57,14,2.81,0,1,1073,0.0816,0
42.18,3,11.76,1,3,122,0.1753,0
45.01,13,40.16,0,5,921,0.3901,0
71.25,8,6.12,0,6,1575,0.1233,0
97.68,16,40.58,0,4,2675,0.3405,0
13.14,11,11.13,1,3,284,0.0771,0
4.93,16,2.05,0,2,1044,0.1612,0
90.11,2,12.19,0,3,1284,0.1856,0
245.43,22,13.5,0,2,207,0.2512,1
68.16,9,23.22,0,4,2847,0.1474,0
82.3,18,24.12,0,5,45,0.0278,0
52.05,23,28.72,0,6,53,0.2167,0
7.05,14,1.69,0,3,499,0.1038,0
22.46,18,74.77,1,3,2136,0.0793,0
120.8,10,52.18,0,2,1820,0.0523,0
37.3,20,33.66,0,5,1068,0.1301,0
188.56,4,21.28,0,2,1665,0.1342,0
32.14,19,30.4,0,5,1548,0.1919,0
181.36,18,7.45,0,3,1385,0.3098,0
36.68,0,13.75,0,3,603,0.2375,0
115.86,16,3.06,0,3,2486,0.1339,0
4.25,0,8.72,0,4,2317,0.3695,0
14.63,11,8.19,0,5,2402,0.0355,0
18.23,22,22.69,0,3,1829,0.1247,0
78.91,16,-999.0,0,5,998,0.2451,0
174.07,19,13.65,0,2,1709,0.2611,0
16.44,23,16.78,0,1,1869,0.3037,0
61.05,15,5.99,0,2,2988,0.1378,0
21.52,16,11.46,0,3,1349,0.3506,0
35.73,20,-999.0,0,1,512,0.3012,0
101.28,7,14.58,0,4,66,0.0655,0
31.03,18,3.76,0,5,1894,0.2667,0
100.72,21,22.93,0,3,272,0.3188,0
33.16,21,2.13,1,4,1591,0.1434,0
97.91,8,13.97,0,2,746,0.0978,0
7.37,7,29.93,0,2,364,0.1482,0
134.35,22,62.27,0,3,2818,0.0688,0
78.05,23,42.29,0,0,1341,0.1309,0
75.22,9,20.97,0,3,2901,0.0917,0
121.94,18,28.08,0,5,2340,0.4121,0
15.99,10,4.06,0,2,2972,0.1225,0
173.57,0,8.05,0,2,135,0.2079,0
54.28,23,32.53,0,5,2439,0.3245,0
48.39,21,6.73,0,7,863,0.1404,0
233.69,16,9.69,0,2,2275,0.1185,0
110.46,13,7.59,0,2,950,0.304,0
54.29,21,62.86,0,3,899,0.2644,0
130.14,20,11.87,0,5,513,0.077,0
110.86,15,13.76,0,2,1721,0.049,0
22.48,4,4.45,0,4,1926,0.117,0
6.58,3,1.35,0,3,1940,0.2252,0
4.5,7,14.59,0,4,931,0.1244,0
20.92,17,2.3,0,3,1057,0.0698,0
44.02,2,28.83,0,5,1741,0.2918,0
267.13,13,6.0,0,2,1397,0.5187,0
62.82,4,39.04,0,3,2570,0.1254,0
306.0,18,23.95,0,4,561,0.2515,0
19.5,1,9.46,0,1,899,0.038,0
168.97,18,11.52,0,3,325,0.119,0
59.1,19,0.44,0,2,2487,0.087,0
38.17,11,0.92,0,2,640,0.1198,0
466.96,11,57.48,0,6,688,0.2421,0
15.16,16,17.4,0,2,604,0.0172,0
12.22,13,17.27,0,5,515,0.3283,1
16.88,20,44.33,0,4,1613,0.1421,0
28.19,8,1.62,0,3,500,0.2799,0
22.12,22,20.03,1,6,190,0.2906,0
25.82,22,5.09,0,3,1570,0.2944,0
66.71,13,-999.0,0,3,2305,0.1256,0
50.18,7,36.92,0,0,2772,0.2424,0
72.74,17,21.17,1,1,2044,0.1204,0
134.05,14,10.87,0,3,228,0.1729,0
40.41,16,30.32,1,3,2941,0.3562,0
10.03,4,61.91,0,5,2834,0.4909,0
24.23,16,24.48,0,3,648,0.1376,0
24.6,22,29.84,0,1,1663,0.0876,0
28.06,5,20.37,0,4,1977,0.2834,0
90.58,3,1.97,0,4,602,0.2081,0
87.77,1,61.08,0,2,1475,0.0932,0
43.32,18,39.8,0,2,1189,0.4246,0
146.87,18,15.56,0,3,2072,0.0479,0
55.82,5,12.79,0,1,581,0.171,0
60.73,13,59.82,0,2,2971,0.3158,0
524.3,4,33.39,0,4,2419,0.179,0
53.21,2,16.01,0,4,2782,0.0928,0
24.8,2,22.43,0,3,2929,0.273,0
71.28,2,5.28,0,3,2306,0.0571,0
120.13,6,43.06,0,0,1464,0.327,0
325.4,19,2.32,0,4,2123,0.3326,0
22.52,17,5.66,0,4,2738,0.2588,0
85.28,18,30.05,1,4,2809,0.1752,0
177.51,16,14.05,0,1,1698,0.4219,0
71.74,21,68.08,0,1,2011,0.0927,0
51.1,16,20.69,0,2,2030,0.1075,0
32.83,21,16.04,0,0,2408,0.0967,0
11.92,9,63.4,0,3,1180,0.1161,0
187.69,2,16.7,1,2,2827,0.2239,0
301.7,17,27.18,0,0,608,0.1222,0
15.4,10,17.68,0,3,507,0.223,0
272.8,4,49.39,0,4,2475,0.4258,0
16.2,5,3.76,0,7,380,0.0859,0
47.19,10,3.1,0,1,2041,0.1797,0
22.61,12,14.14,0,4,2756,0.1528,0
8.65,14,30.85,0,1,494,0.1478,0
3.82,4,5.5,0,5,2025,0.0991,0
233.06,9,51.2,0,3,115,0.3243,0
8.43,20,7.94,0,4,2331,0.0733,0
8.73,6,3.8,0,4,2246,0.1825,0
9.11,0,-999.0,1,6,115,0.1292,0
251.54,23,-999.0,0,1,1704,0.1358,0
11.92,9,6.83,0,2,1080,0.2103,0
12.44,18,6.35,0,3,1195,0.3807,0
90.75,9,18.83,0,3,2662,0.2017,0
97.2,20,37.25,0,2,2252,0.2362,0
73.47,4,4.44,0,2,2095,0.1689,0
55.65,4,33.59,0,2,2070,0.1204,0
13.13,4,5.0,0,1,1460,0.3449,0
152.82,4,12.04,0,4,774,0.0868,0
2.15,2,33.96,0,2,1928,0.0355,0
124.98,22,-999.0,0,4,1314,0.0063,0
5.38,11,31.38,0,5,57,0.3815,0
21.29,4,7.15,0,4,2273,0.0939,0
227.47,10,16.16,0,2,801,0.2019,0
168.94,0,42.23,0,5,1162,0.3032,0
213.07,12,41.15,0,2,1439,0.1236,1
34.35,2,18.58,0,3,2944,0.2288,0
123.82,2,7.81,0,2,2863,0.1943,0
21.95,21,6.28,0,2,556,0.127,0
180.29,18,16.99,0,5,1011,0.0267,0
46.87,3,20.03,0,2,2918,0.3785,0
46.52,21,19.27,0,2,1328,0.3578,0
50.4,11,22.31,0,2,914,0.217,0
33.13,0,12.24,0,5,880,0.2836,0
18.19,16,32.67,0,5,1062,0.391,0
51.46,21,-999.0,0,0,700,0.2001,0
6.28,13,11.18,0,0,1067,0.1909,0
191.31,18,29.08,1,2,514,0.0781,0
9.2,21,-999.0,0,4,2835,0.1712,0
23.16,8,1.08,0,2,76,0.2524,0
18.79,16,27.81,0,6,2071,0.1842,0
33.99,16,-999.0,0,1,1411,0.4292,0
56.31,3,47.24,0,1,73,0.2399,1
119.74,2,-999.0,0,4,817,0.0706,0
77.91,19,17.72,1,4,767,0.1714,0
73.25,16,6.74,0,5,1259,0.0704,0
57.07,8,11.83,0,2,1141,0.1182,0
395.27,11,32.31,0,5,1780,0.3533,0
54.18,14,30.11,0,3,1838,0.1626,0
12.26,18,22.85,1,5,1483,0.1521,0
6.1,13,22.04,0,0,1723,0.2276,0
30.06,19,14.85,0,3,2694,0.0563,0
24.74,5,3.3,0,4,2889,0.186,0
158.01,21,20.55,0,0,1923,0.2209,0
30.3,2,13.35,0,3,2750,0.1564,0
203.66,14,47.52,0,1,1298,0.1988,0
31.15,1,-999.0,0,2,1020,0.1067,0
17.69,8,23.3,0,3,2499,0.1426,0
21.6,4,58.45,0,3,2320,0.1939,0
27.88,2,35.65,0,4,2008,0.0753,0
140.37,10,1.93,0,4,2845,0.3006,0
251.63,18,13.59,0,3,1212,0.3433,0
140.5,3,14.3,0,2,1348,0.0692,0
41.21,3,15.4,0,3,2051,0.189,0
33.63,3,11.79,0,2,1128,0.1471,0
16.58,13,85.54,0,3,2936,0.1003,0
36.37,16,-999.0,0,5,1950,0.2337,0
11.43,0,14.75,0,2,616,0.3083,0
19.38,9,7.59,0,7,867,0.1939,0
40.14,0,14.68,0,2,2147,0.2806,0
232.81,20,21.2,0,4,1454,0.1218,0
97.05,23,5.94,0,2,2762,0.3171,0
8.35,21,8.84,0,0,1006,0.2262,0
54.41,3,-999.0,1,1,566,0.2797,0
34.12,16,32.06,0,1,957,0.12,0
191.51,20,19.55,0,3,1895,0.192,0
56.99,16,8.83,0,3,674,0.189,0
162.83,15,69.54,0,2,1242,0.184,0
198.64,23,3.25,0,5,305,0.2502,0
89.63,22,15.09,0,2,1522,0.255,0
9.46,23,14.69,0,1,2627,0.353,0
28.94,11,7.61,0,1,47,0.2189,0
94.4,5,39.55,0,3,2815,0.5041,0
9.21,19,6.51,0,4,2211,0.2144,0
51.75,16,1.55,0,3,2076,0.2315,0
35.88,23,31.71,0,3,486,0.312,0
15.59,12,43.84,0,3,466,0.195,0
13.5,15,2.08,0,3,1707,0.5658,0
28.58,3,-999.0,0,7,1434,0.2437,0
5.5,11,5.88,0,2,919,0.2069,0
211.71,2,32.23,0,3,714,0.0807,0
104.35,7,2.57,0,1,693,0.3281,0
35.58,16,22.64,0,5,2160,0.287,0
19.47,20,28.92,0,8,861,0.2139,0
124.96,10,7.54,0,1,2810,0.2237,0
10.14,9,-999.0,0,2,2344,0.4979,0
118.56,8,18.59,0,7,2920,0.1893,0
154.2,16,29.46,0,2,2981,0.1558,0
219.37,2,-999.0,0,0,413,0.0342,0
76.52,9,12.85,0,2,1057,0.1478,0
55.3,10,8.73,0,3,151,0.2557,0
21.25,6,-999.0,1,3,2849,0.2806,0
100.06,5,30.94,0,6,662,0.3908,0
13.32,18,22.56,0,4,1870,0.254,0
32.63,5,30.83,0,4,1784,0.3483,0
62.76,18,0.18,0,3,1682,0.1785,0
36.58,8,16.47,0,6,162,0.1325,0
80.09,4,30.26,0,4,1569,0.0402,0
93.75,0,15.87,1,1,1392,0.3932,0
20.04,4,13.08,0,8,266,0.3408,0
232.88,9,4.4,1,5,2016,0.1348,0
45.04,6,22.67,0,2,2736,0.1455,0
65.98,19,15.09,0,4,2687,0.3218,0
21.71,16,7.9,0,3,2613,0.0322,0
27.91,6,10.2,0,4,529,0.2254,0
37.67,23,58.08,0,1,1211,0.1364,0
217.63,6,7.39,0,1,118,0.316,0
17.89,5,43.03,0,1,2980,0.2994,0
173.81,4,39.06,0,3,1112,0.1837,0
6.52,5,-999.0,0,4,108,0.0115,0
13.92,7,-999.0,0,7,206,0.2709,0
165.16,8,10.27,1,6,763,0.0947,0
14.25,1,31.49,0,2,725,0.3107,0
14.21,1,17.63,0,2,1085,0.2798,0
178.62,9,35.87,0,1,1459,0.1691,0
32.96,16,33.1,0,7,1108,0.2339,0
76.6,11,12.94,0,3,331,0.2312,0
17.49,23,22.08,0,0,1539,0.1526,0
103.45,18,6.58,0,0,1812,0.0859,0
11.25,11,12.87,0,4,1753,0.2805,0
123.69,11,-999.0,0,5,2129,0.1789,0
32.36,8,26.28,0,2,2522,0.0574,0
54.93,20,30.43,1,3,1276,0.3186,0
88.1,23,32.57,0,4,2037,0.1156,0
47.15,22,70.55,0,4,161,0.194,0
56.63,15,28.98,0,3,1294,0.331,0
15.51,4,15.37,0,0,332,0.1541,0
34.49,14,29.11,0,2,2432,0.1332,0
112.14,3,-999.0,0,3,2426,0.4531,0
190.74,14,29.71,0,4,1011,0.0582,0
70.02,17,13.18,0,7,2043,0.0878,0
116.85,6,19.26,0,4,1482,0.3535,1
12.98,14,43.17,0,4,1254,0.1234,0
16.77,2,11.13,0,5,2012,0.1945,0
27.26,10,11.27,0,2,82,0.1037,0
49.35,0,3.01,0,4,1975,0.12,0
24.46,14,42.77,0,1,2830,0.0497,0
42.15,4,19.49,0,4,103,0.3146,0
110.01,5,27.37,0,0,733,0.0949,0
67.24,12,2.64,0,3,917,0.4892,0
72.29,12,-999.0,0,2,2672,0.1955,0
34.89,16,1.39,1,1,1682,0.1477,0
76.24,22,12.54,0,1,210,0.0679,0
17.43,16,56.43,1,1,666,0.1295,0
168.08,14,14.94,0,2,65,0.0636,0
102.6,17,36.63,0,2,1221,0.2177,0
80.78,16,19.63,0,3,154,0.0697,0
71.7,22,18.12,0,3,879,0.1142,0
106.48,15,9.08,0,3,2109,0.1162,0
90.78,1,1.15,1,7,1846,0.1736,0
45.64,16,37.73,0,3,2219,0.1731,0
10.89,12,1.94,0,5,1342,0.2799,0
282.78,1,18.36,0,2,2905,0.1162,0
108.66,14,30.78,0,1,441,0.2781,0
14.31,4,7.69,0,3,953,0.3011,0
13.73,14,8.75,0,1,712,0.1114,0
95.18,22,39.23,0,1,1017,0.0116,0
93.71,16,15.18,0,6,2869,0.3903,0
77.22,15,38.76,0,5,2829,0.4939,0
4.74,7,10.93,0,2,2267,0.1699,0
84.45,17,2.37,1,3,1477,0.3378,0
153.96,19,41.14,1,2,144,0.1344,0
27.27,4,45.58,0,1,1435,0.258,0
193.87,8,14.9,0,3,1582,0.1245,0
217.34,2,10.6,1,3,1607,0.0716,0
34.84,3,9.51,0,1,64,0.0681,0
17.41,4,22.33,0,0,1528,0.0668,0
123.07,23,19.01,0,2,2682,0.0268,0
11.65,15,39.93,0,6,695,0.3366,0
32.97,22,30.71,0,4,2871,0.3487,0
399.27,23,33.55,0,6,2512,0.2089,0
65.16,2,5.43,0,3,1244,0.1647,1
32.53,12,9.54,0,3,383,0.0562,0
149.4,6,15.22,0,5,1739,0.1894,0
28.72,9,24.57,0,1,2071,0.2381,0
459.6,23,27.91,0,4,2223,0.1451,0
103.69,12,-999.0,0,2,2939,0.1938,0
24.52,20,17.14,0,4,474,0.3205,0
154.03,18,9.5,0,3,651,0.1935,0
36.93,18,15.55,0,4,421,0.0824,0
16.22,4,31.73,0,2,1348,0.236,0
26.9,2,1.82,1,0,526,0.2496,0
58.7,8,27.82,0,6,1555,0.1741,0
50.57,6,18.22,0,2,651,0.1331,0
46.22,14,1.38,0,1,1215,0.1251,0
43.27,6,29.78,0,2,1374,0.2592,0
25.3,13,114.27,0,2,108,0.4378,0
58.93,11,7.14,0,2,2607,0.2624,0
208.14,7,47.56,0,5,2332,0.2848,0
54.3,15,-999.0,0,1,1931,0.1643,0
36.91,18,8.69,0,2,1702,0.2118,0
65.03,14,43.83,0,2,770,0.2798,0
255.05,6,8.67,0,6,1100,0.2599,0
26.48,12,29.45,0,3,2635,0.251,0
28.45,0,1.54,0,4,2566,0.1485,0
48.01,18,8.1,0,4,2159,0.1822,0
262.8,16,27.08,0,4,2846,0.1353,0
39.14,2,-999.0,1,3,2311,0.0178,0
24.28,14,28.87,0,1,1861,0.1646,0
74.48,7,50.06,0,2,91,0.3314,0
35.08,14,5.98,0,3,379,0.3019,1
8.33,18,17.83,0,3,2529,0.4106,0
99.63,3,39.2,0,6,425,0.1635,0
4.7,13,16.95,0,2,2815,0.4857,0
238.23,19,38.17,0,1,2391,0.0629,0
23.81,8,12.0,0,2,434,0.447,0
43.18,19,32.75,0,2,1713,0.0366,0
35.19,10,51.63,0,3,1921,0.1018,0
15.2,6,41.98,0,2,2018,0.4951,0
6.73,5,15.21,0,5,894,0.1047,0
79.42,4,12.84,0,1,2263,0.1401,0
45.84,20,16.37,0,3,1983,0.1624,0
17.75,6,19.87,0,3,319,0.0974,0
5.18,7,41.08,0,2,2023,0.136,0
262.71,4,32.0,0,3,1589,0.1481,0
29.2,22,39.75,0,5,551,0.256,0
21.9,0,4.07,0,2,2444,0.3774,0
29.05,17,14.35,0,7,1745,0.0427,0
49.29,14,22.05,0,4,2122,0.0539,0
33.69,0,20.65,0,1,1854,0.134,0
112.12,14,35.82,0,4,1677,0.3741,0
19.78,5,15.03,0,7,1383,0.1188,0
139.06,20,14.19,0,0,35,0.144,0
19.11,5,33.81,0,1,744,0.368,0
379.06,20,10.63,0,5,1601,0.1607,0
8.57,22,3.63,0,5,1085,0.3118,0
127.34,10,6.1,0,1,1545,0.2437,0
126.78,8,27.39,0,4,1269,0.0932,0
12.17,22,12.42,0,2,1803,0.1355,0
68.72,23,29.34,0,3,2013,0.1484,0
115.94,18,31.62,0,2,402,0.5065,0
25.55,7,7.26,1,3,2554,0.2395,0
306.08,22,12.41,0,2,407,0.0509,0
32.33,23,23.41,0,1,2905,0.4928,0
60.03,14,90.46,0,2,2181,0.1803,0
65.3,3,1.77,0,1,2597,0.2604,0
145.05,6,4.98,0,4,2713,0.6306,0
251.1,0,25.32,0,3,631,0.1965,0
174.19,1,-999.0,0,3,1421,0.3658,0
79.9,1,12.75,0,1,2445,0.2479,0
36.6,13,24.75,0,5,2841,0.0294,0
56.9,4,55.18,0,2,197,0.248,1
11.13,3,10.28,1,1,1774,0.2163,0
40.18,2,0.54,0,3,419,0.2319,0
41.1,16,5.9,1,1,2820,0.2883,0
177.32,10,5.9,0,3,2481,0.1798,0
34.79,12,6.08,0,4,1512,0.1427,0
73.78,11,15.93,0,2,434,0.1149,0
33.72,6,46.8,0,3,1896,0.4155,0
4.76,4,11.07,0,4,388,0.4626,0
17.74,14,10.72,0,5,2588,0.2384,0
24.28,15,12.37,0,1,2550,0.2954,0
131.62,12,5.43,0,0,510,0.0999,0
291.77,17,27.46,0,2,183,0.0421,0
93.73,22,4.53,0,4,2080,0.145,0
15.03,2,37.99,0,2,956,0.2539,0
37.74,12,15.24,0,5,773,0.3862,0
63.85,1,49.74,0,6,285,0.034,0
6.43,2,5.67,0,2,133,0.1799,0
43.51,13,33.03,0,3,1195,0.2231,0
521.83,17,9.86,0,5,1625,0.0709,0
28.83,7,-999.0,0,3,701,0.2148,0
38.58,16,19.41,0,5,2722,0.0809,0
95.12,13,18.36,0,5,2846,0.2661,0
51.81,17,36.82,0,5,2568,0.1372,0
79.27,15,10.23,0,4,1045,0.0462,0
77.93,22,16.94,1,3,2794,0.2226,0
88.18,19,14.78,0,4,1594,0.0761,0
58.25,11,31.39,0,5,1193,0.197,0
39.78,0,33.32,0,1,2096,0.0795,0
80.44,15,14.56,0,3,101,0.1653,0
42.83,3,15.9,0,3,1968,0.2164,0
267.05,20,21.78,0,5,1937,0.3143,0
29.16,8,20.88,0,6,987,0.0487,0
24.81,14,51.14,0,4,2490,0.2728,0
88.07,23,33.3,0,2,439,0.181,0
46.95,16,18.4,0,3,2978,0.2759,0
28.93,13,16.34,0,1,234,0.2118,0
321.46,15,24.11,0,5,499,0.1415,0
23.61,3,25.13,0,7,2086,0.2257,0
30.48,2,5.57,0,6,1850,0.1846,0
23.9,23,7.75,0,2,500,0.4042,0
9.14,18,21.43,0,7,357,0.0908,0
8.97,0,10.16,0,2,2136,0.2905,0
25.43,17,2.65,0,3,406,0.1902,0
63.74,20,-999.0,0,4,2315,0.0531,0
65.5,18,24.98,0,4,2024,0.4209,0
107.81,13,80.21,0,3,2476,0.421,0
67.01,23,1.64,0,2,1615,0.2038,0
36.68,12,1.33,0,1,2698,0.1903,0
440.66,5,23.01,0,4,2350,0.1963,0
25.76,9,16.68,0,2,2541,0.2426,0
35.59,12,76.03,0,3,2419,0.0838,0
109.86,12,23.54,0,3,1507,0.0227,0
65.88,20,19.21,0,1,476,0.0838,0
33.2,0,30.1,0,5,1675,0.1177,0
31.33,9,63.31,0,0,1095,0.1502,0
139.97,0,9.06,0,1,2257,0.4541,0
145.33,11,9.65,0,4,1113,0.0414,0
54.71,18,12.74,0,1,2806,0.2616,0
25.74,0,37.19,0,3,2878,0.1349,0
53.6,4,7.39,0,6,2247,0.2077,0
48.26,23,7.2,0,2,738,0.0485,0
87.93,12,15.07,0,5,1036,0.2667,0
4.29,18,3.93,0,2,1350,0.2116,0
16.97,4,17.42,0,2,1934,0.1327,0
93.08,7,5.95,0,6,2677,0.0819,0
24.81,13,0.56,0,3,1261,0.1788,0
75.39,2,17.56,0,5,2515,0.1841,0
34.13,22,2.96,0,2,941,0.678,0
25.49,7,71.09,0,3,391,0.2048,0
33.82,5,29.1,0,5,2424,0.1,0
37.27,8,7.78,0,5,1392,0.3533,0
284.92,11,66.25,0,2,699,0.1511,0
56.08,10,24.69,0,5,728,0.0053,0
2.39,15,3.92,0,2,2790,0.2585,0
46.65,11,17.52,0,3,339,0.3371,0
104.17,13,9.58,0,1,729,0.1435,0
91.45,2,7.96,0,1,1742,0.0706,0
14.01,15,16.18,0,1,1243,0.5221,0
50.5,3,19.83,0,1,1271,0.1594,0
44.51,13,6.64,0,3,1730,0.2353,0
65.77,9,34.55,0,2,1452,0.4131,0
105.24,17,12.8,0,0,1274,0.0731,0
21.82,22,12.02,1,6,666,0.1466,0
97.47,21,42.95,0,3,2276,0.1212,0
35.01,19,17.76,0,3,632,0.3278,0
241.16,23,38.0,0,2,2373,0.1605,0
123.14,14,18.09,0,2,625,0.1257,0
30.78,12,18.0,0,5,1085,0.1232,0
6.81,6,12.53,0,2,149,0.4054,0
78.94,0,52.92,0,1,1130,0.3002,0
150.8,1,24.32,0,2,1669,0.0752,0
37.8,22,28.19,0,3,2798,0.1628,0
95.1,13,8.04,0,3,1897,0.4802,0
30.36,20,14.19,0,4,2056,0.0859,0
39.39,15,41.16,0,3,2336,0.0834,0
79.81,18,16.6,0,1,1535,0.3357,0
48.2,17,18.94,0,3,718,0.2084,0
63.03,8,18.73,0,1,430,0.06,0
109.66,7,5.66,0,1,1587,0.2128,0
48.83,22,48.82,0,4,1080,0.1486,0
90.36,13,9.13,0,4,337,0.2594,0
139.49,16,10.57,0,3,233,0.1741,0
752.4,2,43.07,0,4,2410,0.0756,0
46.87,9,7.44,0,4,1819,0.2671,0
30.85,19,38.84,0,4,1823,0.2232,0
40.66,2,30.92,0,3,1014,0.3556,0
15.19,2,25.07,0,6,2740,0.0988,0
31.55,16,33.39,0,1,1980,0.4215,0
58.1,21,18.89,0,3,385,0.0786,0
106.02,21,34.08,0,5,1899,0.2184,0
30.84,1,5.96,0,3,2775,0.1436,0
29.88,16,39.37,0,1,2905,0.1978,0
5.48,2,23.46,0,3,574,0.0792,0
8.19,5,30.88,0,2,562,0.4172,0
52.57,8,1.76,0,1,296,0.3334,0
75.51,23,27.87,0,2,1068,0.0278,0
75.61,23,10.11,0,2,2009,0.1926,0
72.17,13,25.61,0,1,2034,0.3966,0
18.5,4,11.24,0,5,1948,0.0786,0
46.41,15,9.43,0,1,136,0.0692,0
27.47,1,29.41,0,3,1027,0.1007,0
201.06,15,9.54,0,5,1848,0.3919,0
251.43,5,37.7,0,3,597,0.2069,0
28.32,10,0.2,0,1,1507,0.2051,0
9.76,16,22.01,0,4,1492,0.2071,0
52.55,13,33.47,1,2,2918,0.1105,0
36.14,9,15.7,0,3,980,0.0764,0
73.39,14,25.21,0,4,1246,0.1873,0
25.93,16,1.06,0,1,2497,0.2981,0
69.16,14,80.46,0,2,1012,0.2051,0
9.67,22,28.27,0,3,2474,0.2421,0
125.28,11,11.56,0,3,2222,0.3361,0
18.13,9,20.92,0,4,903,0.3279,0
42.24,5,38.98,0,2,1944,0.165,0
32.65,16,11.54,0,4,1648,0.2091,0
101.44,10,62.39,0,1,93,0.393,0
19.7,14,12.9,0,2,1868,0.2582,0
184.25,6,32.49,0,5,880,0.1142,0
17.87,19,12.39,0,3,2950,0.159,0
102.4,3,-999.0,1,6,2529,0.1738,0
82.69,16,0.99,0,4,441,0.1287,0
82.7,9,5.3,0,3,1454,0.0308,0
15.27,16,23.87,0,6,2314,0.0774,0
69.45,18,13.38,0,2,2961,0.219,0
33.86,12,13.12,0,6,1997,0.3306,0
12.75,2,12.49,0,2,1914,0.1625,0
85.57,13,21.26,0,3,2593,0.1437,0
30.31,21,8.76,0,3,1993,0.0275,0
34.76,2,46.99,1,0,885,0.1492,0
97.99,2,1.44,0,2,22,0.229,0
26.12,17,6.9,0,4,2642,0.2253,0
107.93,5,6.76,0,4,912,0.1917,0
47.91,21,7.39,0,5,886,0.2775,0
72.28,13,42.77,0,3,1797,0.1447,0
51.3,11,19.44,0,4,974,0.1397,0
127.78,21,5.35,0,4,589,0.2014,0
125.14,20,12.07,0,2,1852,0.0522,0
87.87,15,10.51,0,2,1175,0.1598,0
43.76,18,30.6,0,4,1425,0.2098,0
13.09,7,19.11,1,4,1606,0.3879,0
35.28,15,13.82,1,3,639,0.1511,0
56.49,0,15.92,0,5,2319,0.2268,0
66.86,20,20.17,0,2,1685,0.2655,0
17.81,1,-999.0,0,0,996,0.1348,0
18.73,22,62.34,0,4,884,0.3025,0
105.89,21,16.57,0,5,1303,0.0423,0
64.77,9,4.58,0,4,2520,0.0723,0
33.46,1,-999.0,0,0,2422,0.1465,0
25.35,7,6.89,0,3,1422,0.0403,0
119.72,4,7.43,0,2,2337,0.3623,0
46.24,18,21.78,0,3,2528,0.2615,0
148.23,3,6.79,0,2,2008,0.0977,0
17.64,23,26.19,0,1,196,0.2,0
47.38,7,47.08,0,2,652,0.1318,0
18.92,5,18.69,1,6,2955,0.3163,0
52.7,21,19.66,0,2,2772,0.1724,0
24.07,23,41.08,0,5,2596,0.1083,0
119.54,15,4.5,0,5,1463,0.4118,0
15.75,19,16.45,0,3,1040,0.2218,0
44.13,15,13.75,0,1,1804,0.1494,0
24.25,21,23.74,0,1,958,0.0576,0
5.24,7,7.71,1,0,1411,0.1713,0
103.77,7,3.61,0,3,1982,0.4382,0
89.92,13,18.33,0,5,2163,0.2629,0
31.33,8,10.8,0,2,1092,0.3561,0
51.89,19,12.59,0,5,880,0.2,0
28.57,5,15.95,0,2,2516,0.2707,0
509.6,5,17.43,0,2,2511,0.0468,0
364.99,11,25.65,0,2,2861,0.3423,0
20.92,9,63.14,0,2,1896,0.1128,0
37.97,8,20.7,1,1,168,0.264,0
51.23,9,-999.0,0,5,503,0.2134,0
313.5,20,-999.0,0,2,823,0.3048,0
36.32,4,6.31,0,4,657,0.2325,0
19.5,2,20.35,0,2,245,0.3331,0
74.61,18,1.79,0,3,1645,0.0621,0
137.36,0,7.65,0,0,2578,0.0609,0
7.58,10,15.02,0,3,2800,0.2241,0
29.65,15,-999.0,0,1,644,0.2227,0
96.22,1,13.27,0,4,2465,0.154,0
59.68,16,7.84,0,3,581,0.1655,0
6.72,8,4.37,0,1,1836,0.2039,0
372.22,5,2.42,0,6,816,0.1893,0
191.12,4,21.99,1,3,1936,0.2718,0
115.64,15,6.71,0,0,1120,0.058,0
94.49,4,23.49,0,5,117,0.1629,0
43.58,17,18.1,0,3,2485,0.1841,0
81.3,6,51.78,0,4,492,0.2577,0
48.14,13,14.16,0,2,1125,0.1489,0
20.48,10,43.2,0,3,126,0.1757,0
20.41,19,-999.0,0,2,1556,0.4657,0
199.31,1,5.91,0,3,2735,0.0995,0
79.39,13,14.37,0,2,84,0.3261,0
52.59,9,5.9,0,1,1282,0.2539,0
13.16,4,9.97,0,2,2875,0.1228,0
267.58,12,22.54,0,4,1648,0.2711,0
64.89,7,-999.0,0,2,38,0.4081,0
87.63,12,14.17,0,4,638,0.6354,0
10.66,0,28.55,0,6,2077,0.1621,0
86.85,5,34.37,0,0,2125,0.3206,0
20.13,4,16.27,0,4,2506,0.4507,0
8.18,3,73.55,0,1,24,0.15,0
53.95,16,4.9,0,4,131,0.0464,0
59.64,2,25.41,0,5,1993,0.2352,0
26.7,9,18.57,0,0,98,0.2424,0
11.25,9,41.35,0,2,942,0.0866,0
42.52,0,22.15,0,4,1897,0.0909,0
279.47,7,32.34,0,3,2679,0.1461,0
133.43,13,32.99,1,2,339,0.1048,0
41.37,3,18.22,0,3,849,0.1103,0
20.13,9,2.54,0,4,2628,0.1234,0
27.83,5,5.68,0,4,1594,0.3968,0
45.4,13,-999.0,0,4,217,0.1197,0
18.01,11,23.97,0,0,158,0.113,0
66.36,20,3.73,0,8,974,0.151,0
109.32,0,-999.0,0,1,2389,0.1268,0
102.91,13,22.62,1,1,1496,0.3173,0
101.47,9,74.33,0,1,254,0.1933,0
34.04,14,17.56,1,5,589,0.0588,0
86.22,13,5.87,0,6,951,0.2346,0
8.78,4,2.06,0,0,1556,0.2317,0
11.49,10,0.7,0,6,903,0.0227,0
208.43,18,4.94,0,4,1092,0.2756,0
18.93,22,34.91,0,2,2673,0.0578,0
39.9,20,54.73,1,3,2404,0.3042,0
114.31,23,4.72,0,4,449,0.2497,0
20.84,15,6.06,0,3,1883,0.1778,0
72.62,23,7.18,0,7,2988,0.0729,0
238.97,2,10.18,0,7,570,0.2083,0
32.43,11,19.95,0,2,1955,0.1127,0
2.37,7,22.59,0,1,2964,0.3713,0
124.01,13,7.9,0,2,129,0.0893,0
101.74,7,30.4,0,6,2355,0.2656,0
42.27,18,7.13,0,3,346,0.2741,0
42.92,10,19.58,1,3,1533,0.1766,0
21.11,11,5.15,0,7,2877,0.2225,0
58.15,5,4.73,0,4,2161,0.1546,0
18.27,22,9.07,0,1,2085,0.2288,0
49.06,3,31.8,0,6,1596,0.342,0
73.76,4,16.36,0,4,698,0.3255,0
16.38,23,47.16,0,4,141,0.153,0
33.73,23,44.32,0,2,2610,0.0883,0
168.66,14,25.1,0,0,371,0.1085,0
19.66,19,62.69,0,3,795,0.1731,0
50.12,20,11.91,0,4,479,0.4802,0
136.95,23,20.62,0,6,1008,0.3187,0
248.3,8,9.75,0,5,2931,0.1722,0
36.91,18,58.4,0,2,1491,0.1761,0
41.69,4,24.38,0,3,2157,0.2025,0
39.25,10,1.24,0,3,1358,0.3738,0
131.46,22,10.13,0,7,2457,0.1575,0
81.27,7,56.37,0,2,212,0.3277,0
44.38,15,1.71,0,4,447,0.4507,0
34.13,1,27.61,0,5,933,0.2655,0
30.32,5,49.22,1,5,2340,0.237,0
108.91,10,13.57,0,5,435,0.1957,0
66.81,23,56.3,0,1,1528,0.0286,0
20.65,17,7.94,0,6,1033,0.1466,0
135.04,22,3.93,0,2,1807,0.2292,0
22.07,0,21.98,0,1,2523,0.1397,1
87.09,5,12.49,0,1,2954,0.1995,0
22.63,11,54.78,0,1,1339,0.0608,0
49.35,15,16.98,0,9,2908,0.1838,0
173.43,13,32.89,0,3,1834,0.2242,0
47.03,5,12.34,0,8,2139,0.3527,0
33.84,22,-999.0,0,2,2257,0.1701,0
51.02,22,8.24,0,5,2896,0.2515,0
35.0,18,8.86,0,1,2774,0.1055,0
37.88,5,10.98,0,2,239,0.162,0
11.65,12,18.46,0,3,202,0.0898,0
67.52,8,8.48,0,0,1648,0.124,0
13.92,12,2.74,0,2,1755,0.2777,0
67.81,9,25.69,0,1,128,0.1701,0
56.73,4,18.87,0,1,464,0.0646,0
80.15,16,11.38,0,2,2734,0.1352,0
16.35,16,16.51,0,1,1361,0.2257,0
81.61,4,49.18,0,2,2508,0.2465,0
59.98,13,6.81,1,3,2648,0.4133,0
162.11,8,23.48,0,4,2505,0.0566,0
50.49,5,24.39,1,3,2970,0.1579,0
78.86,0,9.13,0,2,737,0.168,0
23.87,1,4.54,0,6,2870,0.285,0
156.15,8,46.78,0,1,174,0.0847,0
19.82,15,5.84,0,2,2935,0.5458,0
16.63,2,12.09,0,0,1135,0.2044,0
93.55,8,11.72,0,2,23,0.3602,0
39.01,23,8.97,0,6,2215,0.1109,0
24.36,3,50.13,0,3,2549,0.0706,0
18.18,10,24.26,0,1,2934,0.2046,0
17.69,12,27.44,0,3,1184,0.0486,0
118.64,6,43.55,0,5,2288,0.1473,0
63.01,2,18.47,0,7,2494,0.1597,0
2.93,14,44.78,0,3,1291,0.0864,0
53.58,7,15.45,0,4,513,0.0911,0
14.05,16,28.56,0,0,2865,0.1743,0
187.49,23,34.74,0,0,1423,0.089,0
29.8,3,3.96,0,3,1804,0.1826,0
19.57,11,27.15,0,4,1062,0.4166,0
183.54,8,16.59,0,5,2974,0.1211,0
121.04,8,10.64,0,5,694,0.0835,0
23.26,12,22.77,0,3,2779,0.0109,0
164.03,10,30.07,0,4,569,0.0976,0
18.32,8,11.37,1,5,1452,0.122,0
74.84,21,32.96,0,1,1080,0.0976,0
41.95,11,37.84,0,5,1694,0.1113,0
82.19,23,20.29,0,3,1268,0.2014,0
37.1,9,12.83,0,3,876,0.4097,0
420.15,16,7.14,0,0,2734,0.3311,0
27.39,16,5.95,0,2,1058,0.2368,0
74.46,16,54.62,0,3,649,0.1619,0
69.23,21,17.28,0,1,1364,0.046,0
174.41,21,2.93,0,3,2855,0.4262,0
63.04,2,-999.0,1,4,391,0.2667,0
76.57,22,26.04,0,1,527,0.078,0
135.63,17,10.58,0,2,1936,0.3341,0
4.74,18,26.35,0,2,2400,0.2816,0
285.22,8,25.46,0,3,2040,0.1992,0
59.14,22,11.5,0,8,2493,0.339,0
9.61,19,5.14,0,3,2823,0.0836,0
97.81,6,9.39,0,3,2528,0.0735,0
55.32,16,11.88,0,0,625,0.2508,0
204.76,20,3.69,0,3,701,0.2056,0
56.75,17,32.85,0,7,219,0.0585,0
12.58,11,11.38,1,5,761,0.2259,0
147.97,3,25.23,0,1,1382,0.1426,0
28.45,20,2.39,0,1,2981,0.1109,0
28.61,17,0.67,0,3,560,0.1644,0
19.96,19,12.0,0,0,445,0.218,0
393.42,16,16.44,0,2,1788,0.2695,0
117.12,21,14.32,0,0,934,0.2507,0
8.19,5,36.6,0,3,2137,0.1616,0
85.07,11,21.06,0,1,1319,0.0972,0
29.57,16,28.58,0,2,387,0.1153,0
89.63,1,6.75,0,5,2582,0.0617,0
47.55,5,4.65,1,5,503,0.0979,0
5.65,20,39.22,0,1,2033,0.0894,0
18.47,16,50.31,0,2,559,0.1335,0
168.75,9,33.37,0,3,1338,0.1713,0
96.17,20,10.02,0,3,311,0.0498,0
93.93,11,16.29,0,1,1772,0.2352,0
193.22,18,42.53,1,3,851,0.2229,0
110.33,21,65.0,0,1,2114,0.0955,0
18.09,17,31.6,0,3,2256,0.5579,0
24.55,22,2.35,0,3,2423,0.2319,0
95.0,10,5.15,0,3,1604,0.1281,0
236.81,20,9.98,0,4,1944,0.0401,0
55.01,7,9.84,0,5,1382,0.2057,0
50.36,14,1.2,0,4,1127,0.1361,0
13.38,13,-999.0,0,6,2294,0.2434,0
51.75,5,62.3,0,4,1714,0.3027,0
30.97,8,6.34,0,3,1285,0.1628,0
20.94,8,17.21,0,1,1936,0.1293,0
118.38,22,40.13,0,3,211,0.1483,0
20.86,4,61.88,0,2,100,0.2495,0
39.87,15,8.0,0,3,2696,0.1907,0
73.42,22,10.69,0,3,1891,0.1215,0
59.0,14,8.75,0,6,2152,0.33,0
20.76,23,31.7,0,3,1586,0.0628,0
130.43,8,10.74,0,2,1814,0.0782,0
59.88,2,3.66,0,1,839,0.2764,0
60.97,9,-999.0,0,2,1497,0.1626,0
35.43,10,45.56,0,2,800,0.1019,0
5.28,2,29.75,0,5,384,0.2901,0
97.37,0,7.8,0,3,741,0.2316,0
29.31,14,11.13,0,5,1989,0.1528,0
26.27,13,29.74,0,5,2322,0.3422,0
17.77,19,-999.0,0,1,1319,0.2749,0
53.36,1,26.28,0,3,288,0.2344,0
58.3,15,25.96,0,3,239,0.1286,0
15.26,3,12.78,0,6,661,0.3445,0
69.56,13,21.48,1,4,1397,0.4958,0
61.99,1,59.12,1,4,1520,0.1181,0
30.6,21,11.7,0,2,2452,0.1747,0
50.15,4,24.5,0,1,2867,0.1541,0
84.71,22,15.09,0,5,1521,0.5488,0
105.97,13,35.41,0,6,1235,0.3409,0
83.27,13,20.95,0,3,1993,0.2173,0
153.94,19,29.35,0,2,2634,0.16,0
3.93,19,27.53,0,7,2167,0.1889,0
125.36,6,13.78,0,3,2325,0.0153,0
168.35,15,10.67,0,3,333,0.2605,0
11.1,23,49.29,0,6,1305,0.1428,0
165.82,11,68.31,0,4,2297,0.2481,0
18.2,11,40.4,0,4,810,0.1478,0
113.36,18,69.39,0,5,1533,0.1364,0
45.96,3,24.76,0,3,2708,0.1234,0
30.2,16,10.32,0,2,264,0.3776,0
18.08,7,42.71,0,2,1053,0.0767,0
43.35,8,10.84,0,2,582,0.2255,0
31.72,17,29.65,0,3,451,0.0919,0
55.17,19,7.38,0,5,126,0.0946,0
140.63,20,36.66,0,3,2753,0.1319,0
51.49,4,10.67,0,3,1551,0.1298,0
234.17,4,14.91,0,2,1593,0.0647,0
44.62,7,16.04,0,4,375,0.1763,1
19.53,19,20.25,1,5,2720,0.2229,0
3.94,14,48.31,0,5,730,0.243,0
17.5,15,9.32,0,1,1811,0.1681,0
26.03,7,23.08,0,4,1226,0.0484,0
112.5,13,12.24,0,1,1427,0.33,0
173.38,18,28.34,0,3,2452,0.1662,0
100.05,15,38.6,0,3,1908,0.2151,0
31.13,4,10.2,1,3,2761,0.0219,0
340.53,14,18.47,0,5,909,0.1936,0
27.96,1,18.82,0,3,31,0.3775,0
250.87,12,19.32,1,2,1246,0.3351,0
79.83,13,29.0,0,5,942,0.4472,1
26.77,14,38.18,0,3,1439,0.2133,0
65.36,23,29.1,0,2,1640,0.2649,0
63.79,11,12.26,0,2,939,0.2678,0
58.75,20,0.91,0,5,1180,0.2244,0
36.6,23,6.04,0,4,2691,0.149,0
53.3,2,33.74,0,2,799,0.2877,0
14.11,20,-999.0,0,4,874,0.2759,0
10.49,16,0.71,0,5,1983,0.0558,0
22.97,23,-999.0,0,2,2738,0.2149,0
33.4,11,34.85,0,0,952,0.1539,0
44.11,19,12.47,0,2,377,0.4592,0
7.7,19,0.26,1,2,2217,0.2308,0
319.23,18,83.08,0,4,2900,0.4258,0
116.5,4,12.14,0,3,1495,0.0816,0
14.26,16,7.57,1,1,2252,0.3825,0
50.51,21,10.61,0,4,894,0.0748,0
13.3,13,4.43,0,1,1195,0.1011,0
44.24,16,38.26,1,3,116,0.114,0
35.01,23,4.05,0,1,362,0.2084,0
218.85,19,37.02,0,6,1666,0.0894,0
36.32,17,2.78,0,5,1018,0.2317,0
20.15,9,16.78,0,3,1492,0.1179,0
20.88,0,20.43,0,1,596,0.0759,0
18.31,12,36.24,0,4,872,0.4326,0
255.43,22,-999.0,0,3,184,0.0426,0
39.3,15,38.52,0,0,211,0.3238,0
38.22,17,12.98,1,1,2374,0.1944,0
8.26,7,45.26,0,2,2119,0.0947,0
201.59,14,4.08,0,2,378,0.2919,0
27.55,15,36.19,0,3,345,0.1978,0
32.75,3,22.73,0,3,2591,0.1532,0
21.36,1,13.2,0,3,312,0.4097,0
26.83,23,16.13,0,2,2133,0.1067,0
13.98,21,60.36,0,3,911,0.3049,0
87.74,21,7.03,0,3,1236,0.175,0
19.0,2,9.66,0,4,1541,0.1181,0
45.25,20,65.2,0,2,2379,0.0785,0
24.24,11,18.18,0,8,1843,0.1574,0
223.72,9,15.46,0,1,1254,0.2314,0
234.64,9,22.51,0,4,1182,0.4103,0
5.94,22,19.76,0,3,409,0.2589,0
14.95,21,58.1,0,6,2819,0.2939,0
23.15,4,4.63,0,0,2729,0.0673,0
107.59,16,13.02,0,2,1611,0.1263,0
195.64,12,21.0,0,2,2613,0.1886,0
81.3,19,22.37,0,3,495,0.0955,0
47.4,21,15.9,0,3,225,0.1476,0
65.66,17,18.76,0,1,1369,0.425,0
31.56,23,27.83,0,5,1785,0.0867,0
14.58,7,16.89,0,4,1471,0.2454,0
53.63,0,82.12,0,3,1265,0.4003,0
11.2,14,7.96,1,2,476,0.1592,0
6.19,17,2.62,1,3,2183,0.1752,0
20.46,18,23.56,0,5,606,0.1789,0
87.76,8,16.02,0,0,534,0.1057,0
160.39,0,20.16,0,0,1765,0.1901,0
2.56,22,53.71,0,2,2040,0.1767,0
23.29,20,39.34,0,4,1303,0.0394,0
11.86,13,6.96,0,2,396,0.2886,0
89.54,6,25.76,0,1,482,0.1829,0
37.09,15,8.8,0,6,518,0.2006,0
21.47,14,22.82,0,3,615,0.039,0
25.26,14,6.92,0,4,426,0.127,0
26.6,16,3.38,0,6,1254,0.0538,0
128.59,0,21.23,0,2,376,0.3823,0
35.84,4,3.98,0,1,20,0.1154,0
51.95,20,7.36,0,1,895,0.1227,0
72.71,22,6.61,0,6,892,0.1702,0
22.46,19,5.31,0,1,2092,0.1421,0
18.67,21,0.08,0,3,1966,0.0854,0
17.5,21,19.95,0,4,2247,0.021,0
19.66,20,20.94,0,3,2161,0.3742,0
130.24,20,56.77,0,3,2569,0.5917,0
171.24,11,3.67,0,2,2762,0.2218,0
228.06,16,29.68,0,5,2510,0.0661,0
5.98,0,33.46,0,1,1289,0.5683,0
31.79,13,16.1,0,6,1555,0.1605,0
213.54,6,24.27,0,3,1222,0.1034,0
31.36,11,-999.0,0,3,1955,0.2322,0
51.16,0,71.61,0,3,1900,0.2855,0
47.61,22,31.58,0,3,1689,0.1577,0
19.53,21,-999.0,0,3,1599,0.1742,0
41.78,9,80.87,0,3,1129,0.2194,0
128.79,5,15.38,0,1,1112,0.0573,0
17.52,13,5.07,0,3,2141,0.1445,0
16.49,16,14.63,0,2,742,0.1355,0
101.69,18,-999.0,0,1,1455,0.1634,0
78.43,0,6.28,0,5,2581,0.1488,0
13.25,12,7.2,0,4,293,0.0493,0
181.91,15,7.41,0,3,1386,0.233,0
100.96,11,22.22,0,4,2827,0.1583,0
15.73,13,10.06,0,2,893,0.1034,0
47.67,9,11.05,0,5,2283,0.1671,0
7.03,7,36.06,0,1,891,0.0819,0
68.07,0,12.53,0,5,2957,0.4625,0
62.48,9,37.84,0,2,257,0.2106,0
43.38,17,22.65,0,3,210,0.2294,0
38.68,21,22.92,0,8,2409,0.1944,0
26.65,5,21.25,0,5,625,0.277,0
40.24,7,22.68,0,3,1983,0.0328,0
21.98,7,12.12,0,3,1226,0.3932,0
55.04,0,31.49,0,3,2629,0.0692,0
36.13,22,9.73,0,0,2575,0.2879,0
12.99,11,80.35,0,3,1728,0.0416,0
64.16,8,-999.0,0,3,2122,0.3502,0
114.94,14,18.81,0,6,1951,0.1664,0
6.28,17,49.03,1,0,378,0.3633,0
36.82,17,16.42,0,6,2474,0.1716,0
19.73,22,-999.0,0,1,624,0.0811,0
22.53,18,5.76,0,1,321,0.0703,0
8.54,23,26.13,1,4,2781,0.3183,0
29.48,8,32.9,1,3,1648,0.2581,0
54.86,17,-999.0,0,2,923,0.1016,0
56.3,11,16.91,0,4,2752,0.1359,0
216.86,6,7.33,0,2,1154,0.4565,1
28.08,21,6.78,0,2,2947,0.4075,0
66.27,14,9.32,0,1,788,0.3555,0
8.63,1,37.03,1,2,2539,0.1101,0
14.15,10,6.27,0,2,1664,0.4277,0
30.19,22,0.85,0,1,1108,0.1432,0
25.5,16,23.76,0,1,1521,0.2815,1
10.77,7,-999.0,0,6,104,0.3127,0
26.36,1,68.55,0,5,2656,0.046,0
7.98,1,23.3,0,4,1181,0.257,0
98.57,14,1.05,0,5,1991,0.0477,0
139.23,9,3.43,0,1,2814,0.1271,0
28.5,3,21.59,0,1,1823,0.0731,0
39.41,22,-999.0,0,2,1940,0.0591,0
462.79,23,9.35,0,5,833,0.1284,0
16.26,1,25.05,0,3,63,0.0843,0
51.0,15,52.87,0,2,109,0.0723,0
117.22,20,42.64,0,3,1262,0.1253,0
493.02,22,17.18,0,1,2366,0.1869,0
77.93,23,15.27,0,0,2997,0.0497,0
20.4,13,34.06,0,1,1210,0.0629,0
139.62,17,19.14,0,1,2503,0.2515,0
49.35,6,34.01,0,6,1414,0.2724,0
129.74,23,5.13,0,5,1370,0.0546,0
5.16,21,2.76,0,2,279,0.1939,0
94.06,22,49.68,0,4,2267,0.1182,0
17.36,17,10.13,0,2,1167,0.506,0
254.25,7,30.18,0,6,1329,0.2462,0
34.72,22,15.64,0,3,829,0.1393,0
11.74,13,34.21,0,2,2548,0.1561,0
66.01,15,11.74,0,3,2820,0.1347,0
206.7,11,16.05,0,4,831,0.0756,0
202.1,12,31.42,0,1,1088,0.5154,0
39.03,14,3.94,0,5,2121,0.1214,0
33.93,14,26.85,0,2,26,0.0744,0
12.99,17,1.56,0,1,2813,0.0736,0
143.35,7,11.23,0,2,1165,0.7527,0
197.0,21,14.63,0,3,1653,0.332,0
27.0,1,23.3,0,4,995,0.3458,0
84.2,3,-999.0,0,5,1716,0.1422,0
62.99,2,23.74,0,1,1342,0.1722,0
33.26,17,16.44,1,6,2927,0.461,0
104.68,3,12.08,0,4,1121,0.1482,0
66.75,1,33.79,0,4,2956,0.1776,0
76.36,20,14.16,0,3,729,0.1996,0
35.98,3,21.03,0,3,2641,0.1064,0
169.83,0,25.86,0,3,2896,0.3791,0
38.9,18,14.29,0,4,926,0.0583,0
72.36,8,25.99,0,3,2338,0.2176,0
59.95,13,6.78,0,4,1079,0.0695,0
154.87,10,15.82,0,0,2770,0.0434,0
3.28,22,15.46,0,3,2374,0.3614,0
33.35,1,12.04,0,3,1340,0.4582,0
85.93,2,10.85,0,4,2921,0.1927,0
122.46,10,13.52,0,7,2038,0.1125,0
15.72,7,26.52,0,3,2135,0.1464,0
38.57,1,15.76,1,3,1820,0.3742,0
30.2,19,12.1,0,2,2520,0.391,0
22.71,10,-999.0,0,3,2184,0.2664,0
88.79,5,72.5,1,3,2513,0.2551,0
27.21,17,44.72,0,5,209,0.1175,0
91.9,4,11.26,0,5,1211,0.281,0
77.48,17,31.08,0,2,162,0.0556,0
22.04,6,15.96,0,6,2477,0.0982,0
58.7,11,26.66,0,7,1388,0.3733,0
18.11,22,3.91,0,3,1402,0.1413,0
67.06,8,69.32,0,3,2697,0.1524,0
139.95,2,31.07,0,12,1869,0.2802,0
227.43,3,11.8,0,5,2275,0.0864,0
85.84,23,34.76,0,3,636,0.2729,0
18.18,4,47.07,0,5,2882,0.0952,0
26.29,1,26.07,1,2,513,0.5218,0
29.39,5,8.61,0,3,1097,0.0394,0
37.65,5,25.55,0,2,1678,0.0545,0
19.9,6,19.75,0,3,1621,0.1259,0
41.52,3,43.88,0,1,2549,0.1385,0
19.34,20,11.21,0,1,1783,0.2088,0
152.1,7,17.37,0,5,2390,0.0861,0
27.94,15,4.04,1,4,2859,0.1066,0
30.32,7,7.82,0,3,991,0.2733,0
8.85,18,29.45,1,2,2873,0.2148,0
397.35,16,9.27,0,3,1032,0.0743,0
131.14,22,6.27,0,4,2548,0.1037,0
101.14,14,8.08,0,3,2063,0.208,0
77.93,16,10.54,0,2,881,0.0757,0
23.33,1,-999.0,0,3,189,0.2186,0
10.24,4,4.34,1,2,1845,0.237,0
185.67,7,20.78,0,4,642,0.0307,0
44.4,22,57.1,1,3,2812,0.3946,0
3.57,7,27.96,0,7,2776,0.2064,0
12.19,5,26.44,0,3,551,0.5232,0
45.01,19,29.62,0,4,2545,0.1646,0
64.08,22,7.78,0,1,2103,0.0977,0
30.12,5,9.12,1,4,2796,0.054,0
282.63,19,15.6,0,2,1332,0.2127,0
868.53,14,25.32,1,4,698,0.1938,0
37.18,11,10.7,0,1,46,0.1505,0
123.07,5,18.25,0,7,1215,0.1442,0
154.39,11,9.0,1,5,66,0.1342,0
51.82,0,18.84,0,2,1899,0.0085,0
54.7,8,6.21,0,4,120,0.0517,0
111.44,10,22.84,0,3,2782,0.1653,0
165.38,22,47.51,0,2,1450,0.1783,0
12.81,13,17.82,0,5,2064,0.117,0
25.17,0,20.58,0,2,1266,0.293,0
45.08,22,-999.0,0,3,1691,0.2706,0
96.81,10,20.64,0,5,462,0.1717,0
263.28,20,23.31,0,8,1949,0.0494,0
42.81,21,18.8,0,2,2557,0.3303,0
9.83,22,0.48,0,2,891,0.4057,0
42.76,3,7.67,0,8,105,0.0356,1
75.02,10,11.97,1,4,1071,0.3298,0
25.28,1,27.83,0,4,1462,0.2244,0
50.88,19,9.81,0,5,1333,0.0929,0
23.29,3,37.95,0,1,2484,0.1805,0
258.15,7,44.82,0,2,2119,0.0283,0
14.17,10,4.21,1,3,2304,0.2886,0
40.73,3,10.09,0,1,437,0.1313,0
45.71,6,24.43,0,3,2594,0.2528,0
43.07,3,12.24,0,4,2466,0.1507,0
64.8,0,21.26,0,4,1349,0.0102,0
12.2,8,15.07,0,0,2111,0.0936,0
44.89,9,14.72,0,2,1501,0.3339,0
23.91,16,-999.0,0,2,1087,0.4505,0
65.38,10,37.77,0,4,2453,0.2711,0
37.27,18,15.54,0,1,1278,0.3937,0
127.6,6,1.88,0,0,2808,0.1005,0
98.16,0,28.01,0,1,1809,0.0828,0
7.82,6,20.26,0,2,492,0.1745,0
227.33,11,5.21,0,4,1654,0.088,0
41.83,4,8.99,0,1,26,0.1021,0
14.75,15,10.46,0,3,862,0.1386,0
62.52,13,27.52,0,5,21,0.0935,0
83.56,12,29.8,0,4,1274,0.0778,0
614.14,9,31.0,0,2,2882,0.3442,1
17.13,17,14.36,0,4,595,0.0782,0
115.44,20,11.61,0,0,660,0.2221,0
10.52,3,5.08,0,4,1266,0.3257,0
93.38,4,4.81,0,1,448,0.3531,0
12.68,5,18.58,0,1,1939,0.29,0
22.86,0,47.89,1,7,1893,0.1308,0
102.4,20,9.0,0,4,2145,0.1386,0
25.65,6,0.85,0,1,2587,0.2002,0
148.97,20,91.22,0,2,1663,0.2243,0
133.12,22,70.39,0,3,1262,0.0332,0
161.45,6,19.41,0,3,584,0.4092,0
31.9,18,35.65,0,1,2855,0.2012,0
73.89,1,62.29,0,5,1721,0.0561,0
31.55,20,30.0,0,2,997,0.1311,0
6.1,7,58.8,0,2,1917,0.2394,1
111.67,14,1.34,0,5,2547,0.0617,0
55.47,19,20.8,0,4,2749,0.255,0
51.98,2,8.49,0,1,466,0.6755,0
8.03,12,8.78,0,4,1565,0.5921,0
45.01,6,33.49,0,4,2609,0.0837,0
11.4,23,19.19,0,2,896,0.1847,0
28.6,2,15.71,0,4,1012,0.1021,0
41.67,12,27.07,0,1,183,0.0136,0
4.29,7,-999.0,0,3,43,0.1346,0
252.5,12,33.99,0,1,989,0.2939,0
227.22,15,37.6,0,4,1668,0.1857,0
18.43,21,21.96,0,1,1283,0.2451,0
36.5,4,29.68,0,5,1595,0.0301,0
803.76,20,46.77,1,4,1718,0.0508,0
61.02,6,44.52,0,3,51,0.3401,0
41.31,21,2.68,0,3,897,0.1545,0
66.21,5,17.23,0,2,2560,0.1638,0
51.97,10,7.32,1,3,2662,0.1076,0
36.48,4,5.43,1,4,657,0.1214,0
24.86,18,2.14,0,3,457,0.4114,0
150.31,15,40.06,0,1,505,0.4687,0
42.74,5,29.69,0,3,2499,0.3289,0
20.44,11,3.14,0,0,1507,0.1964,0
12.86,18,45.84,0,2,177,0.1908,0
16.98,15,19.08,0,6,1475,0.4302,0
33.34,10,37.76,0,2,2133,0.166,0
40.83,5,37.44,0,3,884,0.3093,1
73.22,6,7.08,0,3,1465,0.1444,0
171.69,10,56.56,0,2,718,0.1044,0
16.38,1,12.96,0,1,1674,0.3899,0
108.43,0,1.33,0,4,1793,0.4052,0
140.78,12,37.74,0,2,1497,0.0502,0
19.72,23,21.08,0,1,1573,0.2146,0
11.1,2,9.19,0,2,150,0.1668,0
48.33,21,48.78,0,4,1260,0.0345,0
54.36,17,10.15,0,0,2899,0.1766,0
72.84,15,8.38,0,3,2399,0.0932,0
36.96,16,5.02,0,3,605,0.4247,0
16.32,18,1.44,0,2,1695,0.4749,0
62.06,8,-999.0,1,4,128,0.3912,0
167.02,18,-999.0,0,4,1665,0.1248,0
69.17,17,14.36,0,2,2448,0.2812,0
40.7,16,27.85,0,3,1207,0.5257,0
1452.82,0,4.89,1,2,375,0.1635,1
13.36,5,1.17,0,5,1094,0.2243,0
59.32,16,19.35,0,3,264,0.4292,0
13.25,16,24.37,0,3,1482,0.1701,0
52.93,1,17.69,0,3,2539,0.2538,0
34.34,9,-999.0,0,1,2091,0.1057,0
32.98,12,16.63,1,5,713,0.0908,0
303.87,10,28.79,0,4,1897,0.1016,0
27.51,3,5.5,0,3,132,0.0191,0
49.65,6,22.45,0,2,984,0.146,0
57.05,6,1.5,0,1,124,0.1745,0
19.71,12,15.43,0,2,1737,0.1518,0
144.21,1,14.29,0,3,1380,0.1957,0
86.33,17,33.84,0,4,1422,0.1423,1
28.12,13,32.77,0,1,1927,0.0693,0
34.93,5,51.14,0,2,78,0.2721,0
57.14,6,1.52,0,1,350,0.1951,0
57.35,2,72.42,1,4,1744,0.3291,0
8.71,16,39.15,0,4,1630,0.2784,0
34.04,2,16.8,0,2,293,0.2712,0
35.02,5,11.03,0,4,2253,0.0301,0
59.29,15,5.46,0,1,911,0.3012,0
118.85,4,75.82,0,4,86,0.1441,0
53.34,18,20.79,0,0,2593,0.0567,0
346.62,0,53.74,0,5,421,0.2118,0
13.21,18,20.73,0,2,1519,0.169,0
28.04,12,12.29,0,1,689,0.0674,0
45.12,15,7.01,0,3,2070,0.0504,0
89.8,15,15.33,0,4,1281,0.1481,0
94.92,10,19.27,0,0,2130,0.2104,0
85.48,22,7.46,0,0,2088,0.3053,0
25.69,19,11.2,0,5,1677,0.2648,0
99.39,6,26.27,0,6,1392,0.0302,0
16.05,7,20.37,0,5,2288,0.3402,0
33.55,16,15.01,0,2,2116,0.0563,0
11.04,17,9.72,0,0,1543,0.173,0
91.46,12,29.48,0,3,1444,0.2986,0
16.03,8,18.96,0,5,822,0.1385,0
44.41,17,13.3,0,5,823,0.1578,0
127.0,7,-999.0,0,6,2621,0.1703,0
46.21,17,33.64,0,4,2295,0.1551,0
34.6,5,20.53,0,2,2884,0.0418,0
83.04,10,5.12,0,1,991,0.0932,0
63.02,9,102.31,0,1,1693,0.2826,0
27.92,18,50.32,0,3,1586,0.0892,0
30.45,6,33.67,0,3,1281,0.3686,0
89.13,12,26.24,0,6,2627,0.4769,0
19.84,2,17.07,0,1,1043,0.2107,0
148.36,2,9.58,0,0,2233,0.0995,0
65.13,8,24.61,0,3,1029,0.2295,0
25.59,5,9.33,1,7,1620,0.1185,0
15.51,22,36.46,0,5,1025,0.1638,0
19.69,15,44.42,0,3,1232,0.2646,0
96.09,4,49.44,0,2,2849,0.0626,0
30.77,0,50.4,1,7,1059,0.3188,0
35.37,14,37.8,0,4,162,0.1959,0
102.63,2,18.03,0,2,768,0.3291,0
28.05,6,15.21,0,1,2050,0.3074,0
16.78,20,124.03,0,7,1867,0.0889,0
58.21,17,26.04,0,2,366,0.2764,0
97.62,18,15.11,1,4,2556,0.1962,0
8.79,13,-999.0,0,3,1774,0.1801,0
25.61,10,14.39,1,4,1827,0.3264,0
20.13,14,37.05,0,4,2319,0.2144,0
25.72,7,10.77,0,2,909,0.199,0
8.81,12,25.65,0,4,581,0.2318,0
42.41,20,22.53,0,1,1521,0.0842,0
27.93,12,24.71,1,6,1792,0.2314,0
95.4,12,28.38,0,4,1724,0.0299,0
45.77,3,22.49,0,1,1492,0.3237,0
6.21,4,33.81,0,2,2140,0.0785,0
4.33,12,15.03,0,4,588,0.2496,0
64.76,9,12.81,0,4,2225,0.0606,0
84.24,15,42.41,0,1,403,0.2771,0
169.5,5,3.88,0,0,968,0.1231,0
65.75,0,31.96,0,6,1343,0.1496,0
226.19,2,23.58,0,2,2188,0.0977,0
17.32,6,14.89,0,4,34,0.0525,0
10.73,8,-999.0,0,4,1662,0.262,0
135.38,5,-999.0,0,2,2967,0.289,0
26.57,23,17.03,0,6,183,0.2609,0
109.3,12,-999.0,0,2,1438,0.2208,0
8.81,21,28.38,0,1,840,0.1803,0
3.93,13,17.4,0,7,887,0.2267,0
30.54,14,4.89,0,3,90,0.1308,0
47.71,23,33.84,0,3,1199,0.1715,0
136.14,22,10.88,1,3,1596,0.1549,0
27.57,15,16.49,0,4,1889,0.3106,0
22.3,2,62.03,0,1,535,0.1722,0
20.91,7,35.09,1,1,353,0.1095,0
62.04,11,9.48,0,3,149,0.0874,0
75.25,18,-999.0,0,5,52,0.3801,0
174.92,11,5.69,0,2,2446,0.2401,0
110.48,1,18.44,0,3,2983,0.1127,0
37.92,6,20.41,0,2,145,0.1293,0
49.82,7,31.62,0,3,2057,0.2113,0
208.01,20,-999.0,0,2,1499,0.4075,0
46.73,20,21.96,0,2,1953,0.2528,0
132.49,12,18.96,0,1,761,0.0771,0
291.15,19,3.95,0,3,1864,0.3695,0
119.31,22,16.58,0,3,1899,0.1921,0
143.68,23,8.39,0,3,1909,0.1256,0
41.31,17,4.39,0,7,2517,0.0287,0
165.67,22,-999.0,0,1,990,0.112,0
36.42,5,62.25,0,2,1187,0.2781,0
58.79,1,5.92,0,1,2762,0.063,0
39.72,2,7.01,0,4,1026,0.1387,0
88.84,3,40.68,0,2,2953,0.1202,0
19.51,20,9.38,0,2,1766,0.0563,0
31.56,23,-999.0,0,4,478,0.285,0
10.91,1,14.18,0,3,1040,0.2141,0
14.05,5,11.95,0,1,178,0.2264,0
43.41,21,8.21,0,3,182,0.1422,0
72.2,11,25.58,0,2,1447,0.0771,0
143.4,22,4.1,0,4,1861,0.103,0
142.45,1,-999.0,0,4,1313,0.2861,0
87.56,16,23.76,0,3,2735,0.1008,0
107.92,12,27.83,0,1,1171,0.2992,0
49.67,19,17.42,0,3,955,0.1757,0
111.32,10,25.08,0,5,1144,0.3908,0
125.21,1,-999.0,0,4,107,0.2983,0
211.46,7,37.93,0,2,2712,0.1792,0
20.76,16,14.45,0,8,1956,0.0417,0
19.89,14,18.09,0,6,413,0.0655,0
58.03,10,55.17,1,4,1772,0.1446,0
46.63,9,17.56,0,2,195,0.1537,0
6.05,0,49.34,0,3,2721,0.0629,0
55.65,12,21.41,0,3,1594,0.2612,0
57.01,14,27.71,0,3,2557,0.0537,0
135.87,0,28.01,1,2,2062,0.0685,0
183.26,22,11.94,0,4,1691,0.0858,0
225.54,19,21.76,0,2,968,0.2926,0
27.93,14,14.13,0,7,31,0.2569,0
10.58,5,13.94,0,1,925,0.1444,0
72.15,12,2.93,0,5,1317,0.0338,0
24.78,8,37.69,0,3,333,0.2275,0
27.95,6,13.28,0,3,856,0.0707,0
75.95,5,49.13,0,3,2949,0.2229,0
45.2,1,50.35,0,5,169,0.3084,0
150.63,19,39.52,0,4,728,0.1351,0
19.98,22,45.9,0,4,2733,0.1745,0
6.54,13,26.56,0,3,656,0.2619,0
56.52,0,17.08,0,2,2692,0.1682,0
74.75,18,7.28,0,0,2793,0.3636,0
27.21,13,8.63,1,3,920,0.1064,0
102.24,7,3.48,0,0,1435,0.0999,0
73.53,7,7.75,0,6,301,0.3419,0
36.48,5,24.08,0,3,526,0.1516,0
45.73,16,5.91,0,4,2908,0.161,0
14.22,8,37.47,0,3,715,0.0377,0
3.99,3,9.71,0,2,2692,0.0536,0
8.8,9,22.48,0,2,2173,0.065,0
30.18,18,33.83,0,0,714,0.1,0
86.39,21,14.12,0,7,1204,0.3411,0
24.34,12,64.93,0,1,1203,0.2055,0
32.17,1,30.27,0,6,1661,0.0666,0
44.53,18,8.66,0,6,1261,0.0929,0
56.92,17,24.62,1,3,1657,0.0111,0
52.01,9,13.7,0,2,1292,0.2822,0
66.95,5,30.33,0,3,965,0.4941,0
91.86,15,9.39,0,3,612,0.1221,0
50.7,5,2.5,0,4,2372,0.0625,0
22.32,15,-999.0,0,4,1328,0.2359,0
84.54,10,86.0,0,3,787,0.4386,0
95.6,9,11.26,0,3,2988,0.2302,0
27.52,22,42.34,0,3,747,0.1738,1
6.99,15,11.96,0,1,894,0.1978,0
76.88,20,23.26,0,1,1211,0.5554,0
105.04,19,25.4,0,1,1323,0.136,0
27.94,17,53.06,0,5,452,0.2754,0
58.41,1,9.51,0,2,1145,0.4018,0
25.27,13,-999.0,0,3,1080,0.3228,0
89.83,13,6.89,0,1,2254,0.0396,0
35.57,22,32.39,0,5,2649,0.1155,0
14.98,11,13.7,0,1,249,0.0674,0
9.28,10,34.18,0,1,994,0.1194,0
54.93,13,14.66,0,5,2731,0.1535,0
136.27,7,4.05,0,3,306,0.1554,0
94.8,20,46.35,0,3,2893,0.0776,0
53.88,12,7.27,0,5,239,0.4083,1
40.88,2,-999.0,1,4,1643,0.0479,0
13.57,9,-999.0,0,1,2649,0.0261,0
43.24,20,25.0,0,2,2441,0.0313,0
26.63,2,15.81,0,3,2866,0.1381,0
87.13,21,6.96,0,5,1887,0.1903,0
29.93,1,9.39,0,7,2413,0.1645,0
18.62,4,4.18,0,5,1130,0.1823,0
212.47,17,27.96,0,5,2079,0.1118,0
19.06,7,9.33,0,0,785,0.2085,0
22.72,1,14.19,0,4,1257,0.3253,0
20.19,11,20.89,0,2,1366,0.1235,0
109.28,20,17.88,0,5,2858,0.1386,0
21.97,18,1.64,0,5,1752,0.3128,0
33.32,19,21.51,0,1,2278,0.1923,0
18.24,8,67.6,0,3,2058,0.4783,0
94.84,17,18.42,0,1,2807,0.2192,0
25.4,0,13.87,0,5,661,0.2376,0
54.59,13,7.72,0,2,283,0.0239,0
123.84,21,44.82,0,1,388,0.5239,0
99.44,5,10.43,0,4,1940,0.0943,0
235.21,5,37.93,0,3,759,0.0367,0
241.48,16,59.78,0,2,898,0.0842,0
30.61,18,64.55,0,5,1472,0.0872,0
41.67,13,32.53,0,5,566,0.1475,0
187.97,20,12.52,0,0,653,0.1964,0
24.98,7,4.2,0,4,1115,0.1489,0
219.16,21,23.39,0,4,2160,0.2112,0
10.39,10,8.4,0,1,1733,0.179,0
20.96,4,26.93,0,2,1626,0.2398,0
27.83,5,17.08,0,5,1270,0.2689,0
51.14,1,44.6,0,5,1649,0.0823,0
48.79,15,5.72,0,1,1321,0.0538,0
11.29,15,23.11,0,1,596,0.3644,0
130.23,4,11.79,0,3,631,0.104,0
58.23,7,13.18,0,4,347,0.2887,0
114.96,0,41.85,0,3,2046,0.1193,0
138.18,14,28.99,0,4,785,0.23,0
9.74,20,14.76,0,5,465,0.0762,0
139.95,12,12.68,0,5,1973,0.1217,0
62.34,13,20.67,0,4,526,0.2202,0
44.91,10,24.56,0,4,648,0.0949,0
69.77,18,42.5,0,0,1787,0.2874,0
21.64,8,9.33,0,2,1454,0.3064,0
274.02,22,14.35,0,6,1320,0.1114,0
32.86,8,13.89,0,1,2543,0.0503,0
23.07,8,26.93,0,3,214,0.2772,0
54.35,22,24.22,0,1,2372,0.2721,0
18.68,22,10.98,0,1,1596,0.2726,0
29.6,4,14.25,0,2,339,0.2255,0
69.42,6,3.95,0,6,1144,0.3901,0
7.13,17,24.92,0,3,2716,0.1659,0
30.52,12,5.18,0,1,1212,0.1699,0
14.91,0,19.36,0,4,1295,0.0338,0
11.76,3,-999.0,0,2,2076,0.1654,0
54.27,16,2.6,0,4,586,0.0693,0
5.45,21,5.33,0,3,1898,0.062,0
75.42,15,7.45,1,3,1802,0.1546,0
98.25,10,33.61,0,0,508,0.0966,0
13.92,11,22.91,0,3,1327,0.5273,0
16.09,7,10.68,0,2,1855,0.294,0
37.94,23,7.45,0,5,1447,0.2013,0
10.1,6,13.31,0,4,2490,0.252,0
411.01,6,19.41,0,4,600,0.45,0
42.23,15,3.9,0,2,479,0.2117,0
25.61,10,40.44,0,1,1965,0.2886,0
25.99,7,41.58,0,4,2201,0.2172,0
25.32,16,17.66,0,2,1813,0.2023,0
56.91,6,34.62,0,2,2466,0.3429,0
227.35,12,1.22,1,1,2816,0.0996,0
15.37,17,38.68,0,7,1603,0.3725,0
27.74,18,-999.0,0,4,1571,0.6088,0
48.91,6,5.99,1,2,2335,0.2722,0
11.98,10,9.05,1,1,2271,0.0806,0
88.35,7,6.35,0,1,2912,0.4101,0
5.96,6,71.97,0,5,2319,0.1894,0
35.71,5,21.28,0,2,2899,0.1276,0
48.57,4,17.19,0,2,2798,0.1886,0
90.4,7,11.51,0,7,1958,0.2185,0
55.53,23,93.29,0,6,1705,0.1562,0
43.95,13,5.37,0,8,876,0.1316,0
21.58,0,37.31,0,2,2178,0.1612,0
4.78,11,41.71,0,4,735,0.2607,0
18.47,16,4.35,0,1,1646,0.2708,0
19.14,4,10.05,1,3,2218,0.254,0
33.25,20,3.05,0,6,2765,0.1526,0
21.45,16,7.12,0,3,767,0.405,0
73.34,4,10.51,0,2,702,0.3504,0
28.54,5,28.12,0,3,2142,0.0172,0
15.28,8,-999.0,0,2,369,0.2403,0
19.42,17,40.64,0,3,2469,0.1413,0
14.98,16,22.39,0,0,144,0.0987,0
70.09,3,19.42,0,1,2193,0.0694,0
42.5,0,4.14,0,1,2897,0.04,0
67.38,20,4.89,0,2,1620,0.1608,0
178.1,14,9.56,0,0,572,0.1612,0
24.26,15,30.79,0,3,2869,0.2755,0
110.87,3,14.74,0,4,1547,0.097,0
45.68,14,21.26,0,1,336,0.3185,0
115.73,7,15.82,0,2,1335,0.2706,0
12.17,2,11.67,0,2,2347,0.2223,0
11.36,11,-999.0,1,3,741,0.4929,0
308.09,19,15.84,0,3,2663,0.0853,0
58.51,3,39.25,0,2,1286,0.2202,0
25.82,19,29.61,0,2,2096,0.1412,0
51.9,4,86.02,0,2,791,0.1616,0
13.62,10,5.95,0,3,300,0.1287,0
62.49,1,3.08,0,5,753,0.0797,0
23.49,2,15.59,0,2,1929,0.114,0
82.34,17,21.84,0,2,1756,0.4045,0
50.62,8,20.83,0,3,367,0.3343,0
12.95,18,-999.0,0,4,2009,0.2042,0
20.44,21,8.42,0,2,1394,0.1187,0
121.72,3,16.14,0,3,2508,0.1196,0
158.78,7,62.57,1,5,233,0.2515,0
60.01,2,24.76,0,4,351,0.0758,0
53.06,4,27.49,0,3,1558,0.2578,0
15.62,12,7.54,1,6,1336,0.2397,0
97.04,15,0.81,0,3,2753,0.0632,0
55.79,5,14.91,0,4,865,0.2257,0
61.37,18,28.14,0,5,1377,0.1778,0
39.04,7,46.25,0,3,2216,0.282,0
22.07,3,15.74,0,9,2402,0.5263,0
1020.72,2,2.16,0,2,1339,0.2683,0
71.95,22,0.52,1,1,472,0.1251,0
8.14,6,73.41,0,5,2512,0.3552,0
86.55,22,49.36,0,2,2205,0.2269,0
165.58,5,3.57,0,5,1256,0.2234,0
53.7,5,43.91,0,0,156,0.2166,0
116.42,20,3.69,0,6,1479,0.0908,0
288.47,1,38.92,0,3,853,0.1037,0
38.13,10,46.32,0,3,1695,0.3574,0
40.49,22,49.92,0,4,2265,0.1074,0
42.69,7,2.2,0,3,2792,0.2912,0
77.16,8,7.32,0,4,2698,0.1373,0
3.96,4,52.81,0,2,297,0.1899,0
36.27,0,29.17,0,0,1111,0.2206,0
20.06,15,23.84,0,2,521,0.1124,0
3.05,5,18.72,0,5,1413,0.1778,0
127.52,19,2.79,0,0,819,0.4156,0
26.0,17,8.47,1,5,1754,0.0496,0
127.79,4,19.27,0,4,2655,0.3459,0
39.1,18,14.39,0,3,476,0.2845,0
63.19,22,37.85,0,0,2924,0.0946,0
24.23,13,18.23,0,0,2119,0.1288,0
17.97,8,20.04,0,4,352,0.3863,0
90.65,23,-999.0,0,2,920,0.3397,0
27.25,1,29.07,0,3,1849,0.2648,0
23.41,1,7.5,0,6,2364,0.2631,0
118.81,0,17.77,0,3,557,0.1785,0
15.99,12,62.43,0,3,1757,0.256,0
22.3,13,45.85,0,3,74,0.1479,0
13.45,2,3.43,0,6,664,0.0592,0
62.9,4,4.25,0,2,529,0.4374,0
36.75,7,17.25,0,2,284,0.1092,0
14.36,7,6.05,0,6,1252,0.173,0
39.65,2,19.59,0,3,1638,0.186,0
72.65,10,30.21,0,1,1879,0.0422,0
48.32,2,46.96,0,2,1559,0.1993,0
27.28,21,4.32,0,3,1206,0.0662,0
14.16,12,3.49,0,3,2995,0.0632,0
14.49,9,27.95,0,5,1566,0.2557,0
53.71,8,11.06,0,2,2872,0.1669,0
51.59,4,10.27,0,2,1604,0.5734,0
173.75,4,2.46,1,2,1944,0.3317,0
133.01,9,13.07,0,7,1947,0.1198,0
28.88,8,40.85,0,3,449,0.1536,0
16.0,0,10.81,0,6,1782,0.3143,0
12.06,15,3.05,1,6,1526,0.1607,0
67.04,0,-999.0,0,6,2345,0.0956,0
7.17,18,42.23,0,2,432,0.0952,0
59.03,1,41.57,1,2,2182,0.0434,0
49.82,8,25.28,0,6,1578,0.0849,0
27.86,15,-999.0,0,2,1839,0.043,0
17.5,17,2.92,0,2,2969,0.2146,0
28.11,1,37.43,0,4,627,0.1743,0
78.51,10,0.9,0,4,590,0.0509,0
27.31,23,10.09,0,2,2175,0.1235,0
51.29,5,34.67,1,5,2599,0.2219,0
35.92,11,27.33,0,1,151,0.0378,0
515.69,22,18.85,0,2,2054,0.1782,0
25.05,13,8.76,0,3,154,0.158,0
111.08,18,42.15,0,4,2509,0.0525,0
74.83,15,6.43,0,3,2258,0.4706,0
104.56,9,-999.0,0,3,2437,0.4586,0
12.19,19,28.86,0,3,2910,0.2531,0
32.71,9,42.15,0,7,307,0.3637,0
197.51,12,7.74,0,1,2238,0.1673,0
4.1,6,28.11,0,3,2943,0.0688,0
31.06,10,6.75,0,4,2167,0.1007,0
165.96,1,52.61,1,5,2577,0.3777,0
65.12,1,66.39,0,5,2111,0.5266,0
53.43,20,3.41,0,2,1776,0.1006,0
48.37,20,18.09,0,2,2714,0.1455,0
82.97,2,2.91,0,1,1538,0.3569,0
14.49,9,38.59,0,3,924,0.0842,0
40.52,5,42.47,0,4,433,0.2137,0
94.99,5,17.74,0,5,1115,0.2277,0
23.44,19,-999.0,0,2,2998,0.0098,0
19.33,3,41.84,0,3,2568,0.1018,0
93.94,8,71.73,0,1,2896,0.23,0
123.77,18,8.33,0,4,2323,0.0348,0
51.36,14,24.61,0,5,24,0.0873,0
46.79,11,11.96,0,3,2628,0.0633,0
64.08,22,18.51,0,5,2371,0.0821,0
44.14,10,32.45,0,2,2068,0.2491,0
45.86,1,14.57,0,5,972,0.1102,0
188.31,12,27.97,0,11,2747,0.2387,0
51.46,21,52.38,0,2,1019,0.0966,0
36.82,11,7.88,0,2,2535,0.2683,0
24.98,17,32.0,0,3,2669,0.127,0
82.16,9,26.02,1,6,2158,0.1052,0
38.13,17,4.93,0,5,180,0.2273,0
18.06,3,14.78,0,4,1732,0.304,0
103.53,0,11.95,0,1,1609,0.1831,0
45.97,18,4.18,0,2,880,0.0645,0
11.64,14,47.73,0,2,2691,0.0349,0
27.53,17,20.48,0,3,2944,0.1951,0
117.56,12,16.52,0,2,270,0.2213,0
40.53,9,13.17,0,2,2743,0.0706,0
55.18,15,12.99,0,4,1448,0.1821,0
15.31,3,28.85,0,1,2357,0.451,0
7.59,5,13.3,0,2,2517,0.4752,0
23.46,8,-999.0,0,2,629,0.0868,0
22.97,13,11.46,0,0,1051,0.2742,0
20.15,18,6.52,0,4,1289,0.1692,0
83.8,10,69.39,0,1,2520,0.358,0
104.64,7,27.5,0,5,1280,0.3563,0
15.81,19,27.84,0,2,1157,0.0446,0
2.52,22,26.58,0,1,1783,0.3458,0
148.59,23,6.79,0,4,1776,0.2937,0
79.82,4,21.85,0,2,2308,0.3185,0
173.14,1,44.1,0,3,1256,0.0705,0
89.9,21,3.77,0,2,2358,0.1139,0
72.84,0,11.19,0,1,617,0.501,0
23.74,0,52.1,0,4,1593,0.3019,0
64.24,22,5.13,0,1,48,0.2455,0
33.92,20,1.78,0,3,1625,0.1053,0
33.09,18,-999.0,0,3,1267,0.0465,0
46.32,10,18.88,0,2,826,0.3227,0
949.89,19,23.0,0,2,42,0.2322,0
76.79,9,7.61,0,2,1238,0.0415,0
12.38,13,4.44,0,7,2531,0.3938,0
27.98,7,10.52,0,0,1247,0.1268,0
31.11,15,30.2,0,1,2140,0.1662,0
137.04,21,18.88,0,4,457,0.3673,0
199.16,9,16.44,0,2,265,0.1717,0
10.84,3,11.85,0,5,2477,0.1404,0
8.38,10,9.99,1,1,2653,0.1057,0
113.96,6,17.65,0,3,90,0.2171,0
6.3,7,59.45,0,5,576,0.2185,0
61.85,10,67.18,0,3,133,0.1477,0
196.55,6,15.99,0,2,2006,0.0369,0
102.69,13,9.94,0,5,2013,0.0073,0
389.97,14,0.17,0,2,2989,0.1601,0
16.25,7,17.61,0,1,1569,0.073,0
22.93,12,10.96,0,3,231,0.2062,0
25.06,5,5.42,0,3,2814,0.343,0
18.54,14,13.38,0,4,769,0.2814,0
44.08,1,9.66,0,3,1405,0.4596,0
94.17,3,15.89,0,2,1594,0.1909,0
51.77,9,21.97,0,4,1178,0.1636,0
160.26,7,5.97,0,4,1611,0.074,0
29.02,4,9.63,0,5,2432,0.0274,0
47.23,7,-999.0,0,3,2900,0.0359,0
111.96,9,22.57,0,2,1841,0.1382,0
113.22,22,81.82,0,2,2358,0.2022,0
29.75,5,6.59,0,5,1459,0.2865,0
30.28,1,14.39,0,5,876,0.278,0
59.67,13,2.15,0,3,1504,0.1646,0
70.79,0,-999.0,0,3,629,0.1127,0
24.56,3,43.49,0,0,1953,0.1547,0
32.3,12,4.8,0,8,2187,0.1585,0
50.07,0,2.13,0,3,308,0.4172,0
44.35,13,81.53,0,3,1312,0.1886,0
19.64,22,10.55,0,3,143,0.3638,0
44.19,4,9.62,0,5,2538,0.0854,0
11.48,16,4.0,0,1,1493,0.1634,0
140.1,23,18.92,0,2,213,0.1885,0
68.29,18,2.44,0,3,1327,0.0936,0
96.2,9,15.95,0,1,2587,0.119,0
190.76,20,12.6,0,4,1016,0.0735,0
86.89,6,49.08,0,6,2637,0.1975,0
42.08,1,11.07,0,7,2605,0.2926,0
125.63,4,7.77,0,3,1947,0.2432,0
135.97,6,15.59,0,1,1542,0.2648,0
23.7,13,8.6,0,0,170,0.5565,0
48.38,16,0.14,0,4,2257,0.1464,0
82.75,16,13.72,0,5,2338,0.5034,0
6.9,22,25.11,0,5,1427,0.1628,0
74.07,11,6.54,0,1,2968,0.1563,0
27.48,7,7.69,0,2,1209,0.3336,0
97.42,21,5.25,0,1,2242,0.0633,0
26.91,14,3.51,0,1,2099,0.1301,0
82.13,21,12.71,0,2,1441,0.1252,0
6.05,10,13.73,1,2,93,0.4058,0
228.82,22,10.82,0,5,1637,0.1423,0
107.59,19,9.38,0,3,1090,0.057,0
44.47,23,4.83,0,2,2961,0.2785,0
54.56,9,40.95,0,4,2638,0.346,0
38.03,19,24.56,0,5,2692,0.0711,0
73.83,7,20.89,0,1,1689,0.1867,0
101.49,10,18.37,0,2,2541,0.2977,0
47.05,1,13.22,0,2,631,0.1076,0
78.65,5,39.25,0,7,2128,0.0495,0
116.68,9,79.55,0,2,2820,0.0755,0
97.2,15,10.52,0,6,2407,0.3509,0
43.38,20,24.64,0,1,645,0.1027,0
62.35,1,5.23,0,3,2615,0.077,0
102.18,17,-999.0,0,7,444,0.3202,0
125.71,6,28.71,0,5,515,0.1263,0
31.62,19,3.81,1,1,1871,0.0976,0
96.03,13,39.3,1,3,1292,0.1409,0
53.28,7,23.7,0,4,2707,0.2367,0
78.23,17,13.9,1,3,477,0.0925,0
62.5,9,3.0,0,2,379,0.1105,0
45.69,17,8.1,0,5,1646,0.1739,0
67.42,6,26.84,0,3,1736,0.1373,0
105.15,18,10.68,0,3,2938,0.0662,0
35.44,7,36.87,1,5,765,0.1403,0
70.37,4,15.81,0,4,2075,0.1168,0
11.9,16,17.91,0,2,1612,0.1677,0
43.62,23,22.62,0,1,747,0.2837,0
19.51,19,10.98,0,2,1400,0.0416,0
19.77,6,30.55,1,4,2371,0.282,0
19.67,11,30.72,0,4,1393,0.0153,0
510.04,0,29.43,0,4,2741,0.2493,0
16.79,4,23.51,0,2,399,0.2843,0
50.66,1,12.49,0,6,2076,0.2377,0
31.93,3,8.88,0,2,2111,0.1245,0
79.82,2,14.91,1,1,2239,0.0568,0
161.84,5,17.43,0,3,614,0.2919,0
29.07,21,2.92,0,3,266,0.2742,0
15.58,5,10.06,0,6,289,0.069,0
66.09,2,7.42,0,2,255,0.2104,0
39.57,12,-999.0,0,1,1185,0.2976,0
11.69,13,26.59,0,2,2095,0.359,0
14.69,13,19.28,0,2,822,0.1802,0
20.82,16,37.67,0,2,1766,0.2092,0
29.0,2,9.96,0,5,1545,0.0205,0
349.86,23,6.76,0,4,460,0.3573,0
55.92,2,15.0,0,3,630,0.138,0
45.94,5,3.69,0,4,333,0.3323,0
43.5,20,36.83,0,2,2217,0.176,0
99.75,7,9.77,0,2,241,0.4538,1
134.09,17,15.06,0,2,2232,0.2525,0
27.23,9,7.71,0,5,2771,0.1314,0
63.28,7,12.14,0,3,1508,0.5043,0
71.99,17,38.71,0,2,964,0.1282,0
66.7,5,17.01,0,2,1673,0.2399,0
11.49,20,3.37,0,1,1525,0.2191,0
55.79,18,22.28,0,4,1203,0.1515,0
78.66,21,44.99,0,3,586,0.2244,0
40.88,7,62.9,0,3,2051,0.2425,0
17.28,18,11.3,0,3,2232,0.0942,0
75.93,1,1.62,0,2,2602,0.1274,0
93.22,1,9.47,1,4,703,0.1811,0
58.65,12,10.71,0,1,2290,0.3759,0
13.15,19,76.07,0,4,2157,0.1712,0
40.58,5,16.13,0,3,1520,0.2017,0
14.57,20,9.15,0,4,2020,0.5331,0
115.39,2,30.89,0,3,387,0.2612,0
33.32,1,23.0,0,2,35,0.2189,0
182.3,3,4.71,0,3,74,0.1781,0
75.06,15,13.74,0,3,1630,0.172,0
70.99,18,14.6,0,3,45,0.2835,0
264.21,11,10.63,0,5,2310,0.0655,0
52.29,9,59.77,0,4,74,0.2806,0
35.14,6,14.0,1,3,608,0.3503,0
121.15,7,68.37,0,7,702,0.0745,0
83.53,18,18.07,0,4,1094,0.091,0
223.19,18,32.78,1,3,786,0.1051,0
37.78,19,35.89,0,4,196,0.0762,0
35.98,4,14.27,1,1,1575,0.1794,0
81.52,20,4.33,1,3,766,0.1754,0
14.68,15,25.09,0,1,1017,0.0382,0
87.9,5,11.52,0,1,1744,0.1165,0
107.74,20,23.9,0,3,1122,0.1314,0
107.48,4,19.52,0,2,1080,0.2092,0
86.9,19,17.3,0,3,2853,0.3551,0
86.34,21,60.38,0,2,624,0.102,0
439.2,14,70.98,0,2,2890,0.2398,0
79.19,8,7.58,0,4,1057,0.3098,0
168.69,5,18.81,0,1,2309,0.0721,0
24.68,18,8.49,0,1,502,0.1729,0
50.89,5,44.76,0,4,952,0.1336,0
26.02,19,15.37,0,2,1640,0.1047,0
44.64,2,12.23,1,2,1877,0.2084,0
37.81,4,0.35,0,3,1023,0.2109,0
26.79,3,2.35,0,2,1150,0.1825,0
74.29,15,7.56,0,4,1639,0.2461,0
83.88,14,13.4,0,4,1412,0.2811,0
45.3,0,-999.0,0,6,1707,0.1576,0
30.12,20,1.65,0,2,2349,0.2699,0
46.4,19,51.42,0,0,1401,0.4764,0
100.44,20,32.0,0,4,44,0.1816,0
76.88,16,20.86,0,3,1297,0.4158,0
41.36,18,55.36,0,3,1003,0.2499,0
38.14,22,15.33,0,3,1062,0.218,0
18.13,6,14.14,0,2,456,0.3493,0
41.2,13,36.14,0,3,2331,0.0307,0
89.69,6,7.89,0,3,2488,0.2359,0
37.11,2,26.8,0,3,1328,0.2516,0
35.51,4,18.16,0,3,1912,0.2139,0
16.49,9,24.51,0,2,1325,0.2172,0
131.62,17,34.84,0,5,2212,0.388,0
21.36,15,40.73,0,4,416,0.1158,0
11.32,21,24.8,0,2,2073,0.1412,0
69.69,15,-999.0,0,2,78,0.2216,0
71.53,0,28.87,0,6,1098,0.3601,0
56.15,15,23.86,0,6,1349,0.0702,0
20.71,10,30.79,0,2,2076,0.1999,0
64.85,19,14.57,0,2,2599,0.0766,0
16.85,15,26.49,1,5,1266,0.1175,0
4.41,1,13.72,0,1,514,0.0927,0
24.16,20,36.14,0,2,60,0.1106,0
266.79,0,5.66,0,0,2070,0.1594,0
153.57,4,-999.0,0,4,295,0.5112,0
38.05,12,38.43,0,1,2115,0.1916,0
25.23,2,35.62,0,4,994,0.0904,0
108.36,2,21.92,0,0,108,0.2375,0
58.76,14,35.43,1,3,2428,0.1281,0
125.09,13,13.57,1,2,2392,0.3294,0
31.01,6,3.99,1,1,2374,0.1745,0
15.87,11,10.6,0,5,124,0.3944,0
54.7,10,22.53,0,4,867,0.2437,0
48.34,13,-999.0,0,2,2171,0.0774,0
17.04,6,3.48,0,6,1057,0.1741,0
300.01,3,5.19,0,4,1260,0.2314,0
177.87,22,2.44,0,2,211,0.0675,0
89.39,21,17.07,0,2,444,0.1311,0
71.46,15,38.7,0,2,2551,0.3164,0
98.17,19,64.7,0,3,355,0.1965,0
148.73,14,49.86,0,5,2456,0.0288,0
48.82,21,4.31,0,1,879,0.1744,0
757.84,17,21.04,0,4,1419,0.051,0
23.0,22,5.02,0,5,151,0.0617,0
259.27,17,50.75,0,4,1718,0.1772,0
20.92,5,7.0,0,3,1610,0.185,0
563.2,9,0.62,0,3,999,0.0345,0
162.55,18,56.71,0,3,784,0.413,0
7.31,16,29.32,1,1,2134,0.1136,0
18.59,0,23.92,0,2,1369,0.1823,0
77.17,21,6.85,0,2,2775,0.1044,0
26.29,2,2.85,0,2,874,0.0206,0
71.48,3,13.27,0,2,313,0.1333,0
77.39,10,54.57,0,4,330,0.2062,0
16.85,20,47.32,0,0,2121,0.166,0
61.65,8,-999.0,0,2,2643,0.0926,0
13.57,0,10.65,0,2,597,0.1899,0
57.58,15,27.79,0,2,774,0.0922,0
204.77,20,3.82,0,0,2839,0.346,0
10.0,10,5.53,0,6,1023,0.333,0
35.24,11,12.56,0,6,1678,0.231,0
69.57,4,43.34,0,1,524,0.3627,0
14.42,4,29.9,0,4,1008,0.1656,0
14.36,4,56.07,0,3,2266,0.0829,0
49.77,2,9.4,0,1,399,0.2266,0
57.12,15,45.7,1,2,72,0.3146,1
6.83,22,7.04,0,6,1051,0.3526,0
86.03,15,34.74,0,1,1792,0.1308,0
26.76,9,15.36,0,5,627,0.122,0
92.07,12,35.16,0,2,2034,0.3871,0
81.5,1,8.02,0,5,2583,0.0572,0
64.1,13,15.68,0,2,1739,0.2558,0
59.2,2,39.03,0,5,446,0.2032,0
101.1,4,1.51,0,3,971,0.0721,0
100.99,9,12.26,0,2,1159,0.1174,0
32.88,21,5.55,0,3,1868,0.1229,0
62.09,6,7.91,0,6,2547,0.4198,0
23.0,1,-999.0,0,4,2749,0.1342,0
163.56,9,58.49,0,1,83,0.1488,0
30.04,19,14.88,0,2,2930,0.2842,0
157.37,11,10.39,0,3,2626,0.2096,0
43.79,4,18.27,0,2,1476,0.1518,0
17.53,15,9.8,0,6,2728,0.2444,0
63.48,12,36.3,0,3,1288,0.3498,0
76.18,16,16.08,0,3,2441,0.0634,0
14.86,2,20.31,0,6,1632,0.3449,1
33.68,15,13.66,1,3,1023,0.1402,0
80.17,8,36.81,0,5,731,0.1458,0
11.87,4,17.57,0,1,256,0.2052,0
11.0,11,12.07,0,4,1755,0.0525,0
19.91,23,35.37,0,2,2951,0.2201,0
91.24,1,19.23,0,4,1548,0.1128,0
29.64,8,12.62,0,6,2818,0.5704,0
21.55,1,1.26,0,2,1969,0.1481,0
33.11,3,38.97,0,1,2573,0.0981,0
17.04,10,33.4,0,2,391,0.1377,0
237.3,23,6.23,0,2,69,0.248,0
117.47,1,30.61,0,5,1929,0.2556,0
14.67,14,42.95,0,1,1236,0.0378,0
116.44,20,11.76,0,3,1298,0.0798,0
33.05,6,5.12,0,2,398,0.3948,0
193.72,7,10.67,0,5,2946,0.3185,0
9.4,3,-999.0,1,2,2516,0.1599,0
17.17,1,13.45,0,5,2452,0.3008,0
69.72,12,34.14,0,3,2608,0.3424,0
28.08,23,2.83,0,4,210,0.1014,0
136.44,16,35.72,0,3,2239,0.0481,0
29.42,10,13.53,0,4,1294,0.4938,0
30.28,13,0.93,0,3,487,0.2705,0
4.36,23,11.43,0,5,1279,0.0662,0
421.35,7,64.26,0,7,2486,0.106,0
12.53,10,44.99,0,5,2108,0.1195,0
16.33,19,36.61,0,2,972,0.3356,0
107.1,22,23.14,0,2,356,0.2544,0
24.81,17,31.38,0,3,1306,0.1534,0
18.27,3,8.13,0,2,2644,0.1544,0
276.14,15,7.6,1,0,1075,0.2838,1
97.88,3,-999.0,0,3,839,0.2759,0
19.96,8,34.66,1,5,1760,0.0373,0
115.53,1,19.35,1,5,2123,0.0727,0
33.52,9,12.11,0,5,2854,0.3401,0
398.93,17,31.24,0,4,2079,0.1615,0
69.8,8,21.1,0,5,1375,0.2108,0
171.79,3,32.55,0,2,2374,0.1809,0
11.99,21,8.24,0,4,1373,0.355,0
27.47,21,2.72,0,2,607,0.0615,0
14.16,4,52.33,1,3,2382,0.0424,0
31.6,6,15.41,0,4,265,0.518,0
46.18,5,11.19,0,1,1261,0.1038,0
21.04,3,12.65,0,5,259,0.4095,0
170.85,2,12.8,0,6,2182,0.225,0
67.32,8,40.82,0,5,2090,0.2901,0
12.68,3,21.84,0,4,557,0.3762,0
11.8,21,80.44,0,2,1512,0.024,0
143.26,11,10.94,0,3,2673,0.3636,0
63.14,9,17.33,0,2,283,0.229,0
86.71,13,46.45,0,4,1549,0.1254,0
33.43,13,-999.0,0,1,2836,0.446,0
94.15,21,16.84,0,0,237,0.3499,0
26.35,0,19.11,0,3,1590,0.2442,0
21.12,6,94.0,1,5,2993,0.1082,0
26.02,16,29.14,0,4,636,0.4854,0
128.64,20,1.35,0,3,709,0.1714,0
326.68,18,15.04,0,1,896,0.1136,0
46.17,16,90.21,0,1,2988,0.306,0
27.72,23,23.08,1,0,2607,0.1062,0
12.83,22,6.02,1,2,1639,0.0398,0
22.38,7,28.32,0,3,2990,0.1814,0
52.44,7,20.13,0,6,2921,0.2936,0
68.05,6,9.53,0,4,138,0.2613,0
22.78,18,2.71,0,2,659,0.1188,0
80.0,10,31.48,0,2,589,0.1583,0
28.37,17,9.11,0,2,2209,0.2056,0
104.91,7,12.02,0,3,1646,0.228,0
43.79,4,89.89,0,2,1901,0.0871,0
14.17,20,27.03,0,3,2668,0.2371,0
37.63,18,22.46,0,3,2650,0.3856,0
108.54,8,1.82,0,2,1511,0.0885,0
1.71,4,18.89,0,2,2791,0.0545,0
4.97,2,49.89,0,1,2471,0.1517,0
103.4,18,8.67,0,3,434,0.3022,0
125.46,17,25.33,0,3,1224,0.1764,0
96.7,21,23.57,0,1,2409,0.2362,0
45.43,22,30.75,0,5,1247,0.0865,0
72.44,19,3.29,0,8,1484,0.1361,0
59.16,1,2.22,0,2,1279,0.2282,0
163.08,1,22.74,0,3,1563,0.2049,0
55.86,8,-999.0,0,2,2219,0.339,0
54.04,10,29.1,0,3,1102,0.2709,0
174.41,6,27.62,0,2,2454,0.2794,0
12.55,14,3.73,0,3,567,0.1383,0
133.05,16,16.82,0,3,2476,0.096,0
44.01,7,62.66,0,2,2664,0.1087,0
9.16,2,1.57,1,4,1927,0.032,0
44.32,10,-999.0,0,2,1199,0.2751,0
143.47,15,17.53,0,5,1801,0.2517,0
4.92,15,9.31,0,5,1155,0.4454,0
45.22,17,4.14,0,4,780,0.3047,0
24.4,21,8.87,0,1,1352,0.2451,0
159.31,21,24.12,0,3,1328,0.2688,0
33.84,21,13.02,0,2,794,0.063,0
413.49,11,43.67,0,5,2395,0.2916,0
85.4,22,10.72,0,3,956,0.1161,0
4.95,14,7.94,0,3,2617,0.1132,0
86.91,14,13.14,1,2,1338,0.1136,0
8.87,8,40.69,0,1,313,0.2308,0
169.93,15,23.25,0,3,1370,0.5212,0
98.99,14,65.46,0,6,2660,0.2062,0
77.32,14,7.91,0,0,391,0.2755,0
238.46,19,10.98,1,2,693,0.0869,1
26.65,5,28.96,0,4,2387,0.5452,0
52.66,17,18.33,0,2,1417,0.0702,0
6.87,15,11.5,0,5,2135,0.2529,0
51.46,10,-999.0,1,3,1588,0.2366,0
27.27,13,21.36,0,2,2326,0.7194,0
20.94,19,2.69,0,5,2486,0.2747,0
113.87,9,43.85,0,6,2594,0.0792,0
48.46,21,11.43,0,1,2904,0.0599,0
35.75,20,10.52,0,3,2833,0.1858,0
8.37,6,29.39,0,3,433,0.1284,0
38.15,21,58.9,0,1,1581,0.1854,0
102.57,5,-999.0,1,5,1267,0.3063,0
22.8,13,24.94,0,3,2914,0.1784,0
22.78,10,10.05,0,2,1702,0.1361,0
8.2,6,48.6,0,1,1538,0.0907,0
11.59,21,14.1,0,3,1898,0.1527,0
42.36,18,6.54,0,4,1282,0.3813,0
9.32,14,55.04,0,5,1004,0.1488,0
52.6,4,-999.0,0,2,1853,0.4688,0
52.27,16,19.71,0,1,318,0.076,0
9.28,22,15.42,0,2,323,0.0665,0
17.68,15,30.97,0,3,2637,0.3166,0
111.65,9,7.36,0,2,2628,0.0635,0
16.34,6,7.42,0,4,2229,0.119,0
26.88,11,24.62,0,6,1112,0.1276,0
7.61,11,12.9,0,2,1365,0.5459,0
15.37,11,4.0,0,6,1577,0.1233,0
27.85,3,20.39,0,3,1110,0.6019,0
26.69,2,13.87,1,5,2278,0.503,0
17.39,10,32.23,0,3,2241,0.1615,0
82.23,11,40.0,0,1,2368,0.0565,0
42.42,18,8.88,0,3,774,0.3144,1
356.0,22,19.64,1,4,1010,0.0623,0
44.63,23,24.35,0,1,423,0.0349,0
27.8,21,9.51,0,3,1004,0.0875,0
27.94,9,1.37,0,4,270,0.2322,0
16.87,21,27.9,0,2,2878,0.3097,0
111.03,7,10.74,0,2,706,0.1943,0
52.99,21,32.06,0,3,2774,0.1082,0
86.25,7,2.13,0,0,1568,0.0569,0
86.15,7,5.9,0,3,697,0.1415,0
17.76,4,13.63,0,3,302,0.107,0
62.58,4,19.43,0,3,2015,0.0358,0
53.75,0,12.21,0,5,1411,0.3258,0
20.51,9,17.13,0,2,2985,0.0882,0
11.89,20,28.03,0,3,1686,0.0941,0
24.78,0,11.16,0,6,1138,0.159,0
12.45,4,22.05,0,3,2983,0.2814,0
104.14,20,-999.0,0,5,637,0.106,0
94.7,13,18.17,0,5,113,0.1186,0
22.87,19,1.49,0,0,1999,0.2697,0
36.32,3,8.74,0,4,669,0.1042,0
8.45,6,12.11,0,1,2097,0.1028,0
57.63,10,32.19,0,5,2786,0.3857,0
118.98,18,19.03,0,7,2002,0.1216,0
135.88,22,17.05,0,3,2990,0.0907,0
543.39,0,29.26,0,0,1232,0.0972,0
90.47,15,10.6,0,2,444,0.0365,0
31.51,1,9.62,0,1,1838,0.146,0
61.65,21,6.45,0,5,1974,0.1287,0
36.12,9,36.51,0,1,2865,0.1398,0
42.15,23,9.61,0,5,1913,0.2841,0
2.67,2,1.12,1,5,1073,0.0686,0
30.94,17,-999.0,0,3,2802,0.1021,0
45.75,1,26.63,1,4,2423,0.4062,0
50.53,11,16.24,0,5,2202,0.0388,0
47.22,1,8.81,1,3,68,0.1674,0
109.41,13,3.82,0,3,2556,0.031,0
11.45,22,21.78,0,2,1150,0.1174,0
42.78,9,41.34,0,3,2221,0.3542,0
8.94,2,19.44,0,10,1563,0.2701,0
11.35,18,15.34,0,3,2329,0.2251,0
157.78,23,27.1,0,4,1121,0.2093,1
122.9,14,24.52,0,2,165,0.138,0
64.92,22,25.17,0,5,1085,0.0402,0
7.01,0,15.7,0,4,749,0.4461,0
81.81,6,22.86,0,6,2075,0.1537,0
64.68,14,48.98,0,6,1747,0.0704,0
32.73,20,28.29,0,5,2840,0.1126,0
69.24,4,53.77,0,4,2869,0.2421,0
55.13,14,14.05,0,4,1072,0.2039,0
137.46,3,13.95,0,4,1373,0.1088,0
135.66,0,47.81,0,3,1022,0.2331,0
135.11,9,53.42,0,3,2231,0.2382,0
86.5,20,12.43,0,3,117,0.2253,0
13.16,14,2.94,0,2,1985,0.1542,0
16.43,12,12.72,0,2,792,0.021,0
16.49,17,11.12,1,3,2957,0.4485,0
110.07,3,55.98,0,2,1677,0.0607,0
51.12,20,2.2,0,1,342,0.2143,0
31.26,13,40.04,0,5,304,0.053,0
23.28,7,0.63,0,0,2107,0.1693,0
12.08,17,19.54,0,1,1042,0.063,0
30.23,18,17.34,0,8,2782,0.2039,0
117.56,14,17.67,0,2,1177,0.104,0
236.87,22,4.59,0,3,1241,0.1226,0
69.65,21,37.97,0,4,151,0.3253,0
18.25,5,12.31,0,1,2870,0.1068,0
15.53,4,8.18,0,7,2336,0.1994,0
78.06,4,54.22,0,4,488,0.0455,1
62.62,2,0.55,0,3,2230,0.4433,0
14.52,9,13.1,0,3,978,0.0943,0
6.37,6,22.84,0,5,61,0.1069,0
199.49,22,7.57,0,6,477,0.1342,0
114.57,2,6.18,0,2,1705,0.0334,0
12.11,5,13.04,0,0,1069,0.054,0
13.32,12,48.08,0,2,2854,0.1782,0
164.66,3,13.16,0,4,1649,0.3292,0
131.29,8,59.0,0,1,561,0.2106,0
33.85,0,3.45,0,2,977,0.4039,0
21.17,23,8.39,0,2,1640,0.043,0
18.88,2,5.24,0,2,2379,0.1756,0
52.5,10,32.8,0,3,2356,0.1331,0
94.41,7,20.96,1,4,1976,0.0588,0
33.3,1,7.76,0,6,2520,0.1296,0
43.02,10,30.61,0,2,1438,0.1124,0
176.26,1,9.09,0,5,2646,0.2781,0
57.04,4,26.88,0,1,2720,0.5831,0
18.59,15,21.31,0,2,2612,0.2589,0
16.67,16,9.9,0,4,1653,0.234,0
19.7,2,22.74,0,2,1046,0.1993,0
90.21,14,18.73,0,1,2938,0.1464,0
35.57,13,18.49,0,2,1712,0.3412,0
34.61,9,39.19,1,0,463,0.069,0
43.24,7,2.09,0,3,1166,0.3078,0
15.98,17,16.92,0,4,372,0.0642,0
32.82,10,7.54,0,2,461,0.4108,0
50.77,13,27.25,0,3,2733,0.3174,0
397.35,14,25.84,0,4,2613,0.0285,0
297.26,22,15.92,1,7,1179,0.212,1
72.68,20,30.47,0,6,103,0.2047,0
41.63,6,1.09,0,4,460,0.0655,0
38.54,16,5.96,0,3,867,0.1759,0
20.48,16,11.41,0,4,1060,0.3312,0
135.13,13,53.62,0,6,931,0.1534,0
33.39,13,19.46,0,9,1980,0.1146,0
109.29,21,10.58,1,4,2109,0.1256,0
21.21,13,9.39,0,1,506,0.1261,0
87.57,15,15.87,0,6,1419,0.1013,0
57.49,7,24.81,0,1,341,0.1022,0
50.85,15,7.75,0,2,427,0.0383,0
52.3,14,34.5,0,1,146,0.0713,0
48.69,10,51.07,0,1,127,0.2095,0
57.84,9,13.9,0,3,1148,0.093,0
19.49,23,17.16,0,1,1729,0.2838,0
54.09,8,34.01,0,6,2921,0.2537,0
4.15,15,2.47,0,4,1111,0.2103,0
15.01,15,25.28,0,3,2524,0.0582,0
18.89,22,17.68,0,8,981,0.3366,0
30.13,11,11.13,1,3,1351,0.0929,0
42.41,11,5.58,0,6,37,0.1058,0
14.71,15,73.71,0,4,1357,0.169,0
41.36,13,7.59,0,3,1495,0.2003,0
66.2,23,16.86,0,4,54,0.1166,0
26.92,12,30.05,0,3,111,0.1847,0
28.98,16,-999.0,0,4,2388,0.1823,0
72.38,17,2.6,0,3,928,0.0654,0
27.89,16,12.48,0,4,2050,0.2277,0
44.48,17,1.48,0,4,1042,0.1423,0
74.57,0,43.08,0,2,1266,0.1681,0
378.79,17,34.46,0,3,157,0.2565,0
36.73,13,7.83,0,4,1820,0.1131,0
87.46,12,79.5,0,2,1258,0.2368,1
31.19,9,74.25,0,3,2113,0.4097,0
162.04,14,3.23,0,2,958,0.2258,0
51.42,2,57.31,0,5,1638,0.3578,0
119.44,17,46.78,0,6,1202,0.0338,0
17.9,5,3.59,0,5,2970,0.1027,0
48.85,10,13.36,0,4,1858,0.082,0
132.37,17,4.03,0,1,2797,0.0233,0
17.29,4,10.78,0,3,1065,0.2259,0
5.44,8,68.51,0,3,595,0.0876,0
13.83,10,-999.0,0,2,1172,0.4358,0
89.7,16,24.94,0,1,221,0.0658,0
47.55,20,8.44,0,2,1205,0.2686,0
17.48,13,71.91,0,4,1140,0.1319,0
65.79,14,4.72,0,4,2304,0.0158,0
207.36,20,27.1,0,5,1608,0.4313,0
166.97,12,33.9,0,1,2485,0.5398,1
26.83,2,14.16,0,2,2372,0.1795,0
164.77,8,25.18,0,4,378,0.2356,0
35.73,2,26.41,0,4,32,0.3123,0
19.07,18,28.59,0,5,2995,0.1757,0
60.82,15,22.93,0,6,2293,0.2488,0
57.65,3,45.36,0,2,548,0.3206,0
280.83,21,2.49,0,3,551,0.2205,0
85.38,12,26.93,0,1,2132,0.0568,0
197.87,22,13.12,0,7,384,0.3911,0
55.72,5,51.02,0,3,1616,0.1608,0
24.15,23,56.58,0,9,549,0.1928,0
63.82,2,11.85,0,1,1469,0.241,0
140.05,12,50.27,0,3,1600,0.2648,0
214.84,22,35.62,0,1,158,0.1585,0
63.91,14,44.06,0,1,2855,0.5207,0
15.64,12,19.94,0,2,1527,0.4725,0
18.86,21,-999.0,0,3,316,0.1246,0
33.73,8,8.7,0,4,198,0.3774,0
43.22,17,18.62,0,5,448,0.1251,0
12.17,8,5.45,0,2,1755,0.1578,0
155.09,5,26.19,0,3,2332,0.3405,0
41.05,19,17.99,0,4,443,0.1436,0
71.89,11,57.75,1,4,2910,0.2395,0
220.49,11,7.67,0,4,1208,0.1707,0
51.93,20,18.44,0,2,836,0.1399,0
14.24,6,53.34,0,3,1913,0.4372,0
27.7,22,49.77,0,4,1245,0.0511,0
136.2,23,2.5,0,2,2311,0.2102,0
3.42,5,1.7,0,3,2520,0.1362,0
46.25,9,11.47,0,3,2060,0.2004,0
122.15,9,15.55,1,1,83,0.0015,0
28.27,4,68.58,0,2,1159,0.4466,0
28.98,5,7.99,0,0,1468,0.3574,0
11.17,9,-999.0,0,3,2197,0.0519,0
59.24,18,7.43,0,7,2551,0.2392,0
93.45,11,40.4,0,0,2793,0.163,0
4.75,9,18.47,0,3,2362,0.1753,0
97.66,23,8.58,0,0,1194,0.1406,0
41.76,7,8.09,0,5,2733,0.1751,0
27.95,8,5.3,0,0,1817,0.043,0
16.34,4,10.12,0,4,2851,0.2813,0
46.86,12,-999.0,1,6,1686,0.0954,0
56.33,4,21.11,0,2,437,0.0433,0
33.38,0,104.64,0,1,1402,0.1491,0
78.5,22,4.76,0,4,2599,0.3234,0
26.44,4,-999.0,0,1,2397,0.1168,0
377.28,15,14.06,0,1,57,0.2333,0
11.91,9,15.21,0,4,459,0.1845,0
27.59,23,18.83,1,0,1448,0.0693,0
68.38,5,13.22,0,2,1363,0.1003,0
148.02,2,-999.0,0,1,2624,0.0893,0
35.55,17,37.66,0,1,1390,0.2464,0
50.1,7,40.03,0,4,760,0.2191,0
24.59,12,37.98,0,4,2181,0.0792,0
76.15,18,35.34,0,1,2333,0.2294,0
54.07,23,8.06,0,2,2794,0.1813,0
37.38,20,14.96,0,4,177,0.3472,0
104.07,0,6.86,0,0,2331,0.1313,0
154.18,3,39.62,0,3,1596,0.3792,0
36.88,22,19.98,0,2,2599,0.2398,0
43.11,9,12.56,0,3,1091,0.258,0
19.6,18,58.37,1,5,854,0.3684,1
18.11,8,4.02,0,3,1354,0.3123,0
285.49,16,33.29,0,2,1841,0.2563,0
71.58,7,25.14,0,2,2699,0.1852,0
41.1,16,15.79,0,0,2458,0.0122,0
6.6,17,16.25,0,1,2935,0.0479,0
4.76,0,50.17,0,2,1627,0.216,0
84.09,9,3.9,0,1,2610,0.1297,0
75.83,18,34.15,0,2,353,0.225,0
15.45,21,53.61,0,2,1055,0.0243,0
41.87,9,29.43,0,3,1758,0.0887,0
95.0,23,4.89,1,1,502,0.0375,0
25.94,12,24.03,0,3,2032,0.2078,0
48.23,9,17.65,1,2,2803,0.1011,0
124.2,3,3.32,0,5,1338,0.1739,0
18.04,22,5.22,0,3,841,0.2162,0
17.58,1,9.05,0,6,1272,0.2239,0
117.74,17,8.18,0,0,514,0.2414,0
71.55,8,8.09,0,1,49,0.1035,0
258.09,19,22.56,0,1,1239,0.4336,1
181.9,16,29.01,1,3,1231,0.2507,0
34.93,14,27.01,0,0,317,0.047,0
53.37,9,8.45,0,1,2730,0.1911,0
48.2,8,3.31,0,3,2798,0.1442,0
92.53,18,25.12,0,4,2640,0.1787,0
266.17,3,23.24,0,2,1710,0.291,0
32.38,7,6.81,0,1,76,0.1659,0
106.69,2,44.57,0,7,2713,0.144,0
32.01,21,33.84,0,1,1134,0.1452,0
50.79,1,20.93,0,0,1734,0.0448,0
14.24,11,-999.0,0,3,945,0.1168,0
18.04,22,-999.0,0,6,934,0.3299,0
126.97,12,35.06,0,3,1654,0.2266,0
60.82,2,-999.0,0,4,781,0.14,0
48.81,10,18.86,0,1,2345,0.3094,0
195.16,11,11.04,0,5,1914,0.2816,0
216.3,3,12.22,0,6,1793,0.2657,0
34.67,22,1.73,0,1,133,0.1196,0
10.28,17,6.01,0,4,891,0.0957,0
68.18,13,18.63,0,3,1575,0.2453,0
276.36,18,8.99,0,3,203,0.2405,0
19.93,12,6.0,0,2,72,0.2133,0
46.17,3,3.55,0,2,599,0.3538,0
26.77,20,1.07,1,3,250,0.0799,0
35.12,0,25.99,0,3,2805,0.0248,0
19.3,4,-999.0,0,1,530,0.0892,0
91.8,13,4.35,0,1,231,0.139,0
32.4,16,29.31,0,5,1193,0.027,0
34.06,17,17.97,0,4,2215,0.0735,0
50.93,3,8.64,0,1,2322,0.1514,0
30.7,21,8.62,0,0,1763,0.1186,0
20.14,17,37.77,1,3,1745,0.2756,0
8.12,23,38.54,0,4,1317,0.0995,0
456.41,2,7.95,0,1,410,0.0992,1
12.15,3,21.78,0,2,1754,0.1115,0
241.54,11,21.85,0,5,1572,0.3562,0
28.11,18,16.93,0,4,1843,0.1435,0
42.4,20,8.61,1,0,2212,0.1937,0
38.42,8,37.55,0,0,915,0.278,0
21.14,8,79.38,0,3,921,0.192,0
23.06,9,3.85,0,3,1177,0.4034,0
77.51,18,27.09,0,2,1549,0.0563,0
34.08,2,13.75,0,3,282,0.1044,0
7.43,10,16.19,0,6,568,0.3769,0
21.57,13,7.78,0,0,2226,0.0443,0
29.63,4,2.62,0,1,2609,0.1437,0
139.22,18,24.61,0,5,1074,0.0897,0
222.29,12,32.19,0,3,2895,0.0568,0
2.69,11,2.73,0,4,2821,0.2352,0
32.54,3,12.65,0,1,426,0.1844,0
68.75,16,35.02,0,7,348,0.2628,0
76.87,12,7.35,0,2,569,0.0576,0
94.55,9,38.06,0,4,1939,0.1044,0
15.61,4,63.57,0,2,34,0.3056,1
44.06,23,10.19,0,4,25,0.2358,0
56.49,11,5.89,0,3,2922,0.2158,0
69.78,5,3.46,0,1,390,0.0071,0
22.67,16,14.68,1,2,542,0.0212,0
269.99,8,12.87,0,2,2416,0.2455,0
47.46,18,41.69,0,2,124,0.0878,0
264.38,3,56.81,0,7,2513,0.2974,0
6.78,12,63.72,0,7,2675,0.1945,0
11.0,10,11.89,1,6,2542,0.1934,0
2.47,14,3.62,0,3,2059,0.2208,0
14.44,17,3.03,0,4,1682,0.1873,0
85.14,1,6.11,0,2,673,0.0789,0
113.86,11,10.84,0,1,2008,0.2454,0
86.87,20,19.44,0,4,539,0.1929,0
85.86,9,27.95,0,2,343,0.1154,0
54.8,22,4.02,0,5,2426,0.0896,0
23.22,14,15.34,0,4,1382,0.1915,0
53.83,21,-999.0,0,3,1829,0.1545,0
59.58,21,8.0,0,2,1587,0.1762,0
50.39,5,26.45,0,3,1799,0.073,0
7.34,16,45.19,0,3,1983,0.1097,0
17.15,2,1.17,0,1,385,0.2399,0
93.97,12,70.58,0,3,447,0.0389,0
19.76,14,11.92,0,5,1224,0.1932,0
63.05,18,2.01,0,2,2555,0.2198,0
47.26,13,11.66,0,2,592,0.1187,0
31.76,21,24.43,0,2,884,0.2848,0
62.69,18,5.31,0,3,489,0.2742,0
70.4,21,12.98,0,3,1857,0.2762,0
42.22,19,4.24,0,4,1853,0.3319,0
142.2,9,66.57,0,4,2542,0.0217,0
140.23,17,22.11,0,2,1431,0.2601,0
96.04,18,3.14,0,1,229,0.2366,0
254.45,12,1.09,0,3,544,0.1898,0
15.0,14,38.92,0,1,2844,0.3382,0
96.61,22,46.05,0,3,1405,0.0628,0
26.27,22,13.57,0,2,2874,0.2412,0
39.18,2,10.72,0,4,2093,0.3421,0
3.76,21,17.22,0,4,2745,0.2043,0
36.03,21,12.83,0,0,547,0.26,0
209.69,16,26.22,0,0,659,0.0247,0
66.56,17,3.78,0,5,2534,0.2742,0
69.65,12,14.65,0,3,1699,0.0988,0
26.21,11,13.74,0,1,430,0.1232,0
68.62,15,7.9,0,5,2552,0.1492,0
74.83,21,32.39,0,4,1231,0.0294,0
21.58,5,31.92,0,4,1254,0.1147,0
60.49,20,10.73,1,2,2754,0.1319,0
36.79,20,7.79,0,3,1627,0.2425,0
19.22,3,7.0,0,4,2940,0.1822,0
61.68,4,13.75,0,2,1735,0.2135,0
10.1,14,11.75,0,2,2707,0.0722,0
808.24,4,22.81,0,7,858,0.2474,0
24.45,5,26.3,0,1,1433,0.0623,0
52.72,1,34.07,1,1,303,0.1999,0
15.11,11,45.68,0,4,1523,0.4666,0
48.34,19,7.11,0,6,2697,0.4064,0
192.35,7,11.32,0,4,2726,0.2823,0
27.98,18,10.8,1,3,356,0.2375,0
38.31,2,34.2,0,1,2502,0.2058,0
35.04,1,30.19,0,1,365,0.0775,0
73.57,1,5.24,0,2,528,0.6158,0
12.2,0,31.06,0,1,1963,0.0878,0
11.74,6,10.18,0,5,2251,0.0525,0
68.58,3,12.25,0,2,684,0.1325,0
56.42,17,21.37,0,4,2811,0.1187,0
118.56,1,2.43,0,4,2771,0.3304,0
4.77,17,3.63,0,1,1925,0.1998,0
15.08,5,22.83,0,3,2950,0.1189,0
77.55,5,25.83,0,1,1083,0.1907,0
106.56,12,21.83,0,4,1154,0.0681,0
42.07,1,10.46,0,1,2644,0.2499,0
18.08,1,37.79,0,4,268,0.2508,0
111.6,10,43.87,0,3,998,0.0387,0
89.4,8,14.78,0,4,386,0.2053,0
24.29,13,19.37,0,2,2803,0.1655,0
109.14,1,13.05,0,2,2651,0.3513,0
14.36,20,42.9,0,2,1143,0.4246,0
65.39,4,2.33,0,0,939,0.1501,0
12.07,1,29.06,0,1,2905,0.2711,0
8.85,20,38.5,0,0,1338,0.2094,0
32.02,3,17.29,0,5,2687,0.3263,0
6.74,12,22.79,0,2,1880,0.183,0
36.41,22,62.57,0,6,1798,0.1099,0
2.55,11,4.49,1,3,853,0.4189,0
47.99,11,32.09,0,4,20,0.3541,0
16.46,21,46.08,0,1,2018,0.0557,0
30.32,4,11.8,0,2,2445,0.1621,0
34.45,9,12.43,0,3,684,0.0492,0
65.94,8,43.56,0,3,1586,0.2639,0
69.16,16,32.55,0,5,811,0.1195,0
43.51,14,116.07,0,2,496,0.076,0
133.44,3,5.53,0,2,1274,0.1344,0
21.91,3,15.84,0,3,2747,0.0821,0
80.0,22,2.88,0,4,629,0.1499,0
60.37,11,24.83,0,2,1496,0.1365,0
72.81,3,16.64,0,1,338,0.3188,0
72.79,9,37.41,0,7,1934,0.1309,0
14.53,6,6.2,1,3,1223,0.3282,0
12.61,17,6.21,0,1,1766,0.2963,0
89.6,4,7.06,0,6,1728,0.2625,0
47.95,10,121.41,0,4,625,0.0934,0
112.37,22,26.79,0,4,292,0.0429,0
86.35,6,4.16,0,1,21,0.0539,0
25.76,0,41.86,0,4,2788,0.4197,0
19.07,17,18.24,0,5,1189,0.1472,0
32.94,3,14.92,0,4,662,0.1367,0
45.67,9,3.43,0,4,2632,0.3414,0
103.75,15,16.91,0,3,2459,0.2245,0
26.94,20,23.0,0,5,2967,0.1625,0
13.53,14,17.75,1,4,317,0.3055,0
52.01,2,-999.0,0,1,620,0.3254,0
49.54,4,14.38,0,6,872,0.2839,0
75.11,11,21.78,0,1,1359,0.2051,0
441.62,14,26.74,0,2,1852,0.2704,0
25.97,7,31.56,0,6,1465,0.2478,0
133.31,2,48.65,0,3,948,0.4829,0
26.06,14,10.73,0,5,1301,0.0933,0
24.37,21,12.3,0,4,1945,0.4921,0
280.05,6,41.32,0,1,2784,0.089,0
70.26,12,15.75,0,3,1227,0.2189,0
226.9,18,9.21,0,1,2623,0.1314,0
21.73,16,26.35,0,1,1258,0.0768,0
90.79,21,7.43,0,2,701,0.1835,0
21.66,15,7.65,0,0,1420,0.3029,0
44.48,2,20.46,0,2,2126,0.2248,0
14.0,12,3.75,0,1,2431,0.2632,0
41.82,15,35.08,0,2,1590,0.0436,0
48.4,23,42.23,0,1,510,0.143,0
92.23,23,31.98,0,2,1948,0.1497,0
80.25,8,24.12,0,2,1196,0.3663,0
43.33,9,7.69,0,2,688,0.0828,0
41.73,12,23.56,0,4,901,0.2419,0
78.61,9,26.81,0,4,2930,0.1369,0
20.89,13,38.11,0,2,1802,0.4567,0
53.99,3,18.63,0,7,2177,0.3114,0
98.95,2,25.47,0,3,84,0.1434,0
18.45,23,19.99,0,3,1024,0.3672,0
130.66,4,18.94,0,5,2425,0.0124,0
139.57,19,11.36,0,5,939,0.1262,0
389.66,21,21.56,0,3,1943,0.0933,0
25.17,14,38.71,0,3,907,0.2847,0
7.79,10,36.99,0,1,1459,0.3445,0
163.15,18,41.56,0,1,2959,0.1962,0
6.54,23,23.41,0,2,2071,0.1996,0
138.44,10,17.15,0,3,996,0.3627,0
8.16,21,28.92,0,5,815,0.2715,0
8.65,21,26.08,1,2,405,0.1603,0
87.69,3,57.09,0,4,769,0.2662,0
7.08,22,35.97,0,1,312,0.1406,0
127.32,13,43.66,0,3,1610,0.2286,0
82.3,5,27.81,1,2,29,0.4165,1
42.09,9,15.43,1,2,569,0.1063,0
107.94,11,22.24,0,4,2765,0.2431,0
82.63,2,19.2,0,1,2087,0.0259,0
52.47,14,-999.0,0,3,45,0.1397,0
11.94,17,16.12,0,2,2254,0.365,0
43.38,23,16.44,0,4,2899,0.1773,0
207.33,14,19.57,0,1,2207,0.2779,0
9.81,23,34.64,0,1,472,0.2621,0
106.47,4,15.89,0,3,2986,0.4254,0
60.08,23,4.78,0,1,1710,0.3602,0
13.15,7,30.51,1,2,2932,0.0454,0
16.3,7,4.65,1,2,2206,0.2202,0
15.37,18,8.84,0,4,939,0.2557,0
60.36,10,69.25,0,4,2205,0.1038,0
59.43,6,16.26,0,5,2533,0.087,0
33.57,15,13.75,0,5,883,0.1204,0
18.92,6,24.98,0,3,428,0.1496,0
18.87,2,14.16,0,2,2899,0.1731,0
377.36,22,29.41,0,5,1269,0.0309,0
16.28,10,30.82,1,3,891,0.1368,0
12.82,20,20.87,0,3,21,0.2013,0
17.43,13,39.07,0,2,432,0.1991,0
18.96,18,26.55,0,6,956,0.2205,0
6.43,17,2.14,0,4,568,0.0243,0
12.6,10,13.74,0,3,2111,0.1412,0
9.88,19,25.22,0,2,1914,0.0406,0
12.47,7,10.92,0,5,1593,0.4687,0
27.9,5,0.37,0,5,1230,0.4486,0
47.63,22,24.6,0,1,1018,0.2625,0
19.03,14,16.67,1,2,663,0.2417,0
20.94,9,7.66,0,4,314,0.1488,0
82.93,12,8.05,0,3,917,0.5743,0
70.58,2,36.82,0,3,52,0.1086,0
112.86,12,49.84,1,1,2308,0.2417,0
56.37,23,65.85,0,4,1754,0.1066,0
32.66,9,11.48,0,2,1033,0.2645,0
124.35,8,16.87,0,3,400,0.1118,0
41.54,15,38.94,0,4,2600,0.3492,0
23.05,20,23.35,0,3,541,0.1476,0
5.26,10,0.25,0,2,2439,0.1373,0
136.85,4,14.19,0,3,2558,0.1409,0
105.24,17,12.12,1,3,683,0.1434,0
47.94,17,12.17,0,3,2982,0.1127,0
55.97,17,1.7,0,6,1358,0.124,0
24.28,4,14.19,0,1,1522,0.1586,0
181.11,12,9.61,0,2,487,0.496,0
51.29,7,38.88,0,2,320,0.332,0
10.73,16,26.79,0,5,52,0.1027,0
57.37,22,9.25,0,5,2612,0.2929,0
23.81,15,38.4,0,4,2967,0.3361,0
18.61,13,15.01,0,4,1391,0.2011,0
87.76,16,3.3,0,1,1116,0.0871,0
29.47,15,3.65,0,2,453,0.1561,0
25.17,0,25.38,0,3,1212,0.3365,0
17.72,13,16.66,0,1,2038,0.1244,0
39.31,1,8.3,0,2,489,0.1744,0
121.75,6,6.57,0,2,1675,0.2665,0
26.71,16,58.05,0,1,1774,0.2419,0
17.41,3,32.56,0,1,1093,0.1445,0
58.96,7,22.5,0,4,2100,0.3263,0
19.05,6,34.56,0,2,2670,0.5172,0
238.48,11,5.3,0,4,1171,0.4671,0
28.99,11,-999.0,0,3,2191,0.2484,0
130.06,23,2.76,0,3,724,0.2516,0
50.0,0,0.25,0,4,2775,0.1436,0
23.74,4,7.49,0,4,1273,0.0884,0
58.66,16,8.67,0,5,1657,0.2357,0
28.03,2,37.92,0,5,2912,0.078,0
45.89,7,4.45,0,1,1344,0.0571,0
60.91,15,20.49,0,4,1126,0.0945,0
259.41,4,28.82,0,6,1827,0.2038,0
17.11,9,21.35,0,7,683,0.1004,0
97.64,11,30.51,0,2,420,0.1934,1
32.39,3,10.85,0,4,194,0.0358,0
55.94,6,4.69,0,2,200,0.4749,0
31.19,13,13.85,0,2,2864,0.1407,0
13.11,22,5.15,0,3,853,0.2425,0
41.81,3,-999.0,0,4,838,0.4623,0
59.62,18,3.72,0,3,2359,0.0634,0
74.21,2,20.55,0,3,1306,0.1574,0
15.49,0,23.88,0,3,447,0.0645,0
51.53,5,33.66,0,2,780,0.3428,0
8.33,3,5.76,0,1,2669,0.1954,0
48.83,19,0.36,0,4,228,0.2987,0
31.93,10,37.75,0,0,2458,0.4035,0
41.41,12,23.18,1,7,2916,0.6386,0
8.27,3,76.49,0,1,110,0.2265,0
46.15,14,36.06,0,7,701,0.4394,0
18.09,6,0.36,0,3,1053,0.108,0
69.55,16,17.59,0,2,1748,0.1611,0
35.41,9,45.34,0,3,1027,0.173,0
80.46,11,8.75,0,4,1836,0.19,0
72.24,20,13.08,1,3,2858,0.0509,0
70.0,22,2.3,0,3,287,0.3084,0
128.93,13,-999.0,0,3,2317,0.3598,0
192.19,9,8.23,1,3,896,0.2542,0
22.97,18,9.05,0,2,501,0.0971,0
19.63,2,16.05,1,1,914,0.2239,0
22.8,1,20.93,0,7,403,0.2329,0
33.36,21,67.17,0,6,2976,0.1778,0
324.48,10,9.6,0,3,1329,0.093,0
11.53,16,24.21,0,5,1508,0.0672,0
133.75,23,24.42,0,0,1200,0.1966,0
25.25,4,6.69,0,1,1152,0.3252,0
7.29,15,10.33,0,3,55,0.1903,0
17.29,5,-999.0,0,5,586,0.2771,0
68.2,0,10.5,0,2,1543,0.2842,0
46.24,23,19.92,0,7,313,0.147,0
41.76,3,1.85,0,4,924,0.4714,0
49.38,23,5.74,0,3,1050,0.1419,0
501.07,14,22.26,0,6,2145,0.2335,0
19.38,17,11.33,0,7,1353,0.3147,0
46.04,13,51.39,0,3,471,0.0729,0
7.29,13,11.91,0,4,2687,0.3126,0
2.96,12,87.96,0,3,1284,0.3847,0
76.93,0,23.58,0,4,134,0.132,0
80.82,22,24.46,0,4,974,0.0716,0
168.63,20,10.13,0,4,1923,0.0374,0
59.75,8,23.38,0,2,2505,0.1786,0
24.03,12,3.28,0,5,2226,0.1907,0
107.92,23,0.85,0,2,2651,0.2276,0
35.07,21,15.01,0,3,2778,0.0764,0
46.48,22,3.33,1,6,830,0.2607,0
409.74,23,16.75,0,5,2329,0.1939,0
58.66,6,35.85,0,3,80,0.1427,1
36.38,17,5.08,0,3,1456,0.1979,0
60.48,22,41.38,0,5,1985,0.1701,0
61.64,12,-999.0,0,2,1920,0.0997,0
38.71,21,32.05,0,3,1521,0.0765,0
2.22,17,28.15,0,1,2309,0.5164,0
194.04,16,23.18,0,2,2653,0.2119,0
294.52,20,9.38,0,1,320,0.1856,0
19.0,3,18.73,0,2,2376,0.1614,0
17.8,15,12.11,0,1,457,0.081,0
164.34,14,28.04,0,3,2883,0.159,0
15.37,9,54.34,0,1,1014,0.4708,1
134.99,5,28.15,0,3,2998,0.153,0
54.53,18,40.26,0,6,2649,0.218,0
41.1,0,23.34,0,2,1096,0.151,0
31.97,22,17.14,0,4,2469,0.2736,0
93.34,10,38.25,0,3,1326,0.3707,0
29.6,22,7.56,0,4,2675,0.1296,0
4.41,3,10.34,0,1,2767,0.503,0
68.52,8,12.31,0,2,260,0.1427,0
31.8,5,17.83,0,4,874,0.2601,0
16.39,18,5.07,0,0,2938,0.2722,0
43.06,11,9.52,0,3,471,0.3451,0
28.68,18,31.75,0,1,925,0.1985,0
283.06,2,16.27,0,0,1070,0.0321,0
16.83,6,46.51,0,3,1027,0.3682,0
88.2,19,1.13,0,1,2463,0.2533,0
25.51,13,33.09,0,2,2341,0.161,0
110.74,14,28.8,0,1,1983,0.3622,0
115.23,5,49.47,0,6,1020,0.1926,0
40.93,17,22.71,1,3,1971,0.085,0
24.97,16,1.94,0,3,184,0.4274,0
83.52,10,39.3,0,3,2660,0.3361,0
22.09,8,33.67,0,3,1264,0.122,0
99.6,14,8.28,0,6,2225,0.0855,0
239.47,3,58.4,0,2,2146,0.3746,0
352.24,15,46.01,0,1,103,0.1268,0
15.61,4,12.65,0,6,1967,0.15,0
88.76,0,4.87,0,4,1968,0.0801,0
69.0,23,9.72,0,2,770,0.2046,0
35.34,6,54.83,0,4,1737,0.1344,0
484.19,0,55.46,0,5,2861,0.0977,0
63.23,10,2.33,0,3,1279,0.1816,0
68.98,9,8.19,0,4,1934,0.2209,0
34.98,8,29.82,0,6,374,0.3804,0
79.69,1,3.8,0,4,404,0.1879,0
30.07,15,4.8,0,6,1778,0.2785,0
36.01,14,21.17,0,2,459,0.2583,0
37.53,11,17.81,1,1,193,0.0436,0
675.9,4,5.06,0,3,1382,0.1463,0
33.9,1,25.83,0,3,1869,0.3301,0
518.17,22,4.68,0,2,601,0.0639,0
38.02,12,0.9,0,2,106,0.4053,0
26.51,5,6.54,0,3,2948,0.2495,0
8.89,13,11.27,0,2,324,0.2403,0
52.89,7,8.69,0,2,1597,0.2908,0
66.05,20,21.84,0,7,589,0.0808,0
56.2,23,7.0,0,3,1176,0.0838,0
1280.08,15,20.6,0,4,2959,0.1138,0
122.38,12,11.98,0,4,2229,0.2741,0
12.89,14,28.92,0,1,1499,0.2063,0
14.42,3,15.48,1,4,1266,0.1709,0
12.0,2,90.13,0,6,1228,0.1963,0
22.98,3,-999.0,0,5,2143,0.3028,0
68.61,7,11.58,0,5,769,0.3451,0
134.42,0,2.48,0,5,1635,0.2994,0
21.16,0,89.36,0,2,789,0.2382,0
50.61,11,27.43,0,4,1413,0.485,0
59.75,8,7.14,0,3,2089,0.0384,0
16.71,9,0.18,0,8,695,0.0822,0
43.05,6,13.14,0,1,2631,0.1926,0
17.7,22,-999.0,0,3,2762,0.0305,0
103.27,16,42.22,0,4,1464,0.203,0
11.76,17,28.99,0,1,1805,0.2915,0
26.97,12,10.98,0,4,2774,0.1891,0
63.96,8,7.15,0,2,2879,0.3168,0
40.03,19,8.75,0,4,593,0.2633,0
90.83,18,18.39,0,3,2347,0.1221,0
6.95,6,10.94,0,3,1696,0.3119,0
120.56,20,0.4,0,3,2858,0.0818,0
131.74,11,9.26,1,4,1797,0.0855,0
73.76,15,16.18,1,1,2767,0.3455,0
15.98,9,45.33,0,3,1928,0.3829,0
68.58,21,6.54,0,1,2309,0.2739,0
10.23,13,6.14,0,5,1384,0.1991,0
3.43,8,9.73,0,4,2926,0.1809,0
12.13,23,9.86,0,2,2291,0.1419,0
41.31,15,2.0,0,3,1904,0.3051,0
35.31,20,16.48,0,5,2943,0.1924,0
42.53,21,9.47,0,3,2538,0.1205,0
9.84,13,27.45,0,2,1277,0.2034,0
13.76,2,25.13,0,3,2076,0.0597,0
56.04,22,18.34,0,2,2428,0.0673,0
25.17,1,11.77,1,2,144,0.3184,0
168.72,2,7.29,0,2,1477,0.1069,0
218.61,8,15.22,0,0,428,0.1672,0
7.58,23,17.02,0,0,1230,0.1315,0
64.2,4,11.68,1,0,2299,0.1849,0
61.17,4,20.35,0,3,133,0.1958,0
6.47,0,9.49,1,3,645,0.5033,0
40.86,17,5.34,1,1,806,0.2623,0
11.82,15,57.11,0,6,1698,0.3474,0
26.76,11,7.35,0,2,108,0.0938,0
58.48,8,13.3,0,4,591,0.2659,0
9.87,2,29.86,0,2,1845,0.0758,0
342.58,21,31.21,0,2,793,0.4015,0
18.98,0,15.27,0,0,677,0.1182,0
136.0,1,32.98,0,5,747,0.0713,0
13.58,23,20.85,0,2,1969,0.318,0
21.31,7,14.67,0,3,72,0.1461,0
106.71,19,44.71,0,3,2653,0.247,0
60.6,17,31.85,1,5,2862,0.0753,0
25.29,5,87.76,0,4,45,0.0492,0
29.97,10,45.95,0,4,929,0.5042,0
150.44,14,11.23,0,1,2434,0.1947,0
29.33,13,9.62,0,3,1048,0.4162,0
42.18,5,5.63,0,3,1257,0.1971,0
54.8,1,13.14,0,4,2591,0.207,0
23.62,11,8.42,0,1,368,0.2138,0
5.32,7,12.18,0,4,2254,0.0612,0
24.61,12,45.93,0,2,1715,0.1057,0
4.67,5,22.71,0,1,2538,0.2527,0
33.06,5,38.87,0,4,2492,0.3624,0
83.19,8,6.63,0,5,426,0.11,0
59.38,5,34.14,0,4,2615,0.1988,0
62.86,19,12.9,0,1,1103,0.1674,0
241.05,10,16.23,0,2,2759,0.2708,0
35.01,15,32.11,0,3,267,0.1477,0
227.77,4,23.1,0,2,1409,0.061,0
18.16,17,16.54,0,5,1177,0.3674,0
9.64,11,10.99,0,6,2354,0.1229,0
12.69,16,24.8,1,1,1683,0.3849,0
7.55,13,0.05,1,0,2726,0.1171,0
23.27,3,43.15,0,4,458,0.3754,0
57.63,4,26.9,0,1,2212,0.0074,0
22.66,1,29.34,0,7,1887,0.1595,0
37.97,12,7.94,0,4,1876,0.1965,0
142.66,2,2.55,0,2,1835,0.3603,0
14.99,1,30.05,0,3,1531,0.1541,0
19.22,21,13.02,0,2,2937,0.2377,0
9.83,0,26.54,0,2,894,0.1644,0
52.7,18,33.85,0,2,2062,0.0973,0
433.2,15,6.91,0,5,596,0.1914,0
18.07,2,2.98,0,4,2912,0.0696,0
71.26,7,19.68,0,2,293,0.2725,0
9.35,0,-999.0,0,3,980,0.3945,0
42.05,6,3.7,0,6,1020,0.2536,0
16.67,5,16.96,0,1,873,0.0535,0
547.01,2,16.9,0,3,606,0.3425,1
43.64,10,6.15,0,0,1690,0.127,0
91.98,16,18.18,0,2,2258,0.0763,0
15.99,3,10.03,0,4,1746,0.2276,0
75.68,18,5.88,1,7,970,0.2374,0
49.5,17,5.32,0,1,2896,0.2439,0
45.98,17,10.26,0,3,277,0.1691,0
34.55,11,23.15,0,2,1619,0.3508,0
13.08,11,14.01,0,4,263,0.117,0
28.04,18,17.36,0,2,2439,0.1615,0
21.29,1,71.73,1,8,2427,0.128,0
42.96,18,17.35,0,6,2924,0.1428,0
35.42,17,5.74,0,3,2227,0.2094,0
137.64,2,12.88,0,5,1149,0.134,1
29.3,3,26.63,1,3,1173,0.2125,0
28.89,12,18.24,0,3,2871,0.1333,0
52.13,0,4.06,0,2,120,0.3568,0
147.18,9,23.95,0,6,1885,0.2686,0
13.11,20,8.26,0,3,1737,0.293,0
27.82,6,3.34,0,3,928,0.0253,0
34.95,16,39.88,0,4,147,0.0245,0
11.13,11,17.77,0,2,2511,0.0301,0
15.51,6,58.75,0,2,2912,0.0399,0
41.84,5,51.97,0,2,391,0.0763,0
87.62,13,10.67,0,3,1401,0.0708,0
50.67,18,2.51,1,2,2704,0.055,0
218.1,13,1.99,0,3,2424,0.3247,0
53.48,10,38.18,0,0,1168,0.2793,0
638.06,10,60.31,0,5,2604,0.1616,0
40.96,19,7.67,0,3,1967,0.2643,0
205.6,9,19.07,1,2,2611,0.266,0
347.04,4,2.5,0,4,2461,0.0574,0
47.02,11,40.91,1,6,2692,0.0617,0
78.11,15,25.4,0,4,1530,0.2893,0
78.61,5,22.58,0,5,1851,0.0548,0
21.92,10,45.42,0,3,215,0.4549,1
81.9,8,26.22,0,3,2355,0.0885,0
46.94,9,4.35,0,3,1599,0.2728,0
8.4,2,31.76,0,5,2598,0.178,0
108.05,14,21.21,0,6,2164,0.034,0
51.8,7,16.75,1,3,2350,0.1425,0
7.88,9,16.65,0,2,2243,0.1865,0
5.26,18,7.36,0,7,2047,0.1569,0
42.08,14,2.64,0,3,128,0.3024,0
26.42,1,49.58,0,2,1943,0.055,0
23.06,13,29.58,0,2,2956,0.1153,0
26.88,23,18.81,0,3,1896,0.1062,0
26.19,19,1.73,0,4,1454,0.3173,0
328.64,6,3.36,0,1,1557,0.1806,0
680.04,0,14.53,0,7,1680,0.1753,0
223.09,19,11.16,0,2,2253,0.2972,0
40.69,1,39.43,1,4,2875,0.2807,0
40.96,0,42.97,0,1,310,0.274,1
26.85,17,24.79,0,6,405,0.1576,0
14.24,21,-999.0,0,3,145,0.2997,0
74.44,5,33.94,0,6,351,0.3804,0
58.51,0,31.49,0,1,764,0.2169,0
16.43,19,43.26,0,1,2218,0.2244,0
114.14,6,14.32,0,2,1242,0.1731,0
149.48,14,48.36,1,4,1206,0.1418,0
6.54,9,2.59,0,4,710,0.0539,0
168.56,1,39.31,0,4,644,0.0173,0
12.06,19,0.82,0,0,1914,0.1516,0
113.91,14,24.99,0,3,909,0.103,0
71.36,8,6.53,0,6,609,0.1506,0
108.25,7,36.42,0,3,167,0.1717,0
12.78,15,50.58,0,4,1139,0.1113,1
22.99,10,31.8,0,3,2257,0.2244,0
42.28,14,27.3,0,6,30,0.1328,0
36.04,2,9.53,0,2,311,0.3045,0
69.55,21,4.84,0,2,1591,0.1472,0
5.68,20,37.09,0,3,1689,0.2135,0
20.28,13,38.84,0,4,48,0.166,0
18.38,16,21.93,0,3,340,0.1183,0
43.09,9,15.53,0,0,1897,0.1457,0
23.88,1,58.85,0,3,1678,0.2338,0
42.91,15,6.36,0,4,457,0.1493,0
89.22,6,8.8,0,1,509,0.2685,0
23.77,2,12.69,0,2,992,0.3348,0
15.87,15,20.15,0,1,142,0.0241,0
14.5,19,9.55,0,2,2855,0.2211,0
95.88,15,39.18,0,1,1429,0.3188,0
29.11,14,17.4,0,2,1442,0.235,0
11.95,19,41.8,1,2,79,0.2944,0
56.28,1,43.22,0,2,2022,0.0485,0
85.68,5,24.58,0,3,1549,0.2458,0
133.22,0,35.87,0,0,2736,0.207,0
32.4,10,8.34,0,3,835,0.1431,0
114.26,10,3.28,0,5,2306,0.0623,0
17.58,23,9.32,0,3,2376,0.3323,0
45.01,12,10.98,0,2,2666,0.2258,0
30.98,11,37.98,0,2,362,0.2521,0
34.62,4,19.67,0,2,782,0.0664,0
14.75,2,13.3,0,6,393,0.1372,0
12.89,19,1.31,1,4,1194,0.1107,0
47.3,5,-999.0,0,2,1582,0.1301,0
105.89,19,28.06,0,5,99,0.0286,0
14.91,18,2.6,0,2,535,0.1502,0
67.64,12,2.1,0,5,1989,0.1806,0
54.47,16,8.03,0,3,1035,0.0299,0
39.0,8,27.21,0,3,392,0.2096,0
94.51,17,7.21,0,2,572,0.1002,0
23.41,23,-999.0,0,3,710,0.0578,0
88.72,8,-999.0,0,6,510,0.2429,0
13.06,23,10.74,1,4,2280,0.3052,0
203.66,18,51.81,0,3,1956,0.3542,0
7.17,2,17.25,0,2,2435,0.4459,0
52.61,0,25.14,0,6,543,0.131,0
40.77,23,10.84,0,4,1073,0.1211,0
18.42,21,14.65,0,3,2933,0.1065,0
59.75,17,6.69,0,5,479,0.0553,0
15.38,13,29.88,0,4,1611,0.0124,0
17.03,12,52.0,0,4,659,0.1798,0
108.73,4,30.78,0,7,735,0.1384,1
47.98,14,32.97,0,3,1085,0.2857,0
37.25,12,4.8,0,0,1034,0.2311,0
18.08,10,40.87,0,3,2146,0.2453,0
18.85,20,37.15,0,4,2560,0.3251,0
64.18,15,26.79,0,2,2270,0.0931,0
32.62,19,16.97,0,3,30,0.3665,0
327.65,6,59.0,0,0,2424,0.066,0
179.47,21,75.35,0,1,1782,0.1785,0
165.91,7,63.56,0,2,2707,0.361,0
10.96,12,27.75,0,1,756,0.255,0
95.99,4,16.38,0,2,1897,0.3791,0
114.25,5,20.27,0,1,1055,0.1035,0
90.4,13,39.24,0,1,1442,0.274,0
26.7,10,1.71,0,3,2403,0.2865,0
262.15,3,9.22,0,2,1972,0.1537,0
244.4,14,29.07,0,3,1663,0.1272,0
36.3,10,35.9,0,4,958,0.3903,0
21.28,0,1.81,0,3,2348,0.4429,0
155.0,4,5.08,0,1,159,0.2553,0
8.85,3,10.66,0,2,798,0.2818,0
17.87,1,7.94,0,2,1357,0.3201,0
20.61,7,8.37,0,2,1812,0.4436,0
18.18,13,7.22,0,4,510,0.1276,0
55.34,4,6.29,0,0,2629,0.0736,0
24.66,14,50.81,1,1,776,0.2461,0
175.51,13,1.59,0,3,1595,0.1266,0
10.41,5,24.06,0,1,2132,0.1682,0
76.93,3,27.49,0,2,1081,0.1633,0
14.97,19,27.47,0,3,73,0.1841,0
36.01,10,38.24,0,3,2777,0.0702,0
15.86,17,22.49,0,3,97,0.1406,0
3.0,15,-999.0,0,2,2541,0.2025,0
27.65,2,6.5,0,0,528,0.0578,0
55.23,18,98.16,0,3,503,0.1624,0
116.2,9,53.15,0,2,2295,0.3537,0
40.0,21,11.82,0,1,1166,0.3164,0
98.71,7,8.42,0,2,1965,0.1601,0
28.04,15,-999.0,0,3,788,0.1182,0
202.37,13,25.02,0,5,2292,0.1934,0
18.98,7,82.48,0,3,2069,0.205,0
14.25,6,31.02,0,1,1951,0.2964,0
29.98,11,14.65,0,4,1614,0.1175,0
95.63,4,51.39,0,0,243,0.4307,0
65.44,3,37.96,0,1,2879,0.1193,0
8.85,5,16.96,0,2,359,0.0411,0
12.0,23,26.61,0,6,1042,0.0463,0
20.95,15,40.33,0,2,263,0.4735,0
406.36,14,42.76,0,2,142,0.3913,0
23.01,11,29.61,1,6,782,0.4079,0
39.16,15,32.0,0,1,2101,0.1416,0
10.2,1,40.75,0,1,2578,0.5629,0
16.99,4,16.52,1,8,1226,0.5322,0
148.24,20,31.2,0,3,1165,0.0548,0
136.18,19,29.49,0,2,1262,0.1831,1
11.15,20,7.3,1,2,2066,0.055,0
17.98,0,2.65,1,3,227,0.1078,0
18.29,14,12.16,0,1,1596,0.1947,0
77.33,3,1.77,0,1,2954,0.1212,0
20.45,4,16.89,0,6,1598,0.2836,0
460.82,23,19.47,0,2,1058,0.1798,0
58.79,1,22.97,1,2,2194,0.1752,0
62.01,17,39.67,0,1,1838,0.1437,0
14.63,21,10.49,0,7,458,0.0753,0
38.85,9,12.74,0,2,832,0.2381,0
99.9,3,24.49,0,3,2572,0.1077,0
41.15,15,0.63,0,5,2031,0.0889,0
54.18,5,32.05,0,4,174,0.2107,0
109.45,0,17.76,0,3,2919,0.1568,0
50.5,17,41.47,0,5,1003,0.2926,0
9.82,18,4.92,0,1,1169,0.1766,0
9.43,14,39.39,0,4,951,0.1886,0
45.0,6,15.06,0,6,125,0.07,0
152.19,8,-999.0,0,3,2351,0.0051,0
81.59,0,4.17,0,4,1876,0.1949,0
31.56,13,16.2,0,4,291,0.0129,0
22.09,23,10.78,0,5,1339,0.3818,0
75.3,11,17.34,0,1,2752,0.3759,0
12.27,6,7.85,0,1,1692,0.3102,0
10.73,5,3.28,0,3,1766,0.4432,0
91.56,22,2.49,0,3,2718,0.1718,0
68.33,1,38.09,0,0,20,0.0534,0
80.18,22,32.62,0,2,933,0.034,0
93.58,5,5.09,0,6,2906,0.2431,0
26.86,23,35.76,0,4,2542,0.2032,0
9.15,9,7.05,0,0,724,0.1927,0
265.95,0,3.13,0,3,391,0.359,0
24.98,1,1.97,0,3,369,0.1825,0
2.91,12,12.01,0,3,214,0.1766,0
42.79,3,23.09,0,6,2732,0.1345,0
14.77,23,0.84,0,3,60,0.1429,0
16.27,12,10.53,0,3,1245,0.0455,0
67.81,5,-999.0,0,2,2631,0.033,0
160.5,8,30.22,0,1,2629,0.2644,0
13.45,6,27.05,0,3,2236,0.266,0
17.22,17,5.5,0,4,909,0.2212,0
21.59,7,9.86,0,5,184,0.3007,0
25.72,23,40.88,0,3,974,0.1966,0
59.56,11,22.49,0,3,188,0.1166,0
261.76,6,27.16,0,5,1293,0.056,0
41.34,4,53.5,0,4,491,0.1328,0
65.68,13,13.72,1,2,1954,0.0577,0
171.77,6,6.72,0,0,388,0.0728,0
24.96,4,5.77,0,3,621,0.2593,0
69.85,7,5.41,0,3,2956,0.2641,0
16.28,10,14.34,0,1,641,0.3127,0
65.55,0,31.32,0,2,27,0.0808,0
69.6,15,5.82,0,3,598,0.1812,0
36.43,5,33.47,1,3,2577,0.0624,0
78.22,11,22.05,0,3,109,0.0849,0
37.25,13,11.4,0,2,1106,0.2177,0
391.63,3,60.95,0,3,657,0.094,0
15.82,1,5.75,0,2,1837,0.2196,0
70.92,4,41.05,0,2,21,0.2954,0
119.88,17,22.11,1,2,1414,0.1563,0
64.04,3,-999.0,0,4,2387,0.1672,0
41.94,5,10.13,0,4,1643,0.4274,0
104.45,18,61.18,0,5,211,0.541,1
20.12,0,2.42,1,2,2019,0.2322,0
18.72,4,23.47,0,1,2817,0.2192,0
88.69,9,55.67,0,0,2442,0.1,0
49.5,7,51.2,0,3,2684,0.1523,0
76.77,4,15.49,1,1,144,0.4614,1
74.49,11,27.65,0,3,2486,0.0478,0
83.74,22,33.64,0,0,1459,0.1692,0
8.65,14,15.91,0,1,1032,0.1548,0
47.38,13,10.26,0,2,852,0.2583,0
100.41,9,22.11,0,3,213,0.0733,0
21.39,6,14.92,0,1,2342,0.1563,0
101.17,9,46.44,0,2,1710,0.2547,0
123.31,21,23.73,0,2,2306,0.3336,0
422.99,7,35.81,0,4,2093,0.0312,0
17.42,0,38.77,0,4,653,0.3181,0
182.67,15,20.67,0,1,262,0.3992,0
18.66,5,25.9,0,0,1464,0.1149,0
25.02,20,6.42,0,1,767,0.173,0
9.96,19,9.68,0,2,2876,0.1199,0
38.01,17,4.72,0,3,2368,0.0094,0
72.21,5,-999.0,0,0,1064,0.0314,0
10.72,12,19.15,0,4,1587,0.0794,0
116.62,7,56.35,0,7,2090,0.1006,0
102.91,5,18.29,0,3,266,0.2636,0
31.9,9,5.45,0,2,1628,0.1783,0
